ISO-10303-21;
HEADER;
FILE_DESCRIPTION(('Open CASCADE Model'),'2;1');
FILE_NAME('Open CASCADE Shape Model','2026-09-13T03:08:14',('Author'),(
    'Open CASCADE'),'Open CASCADE STEP processor 7.9','Open CASCADE 7.9'
  ,'Unknown');
FILE_SCHEMA(('AUTOMOTIVE_DESIGN { 1 0 10303 214 1 1 1 1 }'));
ENDSEC;
DATA;
#1 = APPLICATION_PROTOCOL_DEFINITION('international standard',
  'automotive_design',2000,#2);
#2 = APPLICATION_CONTEXT(
  'core data for automotive mechanical design processes');
#3 = SHAPE_DEFINITION_REPRESENTATION(#4,#10);
#4 = PRODUCT_DEFINITION_SHAPE('','',#5);
#5 = PRODUCT_DEFINITION('design','',#6,#9);
#6 = PRODUCT_DEFINITION_FORMATION('','',#7);
#7 = PRODUCT('Open CASCADE STEP translator 7.9 8',
  'Open CASCADE STEP translator 7.9 8','',(#8));
#8 = PRODUCT_CONTEXT('',#2,'mechanical');
#9 = PRODUCT_DEFINITION_CONTEXT('part definition',#2,'design');
#10 = ADVANCED_BREP_SHAPE_REPRESENTATION('',(#11,#15),#7725);
#11 = AXIS2_PLACEMENT_3D('',#12,#13,#14);
#12 = CARTESIAN_POINT('',(0.,0.,0.));
#13 = DIRECTION('',(0.,0.,1.));
#14 = DIRECTION('',(1.,0.,-0.));
#15 = MANIFOLD_SOLID_BREP('',#16);
#16 = CLOSED_SHELL('',(#17,#135,#216,#346,#400,#473,#665,#693,#1078,
    #1127,#1445,#1533,#1878,#1928,#1977,#2029,#2157,#2311,#2360,#2522,
    #2552,#2640,#2926,#3056,#3086,#3174,#3478,#3531,#3584,#3611,#3687,
    #3693,#3746,#3877,#3904,#4144,#4240,#4289,#4337,#4553,#4628,#4981,
    #5096,#5149,#5243,#5270,#5319,#5366,#5441,#5491,#5518,#5568,#5621,
    #5627,#5634,#5665,#5725,#5785,#5845,#5905,#5965,#5992,#5999,#6006,
    #6066,#6126,#6186,#6246,#6306,#6352,#6573,#6643,#6650,#6659,#6729,
    #6736,#6743,#6749,#6969,#7096,#7121,#7172,#7273,#7318,#7325,#7372,
    #7397,#7404,#7408,#7412,#7416,#7420,#7424,#7428,#7432,#7436,#7440,
    #7444,#7546,#7553,#7584,#7657,#7684,#7711,#7718));
#17 = ADVANCED_FACE('',(#18),#32,.F.);
#18 = FACE_BOUND('',#19,.F.);
#19 = EDGE_LOOP('',(#20,#55,#83,#111));
#20 = ORIENTED_EDGE('',*,*,#21,.F.);
#21 = EDGE_CURVE('',#22,#24,#26,.T.);
#22 = VERTEX_POINT('',#23);
#23 = CARTESIAN_POINT('',(-9.4,-62.38629332131,81.288157793223));
#24 = VERTEX_POINT('',#25);
#25 = CARTESIAN_POINT('',(-9.4,-62.57803595535,83.479786129025));
#26 = SURFACE_CURVE('',#27,(#31,#43),.PCURVE_S1.);
#27 = LINE('',#28,#29);
#28 = CARTESIAN_POINT('',(-9.4,-61.86335886482,75.310989604673));
#29 = VECTOR('',#30,1.);
#30 = DIRECTION('',(0.,-8.715574274766E-02,0.996194698092));
#31 = PCURVE('',#32,#37);
#32 = PLANE('',#33);
#33 = AXIS2_PLACEMENT_3D('',#34,#35,#36);
#34 = CARTESIAN_POINT('',(-9.4,-67.84052705337,74.788055148187));
#35 = DIRECTION('',(1.,0.,0.));
#36 = DIRECTION('',(0.,-8.715574274766E-02,0.996194698092));
#37 = DEFINITIONAL_REPRESENTATION('',(#38),#42);
#38 = LINE('',#39,#40);
#39 = CARTESIAN_POINT('',(0.,-6.));
#40 = VECTOR('',#41,1.);
#41 = DIRECTION('',(1.,0.));
#42 = ( GEOMETRIC_REPRESENTATION_CONTEXT(2) 
PARAMETRIC_REPRESENTATION_CONTEXT() REPRESENTATION_CONTEXT('2D SPACE',''
  ) );
#43 = PCURVE('',#44,#49);
#44 = CYLINDRICAL_SURFACE('',#45,6.);
#45 = AXIS2_PLACEMENT_3D('',#46,#47,#48);
#46 = CARTESIAN_POINT('',(-3.4,-61.86335886482,75.310989604673));
#47 = DIRECTION('',(0.,-8.715574274766E-02,0.996194698092));
#48 = DIRECTION('',(-1.,-0.,0.));
#49 = DEFINITIONAL_REPRESENTATION('',(#50),#54);
#50 = LINE('',#51,#52);
#51 = CARTESIAN_POINT('',(0.,0.));
#52 = VECTOR('',#53,1.);
#53 = DIRECTION('',(0.,1.));
#54 = ( GEOMETRIC_REPRESENTATION_CONTEXT(2) 
PARAMETRIC_REPRESENTATION_CONTEXT() REPRESENTATION_CONTEXT('2D SPACE',''
  ) );
#55 = ORIENTED_EDGE('',*,*,#56,.T.);
#56 = EDGE_CURVE('',#22,#57,#59,.T.);
#57 = VERTEX_POINT('',#58);
#58 = CARTESIAN_POINT('',(-9.4,-48.43956754803,82.508338191691));
#59 = SURFACE_CURVE('',#60,(#64,#71),.PCURVE_S1.);
#60 = LINE('',#61,#62);
#61 = CARTESIAN_POINT('',(-9.4,-68.36346150986,80.765223336737));
#62 = VECTOR('',#63,1.);
#63 = DIRECTION('',(0.,0.996194698092,8.715574274766E-02));
#64 = PCURVE('',#32,#65);
#65 = DEFINITIONAL_REPRESENTATION('',(#66),#70);
#66 = LINE('',#67,#68);
#67 = CARTESIAN_POINT('',(6.,0.));
#68 = VECTOR('',#69,1.);
#69 = DIRECTION('',(0.,-1.));
#70 = ( GEOMETRIC_REPRESENTATION_CONTEXT(2) 
PARAMETRIC_REPRESENTATION_CONTEXT() REPRESENTATION_CONTEXT('2D SPACE',''
  ) );
#71 = PCURVE('',#72,#77);
#72 = CYLINDRICAL_SURFACE('',#73,6.);
#73 = AXIS2_PLACEMENT_3D('',#74,#75,#76);
#74 = CARTESIAN_POINT('',(-3.4,-68.36346150986,80.765223336737));
#75 = DIRECTION('',(0.,0.996194698092,8.715574274766E-02));
#76 = DIRECTION('',(-1.,0.,0.));
#77 = DEFINITIONAL_REPRESENTATION('',(#78),#82);
#78 = LINE('',#79,#80);
#79 = CARTESIAN_POINT('',(-0.,0.));
#80 = VECTOR('',#81,1.);
#81 = DIRECTION('',(-0.,1.));
#82 = ( GEOMETRIC_REPRESENTATION_CONTEXT(2) 
PARAMETRIC_REPRESENTATION_CONTEXT() REPRESENTATION_CONTEXT('2D SPACE',''
  ) );
#83 = ORIENTED_EDGE('',*,*,#84,.T.);
#84 = EDGE_CURVE('',#57,#85,#87,.T.);
#85 = VERTEX_POINT('',#86);
#86 = CARTESIAN_POINT('',(-9.4,-48.63131018207,84.699966527492));
#87 = SURFACE_CURVE('',#88,(#92,#99),.PCURVE_S1.);
#88 = LINE('',#89,#90);
#89 = CARTESIAN_POINT('',(-9.4,-47.91663309154,76.53117000314));
#90 = VECTOR('',#91,1.);
#91 = DIRECTION('',(0.,-8.715574274766E-02,0.996194698092));
#92 = PCURVE('',#32,#93);
#93 = DEFINITIONAL_REPRESENTATION('',(#94),#98);
#94 = LINE('',#95,#96);
#95 = CARTESIAN_POINT('',(0.,-20.));
#96 = VECTOR('',#97,1.);
#97 = DIRECTION('',(1.,0.));
#98 = ( GEOMETRIC_REPRESENTATION_CONTEXT(2) 
PARAMETRIC_REPRESENTATION_CONTEXT() REPRESENTATION_CONTEXT('2D SPACE',''
  ) );
#99 = PCURVE('',#100,#105);
#100 = CYLINDRICAL_SURFACE('',#101,6.);
#101 = AXIS2_PLACEMENT_3D('',#102,#103,#104);
#102 = CARTESIAN_POINT('',(-3.4,-47.91663309154,76.53117000314));
#103 = DIRECTION('',(0.,-8.715574274766E-02,0.996194698092));
#104 = DIRECTION('',(-1.,-0.,0.));
#105 = DEFINITIONAL_REPRESENTATION('',(#106),#110);
#106 = LINE('',#107,#108);
#107 = CARTESIAN_POINT('',(-0.,0.));
#108 = VECTOR('',#109,1.);
#109 = DIRECTION('',(-0.,1.));
#110 = ( GEOMETRIC_REPRESENTATION_CONTEXT(2) 
PARAMETRIC_REPRESENTATION_CONTEXT() REPRESENTATION_CONTEXT('2D SPACE',''
  ) );
#111 = ORIENTED_EDGE('',*,*,#112,.T.);
#112 = EDGE_CURVE('',#85,#24,#113,.T.);
#113 = SURFACE_CURVE('',#114,(#118,#124),.PCURVE_S1.);
#114 = LINE('',#115,#116);
#115 = CARTESIAN_POINT('',(-9.4,-69.05330149295,82.913273801165));
#116 = VECTOR('',#117,1.);
#117 = DIRECTION('',(0.,-0.996194698092,-8.715574274766E-02));
#118 = PCURVE('',#32,#119);
#119 = DEFINITIONAL_REPRESENTATION('',(#120),#123);
#120 = B_SPLINE_CURVE_WITH_KNOTS('',1,(#121,#122),.UNSPECIFIED.,.F.,.F.,
  (2,2),(-20.5,-6.5),.PIECEWISE_BEZIER_KNOTS.);
#121 = CARTESIAN_POINT('',(8.2,-20.));
#122 = CARTESIAN_POINT('',(8.2,-6.));
#123 = ( GEOMETRIC_REPRESENTATION_CONTEXT(2) 
PARAMETRIC_REPRESENTATION_CONTEXT() REPRESENTATION_CONTEXT('2D SPACE',''
  ) );
#124 = PCURVE('',#125,#130);
#125 = PLANE('',#126);
#126 = AXIS2_PLACEMENT_3D('',#127,#128,#129);
#127 = CARTESIAN_POINT('',(-30.4,-69.551398842,82.869695929792));
#128 = DIRECTION('',(0.,-8.715574274766E-02,0.996194698092));
#129 = DIRECTION('',(1.,0.,0.));
#130 = DEFINITIONAL_REPRESENTATION('',(#131),#134);
#131 = B_SPLINE_CURVE_WITH_KNOTS('',1,(#132,#133),.UNSPECIFIED.,.F.,.F.,
  (2,2),(-20.5,-6.5),.PIECEWISE_BEZIER_KNOTS.);
#132 = CARTESIAN_POINT('',(21.,21.));
#133 = CARTESIAN_POINT('',(21.,7.));
#134 = ( GEOMETRIC_REPRESENTATION_CONTEXT(2) 
PARAMETRIC_REPRESENTATION_CONTEXT() REPRESENTATION_CONTEXT('2D SPACE',''
  ) );
#135 = ADVANCED_FACE('',(#136),#44,.T.);
#136 = FACE_BOUND('',#137,.T.);
#137 = EDGE_LOOP('',(#138,#139,#168,#194));
#138 = ORIENTED_EDGE('',*,*,#21,.F.);
#139 = ORIENTED_EDGE('',*,*,#140,.T.);
#140 = EDGE_CURVE('',#22,#141,#143,.T.);
#141 = VERTEX_POINT('',#142);
#142 = CARTESIAN_POINT('',(-7.872135955,-66.37107211368,80.939534822233)
  );
#143 = SURFACE_CURVE('',#144,(#149,#156),.PCURVE_S1.);
#144 = CIRCLE('',#145,6.);
#145 = AXIS2_PLACEMENT_3D('',#146,#147,#148);
#146 = CARTESIAN_POINT('',(-3.4,-62.38629332131,81.288157793223));
#147 = DIRECTION('',(0.,-8.715574274766E-02,0.996194698092));
#148 = DIRECTION('',(-1.,0.,0.));
#149 = PCURVE('',#44,#150);
#150 = DEFINITIONAL_REPRESENTATION('',(#151),#155);
#151 = LINE('',#152,#153);
#152 = CARTESIAN_POINT('',(0.,6.));
#153 = VECTOR('',#154,1.);
#154 = DIRECTION('',(1.,0.));
#155 = ( GEOMETRIC_REPRESENTATION_CONTEXT(2) 
PARAMETRIC_REPRESENTATION_CONTEXT() REPRESENTATION_CONTEXT('2D SPACE',''
  ) );
#156 = PCURVE('',#157,#162);
#157 = SPHERICAL_SURFACE('',#158,6.);
#158 = AXIS2_PLACEMENT_3D('',#159,#160,#161);
#159 = CARTESIAN_POINT('',(-3.4,-62.38629332131,81.288157793223));
#160 = DIRECTION('',(0.,-8.715574274766E-02,0.996194698092));
#161 = DIRECTION('',(-1.,0.,0.));
#162 = DEFINITIONAL_REPRESENTATION('',(#163),#167);
#163 = LINE('',#164,#165);
#164 = CARTESIAN_POINT('',(0.,0.));
#165 = VECTOR('',#166,1.);
#166 = DIRECTION('',(1.,0.));
#167 = ( GEOMETRIC_REPRESENTATION_CONTEXT(2) 
PARAMETRIC_REPRESENTATION_CONTEXT() REPRESENTATION_CONTEXT('2D SPACE',''
  ) );
#168 = ORIENTED_EDGE('',*,*,#169,.T.);
#169 = EDGE_CURVE('',#141,#170,#172,.T.);
#170 = VERTEX_POINT('',#171);
#171 = CARTESIAN_POINT('',(-7.872135955,-66.56281474772,83.131163158035)
  );
#172 = SURFACE_CURVE('',#173,(#177,#183),.PCURVE_S1.);
#173 = LINE('',#174,#175);
#174 = CARTESIAN_POINT('',(-7.872135955,-65.84813765719,74.962366633682)
  );
#175 = VECTOR('',#176,1.);
#176 = DIRECTION('',(0.,-8.715574274766E-02,0.996194698092));
#177 = PCURVE('',#44,#178);
#178 = DEFINITIONAL_REPRESENTATION('',(#179),#182);
#179 = B_SPLINE_CURVE_WITH_KNOTS('',1,(#180,#181),.UNSPECIFIED.,.F.,.F.,
  (2,2),(5.9999994,14.35),.PIECEWISE_BEZIER_KNOTS.);
#180 = CARTESIAN_POINT('',(0.729727656227,5.9999994));
#181 = CARTESIAN_POINT('',(0.729727656227,14.35));
#182 = ( GEOMETRIC_REPRESENTATION_CONTEXT(2) 
PARAMETRIC_REPRESENTATION_CONTEXT() REPRESENTATION_CONTEXT('2D SPACE',''
  ) );
#183 = PCURVE('',#184,#189);
#184 = PLANE('',#185);
#185 = AXIS2_PLACEMENT_3D('',#186,#187,#188);
#186 = CARTESIAN_POINT('',(-30.4,-64.07887607941,54.73961426242));
#187 = DIRECTION('',(0.,0.996194698092,8.715574274766E-02));
#188 = DIRECTION('',(0.,-8.715574274766E-02,0.996194698092));
#189 = DEFINITIONAL_REPRESENTATION('',(#190),#193);
#190 = B_SPLINE_CURVE_WITH_KNOTS('',1,(#191,#192),.UNSPECIFIED.,.F.,.F.,
  (2,2),(5.9999994,14.35),.PIECEWISE_BEZIER_KNOTS.);
#191 = CARTESIAN_POINT('',(26.2999994,22.527864045));
#192 = CARTESIAN_POINT('',(34.65,22.527864045));
#193 = ( GEOMETRIC_REPRESENTATION_CONTEXT(2) 
PARAMETRIC_REPRESENTATION_CONTEXT() REPRESENTATION_CONTEXT('2D SPACE',''
  ) );
#194 = ORIENTED_EDGE('',*,*,#195,.F.);
#195 = EDGE_CURVE('',#24,#170,#196,.T.);
#196 = SURFACE_CURVE('',#197,(#202,#209),.PCURVE_S1.);
#197 = CIRCLE('',#198,6.);
#198 = AXIS2_PLACEMENT_3D('',#199,#200,#201);
#199 = CARTESIAN_POINT('',(-3.4,-62.57803595535,83.479786129025));
#200 = DIRECTION('',(0.,-8.715574274766E-02,0.996194698092));
#201 = DIRECTION('',(-1.,0.,0.));
#202 = PCURVE('',#44,#203);
#203 = DEFINITIONAL_REPRESENTATION('',(#204),#208);
#204 = LINE('',#205,#206);
#205 = CARTESIAN_POINT('',(0.,8.2));
#206 = VECTOR('',#207,1.);
#207 = DIRECTION('',(1.,0.));
#208 = ( GEOMETRIC_REPRESENTATION_CONTEXT(2) 
PARAMETRIC_REPRESENTATION_CONTEXT() REPRESENTATION_CONTEXT('2D SPACE',''
  ) );
#209 = PCURVE('',#125,#210);
#210 = DEFINITIONAL_REPRESENTATION('',(#211),#215);
#211 = CIRCLE('',#212,6.);
#212 = AXIS2_PLACEMENT_2D('',#213,#214);
#213 = CARTESIAN_POINT('',(27.,7.));
#214 = DIRECTION('',(-1.,0.));
#215 = ( GEOMETRIC_REPRESENTATION_CONTEXT(2) 
PARAMETRIC_REPRESENTATION_CONTEXT() REPRESENTATION_CONTEXT('2D SPACE',''
  ) );
#216 = ADVANCED_FACE('',(#217),#125,.F.);
#217 = FACE_BOUND('',#218,.F.);
#218 = EDGE_LOOP('',(#219,#249,#268,#269,#270,#294,#322));
#219 = ORIENTED_EDGE('',*,*,#220,.F.);
#220 = EDGE_CURVE('',#221,#223,#225,.T.);
#221 = VERTEX_POINT('',#222);
#222 = CARTESIAN_POINT('',(-30.4,-66.56281474772,83.131163158035));
#223 = VERTEX_POINT('',#224);
#224 = CARTESIAN_POINT('',(-30.4,-36.67697380497,85.745835440464));
#225 = SURFACE_CURVE('',#226,(#230,#237),.PCURVE_S1.);
#226 = LINE('',#227,#228);
#227 = CARTESIAN_POINT('',(-30.4,-69.551398842,82.869695929792));
#228 = VECTOR('',#229,1.);
#229 = DIRECTION('',(0.,0.996194698092,8.715574274766E-02));
#230 = PCURVE('',#125,#231);
#231 = DEFINITIONAL_REPRESENTATION('',(#232),#236);
#232 = LINE('',#233,#234);
#233 = CARTESIAN_POINT('',(0.,0.));
#234 = VECTOR('',#235,1.);
#235 = DIRECTION('',(0.,1.));
#236 = ( GEOMETRIC_REPRESENTATION_CONTEXT(2) 
PARAMETRIC_REPRESENTATION_CONTEXT() REPRESENTATION_CONTEXT('2D SPACE',''
  ) );
#237 = PCURVE('',#238,#243);
#238 = PLANE('',#239);
#239 = AXIS2_PLACEMENT_3D('',#240,#241,#242);
#240 = CARTESIAN_POINT('',(-30.4,-69.551398842,82.869695929792));
#241 = DIRECTION('',(1.,0.,0.));
#242 = DIRECTION('',(0.,-8.715574274766E-02,0.996194698092));
#243 = DEFINITIONAL_REPRESENTATION('',(#244),#248);
#244 = LINE('',#245,#246);
#245 = CARTESIAN_POINT('',(0.,0.));
#246 = VECTOR('',#247,1.);
#247 = DIRECTION('',(2.298214621924E-18,-1.));
#248 = ( GEOMETRIC_REPRESENTATION_CONTEXT(2) 
PARAMETRIC_REPRESENTATION_CONTEXT() REPRESENTATION_CONTEXT('2D SPACE',''
  ) );
#249 = ORIENTED_EDGE('',*,*,#250,.T.);
#250 = EDGE_CURVE('',#221,#170,#251,.T.);
#251 = SURFACE_CURVE('',#252,(#256,#262),.PCURVE_S1.);
#252 = LINE('',#253,#254);
#253 = CARTESIAN_POINT('',(-30.4,-66.56281474772,83.131163158035));
#254 = VECTOR('',#255,1.);
#255 = DIRECTION('',(1.,0.,-0.));
#256 = PCURVE('',#125,#257);
#257 = DEFINITIONAL_REPRESENTATION('',(#258),#261);
#258 = B_SPLINE_CURVE_WITH_KNOTS('',1,(#259,#260),.UNSPECIFIED.,.F.,.F.,
  (2,2),(0.,24.),.PIECEWISE_BEZIER_KNOTS.);
#259 = CARTESIAN_POINT('',(0.,3.));
#260 = CARTESIAN_POINT('',(24.,3.));
#261 = ( GEOMETRIC_REPRESENTATION_CONTEXT(2) 
PARAMETRIC_REPRESENTATION_CONTEXT() REPRESENTATION_CONTEXT('2D SPACE',''
  ) );
#262 = PCURVE('',#184,#263);
#263 = DEFINITIONAL_REPRESENTATION('',(#264),#267);
#264 = B_SPLINE_CURVE_WITH_KNOTS('',1,(#265,#266),.UNSPECIFIED.,.F.,.F.,
  (2,2),(0.,24.),.PIECEWISE_BEZIER_KNOTS.);
#265 = CARTESIAN_POINT('',(28.5,0.));
#266 = CARTESIAN_POINT('',(28.5,24.));
#267 = ( GEOMETRIC_REPRESENTATION_CONTEXT(2) 
PARAMETRIC_REPRESENTATION_CONTEXT() REPRESENTATION_CONTEXT('2D SPACE',''
  ) );
#268 = ORIENTED_EDGE('',*,*,#195,.F.);
#269 = ORIENTED_EDGE('',*,*,#112,.F.);
#270 = ORIENTED_EDGE('',*,*,#271,.F.);
#271 = EDGE_CURVE('',#272,#85,#274,.T.);
#272 = VERTEX_POINT('',#273);
#273 = CARTESIAN_POINT('',(-6.4,-43.45493068809,85.152841051323));
#274 = SURFACE_CURVE('',#275,(#280,#287),.PCURVE_S1.);
#275 = CIRCLE('',#276,6.);
#276 = AXIS2_PLACEMENT_3D('',#277,#278,#279);
#277 = CARTESIAN_POINT('',(-3.4,-48.63131018207,84.699966527492));
#278 = DIRECTION('',(0.,-8.715574274766E-02,0.996194698092));
#279 = DIRECTION('',(-1.,0.,0.));
#280 = PCURVE('',#125,#281);
#281 = DEFINITIONAL_REPRESENTATION('',(#282),#286);
#282 = CIRCLE('',#283,6.);
#283 = AXIS2_PLACEMENT_2D('',#284,#285);
#284 = CARTESIAN_POINT('',(27.,21.));
#285 = DIRECTION('',(-1.,0.));
#286 = ( GEOMETRIC_REPRESENTATION_CONTEXT(2) 
PARAMETRIC_REPRESENTATION_CONTEXT() REPRESENTATION_CONTEXT('2D SPACE',''
  ) );
#287 = PCURVE('',#100,#288);
#288 = DEFINITIONAL_REPRESENTATION('',(#289),#293);
#289 = LINE('',#290,#291);
#290 = CARTESIAN_POINT('',(-6.28318530718,8.2));
#291 = VECTOR('',#292,1.);
#292 = DIRECTION('',(1.,-0.));
#293 = ( GEOMETRIC_REPRESENTATION_CONTEXT(2) 
PARAMETRIC_REPRESENTATION_CONTEXT() REPRESENTATION_CONTEXT('2D SPACE',''
  ) );
#294 = ORIENTED_EDGE('',*,*,#295,.T.);
#295 = EDGE_CURVE('',#272,#296,#298,.T.);
#296 = VERTEX_POINT('',#297);
#297 = CARTESIAN_POINT('',(-6.4,-36.67697380497,85.745835440464));
#298 = SURFACE_CURVE('',#299,(#303,#310),.PCURVE_S1.);
#299 = LINE('',#300,#301);
#300 = CARTESIAN_POINT('',(-6.4,-69.551398842,82.869695929792));
#301 = VECTOR('',#302,1.);
#302 = DIRECTION('',(0.,0.996194698092,8.715574274766E-02));
#303 = PCURVE('',#125,#304);
#304 = DEFINITIONAL_REPRESENTATION('',(#305),#309);
#305 = LINE('',#306,#307);
#306 = CARTESIAN_POINT('',(24.,0.));
#307 = VECTOR('',#308,1.);
#308 = DIRECTION('',(0.,1.));
#309 = ( GEOMETRIC_REPRESENTATION_CONTEXT(2) 
PARAMETRIC_REPRESENTATION_CONTEXT() REPRESENTATION_CONTEXT('2D SPACE',''
  ) );
#310 = PCURVE('',#311,#316);
#311 = PLANE('',#312);
#312 = AXIS2_PLACEMENT_3D('',#313,#314,#315);
#313 = CARTESIAN_POINT('',(-6.4,-69.551398842,82.869695929792));
#314 = DIRECTION('',(1.,0.,0.));
#315 = DIRECTION('',(0.,-8.715574274766E-02,0.996194698092));
#316 = DEFINITIONAL_REPRESENTATION('',(#317),#321);
#317 = LINE('',#318,#319);
#318 = CARTESIAN_POINT('',(0.,0.));
#319 = VECTOR('',#320,1.);
#320 = DIRECTION('',(2.298214621924E-18,-1.));
#321 = ( GEOMETRIC_REPRESENTATION_CONTEXT(2) 
PARAMETRIC_REPRESENTATION_CONTEXT() REPRESENTATION_CONTEXT('2D SPACE',''
  ) );
#322 = ORIENTED_EDGE('',*,*,#323,.F.);
#323 = EDGE_CURVE('',#223,#296,#324,.T.);
#324 = SURFACE_CURVE('',#325,(#329,#335),.PCURVE_S1.);
#325 = LINE('',#326,#327);
#326 = CARTESIAN_POINT('',(-30.4,-36.67697380497,85.745835440464));
#327 = VECTOR('',#328,1.);
#328 = DIRECTION('',(1.,0.,-0.));
#329 = PCURVE('',#125,#330);
#330 = DEFINITIONAL_REPRESENTATION('',(#331),#334);
#331 = B_SPLINE_CURVE_WITH_KNOTS('',1,(#332,#333),.UNSPECIFIED.,.F.,.F.,
  (2,2),(0.,24.),.PIECEWISE_BEZIER_KNOTS.);
#332 = CARTESIAN_POINT('',(0.,33.));
#333 = CARTESIAN_POINT('',(24.,33.));
#334 = ( GEOMETRIC_REPRESENTATION_CONTEXT(2) 
PARAMETRIC_REPRESENTATION_CONTEXT() REPRESENTATION_CONTEXT('2D SPACE',''
  ) );
#335 = PCURVE('',#336,#341);
#336 = PLANE('',#337);
#337 = AXIS2_PLACEMENT_3D('',#338,#339,#340);
#338 = CARTESIAN_POINT('',(-30.4,-34.19303513666,57.35428654485));
#339 = DIRECTION('',(0.,0.996194698092,8.715574274766E-02));
#340 = DIRECTION('',(0.,-8.715574274766E-02,0.996194698092));
#341 = DEFINITIONAL_REPRESENTATION('',(#342),#345);
#342 = B_SPLINE_CURVE_WITH_KNOTS('',1,(#343,#344),.UNSPECIFIED.,.F.,.F.,
  (2,2),(0.,24.),.PIECEWISE_BEZIER_KNOTS.);
#343 = CARTESIAN_POINT('',(28.5,0.));
#344 = CARTESIAN_POINT('',(28.5,24.));
#345 = ( GEOMETRIC_REPRESENTATION_CONTEXT(2) 
PARAMETRIC_REPRESENTATION_CONTEXT() REPRESENTATION_CONTEXT('2D SPACE',''
  ) );
#346 = ADVANCED_FACE('',(#347),#100,.T.);
#347 = FACE_BOUND('',#348,.F.);
#348 = EDGE_LOOP('',(#349,#350,#379,#399));
#349 = ORIENTED_EDGE('',*,*,#84,.F.);
#350 = ORIENTED_EDGE('',*,*,#351,.T.);
#351 = EDGE_CURVE('',#57,#352,#354,.T.);
#352 = VERTEX_POINT('',#353);
#353 = CARTESIAN_POINT('',(-6.4,-43.26318805405,82.961212715522));
#354 = SURFACE_CURVE('',#355,(#360,#367),.PCURVE_S1.);
#355 = CIRCLE('',#356,6.);
#356 = AXIS2_PLACEMENT_3D('',#357,#358,#359);
#357 = CARTESIAN_POINT('',(-3.4,-48.43956754803,82.508338191691));
#358 = DIRECTION('',(0.,8.715574274766E-02,-0.996194698092));
#359 = DIRECTION('',(-1.,0.,0.));
#360 = PCURVE('',#100,#361);
#361 = DEFINITIONAL_REPRESENTATION('',(#362),#366);
#362 = LINE('',#363,#364);
#363 = CARTESIAN_POINT('',(-0.,6.));
#364 = VECTOR('',#365,1.);
#365 = DIRECTION('',(-1.,0.));
#366 = ( GEOMETRIC_REPRESENTATION_CONTEXT(2) 
PARAMETRIC_REPRESENTATION_CONTEXT() REPRESENTATION_CONTEXT('2D SPACE',''
  ) );
#367 = PCURVE('',#368,#373);
#368 = SPHERICAL_SURFACE('',#369,6.);
#369 = AXIS2_PLACEMENT_3D('',#370,#371,#372);
#370 = CARTESIAN_POINT('',(-3.4,-48.43956754803,82.508338191691));
#371 = DIRECTION('',(0.,-8.715574274766E-02,0.996194698092));
#372 = DIRECTION('',(-1.,0.,0.));
#373 = DEFINITIONAL_REPRESENTATION('',(#374),#378);
#374 = LINE('',#375,#376);
#375 = CARTESIAN_POINT('',(-0.,0.));
#376 = VECTOR('',#377,1.);
#377 = DIRECTION('',(-1.,0.));
#378 = ( GEOMETRIC_REPRESENTATION_CONTEXT(2) 
PARAMETRIC_REPRESENTATION_CONTEXT() REPRESENTATION_CONTEXT('2D SPACE',''
  ) );
#379 = ORIENTED_EDGE('',*,*,#380,.T.);
#380 = EDGE_CURVE('',#352,#272,#381,.T.);
#381 = SURFACE_CURVE('',#382,(#386,#392),.PCURVE_S1.);
#382 = LINE('',#383,#384);
#383 = CARTESIAN_POINT('',(-6.4,-42.74025359756,76.984044526971));
#384 = VECTOR('',#385,1.);
#385 = DIRECTION('',(0.,-8.715574274766E-02,0.996194698092));
#386 = PCURVE('',#100,#387);
#387 = DEFINITIONAL_REPRESENTATION('',(#388),#391);
#388 = B_SPLINE_CURVE_WITH_KNOTS('',1,(#389,#390),.UNSPECIFIED.,.F.,.F.,
  (2,2),(5.9999994,32.2000006),.PIECEWISE_BEZIER_KNOTS.);
#389 = CARTESIAN_POINT('',(-1.047197551197,5.9999994));
#390 = CARTESIAN_POINT('',(-1.047197551197,32.2000006));
#391 = ( GEOMETRIC_REPRESENTATION_CONTEXT(2) 
PARAMETRIC_REPRESENTATION_CONTEXT() REPRESENTATION_CONTEXT('2D SPACE',''
  ) );
#392 = PCURVE('',#311,#393);
#393 = DEFINITIONAL_REPRESENTATION('',(#394),#398);
#394 = LINE('',#395,#396);
#395 = CARTESIAN_POINT('',(-8.2,-26.1961524227));
#396 = VECTOR('',#397,1.);
#397 = DIRECTION('',(1.,-2.298214621924E-18));
#398 = ( GEOMETRIC_REPRESENTATION_CONTEXT(2) 
PARAMETRIC_REPRESENTATION_CONTEXT() REPRESENTATION_CONTEXT('2D SPACE',''
  ) );
#399 = ORIENTED_EDGE('',*,*,#271,.T.);
#400 = ADVANCED_FACE('',(#401),#72,.T.);
#401 = FACE_BOUND('',#402,.F.);
#402 = EDGE_LOOP('',(#403,#425,#452,#472));
#403 = ORIENTED_EDGE('',*,*,#404,.F.);
#404 = EDGE_CURVE('',#405,#22,#407,.T.);
#405 = VERTEX_POINT('',#406);
#406 = CARTESIAN_POINT('',(-8.758171329848,-62.15097281589,
    78.598432108376));
#407 = SURFACE_CURVE('',#408,(#413,#419),.PCURVE_S1.);
#408 = CIRCLE('',#409,6.);
#409 = AXIS2_PLACEMENT_3D('',#410,#411,#412);
#410 = CARTESIAN_POINT('',(-3.4,-62.38629332131,81.288157793223));
#411 = DIRECTION('',(0.,0.996194698092,8.715574274766E-02));
#412 = DIRECTION('',(-1.,0.,0.));
#413 = PCURVE('',#72,#414);
#414 = DEFINITIONAL_REPRESENTATION('',(#415),#418);
#415 = B_SPLINE_CURVE_WITH_KNOTS('',1,(#416,#417),.UNSPECIFIED.,.F.,.F.,
  (2,2),(4.712388980385,6.28318530718),.PIECEWISE_BEZIER_KNOTS.);
#416 = CARTESIAN_POINT('',(-1.570796326795,6.));
#417 = CARTESIAN_POINT('',(0.,6.));
#418 = ( GEOMETRIC_REPRESENTATION_CONTEXT(2) 
PARAMETRIC_REPRESENTATION_CONTEXT() REPRESENTATION_CONTEXT('2D SPACE',''
  ) );
#419 = PCURVE('',#157,#420);
#420 = DEFINITIONAL_REPRESENTATION('',(#421),#424);
#421 = B_SPLINE_CURVE_WITH_KNOTS('',1,(#422,#423),.UNSPECIFIED.,.F.,.F.,
  (2,2),(4.712388980385,6.28318530718),.PIECEWISE_BEZIER_KNOTS.);
#422 = CARTESIAN_POINT('',(0.,-1.570796326795));
#423 = CARTESIAN_POINT('',(0.,0.));
#424 = ( GEOMETRIC_REPRESENTATION_CONTEXT(2) 
PARAMETRIC_REPRESENTATION_CONTEXT() REPRESENTATION_CONTEXT('2D SPACE',''
  ) );
#425 = ORIENTED_EDGE('',*,*,#426,.T.);
#426 = EDGE_CURVE('',#405,#427,#429,.T.);
#427 = VERTEX_POINT('',#428);
#428 = CARTESIAN_POINT('',(-8.758171329848,-48.20424704261,
    79.818612506843));
#429 = SURFACE_CURVE('',#430,(#434,#440),.PCURVE_S1.);
#430 = LINE('',#431,#432);
#431 = CARTESIAN_POINT('',(-8.758171329848,-68.12814100444,
    78.07549765189));
#432 = VECTOR('',#433,1.);
#433 = DIRECTION('',(0.,0.996194698092,8.715574274766E-02));
#434 = PCURVE('',#72,#435);
#435 = DEFINITIONAL_REPRESENTATION('',(#436),#439);
#436 = B_SPLINE_CURVE_WITH_KNOTS('',1,(#437,#438),.UNSPECIFIED.,.F.,.F.,
  (2,2),(5.9999994,20.0000006),.PIECEWISE_BEZIER_KNOTS.);
#437 = CARTESIAN_POINT('',(-0.466765339047,5.9999994));
#438 = CARTESIAN_POINT('',(-0.466765339047,20.0000006));
#439 = ( GEOMETRIC_REPRESENTATION_CONTEXT(2) 
PARAMETRIC_REPRESENTATION_CONTEXT() REPRESENTATION_CONTEXT('2D SPACE',''
  ) );
#440 = PCURVE('',#441,#446);
#441 = PLANE('',#442);
#442 = AXIS2_PLACEMENT_3D('',#443,#444,#445);
#443 = CARTESIAN_POINT('',(-9.4,-68.12814100444,78.07549765189));
#444 = DIRECTION('',(0.,-8.715574274766E-02,0.996194698092));
#445 = DIRECTION('',(1.,0.,0.));
#446 = DEFINITIONAL_REPRESENTATION('',(#447),#451);
#447 = LINE('',#448,#449);
#448 = CARTESIAN_POINT('',(0.641828670152,0.));
#449 = VECTOR('',#450,1.);
#450 = DIRECTION('',(0.,1.));
#451 = ( GEOMETRIC_REPRESENTATION_CONTEXT(2) 
PARAMETRIC_REPRESENTATION_CONTEXT() REPRESENTATION_CONTEXT('2D SPACE',''
  ) );
#452 = ORIENTED_EDGE('',*,*,#453,.T.);
#453 = EDGE_CURVE('',#427,#57,#454,.T.);
#454 = SURFACE_CURVE('',#455,(#460,#466),.PCURVE_S1.);
#455 = CIRCLE('',#456,6.);
#456 = AXIS2_PLACEMENT_3D('',#457,#458,#459);
#457 = CARTESIAN_POINT('',(-3.4,-48.43956754803,82.508338191691));
#458 = DIRECTION('',(0.,0.996194698092,8.715574274766E-02));
#459 = DIRECTION('',(-1.,0.,0.));
#460 = PCURVE('',#72,#461);
#461 = DEFINITIONAL_REPRESENTATION('',(#462),#465);
#462 = B_SPLINE_CURVE_WITH_KNOTS('',1,(#463,#464),.UNSPECIFIED.,.F.,.F.,
  (2,2),(4.712388980385,6.28318530718),.PIECEWISE_BEZIER_KNOTS.);
#463 = CARTESIAN_POINT('',(-1.570796326795,20.));
#464 = CARTESIAN_POINT('',(0.,20.));
#465 = ( GEOMETRIC_REPRESENTATION_CONTEXT(2) 
PARAMETRIC_REPRESENTATION_CONTEXT() REPRESENTATION_CONTEXT('2D SPACE',''
  ) );
#466 = PCURVE('',#368,#467);
#467 = DEFINITIONAL_REPRESENTATION('',(#468),#471);
#468 = B_SPLINE_CURVE_WITH_KNOTS('',1,(#469,#470),.UNSPECIFIED.,.F.,.F.,
  (2,2),(4.712388980385,6.28318530718),.PIECEWISE_BEZIER_KNOTS.);
#469 = CARTESIAN_POINT('',(0.,-1.570796326795));
#470 = CARTESIAN_POINT('',(0.,0.));
#471 = ( GEOMETRIC_REPRESENTATION_CONTEXT(2) 
PARAMETRIC_REPRESENTATION_CONTEXT() REPRESENTATION_CONTEXT('2D SPACE',''
  ) );
#472 = ORIENTED_EDGE('',*,*,#56,.F.);
#473 = ADVANCED_FACE('',(#474),#184,.T.);
#474 = FACE_BOUND('',#475,.T.);
#475 = EDGE_LOOP('',(#476,#510,#531,#532,#533,#562,#583,#609,#641));
#476 = ORIENTED_EDGE('',*,*,#477,.F.);
#477 = EDGE_CURVE('',#478,#480,#482,.T.);
#478 = VERTEX_POINT('',#479);
#479 = CARTESIAN_POINT('',(-30.4,-65.29922391444,68.688253844356));
#480 = VERTEX_POINT('',#481);
#481 = CARTESIAN_POINT('',(-18.41,-66.34422127058,80.632628281211));
#482 = SURFACE_CURVE('',#483,(#488,#495),.PCURVE_S1.);
#483 = ELLIPSE('',#484,11.990000006761,11.99);
#484 = AXIS2_PLACEMENT_3D('',#485,#486,#487);
#485 = CARTESIAN_POINT('',(-18.41,-65.29922391444,68.688253844356));
#486 = DIRECTION('',(0.,0.996194698092,8.715574274766E-02));
#487 = DIRECTION('',(0.,-8.715574274766E-02,0.996194698092));
#488 = PCURVE('',#184,#489);
#489 = DEFINITIONAL_REPRESENTATION('',(#490),#494);
#490 = ELLIPSE('',#491,11.990000006761,11.99);
#491 = AXIS2_PLACEMENT_2D('',#492,#493);
#492 = CARTESIAN_POINT('',(14.001921119089,11.99));
#493 = DIRECTION('',(1.,0.));
#494 = ( GEOMETRIC_REPRESENTATION_CONTEXT(2) 
PARAMETRIC_REPRESENTATION_CONTEXT() REPRESENTATION_CONTEXT('2D SPACE',''
  ) );
#495 = PCURVE('',#496,#501);
#496 = CYLINDRICAL_SURFACE('',#497,11.99);
#497 = AXIS2_PLACEMENT_3D('',#498,#499,#500);
#498 = CARTESIAN_POINT('',(-18.41,-68.26238951987,68.428910173182));
#499 = DIRECTION('',(0.,0.99619177062,8.718919742862E-02));
#500 = DIRECTION('',(-1.,0.,0.));
#501 = DEFINITIONAL_REPRESENTATION('',(#502),#509);
#502 = B_SPLINE_CURVE_WITH_KNOTS('',5,(#503,#504,#505,#506,#507,#508),
  .UNSPECIFIED.,.F.,.F.,(6,6),(4.712388980385,6.28318530718),
  .PIECEWISE_BEZIER_KNOTS.);
#503 = CARTESIAN_POINT('',(0.,2.974493157662));
#504 = CARTESIAN_POINT('',(0.314159265359,2.974619655284));
#505 = CARTESIAN_POINT('',(0.628318530718,2.9747462674));
#506 = CARTESIAN_POINT('',(0.942477796077,2.974846273424));
#507 = CARTESIAN_POINT('',(1.256637061436,2.974895812098));
#508 = CARTESIAN_POINT('',(1.570796326795,2.974895812098));
#509 = ( GEOMETRIC_REPRESENTATION_CONTEXT(2) 
PARAMETRIC_REPRESENTATION_CONTEXT() REPRESENTATION_CONTEXT('2D SPACE',''
  ) );
#510 = ORIENTED_EDGE('',*,*,#511,.T.);
#511 = EDGE_CURVE('',#478,#221,#512,.T.);
#512 = SURFACE_CURVE('',#513,(#517,#524),.PCURVE_S1.);
#513 = LINE('',#514,#515);
#514 = CARTESIAN_POINT('',(-30.4,-64.07887607941,54.73961426242));
#515 = VECTOR('',#516,1.);
#516 = DIRECTION('',(0.,-8.715574274766E-02,0.996194698092));
#517 = PCURVE('',#184,#518);
#518 = DEFINITIONAL_REPRESENTATION('',(#519),#523);
#519 = LINE('',#520,#521);
#520 = CARTESIAN_POINT('',(0.,0.));
#521 = VECTOR('',#522,1.);
#522 = DIRECTION('',(1.,0.));
#523 = ( GEOMETRIC_REPRESENTATION_CONTEXT(2) 
PARAMETRIC_REPRESENTATION_CONTEXT() REPRESENTATION_CONTEXT('2D SPACE',''
  ) );
#524 = PCURVE('',#238,#525);
#525 = DEFINITIONAL_REPRESENTATION('',(#526),#530);
#526 = LINE('',#527,#528);
#527 = CARTESIAN_POINT('',(-28.5,-3.));
#528 = VECTOR('',#529,1.);
#529 = DIRECTION('',(1.,-2.298214621924E-18));
#530 = ( GEOMETRIC_REPRESENTATION_CONTEXT(2) 
PARAMETRIC_REPRESENTATION_CONTEXT() REPRESENTATION_CONTEXT('2D SPACE',''
  ) );
#531 = ORIENTED_EDGE('',*,*,#250,.T.);
#532 = ORIENTED_EDGE('',*,*,#169,.F.);
#533 = ORIENTED_EDGE('',*,*,#534,.F.);
#534 = EDGE_CURVE('',#535,#141,#537,.T.);
#535 = VERTEX_POINT('',#536);
#536 = CARTESIAN_POINT('',(-6.965108693995,-66.13575160826,
    78.249809137385));
#537 = SURFACE_CURVE('',#538,(#543,#550),.PCURVE_S1.);
#538 = CIRCLE('',#539,4.472135955);
#539 = AXIS2_PLACEMENT_3D('',#540,#541,#542);
#540 = CARTESIAN_POINT('',(-3.4,-66.37107211368,80.939534822233));
#541 = DIRECTION('',(0.,0.996194698092,8.715574274766E-02));
#542 = DIRECTION('',(0.,-8.715574274766E-02,0.996194698092));
#543 = PCURVE('',#184,#544);
#544 = DEFINITIONAL_REPRESENTATION('',(#545),#549);
#545 = CIRCLE('',#546,4.472135955);
#546 = AXIS2_PLACEMENT_2D('',#547,#548);
#547 = CARTESIAN_POINT('',(26.3,27.));
#548 = DIRECTION('',(1.,0.));
#549 = ( GEOMETRIC_REPRESENTATION_CONTEXT(2) 
PARAMETRIC_REPRESENTATION_CONTEXT() REPRESENTATION_CONTEXT('2D SPACE',''
  ) );
#550 = PCURVE('',#157,#551);
#551 = DEFINITIONAL_REPRESENTATION('',(#552),#561);
#552 = B_SPLINE_CURVE_WITH_KNOTS('',7,(#553,#554,#555,#556,#557,#558,
    #559,#560),.UNSPECIFIED.,.F.,.F.,(8,8),(4.064206694572,
    4.712388980385),.PIECEWISE_BEZIER_KNOTS.);
#553 = CARTESIAN_POINT('',(0.842821422004,-0.466765339047));
#554 = CARTESIAN_POINT('',(0.807988518154,-0.405154759078));
#555 = CARTESIAN_POINT('',(0.780647933179,-0.340734944911));
#556 = CARTESIAN_POINT('',(0.759798248419,-0.274353554237));
#557 = CARTESIAN_POINT('',(0.744638586093,-0.206624832891));
#558 = CARTESIAN_POINT('',(0.734698595814,-0.138036117679));
#559 = CARTESIAN_POINT('',(0.729727656227,-6.901807870901E-02));
#560 = CARTESIAN_POINT('',(0.729727656227,0.));
#561 = ( GEOMETRIC_REPRESENTATION_CONTEXT(2) 
PARAMETRIC_REPRESENTATION_CONTEXT() REPRESENTATION_CONTEXT('2D SPACE',''
  ) );
#562 = ORIENTED_EDGE('',*,*,#563,.T.);
#563 = EDGE_CURVE('',#535,#564,#566,.T.);
#564 = VERTEX_POINT('',#565);
#565 = CARTESIAN_POINT('',(-9.4,-66.13575160826,78.249809137385));
#566 = SURFACE_CURVE('',#567,(#571,#577),.PCURVE_S1.);
#567 = LINE('',#568,#569);
#568 = CARTESIAN_POINT('',(-19.9,-66.13575160826,78.249809137385));
#569 = VECTOR('',#570,1.);
#570 = DIRECTION('',(-1.,0.,0.));
#571 = PCURVE('',#184,#572);
#572 = DEFINITIONAL_REPRESENTATION('',(#573),#576);
#573 = B_SPLINE_CURVE_WITH_KNOTS('',1,(#574,#575),.UNSPECIFIED.,.F.,.F.,
  (2,2),(-13.5,-10.5),.PIECEWISE_BEZIER_KNOTS.);
#574 = CARTESIAN_POINT('',(23.6,24.));
#575 = CARTESIAN_POINT('',(23.6,21.));
#576 = ( GEOMETRIC_REPRESENTATION_CONTEXT(2) 
PARAMETRIC_REPRESENTATION_CONTEXT() REPRESENTATION_CONTEXT('2D SPACE',''
  ) );
#577 = PCURVE('',#441,#578);
#578 = DEFINITIONAL_REPRESENTATION('',(#579),#582);
#579 = B_SPLINE_CURVE_WITH_KNOTS('',1,(#580,#581),.UNSPECIFIED.,.F.,.F.,
  (2,2),(-13.5,-10.5),.PIECEWISE_BEZIER_KNOTS.);
#580 = CARTESIAN_POINT('',(3.,2.));
#581 = CARTESIAN_POINT('',(0.,2.));
#582 = ( GEOMETRIC_REPRESENTATION_CONTEXT(2) 
PARAMETRIC_REPRESENTATION_CONTEXT() REPRESENTATION_CONTEXT('2D SPACE',''
  ) );
#583 = ORIENTED_EDGE('',*,*,#584,.F.);
#584 = EDGE_CURVE('',#585,#564,#587,.T.);
#585 = VERTEX_POINT('',#586);
#586 = CARTESIAN_POINT('',(-9.4,-65.99067168054,76.591537975509));
#587 = SURFACE_CURVE('',#588,(#592,#598),.PCURVE_S1.);
#588 = LINE('',#589,#590);
#589 = CARTESIAN_POINT('',(-9.4,-64.9635068683,64.850990448051));
#590 = VECTOR('',#591,1.);
#591 = DIRECTION('',(0.,-8.715574274766E-02,0.996194698092));
#592 = PCURVE('',#184,#593);
#593 = DEFINITIONAL_REPRESENTATION('',(#594),#597);
#594 = B_SPLINE_CURVE_WITH_KNOTS('',1,(#595,#596),.UNSPECIFIED.,.F.,.F.,
  (2,2),(10.15,13.45),.PIECEWISE_BEZIER_KNOTS.);
#595 = CARTESIAN_POINT('',(20.3,21.));
#596 = CARTESIAN_POINT('',(23.6,21.));
#597 = ( GEOMETRIC_REPRESENTATION_CONTEXT(2) 
PARAMETRIC_REPRESENTATION_CONTEXT() REPRESENTATION_CONTEXT('2D SPACE',''
  ) );
#598 = PCURVE('',#599,#604);
#599 = PLANE('',#600);
#600 = AXIS2_PLACEMENT_3D('',#601,#602,#603);
#601 = CARTESIAN_POINT('',(-9.4,-67.84052705337,74.788055148187));
#602 = DIRECTION('',(1.,0.,0.));
#603 = DIRECTION('',(0.,-8.715574274766E-02,0.996194698092));
#604 = DEFINITIONAL_REPRESENTATION('',(#605),#608);
#605 = B_SPLINE_CURVE_WITH_KNOTS('',1,(#606,#607),.UNSPECIFIED.,.F.,.F.,
  (2,2),(10.15,13.45),.PIECEWISE_BEZIER_KNOTS.);
#606 = CARTESIAN_POINT('',(0.,-2.));
#607 = CARTESIAN_POINT('',(3.3,-2.));
#608 = ( GEOMETRIC_REPRESENTATION_CONTEXT(2) 
PARAMETRIC_REPRESENTATION_CONTEXT() REPRESENTATION_CONTEXT('2D SPACE',''
  ) );
#609 = ORIENTED_EDGE('',*,*,#610,.F.);
#610 = EDGE_CURVE('',#611,#585,#613,.T.);
#611 = VERTEX_POINT('',#612);
#612 = CARTESIAN_POINT('',(-18.39,-66.34422127058,80.632628281211));
#613 = SURFACE_CURVE('',#614,(#619,#626),.PCURVE_S1.);
#614 = ELLIPSE('',#615,11.990000006761,11.99);
#615 = AXIS2_PLACEMENT_3D('',#616,#617,#618);
#616 = CARTESIAN_POINT('',(-18.39,-65.29922391444,68.688253844356));
#617 = DIRECTION('',(0.,0.996194698092,8.715574274766E-02));
#618 = DIRECTION('',(0.,-8.715574274766E-02,0.996194698092));
#619 = PCURVE('',#184,#620);
#620 = DEFINITIONAL_REPRESENTATION('',(#621),#625);
#621 = ELLIPSE('',#622,11.990000006761,11.99);
#622 = AXIS2_PLACEMENT_2D('',#623,#624);
#623 = CARTESIAN_POINT('',(14.001921119089,12.01));
#624 = DIRECTION('',(1.,0.));
#625 = ( GEOMETRIC_REPRESENTATION_CONTEXT(2) 
PARAMETRIC_REPRESENTATION_CONTEXT() REPRESENTATION_CONTEXT('2D SPACE',''
  ) );
#626 = PCURVE('',#627,#632);
#627 = CYLINDRICAL_SURFACE('',#628,11.99);
#628 = AXIS2_PLACEMENT_3D('',#629,#630,#631);
#629 = CARTESIAN_POINT('',(-18.39,-68.26238951987,68.428910173182));
#630 = DIRECTION('',(0.,0.99619177062,8.718919742862E-02));
#631 = DIRECTION('',(1.,0.,0.));
#632 = DEFINITIONAL_REPRESENTATION('',(#633),#640);
#633 = B_SPLINE_CURVE_WITH_KNOTS('',5,(#634,#635,#636,#637,#638,#639),
  .UNSPECIFIED.,.F.,.F.,(6,6),(1.617600242974E-17,1.570796326795),
  .PIECEWISE_BEZIER_KNOTS.);
#634 = CARTESIAN_POINT('',(-1.570796326795,2.974895812098));
#635 = CARTESIAN_POINT('',(-1.256637061436,2.974895812098));
#636 = CARTESIAN_POINT('',(-0.942477796077,2.974846273424));
#637 = CARTESIAN_POINT('',(-0.628318530718,2.9747462674));
#638 = CARTESIAN_POINT('',(-0.314159265359,2.974619655284));
#639 = CARTESIAN_POINT('',(0.,2.974493157662));
#640 = ( GEOMETRIC_REPRESENTATION_CONTEXT(2) 
PARAMETRIC_REPRESENTATION_CONTEXT() REPRESENTATION_CONTEXT('2D SPACE',''
  ) );
#641 = ORIENTED_EDGE('',*,*,#642,.T.);
#642 = EDGE_CURVE('',#611,#480,#643,.T.);
#643 = SURFACE_CURVE('',#644,(#648,#654),.PCURVE_S1.);
#644 = LINE('',#645,#646);
#645 = CARTESIAN_POINT('',(-30.4,-66.34422127058,80.632628281211));
#646 = VECTOR('',#647,1.);
#647 = DIRECTION('',(-1.,0.,0.));
#648 = PCURVE('',#184,#649);
#649 = DEFINITIONAL_REPRESENTATION('',(#650),#653);
#650 = B_SPLINE_CURVE_WITH_KNOTS('',1,(#651,#652),.UNSPECIFIED.,.F.,.F.,
  (2,2),(-12.01,-11.99),.PIECEWISE_BEZIER_KNOTS.);
#651 = CARTESIAN_POINT('',(25.991921125851,12.01));
#652 = CARTESIAN_POINT('',(25.991921125851,11.99));
#653 = ( GEOMETRIC_REPRESENTATION_CONTEXT(2) 
PARAMETRIC_REPRESENTATION_CONTEXT() REPRESENTATION_CONTEXT('2D SPACE',''
  ) );
#654 = PCURVE('',#655,#660);
#655 = PLANE('',#656);
#656 = AXIS2_PLACEMENT_3D('',#657,#658,#659);
#657 = CARTESIAN_POINT('',(-30.4,-69.30778799704,80.37324950292));
#658 = DIRECTION('',(0.,8.718919742862E-02,-0.99619177062));
#659 = DIRECTION('',(0.,0.99619177062,8.718919742862E-02));
#660 = DEFINITIONAL_REPRESENTATION('',(#661),#664);
#661 = B_SPLINE_CURVE_WITH_KNOTS('',1,(#662,#663),.UNSPECIFIED.,.F.,.F.,
  (2,2),(-12.01,-11.99),.PIECEWISE_BEZIER_KNOTS.);
#662 = CARTESIAN_POINT('',(2.974895812098,12.01));
#663 = CARTESIAN_POINT('',(2.974895812098,11.99));
#664 = ( GEOMETRIC_REPRESENTATION_CONTEXT(2) 
PARAMETRIC_REPRESENTATION_CONTEXT() REPRESENTATION_CONTEXT('2D SPACE',''
  ) );
#665 = ADVANCED_FACE('',(#666),#157,.T.);
#666 = FACE_BOUND('',#667,.T.);
#667 = EDGE_LOOP('',(#668,#669,#691,#692));
#668 = ORIENTED_EDGE('',*,*,#404,.F.);
#669 = ORIENTED_EDGE('',*,*,#670,.T.);
#670 = EDGE_CURVE('',#405,#535,#671,.T.);
#671 = SURFACE_CURVE('',#672,(#677,#684),.PCURVE_S1.);
#672 = CIRCLE('',#673,5.358171329848);
#673 = AXIS2_PLACEMENT_3D('',#674,#675,#676);
#674 = CARTESIAN_POINT('',(-3.4,-62.15097281589,78.598432108376));
#675 = DIRECTION('',(0.,-8.715574274766E-02,0.996194698092));
#676 = DIRECTION('',(-1.,0.,0.));
#677 = PCURVE('',#157,#678);
#678 = DEFINITIONAL_REPRESENTATION('',(#679),#683);
#679 = LINE('',#680,#681);
#680 = CARTESIAN_POINT('',(0.,-0.466765339047));
#681 = VECTOR('',#682,1.);
#682 = DIRECTION('',(1.,0.));
#683 = ( GEOMETRIC_REPRESENTATION_CONTEXT(2) 
PARAMETRIC_REPRESENTATION_CONTEXT() REPRESENTATION_CONTEXT('2D SPACE',''
  ) );
#684 = PCURVE('',#441,#685);
#685 = DEFINITIONAL_REPRESENTATION('',(#686),#690);
#686 = CIRCLE('',#687,5.358171329848);
#687 = AXIS2_PLACEMENT_2D('',#688,#689);
#688 = CARTESIAN_POINT('',(6.,6.));
#689 = DIRECTION('',(-1.,0.));
#690 = ( GEOMETRIC_REPRESENTATION_CONTEXT(2) 
PARAMETRIC_REPRESENTATION_CONTEXT() REPRESENTATION_CONTEXT('2D SPACE',''
  ) );
#691 = ORIENTED_EDGE('',*,*,#534,.T.);
#692 = ORIENTED_EDGE('',*,*,#140,.F.);
#693 = ADVANCED_FACE('',(#694),#238,.F.);
#694 = FACE_BOUND('',#695,.F.);
#695 = EDGE_LOOP('',(#696,#726,#754,#782,#810,#838,#866,#887,#888,#889,
    #912,#940,#968,#996,#1024,#1052));
#696 = ORIENTED_EDGE('',*,*,#697,.F.);
#697 = EDGE_CURVE('',#698,#700,#702,.T.);
#698 = VERTEX_POINT('',#699);
#699 = CARTESIAN_POINT('',(-30.4,-69.81286607024,85.858280024067));
#700 = VERTEX_POINT('',#701);
#701 = CARTESIAN_POINT('',(-30.4,-33.94985693894,88.995886762982));
#702 = SURFACE_CURVE('',#703,(#707,#714),.PCURVE_S1.);
#703 = LINE('',#704,#705);
#704 = CARTESIAN_POINT('',(-30.4,-69.81286607024,85.858280024067));
#705 = VECTOR('',#706,1.);
#706 = DIRECTION('',(0.,0.996194698092,8.715574274766E-02));
#707 = PCURVE('',#238,#708);
#708 = DEFINITIONAL_REPRESENTATION('',(#709),#713);
#709 = LINE('',#710,#711);
#710 = CARTESIAN_POINT('',(3.,-1.095825105574E-14));
#711 = VECTOR('',#712,1.);
#712 = DIRECTION('',(-2.535174264885E-17,-1.));
#713 = ( GEOMETRIC_REPRESENTATION_CONTEXT(2) 
PARAMETRIC_REPRESENTATION_CONTEXT() REPRESENTATION_CONTEXT('2D SPACE',''
  ) );
#714 = PCURVE('',#715,#720);
#715 = PLANE('',#716);
#716 = AXIS2_PLACEMENT_3D('',#717,#718,#719);
#717 = CARTESIAN_POINT('',(-30.4,-69.81286607024,85.858280024067));
#718 = DIRECTION('',(0.,-8.715574274766E-02,0.996194698092));
#719 = DIRECTION('',(1.,0.,0.));
#720 = DEFINITIONAL_REPRESENTATION('',(#721),#725);
#721 = LINE('',#722,#723);
#722 = CARTESIAN_POINT('',(3.552713678801E-15,0.));
#723 = VECTOR('',#724,1.);
#724 = DIRECTION('',(0.,1.));
#725 = ( GEOMETRIC_REPRESENTATION_CONTEXT(2) 
PARAMETRIC_REPRESENTATION_CONTEXT() REPRESENTATION_CONTEXT('2D SPACE',''
  ) );
#726 = ORIENTED_EDGE('',*,*,#727,.F.);
#727 = EDGE_CURVE('',#728,#698,#730,.T.);
#728 = VERTEX_POINT('',#729);
#729 = CARTESIAN_POINT('',(-30.4,-67.06746017369,54.478147034177));
#730 = SURFACE_CURVE('',#731,(#735,#742),.PCURVE_S1.);
#731 = LINE('',#732,#733);
#732 = CARTESIAN_POINT('',(-30.4,-67.06746017369,54.478147034177));
#733 = VECTOR('',#734,1.);
#734 = DIRECTION('',(1.127845612318E-16,-8.715574274766E-02,
    0.996194698092));
#735 = PCURVE('',#238,#736);
#736 = DEFINITIONAL_REPRESENTATION('',(#737),#741);
#737 = LINE('',#738,#739);
#738 = CARTESIAN_POINT('',(-28.5,-1.156096752657E-14));
#739 = VECTOR('',#740,1.);
#740 = DIRECTION('',(1.,1.157957318589E-17));
#741 = ( GEOMETRIC_REPRESENTATION_CONTEXT(2) 
PARAMETRIC_REPRESENTATION_CONTEXT() REPRESENTATION_CONTEXT('2D SPACE',''
  ) );
#742 = PCURVE('',#743,#748);
#743 = PLANE('',#744);
#744 = AXIS2_PLACEMENT_3D('',#745,#746,#747);
#745 = CARTESIAN_POINT('',(-30.4,-67.06746017369,54.478147034177));
#746 = DIRECTION('',(0.,0.996194698092,8.715574274766E-02));
#747 = DIRECTION('',(0.,-8.715574274766E-02,0.996194698092));
#748 = DEFINITIONAL_REPRESENTATION('',(#749),#753);
#749 = LINE('',#750,#751);
#750 = CARTESIAN_POINT('',(0.,0.));
#751 = VECTOR('',#752,1.);
#752 = DIRECTION('',(1.,1.127845612318E-16));
#753 = ( GEOMETRIC_REPRESENTATION_CONTEXT(2) 
PARAMETRIC_REPRESENTATION_CONTEXT() REPRESENTATION_CONTEXT('2D SPACE',''
  ) );
#754 = ORIENTED_EDGE('',*,*,#755,.T.);
#755 = EDGE_CURVE('',#728,#756,#758,.T.);
#756 = VERTEX_POINT('',#757);
#757 = CARTESIAN_POINT('',(-30.4,-64.07887607941,54.73961426242));
#758 = SURFACE_CURVE('',#759,(#763,#770),.PCURVE_S1.);
#759 = LINE('',#760,#761);
#760 = CARTESIAN_POINT('',(-30.4,-67.06746017369,54.478147034177));
#761 = VECTOR('',#762,1.);
#762 = DIRECTION('',(0.,0.996194698092,8.715574274766E-02));
#763 = PCURVE('',#238,#764);
#764 = DEFINITIONAL_REPRESENTATION('',(#765),#769);
#765 = LINE('',#766,#767);
#766 = CARTESIAN_POINT('',(-28.5,-1.156096752657E-14));
#767 = VECTOR('',#768,1.);
#768 = DIRECTION('',(2.298214621924E-18,-1.));
#769 = ( GEOMETRIC_REPRESENTATION_CONTEXT(2) 
PARAMETRIC_REPRESENTATION_CONTEXT() REPRESENTATION_CONTEXT('2D SPACE',''
  ) );
#770 = PCURVE('',#771,#776);
#771 = PLANE('',#772);
#772 = AXIS2_PLACEMENT_3D('',#773,#774,#775);
#773 = CARTESIAN_POINT('',(-30.4,-67.06746017369,54.478147034177));
#774 = DIRECTION('',(0.,-8.715574274766E-02,0.996194698092));
#775 = DIRECTION('',(1.,0.,0.));
#776 = DEFINITIONAL_REPRESENTATION('',(#777),#781);
#777 = LINE('',#778,#779);
#778 = CARTESIAN_POINT('',(0.,0.));
#779 = VECTOR('',#780,1.);
#780 = DIRECTION('',(0.,1.));
#781 = ( GEOMETRIC_REPRESENTATION_CONTEXT(2) 
PARAMETRIC_REPRESENTATION_CONTEXT() REPRESENTATION_CONTEXT('2D SPACE',''
  ) );
#782 = ORIENTED_EDGE('',*,*,#783,.T.);
#783 = EDGE_CURVE('',#756,#784,#786,.T.);
#784 = VERTEX_POINT('',#785);
#785 = CARTESIAN_POINT('',(-30.4,-65.12316931399,66.675940553075));
#786 = SURFACE_CURVE('',#787,(#791,#798),.PCURVE_S1.);
#787 = LINE('',#788,#789);
#788 = CARTESIAN_POINT('',(-30.4,-64.07887607941,54.73961426242));
#789 = VECTOR('',#790,1.);
#790 = DIRECTION('',(0.,-8.715574274766E-02,0.996194698092));
#791 = PCURVE('',#238,#792);
#792 = DEFINITIONAL_REPRESENTATION('',(#793),#797);
#793 = LINE('',#794,#795);
#794 = CARTESIAN_POINT('',(-28.5,-3.));
#795 = VECTOR('',#796,1.);
#796 = DIRECTION('',(1.,-2.298214621924E-18));
#797 = ( GEOMETRIC_REPRESENTATION_CONTEXT(2) 
PARAMETRIC_REPRESENTATION_CONTEXT() REPRESENTATION_CONTEXT('2D SPACE',''
  ) );
#798 = PCURVE('',#799,#804);
#799 = PLANE('',#800);
#800 = AXIS2_PLACEMENT_3D('',#801,#802,#803);
#801 = CARTESIAN_POINT('',(-30.4,-64.07887607941,54.73961426242));
#802 = DIRECTION('',(0.,0.996194698092,8.715574274766E-02));
#803 = DIRECTION('',(0.,-8.715574274766E-02,0.996194698092));
#804 = DEFINITIONAL_REPRESENTATION('',(#805),#809);
#805 = LINE('',#806,#807);
#806 = CARTESIAN_POINT('',(0.,0.));
#807 = VECTOR('',#808,1.);
#808 = DIRECTION('',(1.,0.));
#809 = ( GEOMETRIC_REPRESENTATION_CONTEXT(2) 
PARAMETRIC_REPRESENTATION_CONTEXT() REPRESENTATION_CONTEXT('2D SPACE',''
  ) );
#810 = ORIENTED_EDGE('',*,*,#811,.T.);
#811 = EDGE_CURVE('',#784,#812,#814,.T.);
#812 = VERTEX_POINT('',#813);
#813 = CARTESIAN_POINT('',(-30.4,-65.0976920292,66.678170388815));
#814 = SURFACE_CURVE('',#815,(#819,#826),.PCURVE_S1.);
#815 = LINE('',#816,#817);
#816 = CARTESIAN_POINT('',(-30.4,-68.08626734106,66.416602796529));
#817 = VECTOR('',#818,1.);
#818 = DIRECTION('',(0.,0.99619177062,8.718919742862E-02));
#819 = PCURVE('',#238,#820);
#820 = DEFINITIONAL_REPRESENTATION('',(#821),#825);
#821 = LINE('',#822,#823);
#822 = CARTESIAN_POINT('',(-16.51817877075,-2.557468070948E-02));
#823 = VECTOR('',#824,1.);
#824 = DIRECTION('',(3.358252174388E-05,-0.999999999436));
#825 = ( GEOMETRIC_REPRESENTATION_CONTEXT(2) 
PARAMETRIC_REPRESENTATION_CONTEXT() REPRESENTATION_CONTEXT('2D SPACE',''
  ) );
#826 = PCURVE('',#827,#832);
#827 = CYLINDRICAL_SURFACE('',#828,11.99);
#828 = AXIS2_PLACEMENT_3D('',#829,#830,#831);
#829 = CARTESIAN_POINT('',(-18.41,-68.08626734106,66.416602796529));
#830 = DIRECTION('',(0.,0.99619177062,8.718919742862E-02));
#831 = DIRECTION('',(-1.,0.,0.));
#832 = DEFINITIONAL_REPRESENTATION('',(#833),#837);
#833 = LINE('',#834,#835);
#834 = CARTESIAN_POINT('',(-0.,0.));
#835 = VECTOR('',#836,1.);
#836 = DIRECTION('',(-0.,1.));
#837 = ( GEOMETRIC_REPRESENTATION_CONTEXT(2) 
PARAMETRIC_REPRESENTATION_CONTEXT() REPRESENTATION_CONTEXT('2D SPACE',''
  ) );
#838 = ORIENTED_EDGE('',*,*,#839,.F.);
#839 = EDGE_CURVE('',#840,#812,#842,.T.);
#840 = VERTEX_POINT('',#841);
#841 = CARTESIAN_POINT('',(-30.4,-65.27381420801,68.690477765468));
#842 = SURFACE_CURVE('',#843,(#847,#854),.PCURVE_S1.);
#843 = LINE('',#844,#845);
#844 = CARTESIAN_POINT('',(-30.4,-66.31921268518,80.634817095206));
#845 = VECTOR('',#846,1.);
#846 = DIRECTION('',(0.,8.718919742862E-02,-0.99619177062));
#847 = PCURVE('',#238,#848);
#848 = DEFINITIONAL_REPRESENTATION('',(#849),#853);
#849 = LINE('',#850,#851);
#850 = CARTESIAN_POINT('',(-2.508078031088,-3.025104187888));
#851 = VECTOR('',#852,1.);
#852 = DIRECTION('',(-0.999999999436,-3.358252174388E-05));
#853 = ( GEOMETRIC_REPRESENTATION_CONTEXT(2) 
PARAMETRIC_REPRESENTATION_CONTEXT() REPRESENTATION_CONTEXT('2D SPACE',''
  ) );
#854 = PCURVE('',#855,#860);
#855 = PLANE('',#856);
#856 = AXIS2_PLACEMENT_3D('',#857,#858,#859);
#857 = CARTESIAN_POINT('',(-30.4,-66.31921268518,80.634817095206));
#858 = DIRECTION('',(0.,0.99619177062,8.718919742862E-02));
#859 = DIRECTION('',(0.,8.718919742862E-02,-0.99619177062));
#860 = DEFINITIONAL_REPRESENTATION('',(#861),#865);
#861 = LINE('',#862,#863);
#862 = CARTESIAN_POINT('',(0.,0.));
#863 = VECTOR('',#864,1.);
#864 = DIRECTION('',(1.,0.));
#865 = ( GEOMETRIC_REPRESENTATION_CONTEXT(2) 
PARAMETRIC_REPRESENTATION_CONTEXT() REPRESENTATION_CONTEXT('2D SPACE',''
  ) );
#866 = ORIENTED_EDGE('',*,*,#867,.F.);
#867 = EDGE_CURVE('',#478,#840,#868,.T.);
#868 = SURFACE_CURVE('',#869,(#873,#880),.PCURVE_S1.);
#869 = LINE('',#870,#871);
#870 = CARTESIAN_POINT('',(-30.4,-68.26238951987,68.428910173182));
#871 = VECTOR('',#872,1.);
#872 = DIRECTION('',(0.,0.99619177062,8.718919742862E-02));
#873 = PCURVE('',#238,#874);
#874 = DEFINITIONAL_REPRESENTATION('',(#875),#879);
#875 = LINE('',#876,#877);
#876 = CARTESIAN_POINT('',(-14.49817877189,-2.550684401556E-02));
#877 = VECTOR('',#878,1.);
#878 = DIRECTION('',(3.358252174388E-05,-0.999999999436));
#879 = ( GEOMETRIC_REPRESENTATION_CONTEXT(2) 
PARAMETRIC_REPRESENTATION_CONTEXT() REPRESENTATION_CONTEXT('2D SPACE',''
  ) );
#880 = PCURVE('',#496,#881);
#881 = DEFINITIONAL_REPRESENTATION('',(#882),#886);
#882 = LINE('',#883,#884);
#883 = CARTESIAN_POINT('',(0.,0.));
#884 = VECTOR('',#885,1.);
#885 = DIRECTION('',(0.,1.));
#886 = ( GEOMETRIC_REPRESENTATION_CONTEXT(2) 
PARAMETRIC_REPRESENTATION_CONTEXT() REPRESENTATION_CONTEXT('2D SPACE',''
  ) );
#887 = ORIENTED_EDGE('',*,*,#511,.T.);
#888 = ORIENTED_EDGE('',*,*,#220,.T.);
#889 = ORIENTED_EDGE('',*,*,#890,.F.);
#890 = EDGE_CURVE('',#891,#223,#893,.T.);
#891 = VERTEX_POINT('',#892);
#892 = CARTESIAN_POINT('',(-30.4,-34.19303513666,57.35428654485));
#893 = SURFACE_CURVE('',#894,(#898,#905),.PCURVE_S1.);
#894 = LINE('',#895,#896);
#895 = CARTESIAN_POINT('',(-30.4,-34.19303513666,57.35428654485));
#896 = VECTOR('',#897,1.);
#897 = DIRECTION('',(0.,-8.715574274766E-02,0.996194698092));
#898 = PCURVE('',#238,#899);
#899 = DEFINITIONAL_REPRESENTATION('',(#900),#904);
#900 = LINE('',#901,#902);
#901 = CARTESIAN_POINT('',(-28.5,-33.));
#902 = VECTOR('',#903,1.);
#903 = DIRECTION('',(1.,-2.298214621924E-18));
#904 = ( GEOMETRIC_REPRESENTATION_CONTEXT(2) 
PARAMETRIC_REPRESENTATION_CONTEXT() REPRESENTATION_CONTEXT('2D SPACE',''
  ) );
#905 = PCURVE('',#336,#906);
#906 = DEFINITIONAL_REPRESENTATION('',(#907),#911);
#907 = LINE('',#908,#909);
#908 = CARTESIAN_POINT('',(0.,0.));
#909 = VECTOR('',#910,1.);
#910 = DIRECTION('',(1.,0.));
#911 = ( GEOMETRIC_REPRESENTATION_CONTEXT(2) 
PARAMETRIC_REPRESENTATION_CONTEXT() REPRESENTATION_CONTEXT('2D SPACE',''
  ) );
#912 = ORIENTED_EDGE('',*,*,#913,.T.);
#913 = EDGE_CURVE('',#891,#914,#916,.T.);
#914 = VERTEX_POINT('',#915);
#915 = CARTESIAN_POINT('',(-30.4,-31.20445104239,57.615753773092));
#916 = SURFACE_CURVE('',#917,(#921,#928),.PCURVE_S1.);
#917 = LINE('',#918,#919);
#918 = CARTESIAN_POINT('',(-30.4,-34.19303513666,57.35428654485));
#919 = VECTOR('',#920,1.);
#920 = DIRECTION('',(0.,0.996194698092,8.715574274766E-02));
#921 = PCURVE('',#238,#922);
#922 = DEFINITIONAL_REPRESENTATION('',(#923),#927);
#923 = LINE('',#924,#925);
#924 = CARTESIAN_POINT('',(-28.5,-33.));
#925 = VECTOR('',#926,1.);
#926 = DIRECTION('',(2.298214621924E-18,-1.));
#927 = ( GEOMETRIC_REPRESENTATION_CONTEXT(2) 
PARAMETRIC_REPRESENTATION_CONTEXT() REPRESENTATION_CONTEXT('2D SPACE',''
  ) );
#928 = PCURVE('',#929,#934);
#929 = PLANE('',#930);
#930 = AXIS2_PLACEMENT_3D('',#931,#932,#933);
#931 = CARTESIAN_POINT('',(-30.4,-34.19303513666,57.35428654485));
#932 = DIRECTION('',(0.,-8.715574274766E-02,0.996194698092));
#933 = DIRECTION('',(1.,0.,0.));
#934 = DEFINITIONAL_REPRESENTATION('',(#935),#939);
#935 = LINE('',#936,#937);
#936 = CARTESIAN_POINT('',(0.,0.));
#937 = VECTOR('',#938,1.);
#938 = DIRECTION('',(0.,1.));
#939 = ( GEOMETRIC_REPRESENTATION_CONTEXT(2) 
PARAMETRIC_REPRESENTATION_CONTEXT() REPRESENTATION_CONTEXT('2D SPACE',''
  ) );
#940 = ORIENTED_EDGE('',*,*,#941,.F.);
#941 = EDGE_CURVE('',#942,#914,#944,.T.);
#942 = VERTEX_POINT('',#943);
#943 = CARTESIAN_POINT('',(-30.4,-32.24884086498,69.553184069842));
#944 = SURFACE_CURVE('',#945,(#949,#956),.PCURVE_S1.);
#945 = LINE('',#946,#947);
#946 = CARTESIAN_POINT('',(-30.4,-33.94985693894,88.995886762982));
#947 = VECTOR('',#948,1.);
#948 = DIRECTION('',(-1.127845612318E-16,8.715574274766E-02,
    -0.996194698092));
#949 = PCURVE('',#238,#950);
#950 = DEFINITIONAL_REPRESENTATION('',(#951),#955);
#951 = LINE('',#952,#953);
#952 = CARTESIAN_POINT('',(3.,-36.));
#953 = VECTOR('',#954,1.);
#954 = DIRECTION('',(-1.,-1.157957318589E-17));
#955 = ( GEOMETRIC_REPRESENTATION_CONTEXT(2) 
PARAMETRIC_REPRESENTATION_CONTEXT() REPRESENTATION_CONTEXT('2D SPACE',''
  ) );
#956 = PCURVE('',#957,#962);
#957 = PLANE('',#958);
#958 = AXIS2_PLACEMENT_3D('',#959,#960,#961);
#959 = CARTESIAN_POINT('',(-30.4,-31.20445104239,57.615753773092));
#960 = DIRECTION('',(0.,0.996194698092,8.715574274766E-02));
#961 = DIRECTION('',(0.,-8.715574274766E-02,0.996194698092));
#962 = DEFINITIONAL_REPRESENTATION('',(#963),#967);
#963 = LINE('',#964,#965);
#964 = CARTESIAN_POINT('',(31.5,3.552713678801E-15));
#965 = VECTOR('',#966,1.);
#966 = DIRECTION('',(-1.,-1.127845612318E-16));
#967 = ( GEOMETRIC_REPRESENTATION_CONTEXT(2) 
PARAMETRIC_REPRESENTATION_CONTEXT() REPRESENTATION_CONTEXT('2D SPACE',''
  ) );
#968 = ORIENTED_EDGE('',*,*,#969,.T.);
#969 = EDGE_CURVE('',#942,#970,#972,.T.);
#970 = VERTEX_POINT('',#971);
#971 = CARTESIAN_POINT('',(-30.4,-32.22336359873,69.555413903959));
#972 = SURFACE_CURVE('',#973,(#977,#984),.PCURVE_S1.);
#973 = LINE('',#974,#975);
#974 = CARTESIAN_POINT('',(-30.4,-35.21193891059,69.293846311673));
#975 = VECTOR('',#976,1.);
#976 = DIRECTION('',(0.,0.99619177062,8.718919742862E-02));
#977 = PCURVE('',#238,#978);
#978 = DEFINITIONAL_REPRESENTATION('',(#979),#983);
#979 = LINE('',#980,#981);
#980 = CARTESIAN_POINT('',(-16.51707054753,-33.0255746621));
#981 = VECTOR('',#982,1.);
#982 = DIRECTION('',(3.358252174388E-05,-0.999999999436));
#983 = ( GEOMETRIC_REPRESENTATION_CONTEXT(2) 
PARAMETRIC_REPRESENTATION_CONTEXT() REPRESENTATION_CONTEXT('2D SPACE',''
  ) );
#984 = PCURVE('',#985,#990);
#985 = CYLINDRICAL_SURFACE('',#986,11.99);
#986 = AXIS2_PLACEMENT_3D('',#987,#988,#989);
#987 = CARTESIAN_POINT('',(-18.41,-35.21193891059,69.293846311673));
#988 = DIRECTION('',(0.,0.99619177062,8.718919742862E-02));
#989 = DIRECTION('',(-1.,0.,0.));
#990 = DEFINITIONAL_REPRESENTATION('',(#991),#995);
#991 = LINE('',#992,#993);
#992 = CARTESIAN_POINT('',(-0.,0.));
#993 = VECTOR('',#994,1.);
#994 = DIRECTION('',(-0.,1.));
#995 = ( GEOMETRIC_REPRESENTATION_CONTEXT(2) 
PARAMETRIC_REPRESENTATION_CONTEXT() REPRESENTATION_CONTEXT('2D SPACE',''
  ) );
#996 = ORIENTED_EDGE('',*,*,#997,.F.);
#997 = EDGE_CURVE('',#998,#970,#1000,.T.);
#998 = VERTEX_POINT('',#999);
#999 = CARTESIAN_POINT('',(-30.4,-32.39948577754,71.567721280612));
#1000 = SURFACE_CURVE('',#1001,(#1005,#1012),.PCURVE_S1.);
#1001 = LINE('',#1002,#1003);
#1002 = CARTESIAN_POINT('',(-30.4,-33.44488425471,83.512060610351));
#1003 = VECTOR('',#1004,1.);
#1004 = DIRECTION('',(0.,8.718919742862E-02,-0.99619177062));
#1005 = PCURVE('',#238,#1006);
#1006 = DEFINITIONAL_REPRESENTATION('',(#1007),#1011);
#1007 = LINE('',#1008,#1009);
#1008 = CARTESIAN_POINT('',(-2.50696980787,-36.02510416928));
#1009 = VECTOR('',#1010,1.);
#1010 = DIRECTION('',(-0.999999999436,-3.358252174388E-05));
#1011 = ( GEOMETRIC_REPRESENTATION_CONTEXT(2) 
PARAMETRIC_REPRESENTATION_CONTEXT() REPRESENTATION_CONTEXT('2D SPACE',''
  ) );
#1012 = PCURVE('',#1013,#1018);
#1013 = PLANE('',#1014);
#1014 = AXIS2_PLACEMENT_3D('',#1015,#1016,#1017);
#1015 = CARTESIAN_POINT('',(-30.4,-33.44488425471,83.512060610351));
#1016 = DIRECTION('',(0.,0.99619177062,8.718919742862E-02));
#1017 = DIRECTION('',(0.,8.718919742862E-02,-0.99619177062));
#1018 = DEFINITIONAL_REPRESENTATION('',(#1019),#1023);
#1019 = LINE('',#1020,#1021);
#1020 = CARTESIAN_POINT('',(0.,0.));
#1021 = VECTOR('',#1022,1.);
#1022 = DIRECTION('',(1.,0.));
#1023 = ( GEOMETRIC_REPRESENTATION_CONTEXT(2) 
PARAMETRIC_REPRESENTATION_CONTEXT() REPRESENTATION_CONTEXT('2D SPACE',''
  ) );
#1024 = ORIENTED_EDGE('',*,*,#1025,.F.);
#1025 = EDGE_CURVE('',#1026,#998,#1028,.T.);
#1026 = VERTEX_POINT('',#1027);
#1027 = CARTESIAN_POINT('',(-30.4,-32.42489546543,71.565497361123));
#1028 = SURFACE_CURVE('',#1029,(#1033,#1040),.PCURVE_S1.);
#1029 = LINE('',#1030,#1031);
#1030 = CARTESIAN_POINT('',(-30.4,-35.3880610894,71.306153688327));
#1031 = VECTOR('',#1032,1.);
#1032 = DIRECTION('',(0.,0.99619177062,8.718919742862E-02));
#1033 = PCURVE('',#238,#1034);
#1034 = DEFINITIONAL_REPRESENTATION('',(#1035),#1039);
#1035 = LINE('',#1036,#1037);
#1036 = CARTESIAN_POINT('',(-14.49707054867,-33.0255068254));
#1037 = VECTOR('',#1038,1.);
#1038 = DIRECTION('',(3.358252174388E-05,-0.999999999436));
#1039 = ( GEOMETRIC_REPRESENTATION_CONTEXT(2) 
PARAMETRIC_REPRESENTATION_CONTEXT() REPRESENTATION_CONTEXT('2D SPACE',''
  ) );
#1040 = PCURVE('',#1041,#1046);
#1041 = CYLINDRICAL_SURFACE('',#1042,11.99);
#1042 = AXIS2_PLACEMENT_3D('',#1043,#1044,#1045);
#1043 = CARTESIAN_POINT('',(-18.41,-35.3880610894,71.306153688327));
#1044 = DIRECTION('',(0.,0.99619177062,8.718919742862E-02));
#1045 = DIRECTION('',(-1.,0.,0.));
#1046 = DEFINITIONAL_REPRESENTATION('',(#1047),#1051);
#1047 = LINE('',#1048,#1049);
#1048 = CARTESIAN_POINT('',(0.,0.));
#1049 = VECTOR('',#1050,1.);
#1050 = DIRECTION('',(0.,1.));
#1051 = ( GEOMETRIC_REPRESENTATION_CONTEXT(2) 
PARAMETRIC_REPRESENTATION_CONTEXT() REPRESENTATION_CONTEXT('2D SPACE',''
  ) );
#1052 = ORIENTED_EDGE('',*,*,#1053,.F.);
#1053 = EDGE_CURVE('',#700,#1026,#1054,.T.);
#1054 = SURFACE_CURVE('',#1055,(#1059,#1066),.PCURVE_S1.);
#1055 = LINE('',#1056,#1057);
#1056 = CARTESIAN_POINT('',(-30.4,-33.94985693894,88.995886762982));
#1057 = VECTOR('',#1058,1.);
#1058 = DIRECTION('',(-1.127845612318E-16,8.715574274766E-02,
    -0.996194698092));
#1059 = PCURVE('',#238,#1060);
#1060 = DEFINITIONAL_REPRESENTATION('',(#1061),#1065);
#1061 = LINE('',#1062,#1063);
#1062 = CARTESIAN_POINT('',(3.,-36.));
#1063 = VECTOR('',#1064,1.);
#1064 = DIRECTION('',(-1.,-1.157957318589E-17));
#1065 = ( GEOMETRIC_REPRESENTATION_CONTEXT(2) 
PARAMETRIC_REPRESENTATION_CONTEXT() REPRESENTATION_CONTEXT('2D SPACE',''
  ) );
#1066 = PCURVE('',#1067,#1072);
#1067 = PLANE('',#1068);
#1068 = AXIS2_PLACEMENT_3D('',#1069,#1070,#1071);
#1069 = CARTESIAN_POINT('',(-30.4,-31.20445104239,57.615753773092));
#1070 = DIRECTION('',(0.,0.996194698092,8.715574274766E-02));
#1071 = DIRECTION('',(0.,-8.715574274766E-02,0.996194698092));
#1072 = DEFINITIONAL_REPRESENTATION('',(#1073),#1077);
#1073 = LINE('',#1074,#1075);
#1074 = CARTESIAN_POINT('',(31.5,3.552713678801E-15));
#1075 = VECTOR('',#1076,1.);
#1076 = DIRECTION('',(-1.,-1.127845612318E-16));
#1077 = ( GEOMETRIC_REPRESENTATION_CONTEXT(2) 
PARAMETRIC_REPRESENTATION_CONTEXT() REPRESENTATION_CONTEXT('2D SPACE',''
  ) );
#1078 = ADVANCED_FACE('',(#1079),#336,.F.);
#1079 = FACE_BOUND('',#1080,.F.);
#1080 = EDGE_LOOP('',(#1081,#1104,#1125,#1126));
#1081 = ORIENTED_EDGE('',*,*,#1082,.F.);
#1082 = EDGE_CURVE('',#1083,#296,#1085,.T.);
#1083 = VERTEX_POINT('',#1084);
#1084 = CARTESIAN_POINT('',(-6.4,-34.19303513666,57.35428654485));
#1085 = SURFACE_CURVE('',#1086,(#1090,#1097),.PCURVE_S1.);
#1086 = LINE('',#1087,#1088);
#1087 = CARTESIAN_POINT('',(-6.4,-34.19303513666,57.35428654485));
#1088 = VECTOR('',#1089,1.);
#1089 = DIRECTION('',(0.,-8.715574274766E-02,0.996194698092));
#1090 = PCURVE('',#336,#1091);
#1091 = DEFINITIONAL_REPRESENTATION('',(#1092),#1096);
#1092 = LINE('',#1093,#1094);
#1093 = CARTESIAN_POINT('',(0.,24.));
#1094 = VECTOR('',#1095,1.);
#1095 = DIRECTION('',(1.,0.));
#1096 = ( GEOMETRIC_REPRESENTATION_CONTEXT(2) 
PARAMETRIC_REPRESENTATION_CONTEXT() REPRESENTATION_CONTEXT('2D SPACE',''
  ) );
#1097 = PCURVE('',#311,#1098);
#1098 = DEFINITIONAL_REPRESENTATION('',(#1099),#1103);
#1099 = LINE('',#1100,#1101);
#1100 = CARTESIAN_POINT('',(-28.5,-33.));
#1101 = VECTOR('',#1102,1.);
#1102 = DIRECTION('',(1.,-2.298214621924E-18));
#1103 = ( GEOMETRIC_REPRESENTATION_CONTEXT(2) 
PARAMETRIC_REPRESENTATION_CONTEXT() REPRESENTATION_CONTEXT('2D SPACE',''
  ) );
#1104 = ORIENTED_EDGE('',*,*,#1105,.F.);
#1105 = EDGE_CURVE('',#891,#1083,#1106,.T.);
#1106 = SURFACE_CURVE('',#1107,(#1111,#1118),.PCURVE_S1.);
#1107 = LINE('',#1108,#1109);
#1108 = CARTESIAN_POINT('',(-30.4,-34.19303513666,57.35428654485));
#1109 = VECTOR('',#1110,1.);
#1110 = DIRECTION('',(1.,0.,0.));
#1111 = PCURVE('',#336,#1112);
#1112 = DEFINITIONAL_REPRESENTATION('',(#1113),#1117);
#1113 = LINE('',#1114,#1115);
#1114 = CARTESIAN_POINT('',(0.,0.));
#1115 = VECTOR('',#1116,1.);
#1116 = DIRECTION('',(0.,1.));
#1117 = ( GEOMETRIC_REPRESENTATION_CONTEXT(2) 
PARAMETRIC_REPRESENTATION_CONTEXT() REPRESENTATION_CONTEXT('2D SPACE',''
  ) );
#1118 = PCURVE('',#929,#1119);
#1119 = DEFINITIONAL_REPRESENTATION('',(#1120),#1124);
#1120 = LINE('',#1121,#1122);
#1121 = CARTESIAN_POINT('',(0.,0.));
#1122 = VECTOR('',#1123,1.);
#1123 = DIRECTION('',(1.,0.));
#1124 = ( GEOMETRIC_REPRESENTATION_CONTEXT(2) 
PARAMETRIC_REPRESENTATION_CONTEXT() REPRESENTATION_CONTEXT('2D SPACE',''
  ) );
#1125 = ORIENTED_EDGE('',*,*,#890,.T.);
#1126 = ORIENTED_EDGE('',*,*,#323,.T.);
#1127 = ADVANCED_FACE('',(#1128),#311,.T.);
#1128 = FACE_BOUND('',#1129,.T.);
#1129 = EDGE_LOOP('',(#1130,#1160,#1183,#1206,#1233,#1289,#1315,#1342,
    #1343,#1344,#1345,#1368,#1396,#1424));
#1130 = ORIENTED_EDGE('',*,*,#1131,.F.);
#1131 = EDGE_CURVE('',#1132,#1134,#1136,.T.);
#1132 = VERTEX_POINT('',#1133);
#1133 = CARTESIAN_POINT('',(-6.4,-32.42489546543,71.565497361123));
#1134 = VERTEX_POINT('',#1135);
#1135 = CARTESIAN_POINT('',(-6.4,-32.39948577754,71.567721280612));
#1136 = SURFACE_CURVE('',#1137,(#1141,#1148),.PCURVE_S1.);
#1137 = LINE('',#1138,#1139);
#1138 = CARTESIAN_POINT('',(-6.4,-35.3880610894,71.306153688327));
#1139 = VECTOR('',#1140,1.);
#1140 = DIRECTION('',(0.,0.99619177062,8.718919742862E-02));
#1141 = PCURVE('',#311,#1142);
#1142 = DEFINITIONAL_REPRESENTATION('',(#1143),#1147);
#1143 = LINE('',#1144,#1145);
#1144 = CARTESIAN_POINT('',(-14.49707054867,-33.0255068254));
#1145 = VECTOR('',#1146,1.);
#1146 = DIRECTION('',(3.358252174388E-05,-0.999999999436));
#1147 = ( GEOMETRIC_REPRESENTATION_CONTEXT(2) 
PARAMETRIC_REPRESENTATION_CONTEXT() REPRESENTATION_CONTEXT('2D SPACE',''
  ) );
#1148 = PCURVE('',#1149,#1154);
#1149 = CYLINDRICAL_SURFACE('',#1150,11.99);
#1150 = AXIS2_PLACEMENT_3D('',#1151,#1152,#1153);
#1151 = CARTESIAN_POINT('',(-18.39,-35.3880610894,71.306153688327));
#1152 = DIRECTION('',(0.,0.99619177062,8.718919742862E-02));
#1153 = DIRECTION('',(1.,0.,0.));
#1154 = DEFINITIONAL_REPRESENTATION('',(#1155),#1159);
#1155 = LINE('',#1156,#1157);
#1156 = CARTESIAN_POINT('',(-0.,0.));
#1157 = VECTOR('',#1158,1.);
#1158 = DIRECTION('',(-0.,1.));
#1159 = ( GEOMETRIC_REPRESENTATION_CONTEXT(2) 
PARAMETRIC_REPRESENTATION_CONTEXT() REPRESENTATION_CONTEXT('2D SPACE',''
  ) );
#1160 = ORIENTED_EDGE('',*,*,#1161,.T.);
#1161 = EDGE_CURVE('',#1132,#1162,#1164,.T.);
#1162 = VERTEX_POINT('',#1163);
#1163 = CARTESIAN_POINT('',(-6.4,-33.94985693894,88.995886762982));
#1164 = SURFACE_CURVE('',#1165,(#1169,#1176),.PCURVE_S1.);
#1165 = LINE('',#1166,#1167);
#1166 = CARTESIAN_POINT('',(-6.4,-31.20445104239,57.615753773092));
#1167 = VECTOR('',#1168,1.);
#1168 = DIRECTION('',(0.,-8.715574274766E-02,0.996194698092));
#1169 = PCURVE('',#311,#1170);
#1170 = DEFINITIONAL_REPRESENTATION('',(#1171),#1175);
#1171 = LINE('',#1172,#1173);
#1172 = CARTESIAN_POINT('',(-28.5,-36.));
#1173 = VECTOR('',#1174,1.);
#1174 = DIRECTION('',(1.,1.157957318589E-17));
#1175 = ( GEOMETRIC_REPRESENTATION_CONTEXT(2) 
PARAMETRIC_REPRESENTATION_CONTEXT() REPRESENTATION_CONTEXT('2D SPACE',''
  ) );
#1176 = PCURVE('',#1067,#1177);
#1177 = DEFINITIONAL_REPRESENTATION('',(#1178),#1182);
#1178 = LINE('',#1179,#1180);
#1179 = CARTESIAN_POINT('',(0.,24.));
#1180 = VECTOR('',#1181,1.);
#1181 = DIRECTION('',(1.,0.));
#1182 = ( GEOMETRIC_REPRESENTATION_CONTEXT(2) 
PARAMETRIC_REPRESENTATION_CONTEXT() REPRESENTATION_CONTEXT('2D SPACE',''
  ) );
#1183 = ORIENTED_EDGE('',*,*,#1184,.T.);
#1184 = EDGE_CURVE('',#1162,#1185,#1187,.T.);
#1185 = VERTEX_POINT('',#1186);
#1186 = CARTESIAN_POINT('',(-6.4,-43.71639791634,88.141425145599));
#1187 = SURFACE_CURVE('',#1188,(#1192,#1199),.PCURVE_S1.);
#1188 = LINE('',#1189,#1190);
#1189 = CARTESIAN_POINT('',(-6.4,-33.94985693894,88.995886762982));
#1190 = VECTOR('',#1191,1.);
#1191 = DIRECTION('',(0.,-0.996194698092,-8.715574274766E-02));
#1192 = PCURVE('',#311,#1193);
#1193 = DEFINITIONAL_REPRESENTATION('',(#1194),#1198);
#1194 = LINE('',#1195,#1196);
#1195 = CARTESIAN_POINT('',(3.,-36.));
#1196 = VECTOR('',#1197,1.);
#1197 = DIRECTION('',(-8.524808643425E-17,1.));
#1198 = ( GEOMETRIC_REPRESENTATION_CONTEXT(2) 
PARAMETRIC_REPRESENTATION_CONTEXT() REPRESENTATION_CONTEXT('2D SPACE',''
  ) );
#1199 = PCURVE('',#715,#1200);
#1200 = DEFINITIONAL_REPRESENTATION('',(#1201),#1205);
#1201 = LINE('',#1202,#1203);
#1202 = CARTESIAN_POINT('',(24.,36.));
#1203 = VECTOR('',#1204,1.);
#1204 = DIRECTION('',(0.,-1.));
#1205 = ( GEOMETRIC_REPRESENTATION_CONTEXT(2) 
PARAMETRIC_REPRESENTATION_CONTEXT() REPRESENTATION_CONTEXT('2D SPACE',''
  ) );
#1206 = ORIENTED_EDGE('',*,*,#1207,.T.);
#1207 = EDGE_CURVE('',#1185,#1208,#1210,.T.);
#1208 = VERTEX_POINT('',#1209);
#1209 = CARTESIAN_POINT('',(-6.4,-45.54666851404,109.06151380552));
#1210 = SURFACE_CURVE('',#1211,(#1215,#1222),.PCURVE_S1.);
#1211 = LINE('',#1212,#1213);
#1212 = CARTESIAN_POINT('',(-6.4,-42.74025359756,76.984044526971));
#1213 = VECTOR('',#1214,1.);
#1214 = DIRECTION('',(0.,-8.715574274766E-02,0.996194698092));
#1215 = PCURVE('',#311,#1216);
#1216 = DEFINITIONAL_REPRESENTATION('',(#1217),#1221);
#1217 = LINE('',#1218,#1219);
#1218 = CARTESIAN_POINT('',(-8.2,-26.1961524227));
#1219 = VECTOR('',#1220,1.);
#1220 = DIRECTION('',(1.,-2.298214621924E-18));
#1221 = ( GEOMETRIC_REPRESENTATION_CONTEXT(2) 
PARAMETRIC_REPRESENTATION_CONTEXT() REPRESENTATION_CONTEXT('2D SPACE',''
  ) );
#1222 = PCURVE('',#1223,#1228);
#1223 = CYLINDRICAL_SURFACE('',#1224,6.);
#1224 = AXIS2_PLACEMENT_3D('',#1225,#1226,#1227);
#1225 = CARTESIAN_POINT('',(-3.4,-47.91663309154,76.53117000314));
#1226 = DIRECTION('',(0.,-8.715574274766E-02,0.996194698092));
#1227 = DIRECTION('',(-1.,-0.,0.));
#1228 = DEFINITIONAL_REPRESENTATION('',(#1229),#1232);
#1229 = B_SPLINE_CURVE_WITH_KNOTS('',1,(#1230,#1231),.UNSPECIFIED.,.F.,
  .F.,(2,2),(5.9999994,32.2000006),.PIECEWISE_BEZIER_KNOTS.);
#1230 = CARTESIAN_POINT('',(-1.047197551197,5.9999994));
#1231 = CARTESIAN_POINT('',(-1.047197551197,32.2000006));
#1232 = ( GEOMETRIC_REPRESENTATION_CONTEXT(2) 
PARAMETRIC_REPRESENTATION_CONTEXT() REPRESENTATION_CONTEXT('2D SPACE',''
  ) );
#1233 = ORIENTED_EDGE('',*,*,#1234,.T.);
#1234 = EDGE_CURVE('',#1208,#1235,#1237,.T.);
#1235 = VERTEX_POINT('',#1236);
#1236 = CARTESIAN_POINT('',(-6.4,-45.86164041336,110.44350063849));
#1237 = SURFACE_CURVE('',#1238,(#1243,#1250),.PCURVE_S1.);
#1238 = CIRCLE('',#1239,5.196152422707);
#1239 = AXIS2_PLACEMENT_3D('',#1240,#1241,#1242);
#1240 = CARTESIAN_POINT('',(-6.4,-50.72304800801,108.60863928169));
#1241 = DIRECTION('',(1.,0.,0.));
#1242 = DIRECTION('',(-0.,0.,1.));
#1243 = PCURVE('',#311,#1244);
#1244 = DEFINITIONAL_REPRESENTATION('',(#1245),#1249);
#1245 = CIRCLE('',#1246,5.196152422707);
#1246 = AXIS2_PLACEMENT_2D('',#1247,#1248);
#1247 = CARTESIAN_POINT('',(24.,-21.));
#1248 = DIRECTION('',(0.996194698092,-8.715574274766E-02));
#1249 = ( GEOMETRIC_REPRESENTATION_CONTEXT(2) 
PARAMETRIC_REPRESENTATION_CONTEXT() REPRESENTATION_CONTEXT('2D SPACE',''
  ) );
#1250 = PCURVE('',#1251,#1256);
#1251 = SPHERICAL_SURFACE('',#1252,6.);
#1252 = AXIS2_PLACEMENT_3D('',#1253,#1254,#1255);
#1253 = CARTESIAN_POINT('',(-3.4,-50.72304800801,108.60863928169));
#1254 = DIRECTION('',(0.,-0.996194698092,-8.715574274766E-02));
#1255 = DIRECTION('',(-1.,-1.290164164357E-17,1.474664387775E-16));
#1256 = DEFINITIONAL_REPRESENTATION('',(#1257),#1288);
#1257 = B_SPLINE_CURVE_WITH_KNOTS('',8,(#1258,#1259,#1260,#1261,#1262,
    #1263,#1264,#1265,#1266,#1267,#1268,#1269,#1270,#1271,#1272,#1273,
    #1274,#1275,#1276,#1277,#1278,#1279,#1280,#1281,#1282,#1283,#1284,
    #1285,#1286,#1287),.UNSPECIFIED.,.F.,.F.,(9,7,7,7,9),(4.799655442984
    ,4.996004983834,5.33961668032,5.85503422505,6.370451769779),
  .UNSPECIFIED.);
#1258 = CARTESIAN_POINT('',(0.,-1.047197551197));
#1259 = CARTESIAN_POINT('',(-4.251092259924E-02,-1.047197551197));
#1260 = CARTESIAN_POINT('',(-8.502171821784E-02,-1.046005166097));
#1261 = CARTESIAN_POINT('',(-0.127259908503,-1.043620188793));
#1262 = CARTESIAN_POINT('',(-0.168950911812,-1.040058286449));
#1263 = CARTESIAN_POINT('',(-0.209843782657,-1.035349994544));
#1264 = CARTESIAN_POINT('',(-0.249727715119,-1.029538454881));
#1265 = CARTESIAN_POINT('',(-0.288439310249,-1.022675897585));
#1266 = CARTESIAN_POINT('',(-0.391347877515,-1.001069063656));
#1267 = CARTESIAN_POINT('',(-0.452883442512,-0.984273848543));
#1268 = CARTESIAN_POINT('',(-0.509833382492,-0.964737286158));
#1269 = CARTESIAN_POINT('',(-0.561986404003,-0.942810824053));
#1270 = CARTESIAN_POINT('',(-0.609513983002,-0.918830815638));
#1271 = CARTESIAN_POINT('',(-0.652709102068,-0.893086953193));
#1272 = CARTESIAN_POINT('',(-0.691924625235,-0.865828307769));
#1273 = CARTESIAN_POINT('',(-0.78090028793,-0.794419812214));
#1274 = CARTESIAN_POINT('',(-0.826128879497,-0.748639022923));
#1275 = CARTESIAN_POINT('',(-0.864399181268,-0.700632252379));
#1276 = CARTESIAN_POINT('',(-0.896926739622,-0.650913508699));
#1277 = CARTESIAN_POINT('',(-0.924607793937,-0.599844274464));
#1278 = CARTESIAN_POINT('',(-0.948162811196,-0.547703079423));
#1279 = CARTESIAN_POINT('',(-0.968136710355,-0.494703940899));
#1280 = CARTESIAN_POINT('',(-1.001765872971,-0.387336647217));
#1281 = CARTESIAN_POINT('',(-1.015421110905,-0.332968589433));
#1282 = CARTESIAN_POINT('',(-1.026337589223,-0.278088679614));
#1283 = CARTESIAN_POINT('',(-1.034809046702,-0.222829459378));
#1284 = CARTESIAN_POINT('',(-1.041035251937,-0.167298727092));
#1285 = CARTESIAN_POINT('',(-1.045143331463,-0.111591060213));
#1286 = CARTESIAN_POINT('',(-1.047197551197,-5.57955859115E-02));
#1287 = CARTESIAN_POINT('',(-1.047197551197,0.));
#1288 = ( GEOMETRIC_REPRESENTATION_CONTEXT(2) 
PARAMETRIC_REPRESENTATION_CONTEXT() REPRESENTATION_CONTEXT('2D SPACE',''
  ) );
#1289 = ORIENTED_EDGE('',*,*,#1290,.F.);
#1290 = EDGE_CURVE('',#1291,#1235,#1293,.T.);
#1291 = VERTEX_POINT('',#1292);
#1292 = CARTESIAN_POINT('',(-6.4,-43.33272784475,81.549073762546));
#1293 = SURFACE_CURVE('',#1294,(#1298,#1304),.PCURVE_S1.);
#1294 = LINE('',#1295,#1296);
#1295 = CARTESIAN_POINT('',(-6.4,-44.95360690512,100.0686430295));
#1296 = VECTOR('',#1297,1.);
#1297 = DIRECTION('',(0.,-8.718919742862E-02,0.99619177062));
#1298 = PCURVE('',#311,#1299);
#1299 = DEFINITIONAL_REPRESENTATION('',(#1300),#1303);
#1300 = B_SPLINE_CURVE_WITH_KNOTS('',1,(#1301,#1302),.UNSPECIFIED.,.F.,
  .F.,(2,2),(-20.01121217342,13.010338920052),.PIECEWISE_BEZIER_KNOTS.);
#1301 = CARTESIAN_POINT('',(-5.021551074853,-26.0038489482));
#1302 = CARTESIAN_POINT('',(28.,-26.00274000124));
#1303 = ( GEOMETRIC_REPRESENTATION_CONTEXT(2) 
PARAMETRIC_REPRESENTATION_CONTEXT() REPRESENTATION_CONTEXT('2D SPACE',''
  ) );
#1304 = PCURVE('',#1305,#1310);
#1305 = PLANE('',#1306);
#1306 = AXIS2_PLACEMENT_3D('',#1307,#1308,#1309);
#1307 = CARTESIAN_POINT('',(-6.5,-46.26046728614,115.00035011391));
#1308 = DIRECTION('',(0.,0.99619177062,8.718919742862E-02));
#1309 = DIRECTION('',(0.,8.718919742862E-02,-0.99619177062));
#1310 = DEFINITIONAL_REPRESENTATION('',(#1311),#1314);
#1311 = B_SPLINE_CURVE_WITH_KNOTS('',1,(#1312,#1313),.UNSPECIFIED.,.F.,
  .F.,(2,2),(-20.01121217342,13.010338920052),.PIECEWISE_BEZIER_KNOTS.);
#1312 = CARTESIAN_POINT('',(35.,-0.1));
#1313 = CARTESIAN_POINT('',(1.978448906526,-0.1));
#1314 = ( GEOMETRIC_REPRESENTATION_CONTEXT(2) 
PARAMETRIC_REPRESENTATION_CONTEXT() REPRESENTATION_CONTEXT('2D SPACE',''
  ) );
#1315 = ORIENTED_EDGE('',*,*,#1316,.T.);
#1316 = EDGE_CURVE('',#1291,#352,#1317,.T.);
#1317 = SURFACE_CURVE('',#1318,(#1323,#1330),.PCURVE_S1.);
#1318 = CIRCLE('',#1319,5.196152422707);
#1319 = AXIS2_PLACEMENT_3D('',#1320,#1321,#1322);
#1320 = CARTESIAN_POINT('',(-6.4,-48.43956754803,82.508338191691));
#1321 = DIRECTION('',(1.,0.,0.));
#1322 = DIRECTION('',(-0.,0.,1.));
#1323 = PCURVE('',#311,#1324);
#1324 = DEFINITIONAL_REPRESENTATION('',(#1325),#1329);
#1325 = CIRCLE('',#1326,5.196152422707);
#1326 = AXIS2_PLACEMENT_2D('',#1327,#1328);
#1327 = CARTESIAN_POINT('',(-2.2,-21.));
#1328 = DIRECTION('',(0.996194698092,-8.715574274766E-02));
#1329 = ( GEOMETRIC_REPRESENTATION_CONTEXT(2) 
PARAMETRIC_REPRESENTATION_CONTEXT() REPRESENTATION_CONTEXT('2D SPACE',''
  ) );
#1330 = PCURVE('',#368,#1331);
#1331 = DEFINITIONAL_REPRESENTATION('',(#1332),#1341);
#1332 = B_SPLINE_CURVE_WITH_KNOTS('',7,(#1333,#1334,#1335,#1336,#1337,
    #1338,#1339,#1340),.UNSPECIFIED.,.F.,.F.,(8,8),(4.253254878846,
    4.799655442984),.PIECEWISE_BEZIER_KNOTS.);
#1333 = CARTESIAN_POINT('',(-0.976540261605,-0.466765339047));
#1334 = CARTESIAN_POINT('',(-0.998562675744,-0.402089836061));
#1335 = CARTESIAN_POINT('',(-1.01561275829,-0.336291480474));
#1336 = CARTESIAN_POINT('',(-1.028568591417,-0.269725591446));
#1337 = CARTESIAN_POINT('',(-1.037963439836,-0.202630358248));
#1338 = CARTESIAN_POINT('',(-1.04411951411,-0.135199091789));
#1339 = CARTESIAN_POINT('',(-1.047197551197,-6.759953845509E-02));
#1340 = CARTESIAN_POINT('',(-1.047197551197,2.368475785867E-15));
#1341 = ( GEOMETRIC_REPRESENTATION_CONTEXT(2) 
PARAMETRIC_REPRESENTATION_CONTEXT() REPRESENTATION_CONTEXT('2D SPACE',''
  ) );
#1342 = ORIENTED_EDGE('',*,*,#380,.T.);
#1343 = ORIENTED_EDGE('',*,*,#295,.T.);
#1344 = ORIENTED_EDGE('',*,*,#1082,.F.);
#1345 = ORIENTED_EDGE('',*,*,#1346,.T.);
#1346 = EDGE_CURVE('',#1083,#1347,#1349,.T.);
#1347 = VERTEX_POINT('',#1348);
#1348 = CARTESIAN_POINT('',(-6.4,-31.20445104239,57.615753773092));
#1349 = SURFACE_CURVE('',#1350,(#1354,#1361),.PCURVE_S1.);
#1350 = LINE('',#1351,#1352);
#1351 = CARTESIAN_POINT('',(-6.4,-34.19303513666,57.35428654485));
#1352 = VECTOR('',#1353,1.);
#1353 = DIRECTION('',(0.,0.996194698092,8.715574274766E-02));
#1354 = PCURVE('',#311,#1355);
#1355 = DEFINITIONAL_REPRESENTATION('',(#1356),#1360);
#1356 = LINE('',#1357,#1358);
#1357 = CARTESIAN_POINT('',(-28.5,-33.));
#1358 = VECTOR('',#1359,1.);
#1359 = DIRECTION('',(2.298214621924E-18,-1.));
#1360 = ( GEOMETRIC_REPRESENTATION_CONTEXT(2) 
PARAMETRIC_REPRESENTATION_CONTEXT() REPRESENTATION_CONTEXT('2D SPACE',''
  ) );
#1361 = PCURVE('',#929,#1362);
#1362 = DEFINITIONAL_REPRESENTATION('',(#1363),#1367);
#1363 = LINE('',#1364,#1365);
#1364 = CARTESIAN_POINT('',(24.,0.));
#1365 = VECTOR('',#1366,1.);
#1366 = DIRECTION('',(0.,1.));
#1367 = ( GEOMETRIC_REPRESENTATION_CONTEXT(2) 
PARAMETRIC_REPRESENTATION_CONTEXT() REPRESENTATION_CONTEXT('2D SPACE',''
  ) );
#1368 = ORIENTED_EDGE('',*,*,#1369,.T.);
#1369 = EDGE_CURVE('',#1347,#1370,#1372,.T.);
#1370 = VERTEX_POINT('',#1371);
#1371 = CARTESIAN_POINT('',(-6.4,-32.24884086498,69.553184069842));
#1372 = SURFACE_CURVE('',#1373,(#1377,#1384),.PCURVE_S1.);
#1373 = LINE('',#1374,#1375);
#1374 = CARTESIAN_POINT('',(-6.4,-31.20445104239,57.615753773092));
#1375 = VECTOR('',#1376,1.);
#1376 = DIRECTION('',(0.,-8.715574274766E-02,0.996194698092));
#1377 = PCURVE('',#311,#1378);
#1378 = DEFINITIONAL_REPRESENTATION('',(#1379),#1383);
#1379 = LINE('',#1380,#1381);
#1380 = CARTESIAN_POINT('',(-28.5,-36.));
#1381 = VECTOR('',#1382,1.);
#1382 = DIRECTION('',(1.,1.157957318589E-17));
#1383 = ( GEOMETRIC_REPRESENTATION_CONTEXT(2) 
PARAMETRIC_REPRESENTATION_CONTEXT() REPRESENTATION_CONTEXT('2D SPACE',''
  ) );
#1384 = PCURVE('',#1385,#1390);
#1385 = PLANE('',#1386);
#1386 = AXIS2_PLACEMENT_3D('',#1387,#1388,#1389);
#1387 = CARTESIAN_POINT('',(-30.4,-31.20445104239,57.615753773092));
#1388 = DIRECTION('',(0.,0.996194698092,8.715574274766E-02));
#1389 = DIRECTION('',(0.,-8.715574274766E-02,0.996194698092));
#1390 = DEFINITIONAL_REPRESENTATION('',(#1391),#1395);
#1391 = LINE('',#1392,#1393);
#1392 = CARTESIAN_POINT('',(0.,24.));
#1393 = VECTOR('',#1394,1.);
#1394 = DIRECTION('',(1.,0.));
#1395 = ( GEOMETRIC_REPRESENTATION_CONTEXT(2) 
PARAMETRIC_REPRESENTATION_CONTEXT() REPRESENTATION_CONTEXT('2D SPACE',''
  ) );
#1396 = ORIENTED_EDGE('',*,*,#1397,.T.);
#1397 = EDGE_CURVE('',#1370,#1398,#1400,.T.);
#1398 = VERTEX_POINT('',#1399);
#1399 = CARTESIAN_POINT('',(-6.4,-32.22336359873,69.555413903959));
#1400 = SURFACE_CURVE('',#1401,(#1405,#1412),.PCURVE_S1.);
#1401 = LINE('',#1402,#1403);
#1402 = CARTESIAN_POINT('',(-6.4,-35.21193891059,69.293846311673));
#1403 = VECTOR('',#1404,1.);
#1404 = DIRECTION('',(0.,0.99619177062,8.718919742862E-02));
#1405 = PCURVE('',#311,#1406);
#1406 = DEFINITIONAL_REPRESENTATION('',(#1407),#1411);
#1407 = LINE('',#1408,#1409);
#1408 = CARTESIAN_POINT('',(-16.51707054753,-33.0255746621));
#1409 = VECTOR('',#1410,1.);
#1410 = DIRECTION('',(3.358252174388E-05,-0.999999999436));
#1411 = ( GEOMETRIC_REPRESENTATION_CONTEXT(2) 
PARAMETRIC_REPRESENTATION_CONTEXT() REPRESENTATION_CONTEXT('2D SPACE',''
  ) );
#1412 = PCURVE('',#1413,#1418);
#1413 = CYLINDRICAL_SURFACE('',#1414,11.99);
#1414 = AXIS2_PLACEMENT_3D('',#1415,#1416,#1417);
#1415 = CARTESIAN_POINT('',(-18.39,-35.21193891059,69.293846311673));
#1416 = DIRECTION('',(0.,0.99619177062,8.718919742862E-02));
#1417 = DIRECTION('',(1.,0.,0.));
#1418 = DEFINITIONAL_REPRESENTATION('',(#1419),#1423);
#1419 = LINE('',#1420,#1421);
#1420 = CARTESIAN_POINT('',(0.,0.));
#1421 = VECTOR('',#1422,1.);
#1422 = DIRECTION('',(0.,1.));
#1423 = ( GEOMETRIC_REPRESENTATION_CONTEXT(2) 
PARAMETRIC_REPRESENTATION_CONTEXT() REPRESENTATION_CONTEXT('2D SPACE',''
  ) );
#1424 = ORIENTED_EDGE('',*,*,#1425,.F.);
#1425 = EDGE_CURVE('',#1134,#1398,#1426,.T.);
#1426 = SURFACE_CURVE('',#1427,(#1431,#1438),.PCURVE_S1.);
#1427 = LINE('',#1428,#1429);
#1428 = CARTESIAN_POINT('',(-6.4,-33.44488425471,83.512060610351));
#1429 = VECTOR('',#1430,1.);
#1430 = DIRECTION('',(0.,8.718919742862E-02,-0.99619177062));
#1431 = PCURVE('',#311,#1432);
#1432 = DEFINITIONAL_REPRESENTATION('',(#1433),#1437);
#1433 = LINE('',#1434,#1435);
#1434 = CARTESIAN_POINT('',(-2.50696980787,-36.02510416928));
#1435 = VECTOR('',#1436,1.);
#1436 = DIRECTION('',(-0.999999999436,-3.358252174388E-05));
#1437 = ( GEOMETRIC_REPRESENTATION_CONTEXT(2) 
PARAMETRIC_REPRESENTATION_CONTEXT() REPRESENTATION_CONTEXT('2D SPACE',''
  ) );
#1438 = PCURVE('',#1013,#1439);
#1439 = DEFINITIONAL_REPRESENTATION('',(#1440),#1444);
#1440 = LINE('',#1441,#1442);
#1441 = CARTESIAN_POINT('',(0.,-24.));
#1442 = VECTOR('',#1443,1.);
#1443 = DIRECTION('',(1.,0.));
#1444 = ( GEOMETRIC_REPRESENTATION_CONTEXT(2) 
PARAMETRIC_REPRESENTATION_CONTEXT() REPRESENTATION_CONTEXT('2D SPACE',''
  ) );
#1445 = ADVANCED_FACE('',(#1446),#368,.T.);
#1446 = FACE_BOUND('',#1447,.F.);
#1447 = EDGE_LOOP('',(#1448,#1449,#1473,#1506,#1531,#1532));
#1448 = ORIENTED_EDGE('',*,*,#453,.F.);
#1449 = ORIENTED_EDGE('',*,*,#1450,.F.);
#1450 = EDGE_CURVE('',#1451,#427,#1453,.T.);
#1451 = VERTEX_POINT('',#1452);
#1452 = CARTESIAN_POINT('',(-6.5,-43.85052288491,80.19951401476));
#1453 = SURFACE_CURVE('',#1454,(#1459,#1466),.PCURVE_S1.);
#1454 = CIRCLE('',#1455,5.358171329848);
#1455 = AXIS2_PLACEMENT_3D('',#1456,#1457,#1458);
#1456 = CARTESIAN_POINT('',(-3.4,-48.20424704261,79.818612506843));
#1457 = DIRECTION('',(0.,-8.715574274766E-02,0.996194698092));
#1458 = DIRECTION('',(-1.,0.,0.));
#1459 = PCURVE('',#368,#1460);
#1460 = DEFINITIONAL_REPRESENTATION('',(#1461),#1465);
#1461 = LINE('',#1462,#1463);
#1462 = CARTESIAN_POINT('',(-6.28318530718,-0.466765339047));
#1463 = VECTOR('',#1464,1.);
#1464 = DIRECTION('',(1.,-0.));
#1465 = ( GEOMETRIC_REPRESENTATION_CONTEXT(2) 
PARAMETRIC_REPRESENTATION_CONTEXT() REPRESENTATION_CONTEXT('2D SPACE',''
  ) );
#1466 = PCURVE('',#441,#1467);
#1467 = DEFINITIONAL_REPRESENTATION('',(#1468),#1472);
#1468 = CIRCLE('',#1469,5.358171329848);
#1469 = AXIS2_PLACEMENT_2D('',#1470,#1471);
#1470 = CARTESIAN_POINT('',(6.,20.));
#1471 = DIRECTION('',(-1.,0.));
#1472 = ( GEOMETRIC_REPRESENTATION_CONTEXT(2) 
PARAMETRIC_REPRESENTATION_CONTEXT() REPRESENTATION_CONTEXT('2D SPACE',''
  ) );
#1473 = ORIENTED_EDGE('',*,*,#1474,.T.);
#1474 = EDGE_CURVE('',#1451,#1475,#1477,.T.);
#1475 = VERTEX_POINT('',#1476);
#1476 = CARTESIAN_POINT('',(-6.5,-43.35347245022,81.786094011283));
#1477 = SURFACE_CURVE('',#1478,(#1483,#1494),.PCURVE_S1.);
#1478 = CIRCLE('',#1479,5.137119815617);
#1479 = AXIS2_PLACEMENT_3D('',#1480,#1481,#1482);
#1480 = CARTESIAN_POINT('',(-6.5,-48.43956754803,82.508338191691));
#1481 = DIRECTION('',(1.,0.,0.));
#1482 = DIRECTION('',(-0.,0.,1.));
#1483 = PCURVE('',#368,#1484);
#1484 = DEFINITIONAL_REPRESENTATION('',(#1485),#1493);
#1485 = B_SPLINE_CURVE_WITH_KNOTS('',6,(#1486,#1487,#1488,#1489,#1490,
    #1491,#1492),.UNSPECIFIED.,.F.,.F.,(7,7),(4.246251265437,
    4.571328426903),.PIECEWISE_BEZIER_KNOTS.);
#1486 = CARTESIAN_POINT('',(-0.953839630132,-0.466765339047));
#1487 = CARTESIAN_POINT('',(-0.969634915407,-0.422574189821));
#1488 = CARTESIAN_POINT('',(-0.98292378963,-0.377788911804));
#1489 = CARTESIAN_POINT('',(-0.99402638469,-0.332547113312));
#1490 = CARTESIAN_POINT('',(-1.003166907761,-0.286951436641));
#1491 = CARTESIAN_POINT('',(-1.010503584212,-0.241087429036));
#1492 = CARTESIAN_POINT('',(-1.016140172143,-0.195030411357));
#1493 = ( GEOMETRIC_REPRESENTATION_CONTEXT(2) 
PARAMETRIC_REPRESENTATION_CONTEXT() REPRESENTATION_CONTEXT('2D SPACE',''
  ) );
#1494 = PCURVE('',#1495,#1500);
#1495 = PLANE('',#1496);
#1496 = AXIS2_PLACEMENT_3D('',#1497,#1498,#1499);
#1497 = CARTESIAN_POINT('',(-6.5,-70.16906978103,112.90780937563));
#1498 = DIRECTION('',(1.,0.,0.));
#1499 = DIRECTION('',(0.,8.718919742862E-02,-0.99619177062));
#1500 = DEFINITIONAL_REPRESENTATION('',(#1501),#1505);
#1501 = CIRCLE('',#1502,5.137119815617);
#1502 = AXIS2_PLACEMENT_2D('',#1503,#1504);
#1503 = CARTESIAN_POINT('',(32.178280884872,18.996245809416));
#1504 = DIRECTION('',(-0.99619177062,8.718919742862E-02));
#1505 = ( GEOMETRIC_REPRESENTATION_CONTEXT(2) 
PARAMETRIC_REPRESENTATION_CONTEXT() REPRESENTATION_CONTEXT('2D SPACE',''
  ) );
#1506 = ORIENTED_EDGE('',*,*,#1507,.F.);
#1507 = EDGE_CURVE('',#1291,#1475,#1508,.T.);
#1508 = SURFACE_CURVE('',#1509,(#1514,#1524),.PCURVE_S1.);
#1509 = CIRCLE('',#1510,3.310958169505);
#1510 = AXIS2_PLACEMENT_3D('',#1511,#1512,#1513);
#1511 = CARTESIAN_POINT('',(-3.4,-43.45486880116,82.944611503698));
#1512 = DIRECTION('',(0.,0.99619177062,8.718919742862E-02));
#1513 = DIRECTION('',(0.,-8.718919742862E-02,0.99619177062));
#1514 = PCURVE('',#368,#1515);
#1515 = DEFINITIONAL_REPRESENTATION('',(#1516),#1523);
#1516 = B_SPLINE_CURVE_WITH_KNOTS('',5,(#1517,#1518,#1519,#1520,#1521,
    #1522),.UNSPECIFIED.,.F.,.F.,(6,6),(4.201974388121,4.353492109523),
  .PIECEWISE_BEZIER_KNOTS.);
#1517 = CARTESIAN_POINT('',(-1.047197551197,-0.272936829611));
#1518 = CARTESIAN_POINT('',(-1.039850348624,-0.25778505748));
#1519 = CARTESIAN_POINT('',(-1.03307809453,-0.242392262981));
#1520 = CARTESIAN_POINT('',(-1.026873747973,-0.226785302595));
#1521 = CARTESIAN_POINT('',(-1.021229952126,-0.2109898043));
#1522 = CARTESIAN_POINT('',(-1.016140172143,-0.195030411357));
#1523 = ( GEOMETRIC_REPRESENTATION_CONTEXT(2) 
PARAMETRIC_REPRESENTATION_CONTEXT() REPRESENTATION_CONTEXT('2D SPACE',''
  ) );
#1524 = PCURVE('',#1305,#1525);
#1525 = DEFINITIONAL_REPRESENTATION('',(#1526),#1530);
#1526 = CIRCLE('',#1527,3.310958169505);
#1527 = AXIS2_PLACEMENT_2D('',#1528,#1529);
#1528 = CARTESIAN_POINT('',(32.178280884872,-3.1));
#1529 = DIRECTION('',(-1.,0.));
#1530 = ( GEOMETRIC_REPRESENTATION_CONTEXT(2) 
PARAMETRIC_REPRESENTATION_CONTEXT() REPRESENTATION_CONTEXT('2D SPACE',''
  ) );
#1531 = ORIENTED_EDGE('',*,*,#1316,.T.);
#1532 = ORIENTED_EDGE('',*,*,#351,.F.);
#1533 = ADVANCED_FACE('',(#1534),#441,.T.);
#1534 = FACE_BOUND('',#1535,.T.);
#1535 = EDGE_LOOP('',(#1536,#1559,#1560,#1561,#1562,#1563,#1584,#1610,
    #1636,#1665,#1692,#1721,#1742,#1768,#1796,#1824,#1852));
#1536 = ORIENTED_EDGE('',*,*,#1537,.F.);
#1537 = EDGE_CURVE('',#564,#1538,#1540,.T.);
#1538 = VERTEX_POINT('',#1539);
#1539 = CARTESIAN_POINT('',(-9.4,-42.22707885406,80.341546963329));
#1540 = SURFACE_CURVE('',#1541,(#1545,#1552),.PCURVE_S1.);
#1541 = LINE('',#1542,#1543);
#1542 = CARTESIAN_POINT('',(-9.4,-68.12814100444,78.07549765189));
#1543 = VECTOR('',#1544,1.);
#1544 = DIRECTION('',(0.,0.996194698092,8.715574274766E-02));
#1545 = PCURVE('',#441,#1546);
#1546 = DEFINITIONAL_REPRESENTATION('',(#1547),#1551);
#1547 = LINE('',#1548,#1549);
#1548 = CARTESIAN_POINT('',(0.,0.));
#1549 = VECTOR('',#1550,1.);
#1550 = DIRECTION('',(0.,1.));
#1551 = ( GEOMETRIC_REPRESENTATION_CONTEXT(2) 
PARAMETRIC_REPRESENTATION_CONTEXT() REPRESENTATION_CONTEXT('2D SPACE',''
  ) );
#1552 = PCURVE('',#599,#1553);
#1553 = DEFINITIONAL_REPRESENTATION('',(#1554),#1558);
#1554 = LINE('',#1555,#1556);
#1555 = CARTESIAN_POINT('',(3.3,0.));
#1556 = VECTOR('',#1557,1.);
#1557 = DIRECTION('',(0.,-1.));
#1558 = ( GEOMETRIC_REPRESENTATION_CONTEXT(2) 
PARAMETRIC_REPRESENTATION_CONTEXT() REPRESENTATION_CONTEXT('2D SPACE',''
  ) );
#1559 = ORIENTED_EDGE('',*,*,#563,.F.);
#1560 = ORIENTED_EDGE('',*,*,#670,.F.);
#1561 = ORIENTED_EDGE('',*,*,#426,.T.);
#1562 = ORIENTED_EDGE('',*,*,#1450,.F.);
#1563 = ORIENTED_EDGE('',*,*,#1564,.T.);
#1564 = EDGE_CURVE('',#1451,#1565,#1567,.T.);
#1565 = VERTEX_POINT('',#1566);
#1566 = CARTESIAN_POINT('',(-6.5,-43.21944331681,80.254726322752));
#1567 = SURFACE_CURVE('',#1568,(#1572,#1578),.PCURVE_S1.);
#1568 = LINE('',#1569,#1570);
#1569 = CARTESIAN_POINT('',(-6.5,-67.62871195553,78.119192031905));
#1570 = VECTOR('',#1571,1.);
#1571 = DIRECTION('',(-0.,0.996194698092,8.715574274766E-02));
#1572 = PCURVE('',#441,#1573);
#1573 = DEFINITIONAL_REPRESENTATION('',(#1574),#1577);
#1574 = B_SPLINE_CURVE_WITH_KNOTS('',1,(#1575,#1576),.UNSPECIFIED.,.F.,
  .F.,(2,2),(0.502508065942,24.502508079475),.PIECEWISE_BEZIER_KNOTS.);
#1575 = CARTESIAN_POINT('',(2.9,1.003844852681));
#1576 = CARTESIAN_POINT('',(2.9,25.003844866214));
#1577 = ( GEOMETRIC_REPRESENTATION_CONTEXT(2) 
PARAMETRIC_REPRESENTATION_CONTEXT() REPRESENTATION_CONTEXT('2D SPACE',''
  ) );
#1578 = PCURVE('',#1495,#1579);
#1579 = DEFINITIONAL_REPRESENTATION('',(#1580),#1583);
#1580 = B_SPLINE_CURVE_WITH_KNOTS('',1,(#1581,#1582),.UNSPECIFIED.,.F.,
  .F.,(2,2),(0.502508065942,24.502508079475),.PIECEWISE_BEZIER_KNOTS.);
#1581 = CARTESIAN_POINT('',(34.877642944556,8.824226610336E-17));
#1582 = CARTESIAN_POINT('',(34.878448925078,24.));
#1583 = ( GEOMETRIC_REPRESENTATION_CONTEXT(2) 
PARAMETRIC_REPRESENTATION_CONTEXT() REPRESENTATION_CONTEXT('2D SPACE',''
  ) );
#1584 = ORIENTED_EDGE('',*,*,#1585,.F.);
#1585 = EDGE_CURVE('',#1586,#1565,#1588,.T.);
#1586 = VERTEX_POINT('',#1587);
#1587 = CARTESIAN_POINT('',(14.5,-43.21944331681,80.254726322752));
#1588 = SURFACE_CURVE('',#1589,(#1593,#1599),.PCURVE_S1.);
#1589 = LINE('',#1590,#1591);
#1590 = CARTESIAN_POINT('',(-7.95,-43.21944331681,80.254726322752));
#1591 = VECTOR('',#1592,1.);
#1592 = DIRECTION('',(-1.,0.,0.));
#1593 = PCURVE('',#441,#1594);
#1594 = DEFINITIONAL_REPRESENTATION('',(#1595),#1598);
#1595 = B_SPLINE_CURVE_WITH_KNOTS('',1,(#1596,#1597),.UNSPECIFIED.,.F.,
  .F.,(2,2),(-22.45,-1.45),.PIECEWISE_BEZIER_KNOTS.);
#1596 = CARTESIAN_POINT('',(23.9,25.003844866214));
#1597 = CARTESIAN_POINT('',(2.9,25.003844866214));
#1598 = ( GEOMETRIC_REPRESENTATION_CONTEXT(2) 
PARAMETRIC_REPRESENTATION_CONTEXT() REPRESENTATION_CONTEXT('2D SPACE',''
  ) );
#1599 = PCURVE('',#1600,#1605);
#1600 = PLANE('',#1601);
#1601 = AXIS2_PLACEMENT_3D('',#1602,#1603,#1604);
#1602 = CARTESIAN_POINT('',(-6.5,-46.26046728614,115.00035011391));
#1603 = DIRECTION('',(0.,0.99619177062,8.718919742862E-02));
#1604 = DIRECTION('',(0.,8.718919742862E-02,-0.99619177062));
#1605 = DEFINITIONAL_REPRESENTATION('',(#1606),#1609);
#1606 = B_SPLINE_CURVE_WITH_KNOTS('',1,(#1607,#1608),.UNSPECIFIED.,.F.,
  .F.,(2,2),(-22.45,-1.45),.PIECEWISE_BEZIER_KNOTS.);
#1607 = CARTESIAN_POINT('',(34.878448925078,-21.));
#1608 = CARTESIAN_POINT('',(34.878448925078,0.));
#1609 = ( GEOMETRIC_REPRESENTATION_CONTEXT(2) 
PARAMETRIC_REPRESENTATION_CONTEXT() REPRESENTATION_CONTEXT('2D SPACE',''
  ) );
#1610 = ORIENTED_EDGE('',*,*,#1611,.F.);
#1611 = EDGE_CURVE('',#1612,#1586,#1614,.T.);
#1612 = VERTEX_POINT('',#1613);
#1613 = CARTESIAN_POINT('',(14.5,-43.85052288491,80.19951401476));
#1614 = SURFACE_CURVE('',#1615,(#1619,#1625),.PCURVE_S1.);
#1615 = LINE('',#1616,#1617);
#1616 = CARTESIAN_POINT('',(14.5,-67.62871195553,78.119192031905));
#1617 = VECTOR('',#1618,1.);
#1618 = DIRECTION('',(-0.,0.996194698092,8.715574274766E-02));
#1619 = PCURVE('',#441,#1620);
#1620 = DEFINITIONAL_REPRESENTATION('',(#1621),#1624);
#1621 = B_SPLINE_CURVE_WITH_KNOTS('',1,(#1622,#1623),.UNSPECIFIED.,.F.,
  .F.,(2,2),(0.502508065942,24.502508079475),.PIECEWISE_BEZIER_KNOTS.);
#1622 = CARTESIAN_POINT('',(23.9,1.003844852681));
#1623 = CARTESIAN_POINT('',(23.9,25.003844866214));
#1624 = ( GEOMETRIC_REPRESENTATION_CONTEXT(2) 
PARAMETRIC_REPRESENTATION_CONTEXT() REPRESENTATION_CONTEXT('2D SPACE',''
  ) );
#1625 = PCURVE('',#1626,#1631);
#1626 = PLANE('',#1627);
#1627 = AXIS2_PLACEMENT_3D('',#1628,#1629,#1630);
#1628 = CARTESIAN_POINT('',(14.5,-70.16906978103,112.90780937563));
#1629 = DIRECTION('',(1.,0.,0.));
#1630 = DIRECTION('',(0.,8.718919742862E-02,-0.99619177062));
#1631 = DEFINITIONAL_REPRESENTATION('',(#1632),#1635);
#1632 = B_SPLINE_CURVE_WITH_KNOTS('',1,(#1633,#1634),.UNSPECIFIED.,.F.,
  .F.,(2,2),(0.502508065942,24.502508079475),.PIECEWISE_BEZIER_KNOTS.);
#1633 = CARTESIAN_POINT('',(34.877642944556,8.824226610336E-17));
#1634 = CARTESIAN_POINT('',(34.878448925078,24.));
#1635 = ( GEOMETRIC_REPRESENTATION_CONTEXT(2) 
PARAMETRIC_REPRESENTATION_CONTEXT() REPRESENTATION_CONTEXT('2D SPACE',''
  ) );
#1636 = ORIENTED_EDGE('',*,*,#1637,.F.);
#1637 = EDGE_CURVE('',#1638,#1612,#1640,.T.);
#1638 = VERTEX_POINT('',#1639);
#1639 = CARTESIAN_POINT('',(16.758171329848,-48.20424704261,
    79.818612506843));
#1640 = SURFACE_CURVE('',#1641,(#1646,#1653),.PCURVE_S1.);
#1641 = CIRCLE('',#1642,5.358171329848);
#1642 = AXIS2_PLACEMENT_3D('',#1643,#1644,#1645);
#1643 = CARTESIAN_POINT('',(11.4,-48.20424704261,79.818612506843));
#1644 = DIRECTION('',(0.,-8.715574274766E-02,0.996194698092));
#1645 = DIRECTION('',(1.,0.,0.));
#1646 = PCURVE('',#441,#1647);
#1647 = DEFINITIONAL_REPRESENTATION('',(#1648),#1652);
#1648 = CIRCLE('',#1649,5.358171329848);
#1649 = AXIS2_PLACEMENT_2D('',#1650,#1651);
#1650 = CARTESIAN_POINT('',(20.8,20.));
#1651 = DIRECTION('',(1.,0.));
#1652 = ( GEOMETRIC_REPRESENTATION_CONTEXT(2) 
PARAMETRIC_REPRESENTATION_CONTEXT() REPRESENTATION_CONTEXT('2D SPACE',''
  ) );
#1653 = PCURVE('',#1654,#1659);
#1654 = SPHERICAL_SURFACE('',#1655,6.);
#1655 = AXIS2_PLACEMENT_3D('',#1656,#1657,#1658);
#1656 = CARTESIAN_POINT('',(11.4,-48.43956754803,82.508338191691));
#1657 = DIRECTION('',(0.,-8.715574274766E-02,0.996194698092));
#1658 = DIRECTION('',(1.,0.,0.));
#1659 = DEFINITIONAL_REPRESENTATION('',(#1660),#1664);
#1660 = LINE('',#1661,#1662);
#1661 = CARTESIAN_POINT('',(0.,-0.466765339047));
#1662 = VECTOR('',#1663,1.);
#1663 = DIRECTION('',(1.,0.));
#1664 = ( GEOMETRIC_REPRESENTATION_CONTEXT(2) 
PARAMETRIC_REPRESENTATION_CONTEXT() REPRESENTATION_CONTEXT('2D SPACE',''
  ) );
#1665 = ORIENTED_EDGE('',*,*,#1666,.F.);
#1666 = EDGE_CURVE('',#1667,#1638,#1669,.T.);
#1667 = VERTEX_POINT('',#1668);
#1668 = CARTESIAN_POINT('',(16.758171329848,-62.15097281589,
    78.598432108376));
#1669 = SURFACE_CURVE('',#1670,(#1674,#1681),.PCURVE_S1.);
#1670 = LINE('',#1671,#1672);
#1671 = CARTESIAN_POINT('',(16.758171329848,-68.12814100444,
    78.07549765189));
#1672 = VECTOR('',#1673,1.);
#1673 = DIRECTION('',(0.,0.996194698092,8.715574274766E-02));
#1674 = PCURVE('',#441,#1675);
#1675 = DEFINITIONAL_REPRESENTATION('',(#1676),#1680);
#1676 = LINE('',#1677,#1678);
#1677 = CARTESIAN_POINT('',(26.158171329848,0.));
#1678 = VECTOR('',#1679,1.);
#1679 = DIRECTION('',(0.,1.));
#1680 = ( GEOMETRIC_REPRESENTATION_CONTEXT(2) 
PARAMETRIC_REPRESENTATION_CONTEXT() REPRESENTATION_CONTEXT('2D SPACE',''
  ) );
#1681 = PCURVE('',#1682,#1687);
#1682 = CYLINDRICAL_SURFACE('',#1683,6.);
#1683 = AXIS2_PLACEMENT_3D('',#1684,#1685,#1686);
#1684 = CARTESIAN_POINT('',(11.4,-68.36346150986,80.765223336737));
#1685 = DIRECTION('',(0.,0.996194698092,8.715574274766E-02));
#1686 = DIRECTION('',(1.,0.,0.));
#1687 = DEFINITIONAL_REPRESENTATION('',(#1688),#1691);
#1688 = B_SPLINE_CURVE_WITH_KNOTS('',1,(#1689,#1690),.UNSPECIFIED.,.F.,
  .F.,(2,2),(5.9999994,20.0000006),.PIECEWISE_BEZIER_KNOTS.);
#1689 = CARTESIAN_POINT('',(0.466765339047,5.9999994));
#1690 = CARTESIAN_POINT('',(0.466765339047,20.0000006));
#1691 = ( GEOMETRIC_REPRESENTATION_CONTEXT(2) 
PARAMETRIC_REPRESENTATION_CONTEXT() REPRESENTATION_CONTEXT('2D SPACE',''
  ) );
#1692 = ORIENTED_EDGE('',*,*,#1693,.F.);
#1693 = EDGE_CURVE('',#1694,#1667,#1696,.T.);
#1694 = VERTEX_POINT('',#1695);
#1695 = CARTESIAN_POINT('',(14.5,-66.50469697358,78.217530600459));
#1696 = SURFACE_CURVE('',#1697,(#1702,#1709),.PCURVE_S1.);
#1697 = CIRCLE('',#1698,5.358171329848);
#1698 = AXIS2_PLACEMENT_3D('',#1699,#1700,#1701);
#1699 = CARTESIAN_POINT('',(11.4,-62.15097281589,78.598432108376));
#1700 = DIRECTION('',(0.,-8.715574274766E-02,0.996194698092));
#1701 = DIRECTION('',(1.,0.,0.));
#1702 = PCURVE('',#441,#1703);
#1703 = DEFINITIONAL_REPRESENTATION('',(#1704),#1708);
#1704 = CIRCLE('',#1705,5.358171329848);
#1705 = AXIS2_PLACEMENT_2D('',#1706,#1707);
#1706 = CARTESIAN_POINT('',(20.8,6.));
#1707 = DIRECTION('',(1.,0.));
#1708 = ( GEOMETRIC_REPRESENTATION_CONTEXT(2) 
PARAMETRIC_REPRESENTATION_CONTEXT() REPRESENTATION_CONTEXT('2D SPACE',''
  ) );
#1709 = PCURVE('',#1710,#1715);
#1710 = SPHERICAL_SURFACE('',#1711,6.);
#1711 = AXIS2_PLACEMENT_3D('',#1712,#1713,#1714);
#1712 = CARTESIAN_POINT('',(11.4,-62.38629332131,81.288157793223));
#1713 = DIRECTION('',(0.,-8.715574274766E-02,0.996194698092));
#1714 = DIRECTION('',(1.,0.,0.));
#1715 = DEFINITIONAL_REPRESENTATION('',(#1716),#1720);
#1716 = LINE('',#1717,#1718);
#1717 = CARTESIAN_POINT('',(-6.28318530718,-0.466765339047));
#1718 = VECTOR('',#1719,1.);
#1719 = DIRECTION('',(1.,-0.));
#1720 = ( GEOMETRIC_REPRESENTATION_CONTEXT(2) 
PARAMETRIC_REPRESENTATION_CONTEXT() REPRESENTATION_CONTEXT('2D SPACE',''
  ) );
#1721 = ORIENTED_EDGE('',*,*,#1722,.F.);
#1722 = EDGE_CURVE('',#1723,#1694,#1725,.T.);
#1723 = VERTEX_POINT('',#1724);
#1724 = CARTESIAN_POINT('',(14.5,-67.12811608449,78.162988495628));
#1725 = SURFACE_CURVE('',#1726,(#1730,#1736),.PCURVE_S1.);
#1726 = LINE('',#1727,#1728);
#1727 = CARTESIAN_POINT('',(14.5,-67.62871195553,78.119192031905));
#1728 = VECTOR('',#1729,1.);
#1729 = DIRECTION('',(-0.,0.996194698092,8.715574274766E-02));
#1730 = PCURVE('',#441,#1731);
#1731 = DEFINITIONAL_REPRESENTATION('',(#1732),#1735);
#1732 = B_SPLINE_CURVE_WITH_KNOTS('',1,(#1733,#1734),.UNSPECIFIED.,.F.,
  .F.,(2,2),(0.502508065942,24.502508079475),.PIECEWISE_BEZIER_KNOTS.);
#1733 = CARTESIAN_POINT('',(23.9,1.003844852681));
#1734 = CARTESIAN_POINT('',(23.9,25.003844866214));
#1735 = ( GEOMETRIC_REPRESENTATION_CONTEXT(2) 
PARAMETRIC_REPRESENTATION_CONTEXT() REPRESENTATION_CONTEXT('2D SPACE',''
  ) );
#1736 = PCURVE('',#1626,#1737);
#1737 = DEFINITIONAL_REPRESENTATION('',(#1738),#1741);
#1738 = B_SPLINE_CURVE_WITH_KNOTS('',1,(#1739,#1740),.UNSPECIFIED.,.F.,
  .F.,(2,2),(0.502508065942,24.502508079475),.PIECEWISE_BEZIER_KNOTS.);
#1739 = CARTESIAN_POINT('',(34.877642944556,8.824226610336E-17));
#1740 = CARTESIAN_POINT('',(34.878448925078,24.));
#1741 = ( GEOMETRIC_REPRESENTATION_CONTEXT(2) 
PARAMETRIC_REPRESENTATION_CONTEXT() REPRESENTATION_CONTEXT('2D SPACE',''
  ) );
#1742 = ORIENTED_EDGE('',*,*,#1743,.T.);
#1743 = EDGE_CURVE('',#1723,#1744,#1746,.T.);
#1744 = VERTEX_POINT('',#1745);
#1745 = CARTESIAN_POINT('',(-6.4,-67.12811608449,78.162988495628));
#1746 = SURFACE_CURVE('',#1747,(#1751,#1757),.PCURVE_S1.);
#1747 = LINE('',#1748,#1749);
#1748 = CARTESIAN_POINT('',(-7.95,-67.12811608449,78.162988495628));
#1749 = VECTOR('',#1750,1.);
#1750 = DIRECTION('',(-1.,0.,0.));
#1751 = PCURVE('',#441,#1752);
#1752 = DEFINITIONAL_REPRESENTATION('',(#1753),#1756);
#1753 = B_SPLINE_CURVE_WITH_KNOTS('',1,(#1754,#1755),.UNSPECIFIED.,.F.,
  .F.,(2,2),(-22.45,-1.45),.PIECEWISE_BEZIER_KNOTS.);
#1754 = CARTESIAN_POINT('',(23.9,1.003844852681));
#1755 = CARTESIAN_POINT('',(2.9,1.003844852681));
#1756 = ( GEOMETRIC_REPRESENTATION_CONTEXT(2) 
PARAMETRIC_REPRESENTATION_CONTEXT() REPRESENTATION_CONTEXT('2D SPACE',''
  ) );
#1757 = PCURVE('',#1758,#1763);
#1758 = PLANE('',#1759);
#1759 = AXIS2_PLACEMENT_3D('',#1760,#1761,#1762);
#1760 = CARTESIAN_POINT('',(-6.5,-70.16906978103,112.90780937563));
#1761 = DIRECTION('',(0.,0.99619177062,8.718919742862E-02));
#1762 = DIRECTION('',(0.,8.718919742862E-02,-0.99619177062));
#1763 = DEFINITIONAL_REPRESENTATION('',(#1764),#1767);
#1764 = B_SPLINE_CURVE_WITH_KNOTS('',1,(#1765,#1766),.UNSPECIFIED.,.F.,
  .F.,(2,2),(-22.45,-1.45),.PIECEWISE_BEZIER_KNOTS.);
#1765 = CARTESIAN_POINT('',(34.877642944556,-21.));
#1766 = CARTESIAN_POINT('',(34.877642944556,0.));
#1767 = ( GEOMETRIC_REPRESENTATION_CONTEXT(2) 
PARAMETRIC_REPRESENTATION_CONTEXT() REPRESENTATION_CONTEXT('2D SPACE',''
  ) );
#1768 = ORIENTED_EDGE('',*,*,#1769,.F.);
#1769 = EDGE_CURVE('',#1770,#1744,#1772,.T.);
#1770 = VERTEX_POINT('',#1771);
#1771 = CARTESIAN_POINT('',(-6.4,-68.12814100444,78.07549765189));
#1772 = SURFACE_CURVE('',#1773,(#1777,#1784),.PCURVE_S1.);
#1773 = LINE('',#1774,#1775);
#1774 = CARTESIAN_POINT('',(-6.4,-68.12814100444,78.07549765189));
#1775 = VECTOR('',#1776,1.);
#1776 = DIRECTION('',(0.,0.996194698092,8.715574274766E-02));
#1777 = PCURVE('',#441,#1778);
#1778 = DEFINITIONAL_REPRESENTATION('',(#1779),#1783);
#1779 = LINE('',#1780,#1781);
#1780 = CARTESIAN_POINT('',(3.,0.));
#1781 = VECTOR('',#1782,1.);
#1782 = DIRECTION('',(0.,1.));
#1783 = ( GEOMETRIC_REPRESENTATION_CONTEXT(2) 
PARAMETRIC_REPRESENTATION_CONTEXT() REPRESENTATION_CONTEXT('2D SPACE',''
  ) );
#1784 = PCURVE('',#1785,#1790);
#1785 = PLANE('',#1786);
#1786 = AXIS2_PLACEMENT_3D('',#1787,#1788,#1789);
#1787 = CARTESIAN_POINT('',(-6.4,-69.551398842,82.869695929792));
#1788 = DIRECTION('',(1.,0.,0.));
#1789 = DIRECTION('',(0.,-8.715574274766E-02,0.996194698092));
#1790 = DEFINITIONAL_REPRESENTATION('',(#1791),#1795);
#1791 = LINE('',#1792,#1793);
#1792 = CARTESIAN_POINT('',(-4.9,-1.));
#1793 = VECTOR('',#1794,1.);
#1794 = DIRECTION('',(-5.922286758721E-16,-1.));
#1795 = ( GEOMETRIC_REPRESENTATION_CONTEXT(2) 
PARAMETRIC_REPRESENTATION_CONTEXT() REPRESENTATION_CONTEXT('2D SPACE',''
  ) );
#1796 = ORIENTED_EDGE('',*,*,#1797,.T.);
#1797 = EDGE_CURVE('',#1770,#1798,#1800,.T.);
#1798 = VERTEX_POINT('',#1799);
#1799 = CARTESIAN_POINT('',(17.4,-68.12814100444,78.07549765189));
#1800 = SURFACE_CURVE('',#1801,(#1805,#1812),.PCURVE_S1.);
#1801 = LINE('',#1802,#1803);
#1802 = CARTESIAN_POINT('',(-9.4,-68.12814100444,78.07549765189));
#1803 = VECTOR('',#1804,1.);
#1804 = DIRECTION('',(1.,0.,0.));
#1805 = PCURVE('',#441,#1806);
#1806 = DEFINITIONAL_REPRESENTATION('',(#1807),#1811);
#1807 = LINE('',#1808,#1809);
#1808 = CARTESIAN_POINT('',(0.,0.));
#1809 = VECTOR('',#1810,1.);
#1810 = DIRECTION('',(1.,0.));
#1811 = ( GEOMETRIC_REPRESENTATION_CONTEXT(2) 
PARAMETRIC_REPRESENTATION_CONTEXT() REPRESENTATION_CONTEXT('2D SPACE',''
  ) );
#1812 = PCURVE('',#1813,#1818);
#1813 = PLANE('',#1814);
#1814 = AXIS2_PLACEMENT_3D('',#1815,#1816,#1817);
#1815 = CARTESIAN_POINT('',(-9.4,-67.84052705337,74.788055148187));
#1816 = DIRECTION('',(0.,0.996194698092,8.715574274766E-02));
#1817 = DIRECTION('',(0.,-8.715574274766E-02,0.996194698092));
#1818 = DEFINITIONAL_REPRESENTATION('',(#1819),#1823);
#1819 = LINE('',#1820,#1821);
#1820 = CARTESIAN_POINT('',(3.3,0.));
#1821 = VECTOR('',#1822,1.);
#1822 = DIRECTION('',(0.,1.));
#1823 = ( GEOMETRIC_REPRESENTATION_CONTEXT(2) 
PARAMETRIC_REPRESENTATION_CONTEXT() REPRESENTATION_CONTEXT('2D SPACE',''
  ) );
#1824 = ORIENTED_EDGE('',*,*,#1825,.T.);
#1825 = EDGE_CURVE('',#1798,#1826,#1828,.T.);
#1826 = VERTEX_POINT('',#1827);
#1827 = CARTESIAN_POINT('',(17.4,-42.22707885406,80.341546963329));
#1828 = SURFACE_CURVE('',#1829,(#1833,#1840),.PCURVE_S1.);
#1829 = LINE('',#1830,#1831);
#1830 = CARTESIAN_POINT('',(17.4,-68.12814100444,78.07549765189));
#1831 = VECTOR('',#1832,1.);
#1832 = DIRECTION('',(0.,0.996194698092,8.715574274766E-02));
#1833 = PCURVE('',#441,#1834);
#1834 = DEFINITIONAL_REPRESENTATION('',(#1835),#1839);
#1835 = LINE('',#1836,#1837);
#1836 = CARTESIAN_POINT('',(26.8,0.));
#1837 = VECTOR('',#1838,1.);
#1838 = DIRECTION('',(0.,1.));
#1839 = ( GEOMETRIC_REPRESENTATION_CONTEXT(2) 
PARAMETRIC_REPRESENTATION_CONTEXT() REPRESENTATION_CONTEXT('2D SPACE',''
  ) );
#1840 = PCURVE('',#1841,#1846);
#1841 = PLANE('',#1842);
#1842 = AXIS2_PLACEMENT_3D('',#1843,#1844,#1845);
#1843 = CARTESIAN_POINT('',(17.4,-67.84052705337,74.788055148187));
#1844 = DIRECTION('',(1.,0.,0.));
#1845 = DIRECTION('',(0.,-8.715574274766E-02,0.996194698092));
#1846 = DEFINITIONAL_REPRESENTATION('',(#1847),#1851);
#1847 = LINE('',#1848,#1849);
#1848 = CARTESIAN_POINT('',(3.3,0.));
#1849 = VECTOR('',#1850,1.);
#1850 = DIRECTION('',(0.,-1.));
#1851 = ( GEOMETRIC_REPRESENTATION_CONTEXT(2) 
PARAMETRIC_REPRESENTATION_CONTEXT() REPRESENTATION_CONTEXT('2D SPACE',''
  ) );
#1852 = ORIENTED_EDGE('',*,*,#1853,.F.);
#1853 = EDGE_CURVE('',#1538,#1826,#1854,.T.);
#1854 = SURFACE_CURVE('',#1855,(#1859,#1866),.PCURVE_S1.);
#1855 = LINE('',#1856,#1857);
#1856 = CARTESIAN_POINT('',(-9.4,-42.22707885406,80.341546963329));
#1857 = VECTOR('',#1858,1.);
#1858 = DIRECTION('',(1.,0.,0.));
#1859 = PCURVE('',#441,#1860);
#1860 = DEFINITIONAL_REPRESENTATION('',(#1861),#1865);
#1861 = LINE('',#1862,#1863);
#1862 = CARTESIAN_POINT('',(0.,26.));
#1863 = VECTOR('',#1864,1.);
#1864 = DIRECTION('',(1.,0.));
#1865 = ( GEOMETRIC_REPRESENTATION_CONTEXT(2) 
PARAMETRIC_REPRESENTATION_CONTEXT() REPRESENTATION_CONTEXT('2D SPACE',''
  ) );
#1866 = PCURVE('',#1867,#1872);
#1867 = PLANE('',#1868);
#1868 = AXIS2_PLACEMENT_3D('',#1869,#1870,#1871);
#1869 = CARTESIAN_POINT('',(-9.4,-41.93946490299,77.054104459626));
#1870 = DIRECTION('',(0.,0.996194698092,8.715574274766E-02));
#1871 = DIRECTION('',(0.,-8.715574274766E-02,0.996194698092));
#1872 = DEFINITIONAL_REPRESENTATION('',(#1873),#1877);
#1873 = LINE('',#1874,#1875);
#1874 = CARTESIAN_POINT('',(3.3,0.));
#1875 = VECTOR('',#1876,1.);
#1876 = DIRECTION('',(0.,1.));
#1877 = ( GEOMETRIC_REPRESENTATION_CONTEXT(2) 
PARAMETRIC_REPRESENTATION_CONTEXT() REPRESENTATION_CONTEXT('2D SPACE',''
  ) );
#1878 = ADVANCED_FACE('',(#1879),#496,.T.);
#1879 = FACE_BOUND('',#1880,.T.);
#1880 = EDGE_LOOP('',(#1881,#1882,#1883,#1906));
#1881 = ORIENTED_EDGE('',*,*,#867,.F.);
#1882 = ORIENTED_EDGE('',*,*,#477,.T.);
#1883 = ORIENTED_EDGE('',*,*,#1884,.T.);
#1884 = EDGE_CURVE('',#480,#1885,#1887,.T.);
#1885 = VERTEX_POINT('',#1886);
#1886 = CARTESIAN_POINT('',(-18.41,-66.31921268518,80.634817095206));
#1887 = SURFACE_CURVE('',#1888,(#1892,#1899),.PCURVE_S1.);
#1888 = LINE('',#1889,#1890);
#1889 = CARTESIAN_POINT('',(-18.41,-69.30778799704,80.37324950292));
#1890 = VECTOR('',#1891,1.);
#1891 = DIRECTION('',(0.,0.99619177062,8.718919742862E-02));
#1892 = PCURVE('',#496,#1893);
#1893 = DEFINITIONAL_REPRESENTATION('',(#1894),#1898);
#1894 = LINE('',#1895,#1896);
#1895 = CARTESIAN_POINT('',(1.570796326795,0.));
#1896 = VECTOR('',#1897,1.);
#1897 = DIRECTION('',(0.,1.));
#1898 = ( GEOMETRIC_REPRESENTATION_CONTEXT(2) 
PARAMETRIC_REPRESENTATION_CONTEXT() REPRESENTATION_CONTEXT('2D SPACE',''
  ) );
#1899 = PCURVE('',#655,#1900);
#1900 = DEFINITIONAL_REPRESENTATION('',(#1901),#1905);
#1901 = LINE('',#1902,#1903);
#1902 = CARTESIAN_POINT('',(0.,11.99));
#1903 = VECTOR('',#1904,1.);
#1904 = DIRECTION('',(1.,0.));
#1905 = ( GEOMETRIC_REPRESENTATION_CONTEXT(2) 
PARAMETRIC_REPRESENTATION_CONTEXT() REPRESENTATION_CONTEXT('2D SPACE',''
  ) );
#1906 = ORIENTED_EDGE('',*,*,#1907,.F.);
#1907 = EDGE_CURVE('',#840,#1885,#1908,.T.);
#1908 = SURFACE_CURVE('',#1909,(#1914,#1921),.PCURVE_S1.);
#1909 = CIRCLE('',#1910,11.99);
#1910 = AXIS2_PLACEMENT_3D('',#1911,#1912,#1913);
#1911 = CARTESIAN_POINT('',(-18.41,-65.27381420801,68.690477765468));
#1912 = DIRECTION('',(0.,0.99619177062,8.718919742862E-02));
#1913 = DIRECTION('',(0.,8.718919742862E-02,-0.99619177062));
#1914 = PCURVE('',#496,#1915);
#1915 = DEFINITIONAL_REPRESENTATION('',(#1916),#1920);
#1916 = LINE('',#1917,#1918);
#1917 = CARTESIAN_POINT('',(-1.570796326795,3.));
#1918 = VECTOR('',#1919,1.);
#1919 = DIRECTION('',(1.,0.));
#1920 = ( GEOMETRIC_REPRESENTATION_CONTEXT(2) 
PARAMETRIC_REPRESENTATION_CONTEXT() REPRESENTATION_CONTEXT('2D SPACE',''
  ) );
#1921 = PCURVE('',#855,#1922);
#1922 = DEFINITIONAL_REPRESENTATION('',(#1923),#1927);
#1923 = CIRCLE('',#1924,11.99);
#1924 = AXIS2_PLACEMENT_2D('',#1925,#1926);
#1925 = CARTESIAN_POINT('',(11.99,-11.99));
#1926 = DIRECTION('',(1.,0.));
#1927 = ( GEOMETRIC_REPRESENTATION_CONTEXT(2) 
PARAMETRIC_REPRESENTATION_CONTEXT() REPRESENTATION_CONTEXT('2D SPACE',''
  ) );
#1928 = ADVANCED_FACE('',(#1929),#655,.F.);
#1929 = FACE_BOUND('',#1930,.F.);
#1930 = EDGE_LOOP('',(#1931,#1932,#1933,#1956));
#1931 = ORIENTED_EDGE('',*,*,#642,.T.);
#1932 = ORIENTED_EDGE('',*,*,#1884,.T.);
#1933 = ORIENTED_EDGE('',*,*,#1934,.T.);
#1934 = EDGE_CURVE('',#1885,#1935,#1937,.T.);
#1935 = VERTEX_POINT('',#1936);
#1936 = CARTESIAN_POINT('',(-18.39,-66.31921268518,80.634817095206));
#1937 = SURFACE_CURVE('',#1938,(#1942,#1949),.PCURVE_S1.);
#1938 = LINE('',#1939,#1940);
#1939 = CARTESIAN_POINT('',(-30.4,-66.31921268518,80.634817095206));
#1940 = VECTOR('',#1941,1.);
#1941 = DIRECTION('',(1.,0.,0.));
#1942 = PCURVE('',#655,#1943);
#1943 = DEFINITIONAL_REPRESENTATION('',(#1944),#1948);
#1944 = LINE('',#1945,#1946);
#1945 = CARTESIAN_POINT('',(3.,0.));
#1946 = VECTOR('',#1947,1.);
#1947 = DIRECTION('',(0.,1.));
#1948 = ( GEOMETRIC_REPRESENTATION_CONTEXT(2) 
PARAMETRIC_REPRESENTATION_CONTEXT() REPRESENTATION_CONTEXT('2D SPACE',''
  ) );
#1949 = PCURVE('',#855,#1950);
#1950 = DEFINITIONAL_REPRESENTATION('',(#1951),#1955);
#1951 = LINE('',#1952,#1953);
#1952 = CARTESIAN_POINT('',(0.,0.));
#1953 = VECTOR('',#1954,1.);
#1954 = DIRECTION('',(0.,-1.));
#1955 = ( GEOMETRIC_REPRESENTATION_CONTEXT(2) 
PARAMETRIC_REPRESENTATION_CONTEXT() REPRESENTATION_CONTEXT('2D SPACE',''
  ) );
#1956 = ORIENTED_EDGE('',*,*,#1957,.F.);
#1957 = EDGE_CURVE('',#611,#1935,#1958,.T.);
#1958 = SURFACE_CURVE('',#1959,(#1963,#1970),.PCURVE_S1.);
#1959 = LINE('',#1960,#1961);
#1960 = CARTESIAN_POINT('',(-18.39,-69.30778799704,80.37324950292));
#1961 = VECTOR('',#1962,1.);
#1962 = DIRECTION('',(0.,0.99619177062,8.718919742862E-02));
#1963 = PCURVE('',#655,#1964);
#1964 = DEFINITIONAL_REPRESENTATION('',(#1965),#1969);
#1965 = LINE('',#1966,#1967);
#1966 = CARTESIAN_POINT('',(0.,12.01));
#1967 = VECTOR('',#1968,1.);
#1968 = DIRECTION('',(1.,0.));
#1969 = ( GEOMETRIC_REPRESENTATION_CONTEXT(2) 
PARAMETRIC_REPRESENTATION_CONTEXT() REPRESENTATION_CONTEXT('2D SPACE',''
  ) );
#1970 = PCURVE('',#627,#1971);
#1971 = DEFINITIONAL_REPRESENTATION('',(#1972),#1976);
#1972 = LINE('',#1973,#1974);
#1973 = CARTESIAN_POINT('',(-1.570796326795,0.));
#1974 = VECTOR('',#1975,1.);
#1975 = DIRECTION('',(-0.,1.));
#1976 = ( GEOMETRIC_REPRESENTATION_CONTEXT(2) 
PARAMETRIC_REPRESENTATION_CONTEXT() REPRESENTATION_CONTEXT('2D SPACE',''
  ) );
#1977 = ADVANCED_FACE('',(#1978),#627,.T.);
#1978 = FACE_BOUND('',#1979,.F.);
#1979 = EDGE_LOOP('',(#1980,#1981,#1982,#2010));
#1980 = ORIENTED_EDGE('',*,*,#610,.F.);
#1981 = ORIENTED_EDGE('',*,*,#1957,.T.);
#1982 = ORIENTED_EDGE('',*,*,#1983,.F.);
#1983 = EDGE_CURVE('',#1984,#1935,#1986,.T.);
#1984 = VERTEX_POINT('',#1985);
#1985 = CARTESIAN_POINT('',(-9.4,-65.96552738554,76.593738667148));
#1986 = SURFACE_CURVE('',#1987,(#1992,#1999),.PCURVE_S1.);
#1987 = CIRCLE('',#1988,11.99);
#1988 = AXIS2_PLACEMENT_3D('',#1989,#1990,#1991);
#1989 = CARTESIAN_POINT('',(-18.39,-65.27381420801,68.690477765468));
#1990 = DIRECTION('',(0.,-0.99619177062,-8.718919742862E-02));
#1991 = DIRECTION('',(0.,8.718919742862E-02,-0.99619177062));
#1992 = PCURVE('',#627,#1993);
#1993 = DEFINITIONAL_REPRESENTATION('',(#1994),#1998);
#1994 = LINE('',#1995,#1996);
#1995 = CARTESIAN_POINT('',(1.570796326795,3.));
#1996 = VECTOR('',#1997,1.);
#1997 = DIRECTION('',(-1.,0.));
#1998 = ( GEOMETRIC_REPRESENTATION_CONTEXT(2) 
PARAMETRIC_REPRESENTATION_CONTEXT() REPRESENTATION_CONTEXT('2D SPACE',''
  ) );
#1999 = PCURVE('',#855,#2000);
#2000 = DEFINITIONAL_REPRESENTATION('',(#2001),#2009);
#2001 = ( BOUNDED_CURVE() B_SPLINE_CURVE(2,(#2002,#2003,#2004,#2005,
#2006,#2007,#2008),.UNSPECIFIED.,.T.,.F.) B_SPLINE_CURVE_WITH_KNOTS((1,2
    ,2,2,2,1),(-2.094395102393,0.,2.094395102393,4.188790204786,
6.28318530718,8.377580409573),.UNSPECIFIED.) CURVE() 
GEOMETRIC_REPRESENTATION_ITEM() RATIONAL_B_SPLINE_CURVE((1.,0.5,1.,0.5,
1.,0.5,1.)) REPRESENTATION_ITEM('') );
#2002 = CARTESIAN_POINT('',(23.98,-12.01));
#2003 = CARTESIAN_POINT('',(23.98,-32.77728918275));
#2004 = CARTESIAN_POINT('',(5.995,-22.39364459137));
#2005 = CARTESIAN_POINT('',(-11.99,-12.01));
#2006 = CARTESIAN_POINT('',(5.995,-1.626355408625));
#2007 = CARTESIAN_POINT('',(23.98,8.757289182751));
#2008 = CARTESIAN_POINT('',(23.98,-12.01));
#2009 = ( GEOMETRIC_REPRESENTATION_CONTEXT(2) 
PARAMETRIC_REPRESENTATION_CONTEXT() REPRESENTATION_CONTEXT('2D SPACE',''
  ) );
#2010 = ORIENTED_EDGE('',*,*,#2011,.F.);
#2011 = EDGE_CURVE('',#585,#1984,#2012,.T.);
#2012 = SURFACE_CURVE('',#2013,(#2017,#2023),.PCURVE_S1.);
#2013 = LINE('',#2014,#2015);
#2014 = CARTESIAN_POINT('',(-9.4,-68.9541026974,76.332171074862));
#2015 = VECTOR('',#2016,1.);
#2016 = DIRECTION('',(0.,0.99619177062,8.718919742862E-02));
#2017 = PCURVE('',#627,#2018);
#2018 = DEFINITIONAL_REPRESENTATION('',(#2019),#2022);
#2019 = B_SPLINE_CURVE_WITH_KNOTS('',1,(#2020,#2021),.UNSPECIFIED.,.F.,
  .F.,(2,2),(0.574759582351,3.0000006),.PIECEWISE_BEZIER_KNOTS.);
#2020 = CARTESIAN_POINT('',(-0.723049424589,0.574759582351));
#2021 = CARTESIAN_POINT('',(-0.723049424589,3.0000006));
#2022 = ( GEOMETRIC_REPRESENTATION_CONTEXT(2) 
PARAMETRIC_REPRESENTATION_CONTEXT() REPRESENTATION_CONTEXT('2D SPACE',''
  ) );
#2023 = PCURVE('',#599,#2024);
#2024 = DEFINITIONAL_REPRESENTATION('',(#2025),#2028);
#2025 = B_SPLINE_CURVE_WITH_KNOTS('',1,(#2026,#2027),.UNSPECIFIED.,.F.,
  .F.,(2,2),(0.574759582351,3.0000006),.PIECEWISE_BEZIER_KNOTS.);
#2026 = CARTESIAN_POINT('',(1.63531391363,0.4));
#2027 = CARTESIAN_POINT('',(1.63539535934,-2.025241016281));
#2028 = ( GEOMETRIC_REPRESENTATION_CONTEXT(2) 
PARAMETRIC_REPRESENTATION_CONTEXT() REPRESENTATION_CONTEXT('2D SPACE',''
  ) );
#2029 = ADVANCED_FACE('',(#2030),#599,.F.);
#2030 = FACE_BOUND('',#2031,.F.);
#2031 = EDGE_LOOP('',(#2032,#2033,#2034,#2035,#2056,#2084,#2110,#2136));
#2032 = ORIENTED_EDGE('',*,*,#1537,.F.);
#2033 = ORIENTED_EDGE('',*,*,#584,.F.);
#2034 = ORIENTED_EDGE('',*,*,#2011,.T.);
#2035 = ORIENTED_EDGE('',*,*,#2036,.F.);
#2036 = EDGE_CURVE('',#2037,#1984,#2039,.T.);
#2037 = VERTEX_POINT('',#2038);
#2038 = CARTESIAN_POINT('',(-9.4,-65.8229385766,74.964571267565));
#2039 = SURFACE_CURVE('',#2040,(#2044,#2050),.PCURVE_S1.);
#2040 = LINE('',#2041,#2042);
#2041 = CARTESIAN_POINT('',(-9.4,-66.07107859596,77.79972805914));
#2042 = VECTOR('',#2043,1.);
#2043 = DIRECTION('',(0.,-8.718919742862E-02,0.99619177062));
#2044 = PCURVE('',#599,#2045);
#2045 = DEFINITIONAL_REPRESENTATION('',(#2046),#2049);
#2046 = B_SPLINE_CURVE_WITH_KNOTS('',1,(#2047,#2048),.UNSPECIFIED.,.F.,
  .F.,(2,2),(-2.845994993323,0.454005008537),.PIECEWISE_BEZIER_KNOTS.);
#2047 = CARTESIAN_POINT('',(-5.617046914637E-16,-2.025295336982));
#2048 = CARTESIAN_POINT('',(3.3,-2.02518451466));
#2049 = ( GEOMETRIC_REPRESENTATION_CONTEXT(2) 
PARAMETRIC_REPRESENTATION_CONTEXT() REPRESENTATION_CONTEXT('2D SPACE',''
  ) );
#2050 = PCURVE('',#855,#2051);
#2051 = DEFINITIONAL_REPRESENTATION('',(#2052),#2055);
#2052 = B_SPLINE_CURVE_WITH_KNOTS('',1,(#2053,#2054),.UNSPECIFIED.,.F.,
  .F.,(2,2),(-2.845994993323,0.454005008537),.PIECEWISE_BEZIER_KNOTS.);
#2053 = CARTESIAN_POINT('',(5.691921972122,-21.));
#2054 = CARTESIAN_POINT('',(2.391921970261,-21.));
#2055 = ( GEOMETRIC_REPRESENTATION_CONTEXT(2) 
PARAMETRIC_REPRESENTATION_CONTEXT() REPRESENTATION_CONTEXT('2D SPACE',''
  ) );
#2056 = ORIENTED_EDGE('',*,*,#2057,.T.);
#2057 = EDGE_CURVE('',#2037,#2058,#2060,.T.);
#2058 = VERTEX_POINT('',#2059);
#2059 = CARTESIAN_POINT('',(-9.4,-62.93397395051,75.217322921676));
#2060 = SURFACE_CURVE('',#2061,(#2065,#2072),.PCURVE_S1.);
#2061 = LINE('',#2062,#2063);
#2062 = CARTESIAN_POINT('',(-9.4,-67.84052705337,74.788055148187));
#2063 = VECTOR('',#2064,1.);
#2064 = DIRECTION('',(0.,0.996194698092,8.715574274766E-02));
#2065 = PCURVE('',#599,#2066);
#2066 = DEFINITIONAL_REPRESENTATION('',(#2067),#2071);
#2067 = LINE('',#2068,#2069);
#2068 = CARTESIAN_POINT('',(0.,0.));
#2069 = VECTOR('',#2070,1.);
#2070 = DIRECTION('',(0.,-1.));
#2071 = ( GEOMETRIC_REPRESENTATION_CONTEXT(2) 
PARAMETRIC_REPRESENTATION_CONTEXT() REPRESENTATION_CONTEXT('2D SPACE',''
  ) );
#2072 = PCURVE('',#2073,#2078);
#2073 = PLANE('',#2074);
#2074 = AXIS2_PLACEMENT_3D('',#2075,#2076,#2077);
#2075 = CARTESIAN_POINT('',(-9.4,-67.84052705337,74.788055148187));
#2076 = DIRECTION('',(0.,-8.715574274766E-02,0.996194698092));
#2077 = DIRECTION('',(1.,0.,0.));
#2078 = DEFINITIONAL_REPRESENTATION('',(#2079),#2083);
#2079 = LINE('',#2080,#2081);
#2080 = CARTESIAN_POINT('',(0.,0.));
#2081 = VECTOR('',#2082,1.);
#2082 = DIRECTION('',(0.,1.));
#2083 = ( GEOMETRIC_REPRESENTATION_CONTEXT(2) 
PARAMETRIC_REPRESENTATION_CONTEXT() REPRESENTATION_CONTEXT('2D SPACE',''
  ) );
#2084 = ORIENTED_EDGE('',*,*,#2085,.T.);
#2085 = EDGE_CURVE('',#2058,#2086,#2088,.T.);
#2086 = VERTEX_POINT('',#2087);
#2087 = CARTESIAN_POINT('',(-9.4,-63.17740787784,77.99870963295));
#2088 = SURFACE_CURVE('',#2089,(#2093,#2099),.PCURVE_S1.);
#2089 = LINE('',#2090,#2091);
#2090 = CARTESIAN_POINT('',(-9.4,-63.05569812489,76.608098664284));
#2091 = VECTOR('',#2092,1.);
#2092 = DIRECTION('',(0.,-8.718919742862E-02,0.99619177062));
#2093 = PCURVE('',#599,#2094);
#2094 = DEFINITIONAL_REPRESENTATION('',(#2095),#2098);
#2095 = B_SPLINE_CURVE_WITH_KNOTS('',1,(#2096,#2097),.UNSPECIFIED.,.F.,
  .F.,(2,2),(-1.396092382637,1.395926978799),.PIECEWISE_BEZIER_KNOTS.);
#2096 = CARTESIAN_POINT('',(-9.059212020735E-16,-4.925295338617));
#2097 = CARTESIAN_POINT('',(2.792019359861,-4.925201575566));
#2098 = ( GEOMETRIC_REPRESENTATION_CONTEXT(2) 
PARAMETRIC_REPRESENTATION_CONTEXT() REPRESENTATION_CONTEXT('2D SPACE',''
  ) );
#2099 = PCURVE('',#2100,#2105);
#2100 = PLANE('',#2101);
#2101 = AXIS2_PLACEMENT_3D('',#2102,#2103,#2104);
#2102 = CARTESIAN_POINT('',(-29.,-63.17740787784,77.99870963295));
#2103 = DIRECTION('',(0.,0.99619177062,8.718919742862E-02));
#2104 = DIRECTION('',(0.,8.718919742862E-02,-0.99619177062));
#2105 = DEFINITIONAL_REPRESENTATION('',(#2106),#2109);
#2106 = B_SPLINE_CURVE_WITH_KNOTS('',1,(#2107,#2108),.UNSPECIFIED.,.F.,
  .F.,(2,2),(-1.396092382637,1.395926978799),.PIECEWISE_BEZIER_KNOTS.);
#2107 = CARTESIAN_POINT('',(2.792019361435,-19.6));
#2108 = CARTESIAN_POINT('',(0.,-19.6));
#2109 = ( GEOMETRIC_REPRESENTATION_CONTEXT(2) 
PARAMETRIC_REPRESENTATION_CONTEXT() REPRESENTATION_CONTEXT('2D SPACE',''
  ) );
#2110 = ORIENTED_EDGE('',*,*,#2111,.T.);
#2111 = EDGE_CURVE('',#2086,#2112,#2114,.T.);
#2112 = VERTEX_POINT('',#2113);
#2113 = CARTESIAN_POINT('',(-9.4,-42.18286710809,79.836204394583));
#2114 = SURFACE_CURVE('',#2115,(#2119,#2125),.PCURVE_S1.);
#2115 = LINE('',#2116,#2117);
#2116 = CARTESIAN_POINT('',(-9.4,-65.63067721856,77.783993359235));
#2117 = VECTOR('',#2118,1.);
#2118 = DIRECTION('',(-0.,0.99619177062,8.718919742862E-02));
#2119 = PCURVE('',#599,#2120);
#2120 = DEFINITIONAL_REPRESENTATION('',(#2121),#2124);
#2121 = B_SPLINE_CURVE_WITH_KNOTS('',1,(#2122,#2123),.UNSPECIFIED.,.F.,
  .F.,(2,2),(2.46264766792,23.537446104238),.PIECEWISE_BEZIER_KNOTS.);
#2122 = CARTESIAN_POINT('',(2.792019359861,-4.925201575566));
#2123 = CARTESIAN_POINT('',(2.792727104738,-26.));
#2124 = ( GEOMETRIC_REPRESENTATION_CONTEXT(2) 
PARAMETRIC_REPRESENTATION_CONTEXT() REPRESENTATION_CONTEXT('2D SPACE',''
  ) );
#2125 = PCURVE('',#2126,#2131);
#2126 = PLANE('',#2127);
#2127 = AXIS2_PLACEMENT_3D('',#2128,#2129,#2130);
#2128 = CARTESIAN_POINT('',(-29.,-63.17740787784,77.99870963295));
#2129 = DIRECTION('',(0.,8.718919742862E-02,-0.99619177062));
#2130 = DIRECTION('',(0.,0.99619177062,8.718919742862E-02));
#2131 = DEFINITIONAL_REPRESENTATION('',(#2132),#2135);
#2132 = B_SPLINE_CURVE_WITH_KNOTS('',1,(#2133,#2134),.UNSPECIFIED.,.F.,
  .F.,(2,2),(2.46264766792,23.537446104238),.PIECEWISE_BEZIER_KNOTS.);
#2133 = CARTESIAN_POINT('',(0.,19.6));
#2134 = CARTESIAN_POINT('',(21.074798436318,19.6));
#2135 = ( GEOMETRIC_REPRESENTATION_CONTEXT(2) 
PARAMETRIC_REPRESENTATION_CONTEXT() REPRESENTATION_CONTEXT('2D SPACE',''
  ) );
#2136 = ORIENTED_EDGE('',*,*,#2137,.T.);
#2137 = EDGE_CURVE('',#2112,#1538,#2138,.T.);
#2138 = SURFACE_CURVE('',#2139,(#2143,#2150),.PCURVE_S1.);
#2139 = LINE('',#2140,#2141);
#2140 = CARTESIAN_POINT('',(-9.4,-41.93946490299,77.054104459626));
#2141 = VECTOR('',#2142,1.);
#2142 = DIRECTION('',(0.,-8.715574274766E-02,0.996194698092));
#2143 = PCURVE('',#599,#2144);
#2144 = DEFINITIONAL_REPRESENTATION('',(#2145),#2149);
#2145 = LINE('',#2146,#2147);
#2146 = CARTESIAN_POINT('',(0.,-26.));
#2147 = VECTOR('',#2148,1.);
#2148 = DIRECTION('',(1.,0.));
#2149 = ( GEOMETRIC_REPRESENTATION_CONTEXT(2) 
PARAMETRIC_REPRESENTATION_CONTEXT() REPRESENTATION_CONTEXT('2D SPACE',''
  ) );
#2150 = PCURVE('',#1867,#2151);
#2151 = DEFINITIONAL_REPRESENTATION('',(#2152),#2156);
#2152 = LINE('',#2153,#2154);
#2153 = CARTESIAN_POINT('',(0.,0.));
#2154 = VECTOR('',#2155,1.);
#2155 = DIRECTION('',(1.,0.));
#2156 = ( GEOMETRIC_REPRESENTATION_CONTEXT(2) 
PARAMETRIC_REPRESENTATION_CONTEXT() REPRESENTATION_CONTEXT('2D SPACE',''
  ) );
#2157 = ADVANCED_FACE('',(#2158),#715,.T.);
#2158 = FACE_BOUND('',#2159,.T.);
#2159 = EDGE_LOOP('',(#2160,#2161,#2184,#2207,#2240,#2267,#2289,#2290));
#2160 = ORIENTED_EDGE('',*,*,#697,.F.);
#2161 = ORIENTED_EDGE('',*,*,#2162,.T.);
#2162 = EDGE_CURVE('',#698,#2163,#2165,.T.);
#2163 = VERTEX_POINT('',#2164);
#2164 = CARTESIAN_POINT('',(-6.4,-69.81286607024,85.858280024067));
#2165 = SURFACE_CURVE('',#2166,(#2170,#2177),.PCURVE_S1.);
#2166 = LINE('',#2167,#2168);
#2167 = CARTESIAN_POINT('',(-30.4,-69.81286607024,85.858280024067));
#2168 = VECTOR('',#2169,1.);
#2169 = DIRECTION('',(1.,0.,0.));
#2170 = PCURVE('',#715,#2171);
#2171 = DEFINITIONAL_REPRESENTATION('',(#2172),#2176);
#2172 = LINE('',#2173,#2174);
#2173 = CARTESIAN_POINT('',(0.,0.));
#2174 = VECTOR('',#2175,1.);
#2175 = DIRECTION('',(1.,0.));
#2176 = ( GEOMETRIC_REPRESENTATION_CONTEXT(2) 
PARAMETRIC_REPRESENTATION_CONTEXT() REPRESENTATION_CONTEXT('2D SPACE',''
  ) );
#2177 = PCURVE('',#743,#2178);
#2178 = DEFINITIONAL_REPRESENTATION('',(#2179),#2183);
#2179 = LINE('',#2180,#2181);
#2180 = CARTESIAN_POINT('',(31.5,0.));
#2181 = VECTOR('',#2182,1.);
#2182 = DIRECTION('',(0.,1.));
#2183 = ( GEOMETRIC_REPRESENTATION_CONTEXT(2) 
PARAMETRIC_REPRESENTATION_CONTEXT() REPRESENTATION_CONTEXT('2D SPACE',''
  ) );
#2184 = ORIENTED_EDGE('',*,*,#2185,.T.);
#2185 = EDGE_CURVE('',#2163,#2186,#2188,.T.);
#2186 = VERTEX_POINT('',#2187);
#2187 = CARTESIAN_POINT('',(-6.4,-68.01588267757,86.015495699469));
#2188 = SURFACE_CURVE('',#2189,(#2193,#2200),.PCURVE_S1.);
#2189 = LINE('',#2190,#2191);
#2190 = CARTESIAN_POINT('',(-6.4,-69.81286607024,85.858280024067));
#2191 = VECTOR('',#2192,1.);
#2192 = DIRECTION('',(0.,0.996194698092,8.715574274766E-02));
#2193 = PCURVE('',#715,#2194);
#2194 = DEFINITIONAL_REPRESENTATION('',(#2195),#2199);
#2195 = LINE('',#2196,#2197);
#2196 = CARTESIAN_POINT('',(24.,0.));
#2197 = VECTOR('',#2198,1.);
#2198 = DIRECTION('',(0.,1.));
#2199 = ( GEOMETRIC_REPRESENTATION_CONTEXT(2) 
PARAMETRIC_REPRESENTATION_CONTEXT() REPRESENTATION_CONTEXT('2D SPACE',''
  ) );
#2200 = PCURVE('',#1785,#2201);
#2201 = DEFINITIONAL_REPRESENTATION('',(#2202),#2206);
#2202 = LINE('',#2203,#2204);
#2203 = CARTESIAN_POINT('',(3.,-1.095825105574E-14));
#2204 = VECTOR('',#2205,1.);
#2205 = DIRECTION('',(2.298214621924E-18,-1.));
#2206 = ( GEOMETRIC_REPRESENTATION_CONTEXT(2) 
PARAMETRIC_REPRESENTATION_CONTEXT() REPRESENTATION_CONTEXT('2D SPACE',''
  ) );
#2207 = ORIENTED_EDGE('',*,*,#2208,.T.);
#2208 = EDGE_CURVE('',#2186,#2209,#2211,.T.);
#2209 = VERTEX_POINT('',#2210);
#2210 = CARTESIAN_POINT('',(-9.4,-62.8395031836,86.4683702233));
#2211 = SURFACE_CURVE('',#2212,(#2217,#2228),.PCURVE_S1.);
#2212 = CIRCLE('',#2213,6.);
#2213 = AXIS2_PLACEMENT_3D('',#2214,#2215,#2216);
#2214 = CARTESIAN_POINT('',(-3.4,-62.8395031836,86.4683702233));
#2215 = DIRECTION('',(-2.675240490125E-15,8.715574274766E-02,
    -0.996194698092));
#2216 = DIRECTION('',(-0.5,-0.862729915663,-7.547908730517E-02));
#2217 = PCURVE('',#715,#2218);
#2218 = DEFINITIONAL_REPRESENTATION('',(#2219),#2227);
#2219 = ( BOUNDED_CURVE() B_SPLINE_CURVE(2,(#2220,#2221,#2222,#2223,
#2224,#2225,#2226),.UNSPECIFIED.,.T.,.F.) B_SPLINE_CURVE_WITH_KNOTS((1,2
    ,2,2,2,1),(-2.094395102393,0.,2.094395102393,4.188790204786,
6.28318530718,8.377580409573),.UNSPECIFIED.) CURVE() 
GEOMETRIC_REPRESENTATION_ITEM() RATIONAL_B_SPLINE_CURVE((1.,0.5,1.,0.5,
1.,0.5,1.)) REPRESENTATION_ITEM('') );
#2220 = CARTESIAN_POINT('',(24.,1.803847577293));
#2221 = CARTESIAN_POINT('',(15.,7.));
#2222 = CARTESIAN_POINT('',(24.,12.196152422707));
#2223 = CARTESIAN_POINT('',(33.,17.392304845413));
#2224 = CARTESIAN_POINT('',(33.,7.));
#2225 = CARTESIAN_POINT('',(33.,-3.392304845413));
#2226 = CARTESIAN_POINT('',(24.,1.803847577293));
#2227 = ( GEOMETRIC_REPRESENTATION_CONTEXT(2) 
PARAMETRIC_REPRESENTATION_CONTEXT() REPRESENTATION_CONTEXT('2D SPACE',''
  ) );
#2228 = PCURVE('',#2229,#2234);
#2229 = CYLINDRICAL_SURFACE('',#2230,6.);
#2230 = AXIS2_PLACEMENT_3D('',#2231,#2232,#2233);
#2231 = CARTESIAN_POINT('',(-3.4,-61.86335886482,75.310989604673));
#2232 = DIRECTION('',(0.,-8.715574274766E-02,0.996194698092));
#2233 = DIRECTION('',(-1.,-0.,0.));
#2234 = DEFINITIONAL_REPRESENTATION('',(#2235),#2239);
#2235 = LINE('',#2236,#2237);
#2236 = CARTESIAN_POINT('',(1.047197551197,11.2));
#2237 = VECTOR('',#2238,1.);
#2238 = DIRECTION('',(-1.,-0.));
#2239 = ( GEOMETRIC_REPRESENTATION_CONTEXT(2) 
PARAMETRIC_REPRESENTATION_CONTEXT() REPRESENTATION_CONTEXT('2D SPACE',''
  ) );
#2240 = ORIENTED_EDGE('',*,*,#2241,.F.);
#2241 = EDGE_CURVE('',#2242,#2209,#2244,.T.);
#2242 = VERTEX_POINT('',#2243);
#2243 = CARTESIAN_POINT('',(-9.4,-48.89277741031,87.688550621768));
#2244 = SURFACE_CURVE('',#2245,(#2249,#2256),.PCURVE_S1.);
#2245 = LINE('',#2246,#2247);
#2246 = CARTESIAN_POINT('',(-9.4,-69.31476872119,85.901857895441));
#2247 = VECTOR('',#2248,1.);
#2248 = DIRECTION('',(0.,-0.996194698092,-8.715574274766E-02));
#2249 = PCURVE('',#715,#2250);
#2250 = DEFINITIONAL_REPRESENTATION('',(#2251),#2255);
#2251 = LINE('',#2252,#2253);
#2252 = CARTESIAN_POINT('',(21.,0.5));
#2253 = VECTOR('',#2254,1.);
#2254 = DIRECTION('',(0.,-1.));
#2255 = ( GEOMETRIC_REPRESENTATION_CONTEXT(2) 
PARAMETRIC_REPRESENTATION_CONTEXT() REPRESENTATION_CONTEXT('2D SPACE',''
  ) );
#2256 = PCURVE('',#2257,#2262);
#2257 = PLANE('',#2258);
#2258 = AXIS2_PLACEMENT_3D('',#2259,#2260,#2261);
#2259 = CARTESIAN_POINT('',(-9.4,-67.84052705337,74.788055148187));
#2260 = DIRECTION('',(1.,0.,0.));
#2261 = DIRECTION('',(0.,-8.715574274766E-02,0.996194698092));
#2262 = DEFINITIONAL_REPRESENTATION('',(#2263),#2266);
#2263 = B_SPLINE_CURVE_WITH_KNOTS('',1,(#2264,#2265),.UNSPECIFIED.,.F.,
  .F.,(2,2),(-20.5,-6.5),.PIECEWISE_BEZIER_KNOTS.);
#2264 = CARTESIAN_POINT('',(11.2,-20.));
#2265 = CARTESIAN_POINT('',(11.2,-6.));
#2266 = ( GEOMETRIC_REPRESENTATION_CONTEXT(2) 
PARAMETRIC_REPRESENTATION_CONTEXT() REPRESENTATION_CONTEXT('2D SPACE',''
  ) );
#2267 = ORIENTED_EDGE('',*,*,#2268,.F.);
#2268 = EDGE_CURVE('',#1185,#2242,#2269,.T.);
#2269 = SURFACE_CURVE('',#2270,(#2275,#2282),.PCURVE_S1.);
#2270 = CIRCLE('',#2271,6.);
#2271 = AXIS2_PLACEMENT_3D('',#2272,#2273,#2274);
#2272 = CARTESIAN_POINT('',(-3.4,-48.89277741031,87.688550621768));
#2273 = DIRECTION('',(0.,-8.715574274766E-02,0.996194698092));
#2274 = DIRECTION('',(-1.,0.,0.));
#2275 = PCURVE('',#715,#2276);
#2276 = DEFINITIONAL_REPRESENTATION('',(#2277),#2281);
#2277 = CIRCLE('',#2278,6.);
#2278 = AXIS2_PLACEMENT_2D('',#2279,#2280);
#2279 = CARTESIAN_POINT('',(27.,21.));
#2280 = DIRECTION('',(-1.,0.));
#2281 = ( GEOMETRIC_REPRESENTATION_CONTEXT(2) 
PARAMETRIC_REPRESENTATION_CONTEXT() REPRESENTATION_CONTEXT('2D SPACE',''
  ) );
#2282 = PCURVE('',#1223,#2283);
#2283 = DEFINITIONAL_REPRESENTATION('',(#2284),#2288);
#2284 = LINE('',#2285,#2286);
#2285 = CARTESIAN_POINT('',(-6.28318530718,11.2));
#2286 = VECTOR('',#2287,1.);
#2287 = DIRECTION('',(1.,-0.));
#2288 = ( GEOMETRIC_REPRESENTATION_CONTEXT(2) 
PARAMETRIC_REPRESENTATION_CONTEXT() REPRESENTATION_CONTEXT('2D SPACE',''
  ) );
#2289 = ORIENTED_EDGE('',*,*,#1184,.F.);
#2290 = ORIENTED_EDGE('',*,*,#2291,.F.);
#2291 = EDGE_CURVE('',#700,#1162,#2292,.T.);
#2292 = SURFACE_CURVE('',#2293,(#2297,#2304),.PCURVE_S1.);
#2293 = LINE('',#2294,#2295);
#2294 = CARTESIAN_POINT('',(-30.4,-33.94985693894,88.995886762982));
#2295 = VECTOR('',#2296,1.);
#2296 = DIRECTION('',(1.,0.,0.));
#2297 = PCURVE('',#715,#2298);
#2298 = DEFINITIONAL_REPRESENTATION('',(#2299),#2303);
#2299 = LINE('',#2300,#2301);
#2300 = CARTESIAN_POINT('',(0.,36.));
#2301 = VECTOR('',#2302,1.);
#2302 = DIRECTION('',(1.,0.));
#2303 = ( GEOMETRIC_REPRESENTATION_CONTEXT(2) 
PARAMETRIC_REPRESENTATION_CONTEXT() REPRESENTATION_CONTEXT('2D SPACE',''
  ) );
#2304 = PCURVE('',#1067,#2305);
#2305 = DEFINITIONAL_REPRESENTATION('',(#2306),#2310);
#2306 = LINE('',#2307,#2308);
#2307 = CARTESIAN_POINT('',(31.5,0.));
#2308 = VECTOR('',#2309,1.);
#2309 = DIRECTION('',(0.,1.));
#2310 = ( GEOMETRIC_REPRESENTATION_CONTEXT(2) 
PARAMETRIC_REPRESENTATION_CONTEXT() REPRESENTATION_CONTEXT('2D SPACE',''
  ) );
#2311 = ADVANCED_FACE('',(#2312),#743,.F.);
#2312 = FACE_BOUND('',#2313,.F.);
#2313 = EDGE_LOOP('',(#2314,#2337,#2338,#2339));
#2314 = ORIENTED_EDGE('',*,*,#2315,.F.);
#2315 = EDGE_CURVE('',#728,#2316,#2318,.T.);
#2316 = VERTEX_POINT('',#2317);
#2317 = CARTESIAN_POINT('',(-6.4,-67.06746017369,54.478147034177));
#2318 = SURFACE_CURVE('',#2319,(#2323,#2330),.PCURVE_S1.);
#2319 = LINE('',#2320,#2321);
#2320 = CARTESIAN_POINT('',(-30.4,-67.06746017369,54.478147034177));
#2321 = VECTOR('',#2322,1.);
#2322 = DIRECTION('',(1.,0.,0.));
#2323 = PCURVE('',#743,#2324);
#2324 = DEFINITIONAL_REPRESENTATION('',(#2325),#2329);
#2325 = LINE('',#2326,#2327);
#2326 = CARTESIAN_POINT('',(0.,0.));
#2327 = VECTOR('',#2328,1.);
#2328 = DIRECTION('',(0.,1.));
#2329 = ( GEOMETRIC_REPRESENTATION_CONTEXT(2) 
PARAMETRIC_REPRESENTATION_CONTEXT() REPRESENTATION_CONTEXT('2D SPACE',''
  ) );
#2330 = PCURVE('',#771,#2331);
#2331 = DEFINITIONAL_REPRESENTATION('',(#2332),#2336);
#2332 = LINE('',#2333,#2334);
#2333 = CARTESIAN_POINT('',(0.,0.));
#2334 = VECTOR('',#2335,1.);
#2335 = DIRECTION('',(1.,0.));
#2336 = ( GEOMETRIC_REPRESENTATION_CONTEXT(2) 
PARAMETRIC_REPRESENTATION_CONTEXT() REPRESENTATION_CONTEXT('2D SPACE',''
  ) );
#2337 = ORIENTED_EDGE('',*,*,#727,.T.);
#2338 = ORIENTED_EDGE('',*,*,#2162,.T.);
#2339 = ORIENTED_EDGE('',*,*,#2340,.T.);
#2340 = EDGE_CURVE('',#2163,#2316,#2341,.T.);
#2341 = SURFACE_CURVE('',#2342,(#2346,#2353),.PCURVE_S1.);
#2342 = LINE('',#2343,#2344);
#2343 = CARTESIAN_POINT('',(-6.4,-69.81286607024,85.858280024067));
#2344 = VECTOR('',#2345,1.);
#2345 = DIRECTION('',(0.,8.715574274766E-02,-0.996194698092));
#2346 = PCURVE('',#743,#2347);
#2347 = DEFINITIONAL_REPRESENTATION('',(#2348),#2352);
#2348 = LINE('',#2349,#2350);
#2349 = CARTESIAN_POINT('',(31.5,24.));
#2350 = VECTOR('',#2351,1.);
#2351 = DIRECTION('',(-1.,0.));
#2352 = ( GEOMETRIC_REPRESENTATION_CONTEXT(2) 
PARAMETRIC_REPRESENTATION_CONTEXT() REPRESENTATION_CONTEXT('2D SPACE',''
  ) );
#2353 = PCURVE('',#1785,#2354);
#2354 = DEFINITIONAL_REPRESENTATION('',(#2355),#2359);
#2355 = LINE('',#2356,#2357);
#2356 = CARTESIAN_POINT('',(3.,-1.095825105574E-14));
#2357 = VECTOR('',#2358,1.);
#2358 = DIRECTION('',(-1.,-1.157957318589E-17));
#2359 = ( GEOMETRIC_REPRESENTATION_CONTEXT(2) 
PARAMETRIC_REPRESENTATION_CONTEXT() REPRESENTATION_CONTEXT('2D SPACE',''
  ) );
#2360 = ADVANCED_FACE('',(#2361),#771,.F.);
#2361 = FACE_BOUND('',#2362,.F.);
#2362 = EDGE_LOOP('',(#2363,#2386,#2387,#2388,#2411,#2439,#2471,#2497));
#2363 = ORIENTED_EDGE('',*,*,#2364,.F.);
#2364 = EDGE_CURVE('',#756,#2365,#2367,.T.);
#2365 = VERTEX_POINT('',#2366);
#2366 = CARTESIAN_POINT('',(-18.85007554479,-64.07887607941,
    54.73961426242));
#2367 = SURFACE_CURVE('',#2368,(#2372,#2379),.PCURVE_S1.);
#2368 = LINE('',#2369,#2370);
#2369 = CARTESIAN_POINT('',(-30.4,-64.07887607941,54.73961426242));
#2370 = VECTOR('',#2371,1.);
#2371 = DIRECTION('',(1.,0.,0.));
#2372 = PCURVE('',#771,#2373);
#2373 = DEFINITIONAL_REPRESENTATION('',(#2374),#2378);
#2374 = LINE('',#2375,#2376);
#2375 = CARTESIAN_POINT('',(0.,3.));
#2376 = VECTOR('',#2377,1.);
#2377 = DIRECTION('',(1.,0.));
#2378 = ( GEOMETRIC_REPRESENTATION_CONTEXT(2) 
PARAMETRIC_REPRESENTATION_CONTEXT() REPRESENTATION_CONTEXT('2D SPACE',''
  ) );
#2379 = PCURVE('',#799,#2380);
#2380 = DEFINITIONAL_REPRESENTATION('',(#2381),#2385);
#2381 = LINE('',#2382,#2383);
#2382 = CARTESIAN_POINT('',(0.,0.));
#2383 = VECTOR('',#2384,1.);
#2384 = DIRECTION('',(0.,1.));
#2385 = ( GEOMETRIC_REPRESENTATION_CONTEXT(2) 
PARAMETRIC_REPRESENTATION_CONTEXT() REPRESENTATION_CONTEXT('2D SPACE',''
  ) );
#2386 = ORIENTED_EDGE('',*,*,#755,.F.);
#2387 = ORIENTED_EDGE('',*,*,#2315,.T.);
#2388 = ORIENTED_EDGE('',*,*,#2389,.T.);
#2389 = EDGE_CURVE('',#2316,#2390,#2392,.T.);
#2390 = VERTEX_POINT('',#2391);
#2391 = CARTESIAN_POINT('',(-6.4,-64.07887607941,54.73961426242));
#2392 = SURFACE_CURVE('',#2393,(#2397,#2404),.PCURVE_S1.);
#2393 = LINE('',#2394,#2395);
#2394 = CARTESIAN_POINT('',(-6.4,-67.06746017369,54.478147034177));
#2395 = VECTOR('',#2396,1.);
#2396 = DIRECTION('',(0.,0.996194698092,8.715574274766E-02));
#2397 = PCURVE('',#771,#2398);
#2398 = DEFINITIONAL_REPRESENTATION('',(#2399),#2403);
#2399 = LINE('',#2400,#2401);
#2400 = CARTESIAN_POINT('',(24.,0.));
#2401 = VECTOR('',#2402,1.);
#2402 = DIRECTION('',(0.,1.));
#2403 = ( GEOMETRIC_REPRESENTATION_CONTEXT(2) 
PARAMETRIC_REPRESENTATION_CONTEXT() REPRESENTATION_CONTEXT('2D SPACE',''
  ) );
#2404 = PCURVE('',#1785,#2405);
#2405 = DEFINITIONAL_REPRESENTATION('',(#2406),#2410);
#2406 = LINE('',#2407,#2408);
#2407 = CARTESIAN_POINT('',(-28.5,-1.156096752657E-14));
#2408 = VECTOR('',#2409,1.);
#2409 = DIRECTION('',(2.298214621924E-18,-1.));
#2410 = ( GEOMETRIC_REPRESENTATION_CONTEXT(2) 
PARAMETRIC_REPRESENTATION_CONTEXT() REPRESENTATION_CONTEXT('2D SPACE',''
  ) );
#2411 = ORIENTED_EDGE('',*,*,#2412,.F.);
#2412 = EDGE_CURVE('',#2413,#2390,#2415,.T.);
#2413 = VERTEX_POINT('',#2414);
#2414 = CARTESIAN_POINT('',(-17.9499244552,-64.07887607941,
    54.73961426242));
#2415 = SURFACE_CURVE('',#2416,(#2420,#2427),.PCURVE_S1.);
#2416 = LINE('',#2417,#2418);
#2417 = CARTESIAN_POINT('',(-30.4,-64.07887607941,54.73961426242));
#2418 = VECTOR('',#2419,1.);
#2419 = DIRECTION('',(1.,0.,0.));
#2420 = PCURVE('',#771,#2421);
#2421 = DEFINITIONAL_REPRESENTATION('',(#2422),#2426);
#2422 = LINE('',#2423,#2424);
#2423 = CARTESIAN_POINT('',(0.,3.));
#2424 = VECTOR('',#2425,1.);
#2425 = DIRECTION('',(1.,0.));
#2426 = ( GEOMETRIC_REPRESENTATION_CONTEXT(2) 
PARAMETRIC_REPRESENTATION_CONTEXT() REPRESENTATION_CONTEXT('2D SPACE',''
  ) );
#2427 = PCURVE('',#2428,#2433);
#2428 = PLANE('',#2429);
#2429 = AXIS2_PLACEMENT_3D('',#2430,#2431,#2432);
#2430 = CARTESIAN_POINT('',(-30.4,-64.07887607941,54.73961426242));
#2431 = DIRECTION('',(0.,0.996194698092,8.715574274766E-02));
#2432 = DIRECTION('',(0.,-8.715574274766E-02,0.996194698092));
#2433 = DEFINITIONAL_REPRESENTATION('',(#2434),#2438);
#2434 = LINE('',#2435,#2436);
#2435 = CARTESIAN_POINT('',(0.,0.));
#2436 = VECTOR('',#2437,1.);
#2437 = DIRECTION('',(0.,1.));
#2438 = ( GEOMETRIC_REPRESENTATION_CONTEXT(2) 
PARAMETRIC_REPRESENTATION_CONTEXT() REPRESENTATION_CONTEXT('2D SPACE',''
  ) );
#2439 = ORIENTED_EDGE('',*,*,#2440,.F.);
#2440 = EDGE_CURVE('',#2441,#2413,#2443,.T.);
#2441 = VERTEX_POINT('',#2442);
#2442 = CARTESIAN_POINT('',(-17.94721351822,-67.04158196376,
    54.480411084177));
#2443 = SURFACE_CURVE('',#2444,(#2449,#2456),.PCURVE_S1.);
#2444 = ELLIPSE('',#2445,3.570309606718E+05,11.99);
#2445 = AXIS2_PLACEMENT_3D('',#2446,#2447,#2448);
#2446 = CARTESIAN_POINT('',(-18.39,-3.554967761273E+05,
    -3.104159204166E+04));
#2447 = DIRECTION('',(0.,-8.715574274766E-02,0.996194698092));
#2448 = DIRECTION('',(0.,0.996194698092,8.715574274766E-02));
#2449 = PCURVE('',#771,#2450);
#2450 = DEFINITIONAL_REPRESENTATION('',(#2451),#2455);
#2451 = ELLIPSE('',#2452,3.570309606718E+05,11.99);
#2452 = AXIS2_PLACEMENT_2D('',#2453,#2454);
#2453 = CARTESIAN_POINT('',(12.01,-3.567873924123E+05));
#2454 = DIRECTION('',(0.,1.));
#2455 = ( GEOMETRIC_REPRESENTATION_CONTEXT(2) 
PARAMETRIC_REPRESENTATION_CONTEXT() REPRESENTATION_CONTEXT('2D SPACE',''
  ) );
#2456 = PCURVE('',#2457,#2462);
#2457 = CYLINDRICAL_SURFACE('',#2458,11.99);
#2458 = AXIS2_PLACEMENT_3D('',#2459,#2460,#2461);
#2459 = CARTESIAN_POINT('',(-18.39,-68.08626734106,66.416602796529));
#2460 = DIRECTION('',(0.,0.99619177062,8.718919742862E-02));
#2461 = DIRECTION('',(1.,0.,0.));
#2462 = DEFINITIONAL_REPRESENTATION('',(#2463),#2470);
#2463 = B_SPLINE_CURVE_WITH_KNOTS('',5,(#2464,#2465,#2466,#2467,#2468,
    #2469),.UNSPECIFIED.,.F.,.F.,(6,6),(6.246247259687,6.246475495386),
  .PIECEWISE_BEZIER_KNOTS.);
#2464 = CARTESIAN_POINT('',(1.533858279303,-5.999610124263E-07));
#2465 = CARTESIAN_POINT('',(1.533903926443,0.601858205646));
#2466 = CARTESIAN_POINT('',(1.533949573582,1.20278773082));
#2467 = CARTESIAN_POINT('',(1.533995220722,1.802787973781));
#2468 = CARTESIAN_POINT('',(1.534040867862,2.401858930735));
#2469 = CARTESIAN_POINT('',(1.534086515002,3.0000005999));
#2470 = ( GEOMETRIC_REPRESENTATION_CONTEXT(2) 
PARAMETRIC_REPRESENTATION_CONTEXT() REPRESENTATION_CONTEXT('2D SPACE',''
  ) );
#2471 = ORIENTED_EDGE('',*,*,#2472,.T.);
#2472 = EDGE_CURVE('',#2441,#2473,#2475,.T.);
#2473 = VERTEX_POINT('',#2474);
#2474 = CARTESIAN_POINT('',(-18.85278648178,-67.04158196376,
    54.480411084177));
#2475 = SURFACE_CURVE('',#2476,(#2480,#2486),.PCURVE_S1.);
#2476 = LINE('',#2477,#2478);
#2477 = CARTESIAN_POINT('',(-30.4,-67.04158196376,54.480411084177));
#2478 = VECTOR('',#2479,1.);
#2479 = DIRECTION('',(-1.,0.,0.));
#2480 = PCURVE('',#771,#2481);
#2481 = DEFINITIONAL_REPRESENTATION('',(#2482),#2485);
#2482 = B_SPLINE_CURVE_WITH_KNOTS('',1,(#2483,#2484),.UNSPECIFIED.,.F.,
  .F.,(2,2),(-24.,0.),.PIECEWISE_BEZIER_KNOTS.);
#2483 = CARTESIAN_POINT('',(24.,2.597706048167E-02));
#2484 = CARTESIAN_POINT('',(0.,2.597706048167E-02));
#2485 = ( GEOMETRIC_REPRESENTATION_CONTEXT(2) 
PARAMETRIC_REPRESENTATION_CONTEXT() REPRESENTATION_CONTEXT('2D SPACE',''
  ) );
#2486 = PCURVE('',#2487,#2492);
#2487 = PLANE('',#2488);
#2488 = AXIS2_PLACEMENT_3D('',#2489,#2490,#2491);
#2489 = CARTESIAN_POINT('',(-30.4,-69.30778799704,80.37324950292));
#2490 = DIRECTION('',(0.,0.99619177062,8.718919742862E-02));
#2491 = DIRECTION('',(0.,8.718919742862E-02,-0.99619177062));
#2492 = DEFINITIONAL_REPRESENTATION('',(#2493),#2496);
#2493 = B_SPLINE_CURVE_WITH_KNOTS('',1,(#2494,#2495),.UNSPECIFIED.,.F.,
  .F.,(2,2),(-24.,0.),.PIECEWISE_BEZIER_KNOTS.);
#2494 = CARTESIAN_POINT('',(25.991821236004,-24.));
#2495 = CARTESIAN_POINT('',(25.991821236004,0.));
#2496 = ( GEOMETRIC_REPRESENTATION_CONTEXT(2) 
PARAMETRIC_REPRESENTATION_CONTEXT() REPRESENTATION_CONTEXT('2D SPACE',''
  ) );
#2497 = ORIENTED_EDGE('',*,*,#2498,.F.);
#2498 = EDGE_CURVE('',#2365,#2473,#2499,.T.);
#2499 = SURFACE_CURVE('',#2500,(#2505,#2512),.PCURVE_S1.);
#2500 = ELLIPSE('',#2501,3.570309606718E+05,11.99);
#2501 = AXIS2_PLACEMENT_3D('',#2502,#2503,#2504);
#2502 = CARTESIAN_POINT('',(-18.41,-3.554967761273E+05,
    -3.104159204166E+04));
#2503 = DIRECTION('',(0.,-8.715574274766E-02,0.996194698092));
#2504 = DIRECTION('',(0.,0.996194698092,8.715574274766E-02));
#2505 = PCURVE('',#771,#2506);
#2506 = DEFINITIONAL_REPRESENTATION('',(#2507),#2511);
#2507 = ELLIPSE('',#2508,3.570309606718E+05,11.99);
#2508 = AXIS2_PLACEMENT_2D('',#2509,#2510);
#2509 = CARTESIAN_POINT('',(11.99,-3.567873924123E+05));
#2510 = DIRECTION('',(0.,1.));
#2511 = ( GEOMETRIC_REPRESENTATION_CONTEXT(2) 
PARAMETRIC_REPRESENTATION_CONTEXT() REPRESENTATION_CONTEXT('2D SPACE',''
  ) );
#2512 = PCURVE('',#827,#2513);
#2513 = DEFINITIONAL_REPRESENTATION('',(#2514),#2521);
#2514 = B_SPLINE_CURVE_WITH_KNOTS('',5,(#2515,#2516,#2517,#2518,#2519,
    #2520),.UNSPECIFIED.,.F.,.F.,(6,6),(3.670981179335E-02,
    3.69380474921E-02),.PIECEWISE_BEZIER_KNOTS.);
#2515 = CARTESIAN_POINT('',(-1.534086515002,3.0000005999));
#2516 = CARTESIAN_POINT('',(-1.534040867862,2.401858930736));
#2517 = CARTESIAN_POINT('',(-1.533995220722,1.802787973817));
#2518 = CARTESIAN_POINT('',(-1.533949573582,1.2027877308));
#2519 = CARTESIAN_POINT('',(-1.533903926443,0.601858205645));
#2520 = CARTESIAN_POINT('',(-1.533858279303,-5.999610124263E-07));
#2521 = ( GEOMETRIC_REPRESENTATION_CONTEXT(2) 
PARAMETRIC_REPRESENTATION_CONTEXT() REPRESENTATION_CONTEXT('2D SPACE',''
  ) );
#2522 = ADVANCED_FACE('',(#2523),#799,.T.);
#2523 = FACE_BOUND('',#2524,.T.);
#2524 = EDGE_LOOP('',(#2525,#2550,#2551));
#2525 = ORIENTED_EDGE('',*,*,#2526,.F.);
#2526 = EDGE_CURVE('',#2365,#784,#2527,.T.);
#2527 = SURFACE_CURVE('',#2528,(#2533,#2540),.PCURVE_S1.);
#2528 = ELLIPSE('',#2529,11.990000006761,11.99);
#2529 = AXIS2_PLACEMENT_3D('',#2530,#2531,#2532);
#2530 = CARTESIAN_POINT('',(-18.41,-65.12316931399,66.675940553075));
#2531 = DIRECTION('',(0.,0.996194698092,8.715574274766E-02));
#2532 = DIRECTION('',(0.,-8.715574274766E-02,0.996194698092));
#2533 = PCURVE('',#799,#2534);
#2534 = DEFINITIONAL_REPRESENTATION('',(#2535),#2539);
#2535 = ELLIPSE('',#2536,11.990000006761,11.99);
#2536 = AXIS2_PLACEMENT_2D('',#2537,#2538);
#2537 = CARTESIAN_POINT('',(11.98192111795,11.99));
#2538 = DIRECTION('',(1.,0.));
#2539 = ( GEOMETRIC_REPRESENTATION_CONTEXT(2) 
PARAMETRIC_REPRESENTATION_CONTEXT() REPRESENTATION_CONTEXT('2D SPACE',''
  ) );
#2540 = PCURVE('',#827,#2541);
#2541 = DEFINITIONAL_REPRESENTATION('',(#2542),#2549);
#2542 = B_SPLINE_CURVE_WITH_KNOTS('',5,(#2543,#2544,#2545,#2546,#2547,
    #2548),.UNSPECIFIED.,.F.,.F.,(6,6),(3.14159265359,4.712388980385),
  .PIECEWISE_BEZIER_KNOTS.);
#2543 = CARTESIAN_POINT('',(-1.570796326795,2.974022666532));
#2544 = CARTESIAN_POINT('',(-1.256637061436,2.974022666532));
#2545 = CARTESIAN_POINT('',(-0.942477796077,2.974072205205));
#2546 = CARTESIAN_POINT('',(-0.628318530718,2.97417221123));
#2547 = CARTESIAN_POINT('',(-0.314159265359,2.974298823346));
#2548 = CARTESIAN_POINT('',(0.,2.974425320968));
#2549 = ( GEOMETRIC_REPRESENTATION_CONTEXT(2) 
PARAMETRIC_REPRESENTATION_CONTEXT() REPRESENTATION_CONTEXT('2D SPACE',''
  ) );
#2550 = ORIENTED_EDGE('',*,*,#2364,.F.);
#2551 = ORIENTED_EDGE('',*,*,#783,.T.);
#2552 = ADVANCED_FACE('',(#2553),#827,.T.);
#2553 = FACE_BOUND('',#2554,.F.);
#2554 = EDGE_LOOP('',(#2555,#2556,#2584,#2612,#2638,#2639));
#2555 = ORIENTED_EDGE('',*,*,#2498,.T.);
#2556 = ORIENTED_EDGE('',*,*,#2557,.T.);
#2557 = EDGE_CURVE('',#2473,#2558,#2560,.T.);
#2558 = VERTEX_POINT('',#2559);
#2559 = CARTESIAN_POINT('',(-18.41,-67.0408688639,54.472263466791));
#2560 = SURFACE_CURVE('',#2561,(#2566,#2573),.PCURVE_S1.);
#2561 = CIRCLE('',#2562,11.99);
#2562 = AXIS2_PLACEMENT_3D('',#2563,#2564,#2565);
#2563 = CARTESIAN_POINT('',(-18.41,-68.08626734106,66.416602796529));
#2564 = DIRECTION('',(0.,-0.99619177062,-8.718919742862E-02));
#2565 = DIRECTION('',(0.,8.718919742862E-02,-0.99619177062));
#2566 = PCURVE('',#827,#2567);
#2567 = DEFINITIONAL_REPRESENTATION('',(#2568),#2572);
#2568 = LINE('',#2569,#2570);
#2569 = CARTESIAN_POINT('',(4.712388980385,-0.));
#2570 = VECTOR('',#2571,1.);
#2571 = DIRECTION('',(-1.,0.));
#2572 = ( GEOMETRIC_REPRESENTATION_CONTEXT(2) 
PARAMETRIC_REPRESENTATION_CONTEXT() REPRESENTATION_CONTEXT('2D SPACE',''
  ) );
#2573 = PCURVE('',#2487,#2574);
#2574 = DEFINITIONAL_REPRESENTATION('',(#2575),#2583);
#2575 = ( BOUNDED_CURVE() B_SPLINE_CURVE(2,(#2576,#2577,#2578,#2579,
#2580,#2581,#2582),.UNSPECIFIED.,.T.,.F.) B_SPLINE_CURVE_WITH_KNOTS((1,2
    ,2,2,2,1),(-2.094395102393,0.,2.094395102393,4.188790204786,
6.28318530718,8.377580409573),.UNSPECIFIED.) CURVE() 
GEOMETRIC_REPRESENTATION_ITEM() RATIONAL_B_SPLINE_CURVE((1.,0.5,1.,0.5,
1.,0.5,1.)) REPRESENTATION_ITEM('') );
#2576 = CARTESIAN_POINT('',(26.,-11.99));
#2577 = CARTESIAN_POINT('',(26.,-32.75728918275));
#2578 = CARTESIAN_POINT('',(8.015,-22.37364459137));
#2579 = CARTESIAN_POINT('',(-9.97,-11.99));
#2580 = CARTESIAN_POINT('',(8.015,-1.606355408625));
#2581 = CARTESIAN_POINT('',(26.,8.777289182751));
#2582 = CARTESIAN_POINT('',(26.,-11.99));
#2583 = ( GEOMETRIC_REPRESENTATION_CONTEXT(2) 
PARAMETRIC_REPRESENTATION_CONTEXT() REPRESENTATION_CONTEXT('2D SPACE',''
  ) );
#2584 = ORIENTED_EDGE('',*,*,#2585,.T.);
#2585 = EDGE_CURVE('',#2558,#2586,#2588,.T.);
#2586 = VERTEX_POINT('',#2587);
#2587 = CARTESIAN_POINT('',(-18.41,-64.05229355203,54.733831059077));
#2588 = SURFACE_CURVE('',#2589,(#2593,#2600),.PCURVE_S1.);
#2589 = LINE('',#2590,#2591);
#2590 = CARTESIAN_POINT('',(-18.41,-67.0408688639,54.472263466791));
#2591 = VECTOR('',#2592,1.);
#2592 = DIRECTION('',(0.,0.99619177062,8.718919742862E-02));
#2593 = PCURVE('',#827,#2594);
#2594 = DEFINITIONAL_REPRESENTATION('',(#2595),#2599);
#2595 = LINE('',#2596,#2597);
#2596 = CARTESIAN_POINT('',(-1.570796326795,0.));
#2597 = VECTOR('',#2598,1.);
#2598 = DIRECTION('',(-0.,1.));
#2599 = ( GEOMETRIC_REPRESENTATION_CONTEXT(2) 
PARAMETRIC_REPRESENTATION_CONTEXT() REPRESENTATION_CONTEXT('2D SPACE',''
  ) );
#2600 = PCURVE('',#2601,#2606);
#2601 = PLANE('',#2602);
#2602 = AXIS2_PLACEMENT_3D('',#2603,#2604,#2605);
#2603 = CARTESIAN_POINT('',(-30.4,-67.0408688639,54.472263466791));
#2604 = DIRECTION('',(0.,8.718919742862E-02,-0.99619177062));
#2605 = DIRECTION('',(0.,0.99619177062,8.718919742862E-02));
#2606 = DEFINITIONAL_REPRESENTATION('',(#2607),#2611);
#2607 = LINE('',#2608,#2609);
#2608 = CARTESIAN_POINT('',(0.,11.99));
#2609 = VECTOR('',#2610,1.);
#2610 = DIRECTION('',(1.,0.));
#2611 = ( GEOMETRIC_REPRESENTATION_CONTEXT(2) 
PARAMETRIC_REPRESENTATION_CONTEXT() REPRESENTATION_CONTEXT('2D SPACE',''
  ) );
#2612 = ORIENTED_EDGE('',*,*,#2613,.F.);
#2613 = EDGE_CURVE('',#812,#2586,#2614,.T.);
#2614 = SURFACE_CURVE('',#2615,(#2620,#2627),.PCURVE_S1.);
#2615 = CIRCLE('',#2616,11.99);
#2616 = AXIS2_PLACEMENT_3D('',#2617,#2618,#2619);
#2617 = CARTESIAN_POINT('',(-18.41,-65.0976920292,66.678170388815));
#2618 = DIRECTION('',(0.,-0.99619177062,-8.718919742862E-02));
#2619 = DIRECTION('',(0.,8.718919742862E-02,-0.99619177062));
#2620 = PCURVE('',#827,#2621);
#2621 = DEFINITIONAL_REPRESENTATION('',(#2622),#2626);
#2622 = LINE('',#2623,#2624);
#2623 = CARTESIAN_POINT('',(4.712388980385,3.));
#2624 = VECTOR('',#2625,1.);
#2625 = DIRECTION('',(-1.,0.));
#2626 = ( GEOMETRIC_REPRESENTATION_CONTEXT(2) 
PARAMETRIC_REPRESENTATION_CONTEXT() REPRESENTATION_CONTEXT('2D SPACE',''
  ) );
#2627 = PCURVE('',#855,#2628);
#2628 = DEFINITIONAL_REPRESENTATION('',(#2629),#2637);
#2629 = ( BOUNDED_CURVE() B_SPLINE_CURVE(2,(#2630,#2631,#2632,#2633,
#2634,#2635,#2636),.UNSPECIFIED.,.T.,.F.) B_SPLINE_CURVE_WITH_KNOTS((1,2
    ,2,2,2,1),(-2.094395102393,0.,2.094395102393,4.188790204786,
6.28318530718,8.377580409573),.UNSPECIFIED.) CURVE() 
GEOMETRIC_REPRESENTATION_ITEM() RATIONAL_B_SPLINE_CURVE((1.,0.5,1.,0.5,
1.,0.5,1.)) REPRESENTATION_ITEM('') );
#2630 = CARTESIAN_POINT('',(26.,-11.99));
#2631 = CARTESIAN_POINT('',(26.,-32.75728918275));
#2632 = CARTESIAN_POINT('',(8.015,-22.37364459137));
#2633 = CARTESIAN_POINT('',(-9.97,-11.99));
#2634 = CARTESIAN_POINT('',(8.015,-1.606355408625));
#2635 = CARTESIAN_POINT('',(26.,8.777289182751));
#2636 = CARTESIAN_POINT('',(26.,-11.99));
#2637 = ( GEOMETRIC_REPRESENTATION_CONTEXT(2) 
PARAMETRIC_REPRESENTATION_CONTEXT() REPRESENTATION_CONTEXT('2D SPACE',''
  ) );
#2638 = ORIENTED_EDGE('',*,*,#811,.F.);
#2639 = ORIENTED_EDGE('',*,*,#2526,.F.);
#2640 = ADVANCED_FACE('',(#2641,#2771,#2802,#2833,#2864,#2895),#855,.T.
  );
#2641 = FACE_BOUND('',#2642,.T.);
#2642 = EDGE_LOOP('',(#2643,#2644,#2645,#2646,#2647,#2648,#2669,#2702,
    #2725,#2749,#2770));
#2643 = ORIENTED_EDGE('',*,*,#839,.F.);
#2644 = ORIENTED_EDGE('',*,*,#1907,.T.);
#2645 = ORIENTED_EDGE('',*,*,#1934,.T.);
#2646 = ORIENTED_EDGE('',*,*,#1983,.F.);
#2647 = ORIENTED_EDGE('',*,*,#2036,.F.);
#2648 = ORIENTED_EDGE('',*,*,#2649,.F.);
#2649 = EDGE_CURVE('',#2650,#2037,#2652,.T.);
#2650 = VERTEX_POINT('',#2651);
#2651 = CARTESIAN_POINT('',(-8.187337937834,-65.8229385766,
    74.964571267565));
#2652 = SURFACE_CURVE('',#2653,(#2657,#2663),.PCURVE_S1.);
#2653 = LINE('',#2654,#2655);
#2654 = CARTESIAN_POINT('',(-19.9,-65.8229385766,74.964571267565));
#2655 = VECTOR('',#2656,1.);
#2656 = DIRECTION('',(-1.,0.,0.));
#2657 = PCURVE('',#855,#2658);
#2658 = DEFINITIONAL_REPRESENTATION('',(#2659),#2662);
#2659 = B_SPLINE_CURVE_WITH_KNOTS('',1,(#2660,#2661),.UNSPECIFIED.,.F.,
  .F.,(2,2),(-13.5,-10.5),.PIECEWISE_BEZIER_KNOTS.);
#2660 = CARTESIAN_POINT('',(5.691921972122,-24.));
#2661 = CARTESIAN_POINT('',(5.691921972122,-21.));
#2662 = ( GEOMETRIC_REPRESENTATION_CONTEXT(2) 
PARAMETRIC_REPRESENTATION_CONTEXT() REPRESENTATION_CONTEXT('2D SPACE',''
  ) );
#2663 = PCURVE('',#2073,#2664);
#2664 = DEFINITIONAL_REPRESENTATION('',(#2665),#2668);
#2665 = B_SPLINE_CURVE_WITH_KNOTS('',1,(#2666,#2667),.UNSPECIFIED.,.F.,
  .F.,(2,2),(-13.5,-10.5),.PIECEWISE_BEZIER_KNOTS.);
#2666 = CARTESIAN_POINT('',(3.,2.025295336982));
#2667 = CARTESIAN_POINT('',(0.,2.025295336982));
#2668 = ( GEOMETRIC_REPRESENTATION_CONTEXT(2) 
PARAMETRIC_REPRESENTATION_CONTEXT() REPRESENTATION_CONTEXT('2D SPACE',''
  ) );
#2669 = ORIENTED_EDGE('',*,*,#2670,.F.);
#2670 = EDGE_CURVE('',#2671,#2650,#2673,.T.);
#2671 = VERTEX_POINT('',#2672);
#2672 = CARTESIAN_POINT('',(-6.4,-65.27381420801,68.690477765468));
#2673 = SURFACE_CURVE('',#2674,(#2679,#2690),.PCURVE_S1.);
#2674 = CIRCLE('',#2675,11.99);
#2675 = AXIS2_PLACEMENT_3D('',#2676,#2677,#2678);
#2676 = CARTESIAN_POINT('',(-18.39,-65.27381420801,68.690477765468));
#2677 = DIRECTION('',(0.,-0.99619177062,-8.718919742862E-02));
#2678 = DIRECTION('',(0.,8.718919742862E-02,-0.99619177062));
#2679 = PCURVE('',#855,#2680);
#2680 = DEFINITIONAL_REPRESENTATION('',(#2681),#2689);
#2681 = ( BOUNDED_CURVE() B_SPLINE_CURVE(2,(#2682,#2683,#2684,#2685,
#2686,#2687,#2688),.UNSPECIFIED.,.T.,.F.) B_SPLINE_CURVE_WITH_KNOTS((1,2
    ,2,2,2,1),(-2.094395102393,0.,2.094395102393,4.188790204786,
6.28318530718,8.377580409573),.UNSPECIFIED.) CURVE() 
GEOMETRIC_REPRESENTATION_ITEM() RATIONAL_B_SPLINE_CURVE((1.,0.5,1.,0.5,
1.,0.5,1.)) REPRESENTATION_ITEM('') );
#2682 = CARTESIAN_POINT('',(23.98,-12.01));
#2683 = CARTESIAN_POINT('',(23.98,-32.77728918275));
#2684 = CARTESIAN_POINT('',(5.995,-22.39364459137));
#2685 = CARTESIAN_POINT('',(-11.99,-12.01));
#2686 = CARTESIAN_POINT('',(5.995,-1.626355408625));
#2687 = CARTESIAN_POINT('',(23.98,8.757289182751));
#2688 = CARTESIAN_POINT('',(23.98,-12.01));
#2689 = ( GEOMETRIC_REPRESENTATION_CONTEXT(2) 
PARAMETRIC_REPRESENTATION_CONTEXT() REPRESENTATION_CONTEXT('2D SPACE',''
  ) );
#2690 = PCURVE('',#2691,#2696);
#2691 = CYLINDRICAL_SURFACE('',#2692,11.99);
#2692 = AXIS2_PLACEMENT_3D('',#2693,#2694,#2695);
#2693 = CARTESIAN_POINT('',(-18.39,-68.26238951987,68.428910173182));
#2694 = DIRECTION('',(0.,0.99619177062,8.718919742862E-02));
#2695 = DIRECTION('',(1.,0.,0.));
#2696 = DEFINITIONAL_REPRESENTATION('',(#2697),#2701);
#2697 = LINE('',#2698,#2699);
#2698 = CARTESIAN_POINT('',(1.570796326795,3.));
#2699 = VECTOR('',#2700,1.);
#2700 = DIRECTION('',(-1.,0.));
#2701 = ( GEOMETRIC_REPRESENTATION_CONTEXT(2) 
PARAMETRIC_REPRESENTATION_CONTEXT() REPRESENTATION_CONTEXT('2D SPACE',''
  ) );
#2702 = ORIENTED_EDGE('',*,*,#2703,.T.);
#2703 = EDGE_CURVE('',#2671,#2704,#2706,.T.);
#2704 = VERTEX_POINT('',#2705);
#2705 = CARTESIAN_POINT('',(-6.4,-65.0976920292,66.678170388815));
#2706 = SURFACE_CURVE('',#2707,(#2711,#2718),.PCURVE_S1.);
#2707 = LINE('',#2708,#2709);
#2708 = CARTESIAN_POINT('',(-6.4,-66.31921268518,80.634817095206));
#2709 = VECTOR('',#2710,1.);
#2710 = DIRECTION('',(0.,8.718919742862E-02,-0.99619177062));
#2711 = PCURVE('',#855,#2712);
#2712 = DEFINITIONAL_REPRESENTATION('',(#2713),#2717);
#2713 = LINE('',#2714,#2715);
#2714 = CARTESIAN_POINT('',(0.,-24.));
#2715 = VECTOR('',#2716,1.);
#2716 = DIRECTION('',(1.,0.));
#2717 = ( GEOMETRIC_REPRESENTATION_CONTEXT(2) 
PARAMETRIC_REPRESENTATION_CONTEXT() REPRESENTATION_CONTEXT('2D SPACE',''
  ) );
#2718 = PCURVE('',#1785,#2719);
#2719 = DEFINITIONAL_REPRESENTATION('',(#2720),#2724);
#2720 = LINE('',#2721,#2722);
#2721 = CARTESIAN_POINT('',(-2.508078031088,-3.025104187888));
#2722 = VECTOR('',#2723,1.);
#2723 = DIRECTION('',(-0.999999999436,-3.358252174388E-05));
#2724 = ( GEOMETRIC_REPRESENTATION_CONTEXT(2) 
PARAMETRIC_REPRESENTATION_CONTEXT() REPRESENTATION_CONTEXT('2D SPACE',''
  ) );
#2725 = ORIENTED_EDGE('',*,*,#2726,.T.);
#2726 = EDGE_CURVE('',#2704,#2727,#2729,.T.);
#2727 = VERTEX_POINT('',#2728);
#2728 = CARTESIAN_POINT('',(-18.39,-64.05229355203,54.733831059077));
#2729 = SURFACE_CURVE('',#2730,(#2735,#2742),.PCURVE_S1.);
#2730 = CIRCLE('',#2731,11.99);
#2731 = AXIS2_PLACEMENT_3D('',#2732,#2733,#2734);
#2732 = CARTESIAN_POINT('',(-18.39,-65.0976920292,66.678170388815));
#2733 = DIRECTION('',(0.,0.99619177062,8.718919742862E-02));
#2734 = DIRECTION('',(0.,8.718919742862E-02,-0.99619177062));
#2735 = PCURVE('',#855,#2736);
#2736 = DEFINITIONAL_REPRESENTATION('',(#2737),#2741);
#2737 = CIRCLE('',#2738,11.99);
#2738 = AXIS2_PLACEMENT_2D('',#2739,#2740);
#2739 = CARTESIAN_POINT('',(14.01,-12.01));
#2740 = DIRECTION('',(1.,0.));
#2741 = ( GEOMETRIC_REPRESENTATION_CONTEXT(2) 
PARAMETRIC_REPRESENTATION_CONTEXT() REPRESENTATION_CONTEXT('2D SPACE',''
  ) );
#2742 = PCURVE('',#2457,#2743);
#2743 = DEFINITIONAL_REPRESENTATION('',(#2744),#2748);
#2744 = LINE('',#2745,#2746);
#2745 = CARTESIAN_POINT('',(-4.712388980385,3.));
#2746 = VECTOR('',#2747,1.);
#2747 = DIRECTION('',(1.,0.));
#2748 = ( GEOMETRIC_REPRESENTATION_CONTEXT(2) 
PARAMETRIC_REPRESENTATION_CONTEXT() REPRESENTATION_CONTEXT('2D SPACE',''
  ) );
#2749 = ORIENTED_EDGE('',*,*,#2750,.F.);
#2750 = EDGE_CURVE('',#2586,#2727,#2751,.T.);
#2751 = SURFACE_CURVE('',#2752,(#2756,#2763),.PCURVE_S1.);
#2752 = LINE('',#2753,#2754);
#2753 = CARTESIAN_POINT('',(-30.4,-64.05229355203,54.733831059077));
#2754 = VECTOR('',#2755,1.);
#2755 = DIRECTION('',(1.,0.,0.));
#2756 = PCURVE('',#855,#2757);
#2757 = DEFINITIONAL_REPRESENTATION('',(#2758),#2762);
#2758 = LINE('',#2759,#2760);
#2759 = CARTESIAN_POINT('',(26.,0.));
#2760 = VECTOR('',#2761,1.);
#2761 = DIRECTION('',(0.,-1.));
#2762 = ( GEOMETRIC_REPRESENTATION_CONTEXT(2) 
PARAMETRIC_REPRESENTATION_CONTEXT() REPRESENTATION_CONTEXT('2D SPACE',''
  ) );
#2763 = PCURVE('',#2601,#2764);
#2764 = DEFINITIONAL_REPRESENTATION('',(#2765),#2769);
#2765 = LINE('',#2766,#2767);
#2766 = CARTESIAN_POINT('',(3.,0.));
#2767 = VECTOR('',#2768,1.);
#2768 = DIRECTION('',(0.,1.));
#2769 = ( GEOMETRIC_REPRESENTATION_CONTEXT(2) 
PARAMETRIC_REPRESENTATION_CONTEXT() REPRESENTATION_CONTEXT('2D SPACE',''
  ) );
#2770 = ORIENTED_EDGE('',*,*,#2613,.F.);
#2771 = FACE_BOUND('',#2772,.T.);
#2772 = EDGE_LOOP('',(#2773));
#2773 = ORIENTED_EDGE('',*,*,#2774,.F.);
#2774 = EDGE_CURVE('',#2775,#2775,#2777,.T.);
#2775 = VERTEX_POINT('',#2776);
#2776 = CARTESIAN_POINT('',(-11.3,-65.18575311861,67.684324077141));
#2777 = SURFACE_CURVE('',#2778,(#2783,#2790),.PCURVE_S1.);
#2778 = CIRCLE('',#2779,1.1);
#2779 = AXIS2_PLACEMENT_3D('',#2780,#2781,#2782);
#2780 = CARTESIAN_POINT('',(-12.4,-65.18575311861,67.684324077141));
#2781 = DIRECTION('',(-0.,0.99619177062,8.718919742862E-02));
#2782 = DIRECTION('',(1.,0.,0.));
#2783 = PCURVE('',#855,#2784);
#2784 = DEFINITIONAL_REPRESENTATION('',(#2785),#2789);
#2785 = CIRCLE('',#2786,1.1);
#2786 = AXIS2_PLACEMENT_2D('',#2787,#2788);
#2787 = CARTESIAN_POINT('',(13.,-18.));
#2788 = DIRECTION('',(0.,-1.));
#2789 = ( GEOMETRIC_REPRESENTATION_CONTEXT(2) 
PARAMETRIC_REPRESENTATION_CONTEXT() REPRESENTATION_CONTEXT('2D SPACE',''
  ) );
#2790 = PCURVE('',#2791,#2796);
#2791 = CYLINDRICAL_SURFACE('',#2792,1.1);
#2792 = AXIS2_PLACEMENT_3D('',#2793,#2794,#2795);
#2793 = CARTESIAN_POINT('',(-12.4,-64.18956134799,67.77151327457));
#2794 = DIRECTION('',(0.,0.99619177062,8.718919742862E-02));
#2795 = DIRECTION('',(1.,0.,0.));
#2796 = DEFINITIONAL_REPRESENTATION('',(#2797),#2801);
#2797 = LINE('',#2798,#2799);
#2798 = CARTESIAN_POINT('',(0.,-1.));
#2799 = VECTOR('',#2800,1.);
#2800 = DIRECTION('',(1.,0.));
#2801 = ( GEOMETRIC_REPRESENTATION_CONTEXT(2) 
PARAMETRIC_REPRESENTATION_CONTEXT() REPRESENTATION_CONTEXT('2D SPACE',''
  ) );
#2802 = FACE_BOUND('',#2803,.T.);
#2803 = EDGE_LOOP('',(#2804));
#2804 = ORIENTED_EDGE('',*,*,#2805,.F.);
#2805 = EDGE_CURVE('',#2806,#2806,#2808,.T.);
#2806 = VERTEX_POINT('',#2807);
#2807 = CARTESIAN_POINT('',(-17.3,-65.70888830318,73.661474700864));
#2808 = SURFACE_CURVE('',#2809,(#2814,#2821),.PCURVE_S1.);
#2809 = CIRCLE('',#2810,1.1);
#2810 = AXIS2_PLACEMENT_3D('',#2811,#2812,#2813);
#2811 = CARTESIAN_POINT('',(-18.4,-65.70888830318,73.661474700864));
#2812 = DIRECTION('',(-0.,0.99619177062,8.718919742862E-02));
#2813 = DIRECTION('',(1.,0.,0.));
#2814 = PCURVE('',#855,#2815);
#2815 = DEFINITIONAL_REPRESENTATION('',(#2816),#2820);
#2816 = CIRCLE('',#2817,1.1);
#2817 = AXIS2_PLACEMENT_2D('',#2818,#2819);
#2818 = CARTESIAN_POINT('',(7.,-12.));
#2819 = DIRECTION('',(0.,-1.));
#2820 = ( GEOMETRIC_REPRESENTATION_CONTEXT(2) 
PARAMETRIC_REPRESENTATION_CONTEXT() REPRESENTATION_CONTEXT('2D SPACE',''
  ) );
#2821 = PCURVE('',#2822,#2827);
#2822 = CYLINDRICAL_SURFACE('',#2823,1.1);
#2823 = AXIS2_PLACEMENT_3D('',#2824,#2825,#2826);
#2824 = CARTESIAN_POINT('',(-18.4,-64.71269653256,73.748663898292));
#2825 = DIRECTION('',(0.,0.99619177062,8.718919742862E-02));
#2826 = DIRECTION('',(1.,0.,0.));
#2827 = DEFINITIONAL_REPRESENTATION('',(#2828),#2832);
#2828 = LINE('',#2829,#2830);
#2829 = CARTESIAN_POINT('',(0.,-1.));
#2830 = VECTOR('',#2831,1.);
#2831 = DIRECTION('',(1.,0.));
#2832 = ( GEOMETRIC_REPRESENTATION_CONTEXT(2) 
PARAMETRIC_REPRESENTATION_CONTEXT() REPRESENTATION_CONTEXT('2D SPACE',''
  ) );
#2833 = FACE_BOUND('',#2834,.T.);
#2834 = EDGE_LOOP('',(#2835));
#2835 = ORIENTED_EDGE('',*,*,#2836,.F.);
#2836 = EDGE_CURVE('',#2837,#2837,#2839,.T.);
#2837 = VERTEX_POINT('',#2838);
#2838 = CARTESIAN_POINT('',(-16.8,-65.18575311861,67.684324077141));
#2839 = SURFACE_CURVE('',#2840,(#2845,#2852),.PCURVE_S1.);
#2840 = CIRCLE('',#2841,1.6);
#2841 = AXIS2_PLACEMENT_3D('',#2842,#2843,#2844);
#2842 = CARTESIAN_POINT('',(-18.4,-65.18575311861,67.684324077141));
#2843 = DIRECTION('',(-0.,0.99619177062,8.718919742862E-02));
#2844 = DIRECTION('',(1.,0.,0.));
#2845 = PCURVE('',#855,#2846);
#2846 = DEFINITIONAL_REPRESENTATION('',(#2847),#2851);
#2847 = CIRCLE('',#2848,1.6);
#2848 = AXIS2_PLACEMENT_2D('',#2849,#2850);
#2849 = CARTESIAN_POINT('',(13.,-12.));
#2850 = DIRECTION('',(0.,-1.));
#2851 = ( GEOMETRIC_REPRESENTATION_CONTEXT(2) 
PARAMETRIC_REPRESENTATION_CONTEXT() REPRESENTATION_CONTEXT('2D SPACE',''
  ) );
#2852 = PCURVE('',#2853,#2858);
#2853 = CYLINDRICAL_SURFACE('',#2854,1.6);
#2854 = AXIS2_PLACEMENT_3D('',#2855,#2856,#2857);
#2855 = CARTESIAN_POINT('',(-18.4,-64.18956134799,67.77151327457));
#2856 = DIRECTION('',(0.,0.99619177062,8.718919742862E-02));
#2857 = DIRECTION('',(1.,0.,0.));
#2858 = DEFINITIONAL_REPRESENTATION('',(#2859),#2863);
#2859 = LINE('',#2860,#2861);
#2860 = CARTESIAN_POINT('',(0.,-1.));
#2861 = VECTOR('',#2862,1.);
#2862 = DIRECTION('',(1.,0.));
#2863 = ( GEOMETRIC_REPRESENTATION_CONTEXT(2) 
PARAMETRIC_REPRESENTATION_CONTEXT() REPRESENTATION_CONTEXT('2D SPACE',''
  ) );
#2864 = FACE_BOUND('',#2865,.T.);
#2865 = EDGE_LOOP('',(#2866));
#2866 = ORIENTED_EDGE('',*,*,#2867,.F.);
#2867 = EDGE_CURVE('',#2868,#2868,#2870,.T.);
#2868 = VERTEX_POINT('',#2869);
#2869 = CARTESIAN_POINT('',(-23.3,-65.18575311861,67.684324077141));
#2870 = SURFACE_CURVE('',#2871,(#2876,#2883),.PCURVE_S1.);
#2871 = CIRCLE('',#2872,1.1);
#2872 = AXIS2_PLACEMENT_3D('',#2873,#2874,#2875);
#2873 = CARTESIAN_POINT('',(-24.4,-65.18575311861,67.684324077141));
#2874 = DIRECTION('',(-0.,0.99619177062,8.718919742862E-02));
#2875 = DIRECTION('',(1.,0.,0.));
#2876 = PCURVE('',#855,#2877);
#2877 = DEFINITIONAL_REPRESENTATION('',(#2878),#2882);
#2878 = CIRCLE('',#2879,1.1);
#2879 = AXIS2_PLACEMENT_2D('',#2880,#2881);
#2880 = CARTESIAN_POINT('',(13.,-6.));
#2881 = DIRECTION('',(0.,-1.));
#2882 = ( GEOMETRIC_REPRESENTATION_CONTEXT(2) 
PARAMETRIC_REPRESENTATION_CONTEXT() REPRESENTATION_CONTEXT('2D SPACE',''
  ) );
#2883 = PCURVE('',#2884,#2889);
#2884 = CYLINDRICAL_SURFACE('',#2885,1.1);
#2885 = AXIS2_PLACEMENT_3D('',#2886,#2887,#2888);
#2886 = CARTESIAN_POINT('',(-24.4,-64.18956134799,67.77151327457));
#2887 = DIRECTION('',(0.,0.99619177062,8.718919742862E-02));
#2888 = DIRECTION('',(1.,0.,0.));
#2889 = DEFINITIONAL_REPRESENTATION('',(#2890),#2894);
#2890 = LINE('',#2891,#2892);
#2891 = CARTESIAN_POINT('',(0.,-1.));
#2892 = VECTOR('',#2893,1.);
#2893 = DIRECTION('',(1.,0.));
#2894 = ( GEOMETRIC_REPRESENTATION_CONTEXT(2) 
PARAMETRIC_REPRESENTATION_CONTEXT() REPRESENTATION_CONTEXT('2D SPACE',''
  ) );
#2895 = FACE_BOUND('',#2896,.T.);
#2896 = EDGE_LOOP('',(#2897));
#2897 = ORIENTED_EDGE('',*,*,#2898,.F.);
#2898 = EDGE_CURVE('',#2899,#2899,#2901,.T.);
#2899 = VERTEX_POINT('',#2900);
#2900 = CARTESIAN_POINT('',(-17.3,-64.66261793403,61.707173453419));
#2901 = SURFACE_CURVE('',#2902,(#2907,#2914),.PCURVE_S1.);
#2902 = CIRCLE('',#2903,1.1);
#2903 = AXIS2_PLACEMENT_3D('',#2904,#2905,#2906);
#2904 = CARTESIAN_POINT('',(-18.4,-64.66261793403,61.707173453419));
#2905 = DIRECTION('',(-0.,0.99619177062,8.718919742862E-02));
#2906 = DIRECTION('',(1.,0.,0.));
#2907 = PCURVE('',#855,#2908);
#2908 = DEFINITIONAL_REPRESENTATION('',(#2909),#2913);
#2909 = CIRCLE('',#2910,1.1);
#2910 = AXIS2_PLACEMENT_2D('',#2911,#2912);
#2911 = CARTESIAN_POINT('',(19.,-12.));
#2912 = DIRECTION('',(0.,-1.));
#2913 = ( GEOMETRIC_REPRESENTATION_CONTEXT(2) 
PARAMETRIC_REPRESENTATION_CONTEXT() REPRESENTATION_CONTEXT('2D SPACE',''
  ) );
#2914 = PCURVE('',#2915,#2920);
#2915 = CYLINDRICAL_SURFACE('',#2916,1.1);
#2916 = AXIS2_PLACEMENT_3D('',#2917,#2918,#2919);
#2917 = CARTESIAN_POINT('',(-18.4,-63.66642616341,61.794362650848));
#2918 = DIRECTION('',(0.,0.99619177062,8.718919742862E-02));
#2919 = DIRECTION('',(1.,0.,0.));
#2920 = DEFINITIONAL_REPRESENTATION('',(#2921),#2925);
#2921 = LINE('',#2922,#2923);
#2922 = CARTESIAN_POINT('',(0.,-1.));
#2923 = VECTOR('',#2924,1.);
#2924 = DIRECTION('',(1.,0.));
#2925 = ( GEOMETRIC_REPRESENTATION_CONTEXT(2) 
PARAMETRIC_REPRESENTATION_CONTEXT() REPRESENTATION_CONTEXT('2D SPACE',''
  ) );
#2926 = ADVANCED_FACE('',(#2927),#929,.F.);
#2927 = FACE_BOUND('',#2928,.F.);
#2928 = EDGE_LOOP('',(#2929,#2952,#2953,#2954,#2955,#2978,#3005,#3031));
#2929 = ORIENTED_EDGE('',*,*,#2930,.F.);
#2930 = EDGE_CURVE('',#914,#2931,#2933,.T.);
#2931 = VERTEX_POINT('',#2932);
#2932 = CARTESIAN_POINT('',(-18.81878841793,-31.20445104239,
    57.615753773092));
#2933 = SURFACE_CURVE('',#2934,(#2938,#2945),.PCURVE_S1.);
#2934 = LINE('',#2935,#2936);
#2935 = CARTESIAN_POINT('',(-30.4,-31.20445104239,57.615753773092));
#2936 = VECTOR('',#2937,1.);
#2937 = DIRECTION('',(1.,0.,0.));
#2938 = PCURVE('',#929,#2939);
#2939 = DEFINITIONAL_REPRESENTATION('',(#2940),#2944);
#2940 = LINE('',#2941,#2942);
#2941 = CARTESIAN_POINT('',(0.,3.));
#2942 = VECTOR('',#2943,1.);
#2943 = DIRECTION('',(1.,0.));
#2944 = ( GEOMETRIC_REPRESENTATION_CONTEXT(2) 
PARAMETRIC_REPRESENTATION_CONTEXT() REPRESENTATION_CONTEXT('2D SPACE',''
  ) );
#2945 = PCURVE('',#957,#2946);
#2946 = DEFINITIONAL_REPRESENTATION('',(#2947),#2951);
#2947 = LINE('',#2948,#2949);
#2948 = CARTESIAN_POINT('',(0.,0.));
#2949 = VECTOR('',#2950,1.);
#2950 = DIRECTION('',(0.,1.));
#2951 = ( GEOMETRIC_REPRESENTATION_CONTEXT(2) 
PARAMETRIC_REPRESENTATION_CONTEXT() REPRESENTATION_CONTEXT('2D SPACE',''
  ) );
#2952 = ORIENTED_EDGE('',*,*,#913,.F.);
#2953 = ORIENTED_EDGE('',*,*,#1105,.T.);
#2954 = ORIENTED_EDGE('',*,*,#1346,.T.);
#2955 = ORIENTED_EDGE('',*,*,#2956,.F.);
#2956 = EDGE_CURVE('',#2957,#1347,#2959,.T.);
#2957 = VERTEX_POINT('',#2958);
#2958 = CARTESIAN_POINT('',(-17.98121158206,-31.20445104239,
    57.615753773092));
#2959 = SURFACE_CURVE('',#2960,(#2964,#2971),.PCURVE_S1.);
#2960 = LINE('',#2961,#2962);
#2961 = CARTESIAN_POINT('',(-30.4,-31.20445104239,57.615753773092));
#2962 = VECTOR('',#2963,1.);
#2963 = DIRECTION('',(1.,0.,0.));
#2964 = PCURVE('',#929,#2965);
#2965 = DEFINITIONAL_REPRESENTATION('',(#2966),#2970);
#2966 = LINE('',#2967,#2968);
#2967 = CARTESIAN_POINT('',(0.,3.));
#2968 = VECTOR('',#2969,1.);
#2969 = DIRECTION('',(1.,0.));
#2970 = ( GEOMETRIC_REPRESENTATION_CONTEXT(2) 
PARAMETRIC_REPRESENTATION_CONTEXT() REPRESENTATION_CONTEXT('2D SPACE',''
  ) );
#2971 = PCURVE('',#1385,#2972);
#2972 = DEFINITIONAL_REPRESENTATION('',(#2973),#2977);
#2973 = LINE('',#2974,#2975);
#2974 = CARTESIAN_POINT('',(0.,0.));
#2975 = VECTOR('',#2976,1.);
#2976 = DIRECTION('',(0.,1.));
#2977 = ( GEOMETRIC_REPRESENTATION_CONTEXT(2) 
PARAMETRIC_REPRESENTATION_CONTEXT() REPRESENTATION_CONTEXT('2D SPACE',''
  ) );
#2978 = ORIENTED_EDGE('',*,*,#2979,.F.);
#2979 = EDGE_CURVE('',#2980,#2957,#2982,.T.);
#2980 = VERTEX_POINT('',#2981);
#2981 = CARTESIAN_POINT('',(-17.97829430984,-34.1671569082,
    57.356550596472));
#2982 = SURFACE_CURVE('',#2983,(#2988,#2995),.PCURVE_S1.);
#2983 = ELLIPSE('',#2984,3.570309606718E+05,11.99);
#2984 = AXIS2_PLACEMENT_3D('',#2985,#2986,#2987);
#2985 = CARTESIAN_POINT('',(-18.39,-3.554967761273E+05,
    -3.104159204166E+04));
#2986 = DIRECTION('',(0.,-8.715574274766E-02,0.996194698092));
#2987 = DIRECTION('',(0.,0.996194698092,8.715574274766E-02));
#2988 = PCURVE('',#929,#2989);
#2989 = DEFINITIONAL_REPRESENTATION('',(#2990),#2994);
#2990 = ELLIPSE('',#2991,3.570309606718E+05,11.99);
#2991 = AXIS2_PLACEMENT_2D('',#2992,#2993);
#2992 = CARTESIAN_POINT('',(12.01,-3.568203924123E+05));
#2993 = DIRECTION('',(0.,1.));
#2994 = ( GEOMETRIC_REPRESENTATION_CONTEXT(2) 
PARAMETRIC_REPRESENTATION_CONTEXT() REPRESENTATION_CONTEXT('2D SPACE',''
  ) );
#2995 = PCURVE('',#1413,#2996);
#2996 = DEFINITIONAL_REPRESENTATION('',(#2997),#3004);
#2997 = B_SPLINE_CURVE_WITH_KNOTS('',5,(#2998,#2999,#3000,#3001,#3002,
    #3003),.UNSPECIFIED.,.F.,.F.,(6,6),(6.248841133878,6.24908671942),
  .PIECEWISE_BEZIER_KNOTS.);
#2998 = CARTESIAN_POINT('',(1.536452153493,-6.001261247945E-07));
#2999 = CARTESIAN_POINT('',(1.536501270602,0.602151710469));
#3000 = CARTESIAN_POINT('',(1.53655038771,1.203227988882));
#3001 = CARTESIAN_POINT('',(1.536599504819,1.803228231685));
#3002 = CARTESIAN_POINT('',(1.536648621927,2.402152436559));
#3003 = CARTESIAN_POINT('',(1.536697739036,3.000000599969));
#3004 = ( GEOMETRIC_REPRESENTATION_CONTEXT(2) 
PARAMETRIC_REPRESENTATION_CONTEXT() REPRESENTATION_CONTEXT('2D SPACE',''
  ) );
#3005 = ORIENTED_EDGE('',*,*,#3006,.T.);
#3006 = EDGE_CURVE('',#2980,#3007,#3009,.T.);
#3007 = VERTEX_POINT('',#3008);
#3008 = CARTESIAN_POINT('',(-18.82170569015,-34.1671569082,
    57.356550596472));
#3009 = SURFACE_CURVE('',#3010,(#3014,#3020),.PCURVE_S1.);
#3010 = LINE('',#3011,#3012);
#3011 = CARTESIAN_POINT('',(-30.4,-34.1671569082,57.356550596472));
#3012 = VECTOR('',#3013,1.);
#3013 = DIRECTION('',(-1.,0.,0.));
#3014 = PCURVE('',#929,#3015);
#3015 = DEFINITIONAL_REPRESENTATION('',(#3016),#3019);
#3016 = B_SPLINE_CURVE_WITH_KNOTS('',1,(#3017,#3018),.UNSPECIFIED.,.F.,
  .F.,(2,2),(-24.,0.),.PIECEWISE_BEZIER_KNOTS.);
#3017 = CARTESIAN_POINT('',(24.,2.597707909013E-02));
#3018 = CARTESIAN_POINT('',(0.,2.597707909013E-02));
#3019 = ( GEOMETRIC_REPRESENTATION_CONTEXT(2) 
PARAMETRIC_REPRESENTATION_CONTEXT() REPRESENTATION_CONTEXT('2D SPACE',''
  ) );
#3020 = PCURVE('',#3021,#3026);
#3021 = PLANE('',#3022);
#3022 = AXIS2_PLACEMENT_3D('',#3023,#3024,#3025);
#3023 = CARTESIAN_POINT('',(-30.4,-36.43345956657,83.250493018065));
#3024 = DIRECTION('',(0.,0.99619177062,8.718919742862E-02));
#3025 = DIRECTION('',(0.,8.718919742862E-02,-0.99619177062));
#3026 = DEFINITIONAL_REPRESENTATION('',(#3027),#3030);
#3027 = B_SPLINE_CURVE_WITH_KNOTS('',1,(#3028,#3029),.UNSPECIFIED.,.F.,
  .F.,(2,2),(-24.,0.),.PIECEWISE_BEZIER_KNOTS.);
#3028 = CARTESIAN_POINT('',(25.992929459222,-24.));
#3029 = CARTESIAN_POINT('',(25.992929459222,0.));
#3030 = ( GEOMETRIC_REPRESENTATION_CONTEXT(2) 
PARAMETRIC_REPRESENTATION_CONTEXT() REPRESENTATION_CONTEXT('2D SPACE',''
  ) );
#3031 = ORIENTED_EDGE('',*,*,#3032,.F.);
#3032 = EDGE_CURVE('',#2931,#3007,#3033,.T.);
#3033 = SURFACE_CURVE('',#3034,(#3039,#3046),.PCURVE_S1.);
#3034 = ELLIPSE('',#3035,3.570309606718E+05,11.99);
#3035 = AXIS2_PLACEMENT_3D('',#3036,#3037,#3038);
#3036 = CARTESIAN_POINT('',(-18.41,-3.554967761273E+05,
    -3.104159204166E+04));
#3037 = DIRECTION('',(0.,-8.715574274766E-02,0.996194698092));
#3038 = DIRECTION('',(0.,0.996194698092,8.715574274766E-02));
#3039 = PCURVE('',#929,#3040);
#3040 = DEFINITIONAL_REPRESENTATION('',(#3041),#3045);
#3041 = ELLIPSE('',#3042,3.570309606718E+05,11.99);
#3042 = AXIS2_PLACEMENT_2D('',#3043,#3044);
#3043 = CARTESIAN_POINT('',(11.99,-3.568203924123E+05));
#3044 = DIRECTION('',(0.,1.));
#3045 = ( GEOMETRIC_REPRESENTATION_CONTEXT(2) 
PARAMETRIC_REPRESENTATION_CONTEXT() REPRESENTATION_CONTEXT('2D SPACE',''
  ) );
#3046 = PCURVE('',#985,#3047);
#3047 = DEFINITIONAL_REPRESENTATION('',(#3048),#3055);
#3048 = B_SPLINE_CURVE_WITH_KNOTS('',5,(#3049,#3050,#3051,#3052,#3053,
    #3054),.UNSPECIFIED.,.F.,.F.,(6,6),(3.409858775928E-02,
    3.434417330169E-02),.PIECEWISE_BEZIER_KNOTS.);
#3049 = CARTESIAN_POINT('',(-1.536697739036,3.000000599969));
#3050 = CARTESIAN_POINT('',(-1.536648621927,2.402152436559));
#3051 = CARTESIAN_POINT('',(-1.536599504819,1.803228231701));
#3052 = CARTESIAN_POINT('',(-1.53655038771,1.203227988951));
#3053 = CARTESIAN_POINT('',(-1.536501270602,0.60215171047));
#3054 = CARTESIAN_POINT('',(-1.536452153493,-6.001261247945E-07));
#3055 = ( GEOMETRIC_REPRESENTATION_CONTEXT(2) 
PARAMETRIC_REPRESENTATION_CONTEXT() REPRESENTATION_CONTEXT('2D SPACE',''
  ) );
#3056 = ADVANCED_FACE('',(#3057),#957,.T.);
#3057 = FACE_BOUND('',#3058,.T.);
#3058 = EDGE_LOOP('',(#3059,#3084,#3085));
#3059 = ORIENTED_EDGE('',*,*,#3060,.F.);
#3060 = EDGE_CURVE('',#2931,#942,#3061,.T.);
#3061 = SURFACE_CURVE('',#3062,(#3067,#3074),.PCURVE_S1.);
#3062 = ELLIPSE('',#3063,11.990000006761,11.99);
#3063 = AXIS2_PLACEMENT_3D('',#3064,#3065,#3066);
#3064 = CARTESIAN_POINT('',(-18.41,-32.24884086498,69.553184069842));
#3065 = DIRECTION('',(0.,0.996194698092,8.715574274766E-02));
#3066 = DIRECTION('',(0.,-8.715574274766E-02,0.996194698092));
#3067 = PCURVE('',#957,#3068);
#3068 = DEFINITIONAL_REPRESENTATION('',(#3069),#3073);
#3069 = ELLIPSE('',#3070,11.990000006761,11.99);
#3070 = AXIS2_PLACEMENT_2D('',#3071,#3072);
#3071 = CARTESIAN_POINT('',(11.983029341169,11.99));
#3072 = DIRECTION('',(1.,0.));
#3073 = ( GEOMETRIC_REPRESENTATION_CONTEXT(2) 
PARAMETRIC_REPRESENTATION_CONTEXT() REPRESENTATION_CONTEXT('2D SPACE',''
  ) );
#3074 = PCURVE('',#985,#3075);
#3075 = DEFINITIONAL_REPRESENTATION('',(#3076),#3083);
#3076 = B_SPLINE_CURVE_WITH_KNOTS('',5,(#3077,#3078,#3079,#3080,#3081,
    #3082),.UNSPECIFIED.,.F.,.F.,(6,6),(3.14159265359,4.712388980385),
  .PIECEWISE_BEZIER_KNOTS.);
#3077 = CARTESIAN_POINT('',(-1.570796326795,2.97402268514));
#3078 = CARTESIAN_POINT('',(-1.256637061436,2.97402268514));
#3079 = CARTESIAN_POINT('',(-0.942477796077,2.974072223814));
#3080 = CARTESIAN_POINT('',(-0.628318530718,2.974172229838));
#3081 = CARTESIAN_POINT('',(-0.314159265359,2.974298841954));
#3082 = CARTESIAN_POINT('',(0.,2.974425339576));
#3083 = ( GEOMETRIC_REPRESENTATION_CONTEXT(2) 
PARAMETRIC_REPRESENTATION_CONTEXT() REPRESENTATION_CONTEXT('2D SPACE',''
  ) );
#3084 = ORIENTED_EDGE('',*,*,#2930,.F.);
#3085 = ORIENTED_EDGE('',*,*,#941,.F.);
#3086 = ADVANCED_FACE('',(#3087),#985,.T.);
#3087 = FACE_BOUND('',#3088,.F.);
#3088 = EDGE_LOOP('',(#3089,#3090,#3118,#3146,#3172,#3173));
#3089 = ORIENTED_EDGE('',*,*,#3032,.T.);
#3090 = ORIENTED_EDGE('',*,*,#3091,.T.);
#3091 = EDGE_CURVE('',#3007,#3092,#3094,.T.);
#3092 = VERTEX_POINT('',#3093);
#3093 = CARTESIAN_POINT('',(-18.41,-34.16654043342,57.349506981935));
#3094 = SURFACE_CURVE('',#3095,(#3100,#3107),.PCURVE_S1.);
#3095 = CIRCLE('',#3096,11.99);
#3096 = AXIS2_PLACEMENT_3D('',#3097,#3098,#3099);
#3097 = CARTESIAN_POINT('',(-18.41,-35.21193891059,69.293846311673));
#3098 = DIRECTION('',(0.,-0.99619177062,-8.718919742862E-02));
#3099 = DIRECTION('',(0.,8.718919742862E-02,-0.99619177062));
#3100 = PCURVE('',#985,#3101);
#3101 = DEFINITIONAL_REPRESENTATION('',(#3102),#3106);
#3102 = LINE('',#3103,#3104);
#3103 = CARTESIAN_POINT('',(4.712388980385,-0.));
#3104 = VECTOR('',#3105,1.);
#3105 = DIRECTION('',(-1.,0.));
#3106 = ( GEOMETRIC_REPRESENTATION_CONTEXT(2) 
PARAMETRIC_REPRESENTATION_CONTEXT() REPRESENTATION_CONTEXT('2D SPACE',''
  ) );
#3107 = PCURVE('',#3021,#3108);
#3108 = DEFINITIONAL_REPRESENTATION('',(#3109),#3117);
#3109 = ( BOUNDED_CURVE() B_SPLINE_CURVE(2,(#3110,#3111,#3112,#3113,
#3114,#3115,#3116),.UNSPECIFIED.,.T.,.F.) B_SPLINE_CURVE_WITH_KNOTS((1,2
    ,2,2,2,1),(-2.094395102393,0.,2.094395102393,4.188790204786,
6.28318530718,8.377580409573),.UNSPECIFIED.) CURVE() 
GEOMETRIC_REPRESENTATION_ITEM() RATIONAL_B_SPLINE_CURVE((1.,0.5,1.,0.5,
1.,0.5,1.)) REPRESENTATION_ITEM('') );
#3110 = CARTESIAN_POINT('',(26.,-11.99));
#3111 = CARTESIAN_POINT('',(26.,-32.75728918275));
#3112 = CARTESIAN_POINT('',(8.015,-22.37364459137));
#3113 = CARTESIAN_POINT('',(-9.97,-11.99));
#3114 = CARTESIAN_POINT('',(8.015,-1.606355408625));
#3115 = CARTESIAN_POINT('',(26.,8.777289182751));
#3116 = CARTESIAN_POINT('',(26.,-11.99));
#3117 = ( GEOMETRIC_REPRESENTATION_CONTEXT(2) 
PARAMETRIC_REPRESENTATION_CONTEXT() REPRESENTATION_CONTEXT('2D SPACE',''
  ) );
#3118 = ORIENTED_EDGE('',*,*,#3119,.T.);
#3119 = EDGE_CURVE('',#3092,#3120,#3122,.T.);
#3120 = VERTEX_POINT('',#3121);
#3121 = CARTESIAN_POINT('',(-18.41,-31.17796512156,57.611074574221));
#3122 = SURFACE_CURVE('',#3123,(#3127,#3134),.PCURVE_S1.);
#3123 = LINE('',#3124,#3125);
#3124 = CARTESIAN_POINT('',(-18.41,-34.16654043342,57.349506981935));
#3125 = VECTOR('',#3126,1.);
#3126 = DIRECTION('',(0.,0.99619177062,8.718919742862E-02));
#3127 = PCURVE('',#985,#3128);
#3128 = DEFINITIONAL_REPRESENTATION('',(#3129),#3133);
#3129 = LINE('',#3130,#3131);
#3130 = CARTESIAN_POINT('',(-1.570796326795,0.));
#3131 = VECTOR('',#3132,1.);
#3132 = DIRECTION('',(-0.,1.));
#3133 = ( GEOMETRIC_REPRESENTATION_CONTEXT(2) 
PARAMETRIC_REPRESENTATION_CONTEXT() REPRESENTATION_CONTEXT('2D SPACE',''
  ) );
#3134 = PCURVE('',#3135,#3140);
#3135 = PLANE('',#3136);
#3136 = AXIS2_PLACEMENT_3D('',#3137,#3138,#3139);
#3137 = CARTESIAN_POINT('',(-30.4,-34.16654043342,57.349506981935));
#3138 = DIRECTION('',(0.,8.718919742862E-02,-0.99619177062));
#3139 = DIRECTION('',(0.,0.99619177062,8.718919742862E-02));
#3140 = DEFINITIONAL_REPRESENTATION('',(#3141),#3145);
#3141 = LINE('',#3142,#3143);
#3142 = CARTESIAN_POINT('',(0.,11.99));
#3143 = VECTOR('',#3144,1.);
#3144 = DIRECTION('',(1.,0.));
#3145 = ( GEOMETRIC_REPRESENTATION_CONTEXT(2) 
PARAMETRIC_REPRESENTATION_CONTEXT() REPRESENTATION_CONTEXT('2D SPACE',''
  ) );
#3146 = ORIENTED_EDGE('',*,*,#3147,.F.);
#3147 = EDGE_CURVE('',#970,#3120,#3148,.T.);
#3148 = SURFACE_CURVE('',#3149,(#3154,#3161),.PCURVE_S1.);
#3149 = CIRCLE('',#3150,11.99);
#3150 = AXIS2_PLACEMENT_3D('',#3151,#3152,#3153);
#3151 = CARTESIAN_POINT('',(-18.41,-32.22336359873,69.555413903959));
#3152 = DIRECTION('',(0.,-0.99619177062,-8.718919742862E-02));
#3153 = DIRECTION('',(0.,8.718919742862E-02,-0.99619177062));
#3154 = PCURVE('',#985,#3155);
#3155 = DEFINITIONAL_REPRESENTATION('',(#3156),#3160);
#3156 = LINE('',#3157,#3158);
#3157 = CARTESIAN_POINT('',(4.712388980385,3.));
#3158 = VECTOR('',#3159,1.);
#3159 = DIRECTION('',(-1.,0.));
#3160 = ( GEOMETRIC_REPRESENTATION_CONTEXT(2) 
PARAMETRIC_REPRESENTATION_CONTEXT() REPRESENTATION_CONTEXT('2D SPACE',''
  ) );
#3161 = PCURVE('',#1013,#3162);
#3162 = DEFINITIONAL_REPRESENTATION('',(#3163),#3171);
#3163 = ( BOUNDED_CURVE() B_SPLINE_CURVE(2,(#3164,#3165,#3166,#3167,
#3168,#3169,#3170),.UNSPECIFIED.,.T.,.F.) B_SPLINE_CURVE_WITH_KNOTS((1,2
    ,2,2,2,1),(-2.094395102393,0.,2.094395102393,4.188790204786,
6.28318530718,8.377580409573),.UNSPECIFIED.) CURVE() 
GEOMETRIC_REPRESENTATION_ITEM() RATIONAL_B_SPLINE_CURVE((1.,0.5,1.,0.5,
1.,0.5,1.)) REPRESENTATION_ITEM('') );
#3164 = CARTESIAN_POINT('',(26.,-11.99));
#3165 = CARTESIAN_POINT('',(26.,-32.75728918275));
#3166 = CARTESIAN_POINT('',(8.015,-22.37364459137));
#3167 = CARTESIAN_POINT('',(-9.97,-11.99));
#3168 = CARTESIAN_POINT('',(8.015,-1.606355408625));
#3169 = CARTESIAN_POINT('',(26.,8.777289182751));
#3170 = CARTESIAN_POINT('',(26.,-11.99));
#3171 = ( GEOMETRIC_REPRESENTATION_CONTEXT(2) 
PARAMETRIC_REPRESENTATION_CONTEXT() REPRESENTATION_CONTEXT('2D SPACE',''
  ) );
#3172 = ORIENTED_EDGE('',*,*,#969,.F.);
#3173 = ORIENTED_EDGE('',*,*,#3060,.F.);
#3174 = ADVANCED_FACE('',(#3175,#3303,#3338,#3373,#3408,#3443),#1013,.T.
  );
#3175 = FACE_BOUND('',#3176,.T.);
#3176 = EDGE_LOOP('',(#3177,#3178,#3202,#3230,#3256,#3257,#3281,#3302));
#3177 = ORIENTED_EDGE('',*,*,#997,.F.);
#3178 = ORIENTED_EDGE('',*,*,#3179,.T.);
#3179 = EDGE_CURVE('',#998,#3180,#3182,.T.);
#3180 = VERTEX_POINT('',#3181);
#3181 = CARTESIAN_POINT('',(-18.41,-33.44488425471,83.512060610351));
#3182 = SURFACE_CURVE('',#3183,(#3188,#3195),.PCURVE_S1.);
#3183 = CIRCLE('',#3184,11.99);
#3184 = AXIS2_PLACEMENT_3D('',#3185,#3186,#3187);
#3185 = CARTESIAN_POINT('',(-18.41,-32.39948577754,71.567721280612));
#3186 = DIRECTION('',(0.,0.99619177062,8.718919742862E-02));
#3187 = DIRECTION('',(0.,8.718919742862E-02,-0.99619177062));
#3188 = PCURVE('',#1013,#3189);
#3189 = DEFINITIONAL_REPRESENTATION('',(#3190),#3194);
#3190 = CIRCLE('',#3191,11.99);
#3191 = AXIS2_PLACEMENT_2D('',#3192,#3193);
#3192 = CARTESIAN_POINT('',(11.99,-11.99));
#3193 = DIRECTION('',(1.,0.));
#3194 = ( GEOMETRIC_REPRESENTATION_CONTEXT(2) 
PARAMETRIC_REPRESENTATION_CONTEXT() REPRESENTATION_CONTEXT('2D SPACE',''
  ) );
#3195 = PCURVE('',#1041,#3196);
#3196 = DEFINITIONAL_REPRESENTATION('',(#3197),#3201);
#3197 = LINE('',#3198,#3199);
#3198 = CARTESIAN_POINT('',(-1.570796326795,3.));
#3199 = VECTOR('',#3200,1.);
#3200 = DIRECTION('',(1.,0.));
#3201 = ( GEOMETRIC_REPRESENTATION_CONTEXT(2) 
PARAMETRIC_REPRESENTATION_CONTEXT() REPRESENTATION_CONTEXT('2D SPACE',''
  ) );
#3202 = ORIENTED_EDGE('',*,*,#3203,.T.);
#3203 = EDGE_CURVE('',#3180,#3204,#3206,.T.);
#3204 = VERTEX_POINT('',#3205);
#3205 = CARTESIAN_POINT('',(-18.39,-33.44488425471,83.512060610351));
#3206 = SURFACE_CURVE('',#3207,(#3211,#3218),.PCURVE_S1.);
#3207 = LINE('',#3208,#3209);
#3208 = CARTESIAN_POINT('',(-30.4,-33.44488425471,83.512060610351));
#3209 = VECTOR('',#3210,1.);
#3210 = DIRECTION('',(1.,0.,0.));
#3211 = PCURVE('',#1013,#3212);
#3212 = DEFINITIONAL_REPRESENTATION('',(#3213),#3217);
#3213 = LINE('',#3214,#3215);
#3214 = CARTESIAN_POINT('',(0.,0.));
#3215 = VECTOR('',#3216,1.);
#3216 = DIRECTION('',(0.,-1.));
#3217 = ( GEOMETRIC_REPRESENTATION_CONTEXT(2) 
PARAMETRIC_REPRESENTATION_CONTEXT() REPRESENTATION_CONTEXT('2D SPACE',''
  ) );
#3218 = PCURVE('',#3219,#3224);
#3219 = PLANE('',#3220);
#3220 = AXIS2_PLACEMENT_3D('',#3221,#3222,#3223);
#3221 = CARTESIAN_POINT('',(-30.4,-36.43345956657,83.250493018065));
#3222 = DIRECTION('',(0.,8.718919742862E-02,-0.99619177062));
#3223 = DIRECTION('',(0.,0.99619177062,8.718919742862E-02));
#3224 = DEFINITIONAL_REPRESENTATION('',(#3225),#3229);
#3225 = LINE('',#3226,#3227);
#3226 = CARTESIAN_POINT('',(3.,0.));
#3227 = VECTOR('',#3228,1.);
#3228 = DIRECTION('',(0.,1.));
#3229 = ( GEOMETRIC_REPRESENTATION_CONTEXT(2) 
PARAMETRIC_REPRESENTATION_CONTEXT() REPRESENTATION_CONTEXT('2D SPACE',''
  ) );
#3230 = ORIENTED_EDGE('',*,*,#3231,.F.);
#3231 = EDGE_CURVE('',#1134,#3204,#3232,.T.);
#3232 = SURFACE_CURVE('',#3233,(#3238,#3249),.PCURVE_S1.);
#3233 = CIRCLE('',#3234,11.99);
#3234 = AXIS2_PLACEMENT_3D('',#3235,#3236,#3237);
#3235 = CARTESIAN_POINT('',(-18.39,-32.39948577754,71.567721280612));
#3236 = DIRECTION('',(0.,-0.99619177062,-8.718919742862E-02));
#3237 = DIRECTION('',(0.,8.718919742862E-02,-0.99619177062));
#3238 = PCURVE('',#1013,#3239);
#3239 = DEFINITIONAL_REPRESENTATION('',(#3240),#3248);
#3240 = ( BOUNDED_CURVE() B_SPLINE_CURVE(2,(#3241,#3242,#3243,#3244,
#3245,#3246,#3247),.UNSPECIFIED.,.T.,.F.) B_SPLINE_CURVE_WITH_KNOTS((1,2
    ,2,2,2,1),(-2.094395102393,0.,2.094395102393,4.188790204786,
6.28318530718,8.377580409573),.UNSPECIFIED.) CURVE() 
GEOMETRIC_REPRESENTATION_ITEM() RATIONAL_B_SPLINE_CURVE((1.,0.5,1.,0.5,
1.,0.5,1.)) REPRESENTATION_ITEM('') );
#3241 = CARTESIAN_POINT('',(23.98,-12.01));
#3242 = CARTESIAN_POINT('',(23.98,-32.77728918275));
#3243 = CARTESIAN_POINT('',(5.995,-22.39364459137));
#3244 = CARTESIAN_POINT('',(-11.99,-12.01));
#3245 = CARTESIAN_POINT('',(5.995,-1.626355408625));
#3246 = CARTESIAN_POINT('',(23.98,8.757289182751));
#3247 = CARTESIAN_POINT('',(23.98,-12.01));
#3248 = ( GEOMETRIC_REPRESENTATION_CONTEXT(2) 
PARAMETRIC_REPRESENTATION_CONTEXT() REPRESENTATION_CONTEXT('2D SPACE',''
  ) );
#3249 = PCURVE('',#1149,#3250);
#3250 = DEFINITIONAL_REPRESENTATION('',(#3251),#3255);
#3251 = LINE('',#3252,#3253);
#3252 = CARTESIAN_POINT('',(1.570796326795,3.));
#3253 = VECTOR('',#3254,1.);
#3254 = DIRECTION('',(-1.,0.));
#3255 = ( GEOMETRIC_REPRESENTATION_CONTEXT(2) 
PARAMETRIC_REPRESENTATION_CONTEXT() REPRESENTATION_CONTEXT('2D SPACE',''
  ) );
#3256 = ORIENTED_EDGE('',*,*,#1425,.T.);
#3257 = ORIENTED_EDGE('',*,*,#3258,.T.);
#3258 = EDGE_CURVE('',#1398,#3259,#3261,.T.);
#3259 = VERTEX_POINT('',#3260);
#3260 = CARTESIAN_POINT('',(-18.39,-31.17796512156,57.611074574221));
#3261 = SURFACE_CURVE('',#3262,(#3267,#3274),.PCURVE_S1.);
#3262 = CIRCLE('',#3263,11.99);
#3263 = AXIS2_PLACEMENT_3D('',#3264,#3265,#3266);
#3264 = CARTESIAN_POINT('',(-18.39,-32.22336359873,69.555413903959));
#3265 = DIRECTION('',(0.,0.99619177062,8.718919742862E-02));
#3266 = DIRECTION('',(0.,8.718919742862E-02,-0.99619177062));
#3267 = PCURVE('',#1013,#3268);
#3268 = DEFINITIONAL_REPRESENTATION('',(#3269),#3273);
#3269 = CIRCLE('',#3270,11.99);
#3270 = AXIS2_PLACEMENT_2D('',#3271,#3272);
#3271 = CARTESIAN_POINT('',(14.01,-12.01));
#3272 = DIRECTION('',(1.,0.));
#3273 = ( GEOMETRIC_REPRESENTATION_CONTEXT(2) 
PARAMETRIC_REPRESENTATION_CONTEXT() REPRESENTATION_CONTEXT('2D SPACE',''
  ) );
#3274 = PCURVE('',#1413,#3275);
#3275 = DEFINITIONAL_REPRESENTATION('',(#3276),#3280);
#3276 = LINE('',#3277,#3278);
#3277 = CARTESIAN_POINT('',(-4.712388980385,3.));
#3278 = VECTOR('',#3279,1.);
#3279 = DIRECTION('',(1.,0.));
#3280 = ( GEOMETRIC_REPRESENTATION_CONTEXT(2) 
PARAMETRIC_REPRESENTATION_CONTEXT() REPRESENTATION_CONTEXT('2D SPACE',''
  ) );
#3281 = ORIENTED_EDGE('',*,*,#3282,.F.);
#3282 = EDGE_CURVE('',#3120,#3259,#3283,.T.);
#3283 = SURFACE_CURVE('',#3284,(#3288,#3295),.PCURVE_S1.);
#3284 = LINE('',#3285,#3286);
#3285 = CARTESIAN_POINT('',(-30.4,-31.17796512156,57.611074574221));
#3286 = VECTOR('',#3287,1.);
#3287 = DIRECTION('',(1.,0.,0.));
#3288 = PCURVE('',#1013,#3289);
#3289 = DEFINITIONAL_REPRESENTATION('',(#3290),#3294);
#3290 = LINE('',#3291,#3292);
#3291 = CARTESIAN_POINT('',(26.,0.));
#3292 = VECTOR('',#3293,1.);
#3293 = DIRECTION('',(0.,-1.));
#3294 = ( GEOMETRIC_REPRESENTATION_CONTEXT(2) 
PARAMETRIC_REPRESENTATION_CONTEXT() REPRESENTATION_CONTEXT('2D SPACE',''
  ) );
#3295 = PCURVE('',#3135,#3296);
#3296 = DEFINITIONAL_REPRESENTATION('',(#3297),#3301);
#3297 = LINE('',#3298,#3299);
#3298 = CARTESIAN_POINT('',(3.,0.));
#3299 = VECTOR('',#3300,1.);
#3300 = DIRECTION('',(0.,1.));
#3301 = ( GEOMETRIC_REPRESENTATION_CONTEXT(2) 
PARAMETRIC_REPRESENTATION_CONTEXT() REPRESENTATION_CONTEXT('2D SPACE',''
  ) );
#3302 = ORIENTED_EDGE('',*,*,#3147,.F.);
#3303 = FACE_BOUND('',#3304,.T.);
#3304 = EDGE_LOOP('',(#3305));
#3305 = ORIENTED_EDGE('',*,*,#3306,.T.);
#3306 = EDGE_CURVE('',#3307,#3307,#3309,.T.);
#3307 = VERTEX_POINT('',#3308);
#3308 = CARTESIAN_POINT('',(-11.3,-32.31142468813,70.561567592286));
#3309 = SURFACE_CURVE('',#3310,(#3315,#3326),.PCURVE_S1.);
#3310 = CIRCLE('',#3311,1.1);
#3311 = AXIS2_PLACEMENT_3D('',#3312,#3313,#3314);
#3312 = CARTESIAN_POINT('',(-12.4,-32.31142468813,70.561567592286));
#3313 = DIRECTION('',(0.,-0.99619177062,-8.718919742862E-02));
#3314 = DIRECTION('',(1.,0.,0.));
#3315 = PCURVE('',#1013,#3316);
#3316 = DEFINITIONAL_REPRESENTATION('',(#3317),#3325);
#3317 = ( BOUNDED_CURVE() B_SPLINE_CURVE(2,(#3318,#3319,#3320,#3321,
#3322,#3323,#3324),.UNSPECIFIED.,.T.,.F.) B_SPLINE_CURVE_WITH_KNOTS((1,2
    ,2,2,2,1),(-2.094395102393,0.,2.094395102393,4.188790204786,
6.28318530718,8.377580409573),.UNSPECIFIED.) CURVE() 
GEOMETRIC_REPRESENTATION_ITEM() RATIONAL_B_SPLINE_CURVE((1.,0.5,1.,0.5,
1.,0.5,1.)) REPRESENTATION_ITEM('') );
#3318 = CARTESIAN_POINT('',(13.,-19.1));
#3319 = CARTESIAN_POINT('',(11.094744111674,-19.1));
#3320 = CARTESIAN_POINT('',(12.047372055837,-17.45));
#3321 = CARTESIAN_POINT('',(13.,-15.8));
#3322 = CARTESIAN_POINT('',(13.952627944163,-17.45));
#3323 = CARTESIAN_POINT('',(14.905255888326,-19.1));
#3324 = CARTESIAN_POINT('',(13.,-19.1));
#3325 = ( GEOMETRIC_REPRESENTATION_CONTEXT(2) 
PARAMETRIC_REPRESENTATION_CONTEXT() REPRESENTATION_CONTEXT('2D SPACE',''
  ) );
#3326 = PCURVE('',#3327,#3332);
#3327 = CYLINDRICAL_SURFACE('',#3328,1.1);
#3328 = AXIS2_PLACEMENT_3D('',#3329,#3330,#3331);
#3329 = CARTESIAN_POINT('',(-12.4,-35.3,70.3));
#3330 = DIRECTION('',(-0.,-0.99619177062,-8.718919742862E-02));
#3331 = DIRECTION('',(1.,0.,0.));
#3332 = DEFINITIONAL_REPRESENTATION('',(#3333),#3337);
#3333 = LINE('',#3334,#3335);
#3334 = CARTESIAN_POINT('',(-6.28318530718,-3.));
#3335 = VECTOR('',#3336,1.);
#3336 = DIRECTION('',(1.,-0.));
#3337 = ( GEOMETRIC_REPRESENTATION_CONTEXT(2) 
PARAMETRIC_REPRESENTATION_CONTEXT() REPRESENTATION_CONTEXT('2D SPACE',''
  ) );
#3338 = FACE_BOUND('',#3339,.T.);
#3339 = EDGE_LOOP('',(#3340));
#3340 = ORIENTED_EDGE('',*,*,#3341,.T.);
#3341 = EDGE_CURVE('',#3342,#3342,#3344,.T.);
#3342 = VERTEX_POINT('',#3343);
#3343 = CARTESIAN_POINT('',(-17.3,-32.83455987271,76.538718216008));
#3344 = SURFACE_CURVE('',#3345,(#3350,#3361),.PCURVE_S1.);
#3345 = CIRCLE('',#3346,1.1);
#3346 = AXIS2_PLACEMENT_3D('',#3347,#3348,#3349);
#3347 = CARTESIAN_POINT('',(-18.4,-32.83455987271,76.538718216008));
#3348 = DIRECTION('',(0.,-0.99619177062,-8.718919742862E-02));
#3349 = DIRECTION('',(1.,0.,0.));
#3350 = PCURVE('',#1013,#3351);
#3351 = DEFINITIONAL_REPRESENTATION('',(#3352),#3360);
#3352 = ( BOUNDED_CURVE() B_SPLINE_CURVE(2,(#3353,#3354,#3355,#3356,
#3357,#3358,#3359),.UNSPECIFIED.,.T.,.F.) B_SPLINE_CURVE_WITH_KNOTS((1,2
    ,2,2,2,1),(-2.094395102393,0.,2.094395102393,4.188790204786,
6.28318530718,8.377580409573),.UNSPECIFIED.) CURVE() 
GEOMETRIC_REPRESENTATION_ITEM() RATIONAL_B_SPLINE_CURVE((1.,0.5,1.,0.5,
1.,0.5,1.)) REPRESENTATION_ITEM('') );
#3353 = CARTESIAN_POINT('',(7.,-13.1));
#3354 = CARTESIAN_POINT('',(5.094744111674,-13.1));
#3355 = CARTESIAN_POINT('',(6.047372055837,-11.45));
#3356 = CARTESIAN_POINT('',(7.,-9.8));
#3357 = CARTESIAN_POINT('',(7.952627944163,-11.45));
#3358 = CARTESIAN_POINT('',(8.905255888326,-13.1));
#3359 = CARTESIAN_POINT('',(7.,-13.1));
#3360 = ( GEOMETRIC_REPRESENTATION_CONTEXT(2) 
PARAMETRIC_REPRESENTATION_CONTEXT() REPRESENTATION_CONTEXT('2D SPACE',''
  ) );
#3361 = PCURVE('',#3362,#3367);
#3362 = CYLINDRICAL_SURFACE('',#3363,1.1);
#3363 = AXIS2_PLACEMENT_3D('',#3364,#3365,#3366);
#3364 = CARTESIAN_POINT('',(-18.4,-35.82313518457,76.277150623722));
#3365 = DIRECTION('',(-0.,-0.99619177062,-8.718919742862E-02));
#3366 = DIRECTION('',(1.,0.,0.));
#3367 = DEFINITIONAL_REPRESENTATION('',(#3368),#3372);
#3368 = LINE('',#3369,#3370);
#3369 = CARTESIAN_POINT('',(-6.28318530718,-3.));
#3370 = VECTOR('',#3371,1.);
#3371 = DIRECTION('',(1.,-0.));
#3372 = ( GEOMETRIC_REPRESENTATION_CONTEXT(2) 
PARAMETRIC_REPRESENTATION_CONTEXT() REPRESENTATION_CONTEXT('2D SPACE',''
  ) );
#3373 = FACE_BOUND('',#3374,.T.);
#3374 = EDGE_LOOP('',(#3375));
#3375 = ORIENTED_EDGE('',*,*,#3376,.T.);
#3376 = EDGE_CURVE('',#3377,#3377,#3379,.T.);
#3377 = VERTEX_POINT('',#3378);
#3378 = CARTESIAN_POINT('',(-16.8,-32.31142468813,70.561567592286));
#3379 = SURFACE_CURVE('',#3380,(#3385,#3396),.PCURVE_S1.);
#3380 = CIRCLE('',#3381,1.6);
#3381 = AXIS2_PLACEMENT_3D('',#3382,#3383,#3384);
#3382 = CARTESIAN_POINT('',(-18.4,-32.31142468813,70.561567592286));
#3383 = DIRECTION('',(0.,-0.99619177062,-8.718919742862E-02));
#3384 = DIRECTION('',(1.,0.,0.));
#3385 = PCURVE('',#1013,#3386);
#3386 = DEFINITIONAL_REPRESENTATION('',(#3387),#3395);
#3387 = ( BOUNDED_CURVE() B_SPLINE_CURVE(2,(#3388,#3389,#3390,#3391,
#3392,#3393,#3394),.UNSPECIFIED.,.T.,.F.) B_SPLINE_CURVE_WITH_KNOTS((1,2
    ,2,2,2,1),(-2.094395102393,0.,2.094395102393,4.188790204786,
6.28318530718,8.377580409573),.UNSPECIFIED.) CURVE() 
GEOMETRIC_REPRESENTATION_ITEM() RATIONAL_B_SPLINE_CURVE((1.,0.5,1.,0.5,
1.,0.5,1.)) REPRESENTATION_ITEM('') );
#3388 = CARTESIAN_POINT('',(13.,-13.6));
#3389 = CARTESIAN_POINT('',(10.22871870789,-13.6));
#3390 = CARTESIAN_POINT('',(11.614359353945,-11.2));
#3391 = CARTESIAN_POINT('',(13.,-8.8));
#3392 = CARTESIAN_POINT('',(14.385640646055,-11.2));
#3393 = CARTESIAN_POINT('',(15.77128129211,-13.6));
#3394 = CARTESIAN_POINT('',(13.,-13.6));
#3395 = ( GEOMETRIC_REPRESENTATION_CONTEXT(2) 
PARAMETRIC_REPRESENTATION_CONTEXT() REPRESENTATION_CONTEXT('2D SPACE',''
  ) );
#3396 = PCURVE('',#3397,#3402);
#3397 = CYLINDRICAL_SURFACE('',#3398,1.6);
#3398 = AXIS2_PLACEMENT_3D('',#3399,#3400,#3401);
#3399 = CARTESIAN_POINT('',(-18.4,-35.3,70.3));
#3400 = DIRECTION('',(-0.,-0.99619177062,-8.718919742862E-02));
#3401 = DIRECTION('',(1.,0.,0.));
#3402 = DEFINITIONAL_REPRESENTATION('',(#3403),#3407);
#3403 = LINE('',#3404,#3405);
#3404 = CARTESIAN_POINT('',(-6.28318530718,-3.));
#3405 = VECTOR('',#3406,1.);
#3406 = DIRECTION('',(1.,-0.));
#3407 = ( GEOMETRIC_REPRESENTATION_CONTEXT(2) 
PARAMETRIC_REPRESENTATION_CONTEXT() REPRESENTATION_CONTEXT('2D SPACE',''
  ) );
#3408 = FACE_BOUND('',#3409,.T.);
#3409 = EDGE_LOOP('',(#3410));
#3410 = ORIENTED_EDGE('',*,*,#3411,.T.);
#3411 = EDGE_CURVE('',#3412,#3412,#3414,.T.);
#3412 = VERTEX_POINT('',#3413);
#3413 = CARTESIAN_POINT('',(-23.3,-32.31142468813,70.561567592286));
#3414 = SURFACE_CURVE('',#3415,(#3420,#3431),.PCURVE_S1.);
#3415 = CIRCLE('',#3416,1.1);
#3416 = AXIS2_PLACEMENT_3D('',#3417,#3418,#3419);
#3417 = CARTESIAN_POINT('',(-24.4,-32.31142468813,70.561567592286));
#3418 = DIRECTION('',(0.,-0.99619177062,-8.718919742862E-02));
#3419 = DIRECTION('',(1.,0.,0.));
#3420 = PCURVE('',#1013,#3421);
#3421 = DEFINITIONAL_REPRESENTATION('',(#3422),#3430);
#3422 = ( BOUNDED_CURVE() B_SPLINE_CURVE(2,(#3423,#3424,#3425,#3426,
#3427,#3428,#3429),.UNSPECIFIED.,.T.,.F.) B_SPLINE_CURVE_WITH_KNOTS((1,2
    ,2,2,2,1),(-2.094395102393,0.,2.094395102393,4.188790204786,
6.28318530718,8.377580409573),.UNSPECIFIED.) CURVE() 
GEOMETRIC_REPRESENTATION_ITEM() RATIONAL_B_SPLINE_CURVE((1.,0.5,1.,0.5,
1.,0.5,1.)) REPRESENTATION_ITEM('') );
#3423 = CARTESIAN_POINT('',(13.,-7.1));
#3424 = CARTESIAN_POINT('',(11.094744111674,-7.1));
#3425 = CARTESIAN_POINT('',(12.047372055837,-5.45));
#3426 = CARTESIAN_POINT('',(13.,-3.8));
#3427 = CARTESIAN_POINT('',(13.952627944163,-5.45));
#3428 = CARTESIAN_POINT('',(14.905255888326,-7.1));
#3429 = CARTESIAN_POINT('',(13.,-7.1));
#3430 = ( GEOMETRIC_REPRESENTATION_CONTEXT(2) 
PARAMETRIC_REPRESENTATION_CONTEXT() REPRESENTATION_CONTEXT('2D SPACE',''
  ) );
#3431 = PCURVE('',#3432,#3437);
#3432 = CYLINDRICAL_SURFACE('',#3433,1.1);
#3433 = AXIS2_PLACEMENT_3D('',#3434,#3435,#3436);
#3434 = CARTESIAN_POINT('',(-24.4,-35.3,70.3));
#3435 = DIRECTION('',(-0.,-0.99619177062,-8.718919742862E-02));
#3436 = DIRECTION('',(1.,0.,0.));
#3437 = DEFINITIONAL_REPRESENTATION('',(#3438),#3442);
#3438 = LINE('',#3439,#3440);
#3439 = CARTESIAN_POINT('',(-6.28318530718,-3.));
#3440 = VECTOR('',#3441,1.);
#3441 = DIRECTION('',(1.,-0.));
#3442 = ( GEOMETRIC_REPRESENTATION_CONTEXT(2) 
PARAMETRIC_REPRESENTATION_CONTEXT() REPRESENTATION_CONTEXT('2D SPACE',''
  ) );
#3443 = FACE_BOUND('',#3444,.T.);
#3444 = EDGE_LOOP('',(#3445));
#3445 = ORIENTED_EDGE('',*,*,#3446,.T.);
#3446 = EDGE_CURVE('',#3447,#3447,#3449,.T.);
#3447 = VERTEX_POINT('',#3448);
#3448 = CARTESIAN_POINT('',(-17.3,-31.78828950356,64.584416968564));
#3449 = SURFACE_CURVE('',#3450,(#3455,#3466),.PCURVE_S1.);
#3450 = CIRCLE('',#3451,1.1);
#3451 = AXIS2_PLACEMENT_3D('',#3452,#3453,#3454);
#3452 = CARTESIAN_POINT('',(-18.4,-31.78828950356,64.584416968564));
#3453 = DIRECTION('',(0.,-0.99619177062,-8.718919742862E-02));
#3454 = DIRECTION('',(1.,0.,0.));
#3455 = PCURVE('',#1013,#3456);
#3456 = DEFINITIONAL_REPRESENTATION('',(#3457),#3465);
#3457 = ( BOUNDED_CURVE() B_SPLINE_CURVE(2,(#3458,#3459,#3460,#3461,
#3462,#3463,#3464),.UNSPECIFIED.,.T.,.F.) B_SPLINE_CURVE_WITH_KNOTS((1,2
    ,2,2,2,1),(-2.094395102393,0.,2.094395102393,4.188790204786,
6.28318530718,8.377580409573),.UNSPECIFIED.) CURVE() 
GEOMETRIC_REPRESENTATION_ITEM() RATIONAL_B_SPLINE_CURVE((1.,0.5,1.,0.5,
1.,0.5,1.)) REPRESENTATION_ITEM('') );
#3458 = CARTESIAN_POINT('',(19.,-13.1));
#3459 = CARTESIAN_POINT('',(17.094744111674,-13.1));
#3460 = CARTESIAN_POINT('',(18.047372055837,-11.45));
#3461 = CARTESIAN_POINT('',(19.,-9.8));
#3462 = CARTESIAN_POINT('',(19.952627944163,-11.45));
#3463 = CARTESIAN_POINT('',(20.905255888326,-13.1));
#3464 = CARTESIAN_POINT('',(19.,-13.1));
#3465 = ( GEOMETRIC_REPRESENTATION_CONTEXT(2) 
PARAMETRIC_REPRESENTATION_CONTEXT() REPRESENTATION_CONTEXT('2D SPACE',''
  ) );
#3466 = PCURVE('',#3467,#3472);
#3467 = CYLINDRICAL_SURFACE('',#3468,1.1);
#3468 = AXIS2_PLACEMENT_3D('',#3469,#3470,#3471);
#3469 = CARTESIAN_POINT('',(-18.4,-34.77686481542,64.322849376278));
#3470 = DIRECTION('',(-0.,-0.99619177062,-8.718919742862E-02));
#3471 = DIRECTION('',(1.,0.,0.));
#3472 = DEFINITIONAL_REPRESENTATION('',(#3473),#3477);
#3473 = LINE('',#3474,#3475);
#3474 = CARTESIAN_POINT('',(-6.28318530718,-3.));
#3475 = VECTOR('',#3476,1.);
#3476 = DIRECTION('',(1.,-0.));
#3477 = ( GEOMETRIC_REPRESENTATION_CONTEXT(2) 
PARAMETRIC_REPRESENTATION_CONTEXT() REPRESENTATION_CONTEXT('2D SPACE',''
  ) );
#3478 = ADVANCED_FACE('',(#3479),#1041,.T.);
#3479 = FACE_BOUND('',#3480,.T.);
#3480 = EDGE_LOOP('',(#3481,#3482,#3509,#3530));
#3481 = ORIENTED_EDGE('',*,*,#1025,.F.);
#3482 = ORIENTED_EDGE('',*,*,#3483,.T.);
#3483 = EDGE_CURVE('',#1026,#3484,#3486,.T.);
#3484 = VERTEX_POINT('',#3485);
#3485 = CARTESIAN_POINT('',(-18.41,-33.46989282157,83.509871797978));
#3486 = SURFACE_CURVE('',#3487,(#3492,#3502),.PCURVE_S1.);
#3487 = ELLIPSE('',#3488,11.990000006761,11.99);
#3488 = AXIS2_PLACEMENT_3D('',#3489,#3490,#3491);
#3489 = CARTESIAN_POINT('',(-18.41,-32.42489546543,71.565497361123));
#3490 = DIRECTION('',(0.,0.996194698092,8.715574274766E-02));
#3491 = DIRECTION('',(0.,-8.715574274766E-02,0.996194698092));
#3492 = PCURVE('',#1041,#3493);
#3493 = DEFINITIONAL_REPRESENTATION('',(#3494),#3501);
#3494 = B_SPLINE_CURVE_WITH_KNOTS('',5,(#3495,#3496,#3497,#3498,#3499,
    #3500),.UNSPECIFIED.,.F.,.F.,(6,6),(4.712388980385,6.28318530718),
  .PIECEWISE_BEZIER_KNOTS.);
#3495 = CARTESIAN_POINT('',(0.,2.97449317627));
#3496 = CARTESIAN_POINT('',(0.314159265359,2.974619673892));
#3497 = CARTESIAN_POINT('',(0.628318530718,2.974746286008));
#3498 = CARTESIAN_POINT('',(0.942477796077,2.974846292033));
#3499 = CARTESIAN_POINT('',(1.256637061436,2.974895830706));
#3500 = CARTESIAN_POINT('',(1.570796326795,2.974895830706));
#3501 = ( GEOMETRIC_REPRESENTATION_CONTEXT(2) 
PARAMETRIC_REPRESENTATION_CONTEXT() REPRESENTATION_CONTEXT('2D SPACE',''
  ) );
#3502 = PCURVE('',#1067,#3503);
#3503 = DEFINITIONAL_REPRESENTATION('',(#3504),#3508);
#3504 = ELLIPSE('',#3505,11.990000006761,11.99);
#3505 = AXIS2_PLACEMENT_2D('',#3506,#3507);
#3506 = CARTESIAN_POINT('',(14.003029342308,11.99));
#3507 = DIRECTION('',(1.,0.));
#3508 = ( GEOMETRIC_REPRESENTATION_CONTEXT(2) 
PARAMETRIC_REPRESENTATION_CONTEXT() REPRESENTATION_CONTEXT('2D SPACE',''
  ) );
#3509 = ORIENTED_EDGE('',*,*,#3510,.T.);
#3510 = EDGE_CURVE('',#3484,#3180,#3511,.T.);
#3511 = SURFACE_CURVE('',#3512,(#3516,#3523),.PCURVE_S1.);
#3512 = LINE('',#3513,#3514);
#3513 = CARTESIAN_POINT('',(-18.41,-36.43345956657,83.250493018065));
#3514 = VECTOR('',#3515,1.);
#3515 = DIRECTION('',(0.,0.99619177062,8.718919742862E-02));
#3516 = PCURVE('',#1041,#3517);
#3517 = DEFINITIONAL_REPRESENTATION('',(#3518),#3522);
#3518 = LINE('',#3519,#3520);
#3519 = CARTESIAN_POINT('',(1.570796326795,0.));
#3520 = VECTOR('',#3521,1.);
#3521 = DIRECTION('',(0.,1.));
#3522 = ( GEOMETRIC_REPRESENTATION_CONTEXT(2) 
PARAMETRIC_REPRESENTATION_CONTEXT() REPRESENTATION_CONTEXT('2D SPACE',''
  ) );
#3523 = PCURVE('',#3219,#3524);
#3524 = DEFINITIONAL_REPRESENTATION('',(#3525),#3529);
#3525 = LINE('',#3526,#3527);
#3526 = CARTESIAN_POINT('',(0.,11.99));
#3527 = VECTOR('',#3528,1.);
#3528 = DIRECTION('',(1.,0.));
#3529 = ( GEOMETRIC_REPRESENTATION_CONTEXT(2) 
PARAMETRIC_REPRESENTATION_CONTEXT() REPRESENTATION_CONTEXT('2D SPACE',''
  ) );
#3530 = ORIENTED_EDGE('',*,*,#3179,.F.);
#3531 = ADVANCED_FACE('',(#3532),#1067,.T.);
#3532 = FACE_BOUND('',#3533,.T.);
#3533 = EDGE_LOOP('',(#3534,#3535,#3562,#3581,#3582,#3583));
#3534 = ORIENTED_EDGE('',*,*,#1161,.F.);
#3535 = ORIENTED_EDGE('',*,*,#3536,.F.);
#3536 = EDGE_CURVE('',#3537,#1132,#3539,.T.);
#3537 = VERTEX_POINT('',#3538);
#3538 = CARTESIAN_POINT('',(-18.39,-33.46989282157,83.509871797978));
#3539 = SURFACE_CURVE('',#3540,(#3545,#3552),.PCURVE_S1.);
#3540 = ELLIPSE('',#3541,11.990000006761,11.99);
#3541 = AXIS2_PLACEMENT_3D('',#3542,#3543,#3544);
#3542 = CARTESIAN_POINT('',(-18.39,-32.42489546543,71.565497361123));
#3543 = DIRECTION('',(0.,0.996194698092,8.715574274766E-02));
#3544 = DIRECTION('',(0.,-8.715574274766E-02,0.996194698092));
#3545 = PCURVE('',#1067,#3546);
#3546 = DEFINITIONAL_REPRESENTATION('',(#3547),#3551);
#3547 = ELLIPSE('',#3548,11.990000006761,11.99);
#3548 = AXIS2_PLACEMENT_2D('',#3549,#3550);
#3549 = CARTESIAN_POINT('',(14.003029342308,12.01));
#3550 = DIRECTION('',(1.,0.));
#3551 = ( GEOMETRIC_REPRESENTATION_CONTEXT(2) 
PARAMETRIC_REPRESENTATION_CONTEXT() REPRESENTATION_CONTEXT('2D SPACE',''
  ) );
#3552 = PCURVE('',#1149,#3553);
#3553 = DEFINITIONAL_REPRESENTATION('',(#3554),#3561);
#3554 = B_SPLINE_CURVE_WITH_KNOTS('',5,(#3555,#3556,#3557,#3558,#3559,
    #3560),.UNSPECIFIED.,.F.,.F.,(6,6),(1.617600242974E-17,
    1.570796326795),.PIECEWISE_BEZIER_KNOTS.);
#3555 = CARTESIAN_POINT('',(-1.570796326795,2.974895830706));
#3556 = CARTESIAN_POINT('',(-1.256637061436,2.974895830706));
#3557 = CARTESIAN_POINT('',(-0.942477796077,2.974846292033));
#3558 = CARTESIAN_POINT('',(-0.628318530718,2.974746286008));
#3559 = CARTESIAN_POINT('',(-0.314159265359,2.974619673892));
#3560 = CARTESIAN_POINT('',(0.,2.97449317627));
#3561 = ( GEOMETRIC_REPRESENTATION_CONTEXT(2) 
PARAMETRIC_REPRESENTATION_CONTEXT() REPRESENTATION_CONTEXT('2D SPACE',''
  ) );
#3562 = ORIENTED_EDGE('',*,*,#3563,.T.);
#3563 = EDGE_CURVE('',#3537,#3484,#3564,.T.);
#3564 = SURFACE_CURVE('',#3565,(#3569,#3575),.PCURVE_S1.);
#3565 = LINE('',#3566,#3567);
#3566 = CARTESIAN_POINT('',(-30.4,-33.46989282157,83.509871797978));
#3567 = VECTOR('',#3568,1.);
#3568 = DIRECTION('',(-1.,0.,0.));
#3569 = PCURVE('',#1067,#3570);
#3570 = DEFINITIONAL_REPRESENTATION('',(#3571),#3574);
#3571 = B_SPLINE_CURVE_WITH_KNOTS('',1,(#3572,#3573),.UNSPECIFIED.,.F.,
  .F.,(2,2),(-12.01,-11.99),.PIECEWISE_BEZIER_KNOTS.);
#3572 = CARTESIAN_POINT('',(25.993029349069,12.01));
#3573 = CARTESIAN_POINT('',(25.993029349069,11.99));
#3574 = ( GEOMETRIC_REPRESENTATION_CONTEXT(2) 
PARAMETRIC_REPRESENTATION_CONTEXT() REPRESENTATION_CONTEXT('2D SPACE',''
  ) );
#3575 = PCURVE('',#3219,#3576);
#3576 = DEFINITIONAL_REPRESENTATION('',(#3577),#3580);
#3577 = B_SPLINE_CURVE_WITH_KNOTS('',1,(#3578,#3579),.UNSPECIFIED.,.F.,
  .F.,(2,2),(-12.01,-11.99),.PIECEWISE_BEZIER_KNOTS.);
#3578 = CARTESIAN_POINT('',(2.974895830706,12.01));
#3579 = CARTESIAN_POINT('',(2.974895830706,11.99));
#3580 = ( GEOMETRIC_REPRESENTATION_CONTEXT(2) 
PARAMETRIC_REPRESENTATION_CONTEXT() REPRESENTATION_CONTEXT('2D SPACE',''
  ) );
#3581 = ORIENTED_EDGE('',*,*,#3483,.F.);
#3582 = ORIENTED_EDGE('',*,*,#1053,.F.);
#3583 = ORIENTED_EDGE('',*,*,#2291,.T.);
#3584 = ADVANCED_FACE('',(#3585),#1149,.T.);
#3585 = FACE_BOUND('',#3586,.F.);
#3586 = EDGE_LOOP('',(#3587,#3588,#3589,#3610));
#3587 = ORIENTED_EDGE('',*,*,#1131,.F.);
#3588 = ORIENTED_EDGE('',*,*,#3536,.F.);
#3589 = ORIENTED_EDGE('',*,*,#3590,.T.);
#3590 = EDGE_CURVE('',#3537,#3204,#3591,.T.);
#3591 = SURFACE_CURVE('',#3592,(#3596,#3603),.PCURVE_S1.);
#3592 = LINE('',#3593,#3594);
#3593 = CARTESIAN_POINT('',(-18.39,-36.43345956657,83.250493018065));
#3594 = VECTOR('',#3595,1.);
#3595 = DIRECTION('',(0.,0.99619177062,8.718919742862E-02));
#3596 = PCURVE('',#1149,#3597);
#3597 = DEFINITIONAL_REPRESENTATION('',(#3598),#3602);
#3598 = LINE('',#3599,#3600);
#3599 = CARTESIAN_POINT('',(-1.570796326795,0.));
#3600 = VECTOR('',#3601,1.);
#3601 = DIRECTION('',(-0.,1.));
#3602 = ( GEOMETRIC_REPRESENTATION_CONTEXT(2) 
PARAMETRIC_REPRESENTATION_CONTEXT() REPRESENTATION_CONTEXT('2D SPACE',''
  ) );
#3603 = PCURVE('',#3219,#3604);
#3604 = DEFINITIONAL_REPRESENTATION('',(#3605),#3609);
#3605 = LINE('',#3606,#3607);
#3606 = CARTESIAN_POINT('',(0.,12.01));
#3607 = VECTOR('',#3608,1.);
#3608 = DIRECTION('',(1.,0.));
#3609 = ( GEOMETRIC_REPRESENTATION_CONTEXT(2) 
PARAMETRIC_REPRESENTATION_CONTEXT() REPRESENTATION_CONTEXT('2D SPACE',''
  ) );
#3610 = ORIENTED_EDGE('',*,*,#3231,.F.);
#3611 = ADVANCED_FACE('',(#3612),#1413,.T.);
#3612 = FACE_BOUND('',#3613,.T.);
#3613 = EDGE_LOOP('',(#3614,#3615,#3639,#3660,#3661,#3662));
#3614 = ORIENTED_EDGE('',*,*,#2979,.F.);
#3615 = ORIENTED_EDGE('',*,*,#3616,.T.);
#3616 = EDGE_CURVE('',#2980,#3617,#3619,.T.);
#3617 = VERTEX_POINT('',#3618);
#3618 = CARTESIAN_POINT('',(-18.39,-34.16654043342,57.349506981935));
#3619 = SURFACE_CURVE('',#3620,(#3625,#3632),.PCURVE_S1.);
#3620 = CIRCLE('',#3621,11.99);
#3621 = AXIS2_PLACEMENT_3D('',#3622,#3623,#3624);
#3622 = CARTESIAN_POINT('',(-18.39,-35.21193891059,69.293846311673));
#3623 = DIRECTION('',(0.,0.99619177062,8.718919742862E-02));
#3624 = DIRECTION('',(0.,8.718919742862E-02,-0.99619177062));
#3625 = PCURVE('',#1413,#3626);
#3626 = DEFINITIONAL_REPRESENTATION('',(#3627),#3631);
#3627 = LINE('',#3628,#3629);
#3628 = CARTESIAN_POINT('',(-4.712388980385,0.));
#3629 = VECTOR('',#3630,1.);
#3630 = DIRECTION('',(1.,0.));
#3631 = ( GEOMETRIC_REPRESENTATION_CONTEXT(2) 
PARAMETRIC_REPRESENTATION_CONTEXT() REPRESENTATION_CONTEXT('2D SPACE',''
  ) );
#3632 = PCURVE('',#3021,#3633);
#3633 = DEFINITIONAL_REPRESENTATION('',(#3634),#3638);
#3634 = CIRCLE('',#3635,11.99);
#3635 = AXIS2_PLACEMENT_2D('',#3636,#3637);
#3636 = CARTESIAN_POINT('',(14.01,-12.01));
#3637 = DIRECTION('',(1.,0.));
#3638 = ( GEOMETRIC_REPRESENTATION_CONTEXT(2) 
PARAMETRIC_REPRESENTATION_CONTEXT() REPRESENTATION_CONTEXT('2D SPACE',''
  ) );
#3639 = ORIENTED_EDGE('',*,*,#3640,.T.);
#3640 = EDGE_CURVE('',#3617,#3259,#3641,.T.);
#3641 = SURFACE_CURVE('',#3642,(#3646,#3653),.PCURVE_S1.);
#3642 = LINE('',#3643,#3644);
#3643 = CARTESIAN_POINT('',(-18.39,-34.16654043342,57.349506981935));
#3644 = VECTOR('',#3645,1.);
#3645 = DIRECTION('',(0.,0.99619177062,8.718919742862E-02));
#3646 = PCURVE('',#1413,#3647);
#3647 = DEFINITIONAL_REPRESENTATION('',(#3648),#3652);
#3648 = LINE('',#3649,#3650);
#3649 = CARTESIAN_POINT('',(1.570796326795,0.));
#3650 = VECTOR('',#3651,1.);
#3651 = DIRECTION('',(0.,1.));
#3652 = ( GEOMETRIC_REPRESENTATION_CONTEXT(2) 
PARAMETRIC_REPRESENTATION_CONTEXT() REPRESENTATION_CONTEXT('2D SPACE',''
  ) );
#3653 = PCURVE('',#3135,#3654);
#3654 = DEFINITIONAL_REPRESENTATION('',(#3655),#3659);
#3655 = LINE('',#3656,#3657);
#3656 = CARTESIAN_POINT('',(0.,12.01));
#3657 = VECTOR('',#3658,1.);
#3658 = DIRECTION('',(1.,0.));
#3659 = ( GEOMETRIC_REPRESENTATION_CONTEXT(2) 
PARAMETRIC_REPRESENTATION_CONTEXT() REPRESENTATION_CONTEXT('2D SPACE',''
  ) );
#3660 = ORIENTED_EDGE('',*,*,#3258,.F.);
#3661 = ORIENTED_EDGE('',*,*,#1397,.F.);
#3662 = ORIENTED_EDGE('',*,*,#3663,.T.);
#3663 = EDGE_CURVE('',#1370,#2957,#3664,.T.);
#3664 = SURFACE_CURVE('',#3665,(#3670,#3680),.PCURVE_S1.);
#3665 = ELLIPSE('',#3666,11.990000006761,11.99);
#3666 = AXIS2_PLACEMENT_3D('',#3667,#3668,#3669);
#3667 = CARTESIAN_POINT('',(-18.39,-32.24884086498,69.553184069842));
#3668 = DIRECTION('',(0.,0.996194698092,8.715574274766E-02));
#3669 = DIRECTION('',(0.,-8.715574274766E-02,0.996194698092));
#3670 = PCURVE('',#1413,#3671);
#3671 = DEFINITIONAL_REPRESENTATION('',(#3672),#3679);
#3672 = B_SPLINE_CURVE_WITH_KNOTS('',5,(#3673,#3674,#3675,#3676,#3677,
    #3678),.UNSPECIFIED.,.F.,.F.,(6,6),(1.570796326795,3.14159265359),
  .PIECEWISE_BEZIER_KNOTS.);
#3673 = CARTESIAN_POINT('',(0.,2.974425339576));
#3674 = CARTESIAN_POINT('',(0.314159265359,2.974298841954));
#3675 = CARTESIAN_POINT('',(0.628318530718,2.974172229838));
#3676 = CARTESIAN_POINT('',(0.942477796077,2.974072223814));
#3677 = CARTESIAN_POINT('',(1.256637061436,2.97402268514));
#3678 = CARTESIAN_POINT('',(1.570796326795,2.97402268514));
#3679 = ( GEOMETRIC_REPRESENTATION_CONTEXT(2) 
PARAMETRIC_REPRESENTATION_CONTEXT() REPRESENTATION_CONTEXT('2D SPACE',''
  ) );
#3680 = PCURVE('',#1385,#3681);
#3681 = DEFINITIONAL_REPRESENTATION('',(#3682),#3686);
#3682 = ELLIPSE('',#3683,11.990000006761,11.99);
#3683 = AXIS2_PLACEMENT_2D('',#3684,#3685);
#3684 = CARTESIAN_POINT('',(11.983029341169,12.01));
#3685 = DIRECTION('',(1.,0.));
#3686 = ( GEOMETRIC_REPRESENTATION_CONTEXT(2) 
PARAMETRIC_REPRESENTATION_CONTEXT() REPRESENTATION_CONTEXT('2D SPACE',''
  ) );
#3687 = ADVANCED_FACE('',(#3688),#1385,.T.);
#3688 = FACE_BOUND('',#3689,.T.);
#3689 = EDGE_LOOP('',(#3690,#3691,#3692));
#3690 = ORIENTED_EDGE('',*,*,#1369,.F.);
#3691 = ORIENTED_EDGE('',*,*,#2956,.F.);
#3692 = ORIENTED_EDGE('',*,*,#3663,.F.);
#3693 = ADVANCED_FACE('',(#3694),#1305,.F.);
#3694 = FACE_BOUND('',#3695,.F.);
#3695 = EDGE_LOOP('',(#3696,#3719,#3744,#3745));
#3696 = ORIENTED_EDGE('',*,*,#3697,.F.);
#3697 = EDGE_CURVE('',#3698,#1475,#3700,.T.);
#3698 = VERTEX_POINT('',#3699);
#3699 = CARTESIAN_POINT('',(-6.5,-45.84095163473,110.20711824683));
#3700 = SURFACE_CURVE('',#3701,(#3705,#3712),.PCURVE_S1.);
#3701 = LINE('',#3702,#3703);
#3702 = CARTESIAN_POINT('',(-6.5,-46.26046728614,115.00035011391));
#3703 = VECTOR('',#3704,1.);
#3704 = DIRECTION('',(0.,8.718919742862E-02,-0.99619177062));
#3705 = PCURVE('',#1305,#3706);
#3706 = DEFINITIONAL_REPRESENTATION('',(#3707),#3711);
#3707 = LINE('',#3708,#3709);
#3708 = CARTESIAN_POINT('',(0.,0.));
#3709 = VECTOR('',#3710,1.);
#3710 = DIRECTION('',(1.,0.));
#3711 = ( GEOMETRIC_REPRESENTATION_CONTEXT(2) 
PARAMETRIC_REPRESENTATION_CONTEXT() REPRESENTATION_CONTEXT('2D SPACE',''
  ) );
#3712 = PCURVE('',#1495,#3713);
#3713 = DEFINITIONAL_REPRESENTATION('',(#3714),#3718);
#3714 = LINE('',#3715,#3716);
#3715 = CARTESIAN_POINT('',(0.,24.));
#3716 = VECTOR('',#3717,1.);
#3717 = DIRECTION('',(1.,0.));
#3718 = ( GEOMETRIC_REPRESENTATION_CONTEXT(2) 
PARAMETRIC_REPRESENTATION_CONTEXT() REPRESENTATION_CONTEXT('2D SPACE',''
  ) );
#3719 = ORIENTED_EDGE('',*,*,#3720,.T.);
#3720 = EDGE_CURVE('',#3698,#1235,#3721,.T.);
#3721 = SURFACE_CURVE('',#3722,(#3727,#3734),.PCURVE_S1.);
#3722 = CIRCLE('',#3723,3.312287495537);
#3723 = AXIS2_PLACEMENT_3D('',#3724,#3725,#3726);
#3724 = CARTESIAN_POINT('',(-3.4,-45.7392257725,109.04483587923));
#3725 = DIRECTION('',(0.,0.99619177062,8.718919742862E-02));
#3726 = DIRECTION('',(0.,-8.718919742862E-02,0.99619177062));
#3727 = PCURVE('',#1305,#3728);
#3728 = DEFINITIONAL_REPRESENTATION('',(#3729),#3733);
#3729 = CIRCLE('',#3730,3.312287495537);
#3730 = AXIS2_PLACEMENT_2D('',#3731,#3732);
#3731 = CARTESIAN_POINT('',(5.978280899646,-3.1));
#3732 = DIRECTION('',(-1.,0.));
#3733 = ( GEOMETRIC_REPRESENTATION_CONTEXT(2) 
PARAMETRIC_REPRESENTATION_CONTEXT() REPRESENTATION_CONTEXT('2D SPACE',''
  ) );
#3734 = PCURVE('',#1251,#3735);
#3735 = DEFINITIONAL_REPRESENTATION('',(#3736),#3743);
#3736 = B_SPLINE_CURVE_WITH_KNOTS('',5,(#3737,#3738,#3739,#3740,#3741,
    #3742),.UNSPECIFIED.,.F.,.F.,(6,6),(5.072354137625,5.639653768912),
  .PIECEWISE_BEZIER_KNOTS.);
#3737 = CARTESIAN_POINT('',(-0.360012628317,-0.985966163074));
#3738 = CARTESIAN_POINT('',(-0.473470527147,-0.985962597071));
#3739 = CARTESIAN_POINT('',(-0.58692766219,-0.985959221418));
#3740 = CARTESIAN_POINT('',(-0.700384087565,-0.98595613187));
#3741 = CARTESIAN_POINT('',(-0.813839899612,-0.985953413434));
#3742 = CARTESIAN_POINT('',(-0.927295222052,-0.985951127272));
#3743 = ( GEOMETRIC_REPRESENTATION_CONTEXT(2) 
PARAMETRIC_REPRESENTATION_CONTEXT() REPRESENTATION_CONTEXT('2D SPACE',''
  ) );
#3744 = ORIENTED_EDGE('',*,*,#1290,.F.);
#3745 = ORIENTED_EDGE('',*,*,#1507,.T.);
#3746 = ADVANCED_FACE('',(#3747),#1251,.T.);
#3747 = FACE_BOUND('',#3748,.F.);
#3748 = EDGE_LOOP('',(#3749,#3771,#3772,#3773,#3810,#3850));
#3749 = ORIENTED_EDGE('',*,*,#3750,.F.);
#3750 = EDGE_CURVE('',#1208,#3751,#3753,.T.);
#3751 = VERTEX_POINT('',#3752);
#3752 = CARTESIAN_POINT('',(-9.4,-50.72304800801,108.60863928169));
#3753 = SURFACE_CURVE('',#3754,(#3759,#3765),.PCURVE_S1.);
#3754 = CIRCLE('',#3755,6.);
#3755 = AXIS2_PLACEMENT_3D('',#3756,#3757,#3758);
#3756 = CARTESIAN_POINT('',(-3.4,-50.72304800801,108.60863928169));
#3757 = DIRECTION('',(1.480297366167E-16,-8.715574274766E-02,
    0.996194698092));
#3758 = DIRECTION('',(-1.,-1.290164164357E-17,1.474664387775E-16));
#3759 = PCURVE('',#1251,#3760);
#3760 = DEFINITIONAL_REPRESENTATION('',(#3761),#3764);
#3761 = B_SPLINE_CURVE_WITH_KNOTS('',1,(#3762,#3763),.UNSPECIFIED.,.F.,
  .F.,(2,2),(4.712388980385,6.28318530718),.PIECEWISE_BEZIER_KNOTS.);
#3762 = CARTESIAN_POINT('',(0.,-1.570796326795));
#3763 = CARTESIAN_POINT('',(0.,0.));
#3764 = ( GEOMETRIC_REPRESENTATION_CONTEXT(2) 
PARAMETRIC_REPRESENTATION_CONTEXT() REPRESENTATION_CONTEXT('2D SPACE',''
  ) );
#3765 = PCURVE('',#1223,#3766);
#3766 = DEFINITIONAL_REPRESENTATION('',(#3767),#3770);
#3767 = B_SPLINE_CURVE_WITH_KNOTS('',1,(#3768,#3769),.UNSPECIFIED.,.F.,
  .F.,(2,2),(4.712388980385,6.28318530718),.PIECEWISE_BEZIER_KNOTS.);
#3768 = CARTESIAN_POINT('',(-1.570796326795,32.2));
#3769 = CARTESIAN_POINT('',(0.,32.2));
#3770 = ( GEOMETRIC_REPRESENTATION_CONTEXT(2) 
PARAMETRIC_REPRESENTATION_CONTEXT() REPRESENTATION_CONTEXT('2D SPACE',''
  ) );
#3771 = ORIENTED_EDGE('',*,*,#1234,.T.);
#3772 = ORIENTED_EDGE('',*,*,#3720,.F.);
#3773 = ORIENTED_EDGE('',*,*,#3774,.T.);
#3774 = EDGE_CURVE('',#3698,#3775,#3777,.T.);
#3775 = VERTEX_POINT('',#3776);
#3776 = CARTESIAN_POINT('',(-6.5,-47.86058451538,112.87435173723));
#3777 = SURFACE_CURVE('',#3778,(#3783,#3803),.PCURVE_S1.);
#3778 = CIRCLE('',#3779,5.137119815617);
#3779 = AXIS2_PLACEMENT_3D('',#3780,#3781,#3782);
#3780 = CARTESIAN_POINT('',(-6.5,-50.72304800801,108.60863928169));
#3781 = DIRECTION('',(1.,0.,0.));
#3782 = DIRECTION('',(-0.,0.,1.));
#3783 = PCURVE('',#1251,#3784);
#3784 = DEFINITIONAL_REPRESENTATION('',(#3785),#3802);
#3785 = B_SPLINE_CURVE_WITH_KNOTS('',8,(#3786,#3787,#3788,#3789,#3790,
    #3791,#3792,#3793,#3794,#3795,#3796,#3797,#3798,#3799,#3800,#3801),
  .UNSPECIFIED.,.F.,.F.,(9,7,9),(5.028804976888,5.381732094936,
    5.734659212984),.UNSPECIFIED.);
#3786 = CARTESIAN_POINT('',(-0.360012628317,-0.985966163074));
#3787 = CARTESIAN_POINT('',(-0.422371946609,-0.97042475044));
#3788 = CARTESIAN_POINT('',(-0.480652222194,-0.951940868867));
#3789 = CARTESIAN_POINT('',(-0.534380908864,-0.930831016081));
#3790 = CARTESIAN_POINT('',(-0.583471742381,-0.907442813718));
#3791 = CARTESIAN_POINT('',(-0.628144720016,-0.882098846676));
#3792 = CARTESIAN_POINT('',(-0.668706366798,-0.855075529528));
#3793 = CARTESIAN_POINT('',(-0.705503192196,-0.826609178133));
#3794 = CARTESIAN_POINT('',(-0.772244329096,-0.767188975199));
#3795 = CARTESIAN_POINT('',(-0.802188649931,-0.736235124822));
#3796 = CARTESIAN_POINT('',(-0.829046133265,-0.704237000889));
#3797 = CARTESIAN_POINT('',(-0.85314968635,-0.67135726149));
#3798 = CARTESIAN_POINT('',(-0.874793011937,-0.637728027882));
#3799 = CARTESIAN_POINT('',(-0.894226938648,-0.603457889659));
#3800 = CARTESIAN_POINT('',(-0.911667092907,-0.568637951675));
#3801 = CARTESIAN_POINT('',(-0.927295222052,-0.533345239763));
#3802 = ( GEOMETRIC_REPRESENTATION_CONTEXT(2) 
PARAMETRIC_REPRESENTATION_CONTEXT() REPRESENTATION_CONTEXT('2D SPACE',''
  ) );
#3803 = PCURVE('',#1495,#3804);
#3804 = DEFINITIONAL_REPRESENTATION('',(#3805),#3809);
#3805 = CIRCLE('',#3806,5.137119815617);
#3806 = AXIS2_PLACEMENT_2D('',#3807,#3808);
#3807 = CARTESIAN_POINT('',(5.978280899646,18.997125671486));
#3808 = DIRECTION('',(-0.99619177062,8.718919742862E-02));
#3809 = ( GEOMETRIC_REPRESENTATION_CONTEXT(2) 
PARAMETRIC_REPRESENTATION_CONTEXT() REPRESENTATION_CONTEXT('2D SPACE',''
  ) );
#3810 = ORIENTED_EDGE('',*,*,#3811,.T.);
#3811 = EDGE_CURVE('',#3775,#3812,#3814,.T.);
#3812 = VERTEX_POINT('',#3813);
#3813 = CARTESIAN_POINT('',(-7.872135955,-51.071670979,112.59341807406)
  );
#3814 = SURFACE_CURVE('',#3815,(#3820,#3838),.PCURVE_S1.);
#3815 = CIRCLE('',#3816,4.472135955);
#3816 = AXIS2_PLACEMENT_3D('',#3817,#3818,#3819);
#3817 = CARTESIAN_POINT('',(-3.4,-51.071670979,112.59341807406));
#3818 = DIRECTION('',(0.,-8.715574274766E-02,0.996194698092));
#3819 = DIRECTION('',(0.,-0.996194698092,-8.715574274766E-02));
#3820 = PCURVE('',#1251,#3821);
#3821 = DEFINITIONAL_REPRESENTATION('',(#3822),#3837);
#3822 = B_SPLINE_CURVE_WITH_KNOTS('',7,(#3823,#3824,#3825,#3826,#3827,
    #3828,#3829,#3830,#3831,#3832,#3833,#3834,#3835,#3836),
  .UNSPECIFIED.,.F.,.F.,(8,6,8),(3.684231755839,4.198310368112,
    4.712388980385),.UNSPECIFIED.);
#3823 = CARTESIAN_POINT('',(-1.047197551197,-0.692268011609));
#3824 = CARTESIAN_POINT('',(-0.994462608456,-0.655548110733));
#3825 = CARTESIAN_POINT('',(-0.948198610455,-0.614915152734));
#3826 = CARTESIAN_POINT('',(-0.908174198018,-0.571112762348));
#3827 = CARTESIAN_POINT('',(-0.87376817613,-0.524790114522));
#3828 = CARTESIAN_POINT('',(-0.844392560449,-0.476445939422));
#3829 = CARTESIAN_POINT('',(-0.819542260573,-0.426490124108));
#3830 = CARTESIAN_POINT('',(-0.778083841256,-0.324033128128));
#3831 = CARTESIAN_POINT('',(-0.761475974389,-0.271532054087));
#3832 = CARTESIAN_POINT('',(-0.748583837051,-0.218097789941));
#3833 = CARTESIAN_POINT('',(-0.739108112633,-0.164002194827));
#3834 = CARTESIAN_POINT('',(-0.732854152715,-0.109477552874));
#3835 = CARTESIAN_POINT('',(-0.729727656227,-5.473879632478E-02));
#3836 = CARTESIAN_POINT('',(-0.729727656227,0.));
#3837 = ( GEOMETRIC_REPRESENTATION_CONTEXT(2) 
PARAMETRIC_REPRESENTATION_CONTEXT() REPRESENTATION_CONTEXT('2D SPACE',''
  ) );
#3838 = PCURVE('',#3839,#3844);
#3839 = PLANE('',#3840);
#3840 = AXIS2_PLACEMENT_3D('',#3841,#3842,#3843);
#3841 = CARTESIAN_POINT('',(-9.4,-70.99556494084,110.8503032191));
#3842 = DIRECTION('',(0.,-8.715574274766E-02,0.996194698092));
#3843 = DIRECTION('',(1.,0.,0.));
#3844 = DEFINITIONAL_REPRESENTATION('',(#3845),#3849);
#3845 = CIRCLE('',#3846,4.472135955);
#3846 = AXIS2_PLACEMENT_2D('',#3847,#3848);
#3847 = CARTESIAN_POINT('',(6.,20.));
#3848 = DIRECTION('',(0.,-1.));
#3849 = ( GEOMETRIC_REPRESENTATION_CONTEXT(2) 
PARAMETRIC_REPRESENTATION_CONTEXT() REPRESENTATION_CONTEXT('2D SPACE',''
  ) );
#3850 = ORIENTED_EDGE('',*,*,#3851,.F.);
#3851 = EDGE_CURVE('',#3751,#3812,#3852,.T.);
#3852 = SURFACE_CURVE('',#3853,(#3858,#3865),.PCURVE_S1.);
#3853 = CIRCLE('',#3854,6.);
#3854 = AXIS2_PLACEMENT_3D('',#3855,#3856,#3857);
#3855 = CARTESIAN_POINT('',(-3.4,-50.72304800801,108.60863928169));
#3856 = DIRECTION('',(-8.576940876179E-34,0.996194698092,
    8.715574274766E-02));
#3857 = DIRECTION('',(-1.,-1.290164164357E-17,1.474664387775E-16));
#3858 = PCURVE('',#1251,#3859);
#3859 = DEFINITIONAL_REPRESENTATION('',(#3860),#3864);
#3860 = LINE('',#3861,#3862);
#3861 = CARTESIAN_POINT('',(-0.,0.));
#3862 = VECTOR('',#3863,1.);
#3863 = DIRECTION('',(-1.,0.));
#3864 = ( GEOMETRIC_REPRESENTATION_CONTEXT(2) 
PARAMETRIC_REPRESENTATION_CONTEXT() REPRESENTATION_CONTEXT('2D SPACE',''
  ) );
#3865 = PCURVE('',#3866,#3871);
#3866 = CYLINDRICAL_SURFACE('',#3867,6.);
#3867 = AXIS2_PLACEMENT_3D('',#3868,#3869,#3870);
#3868 = CARTESIAN_POINT('',(-3.4,-70.64694196985,106.86552442674));
#3869 = DIRECTION('',(0.,0.996194698092,8.715574274766E-02));
#3870 = DIRECTION('',(-1.,0.,0.));
#3871 = DEFINITIONAL_REPRESENTATION('',(#3872),#3876);
#3872 = LINE('',#3873,#3874);
#3873 = CARTESIAN_POINT('',(0.,20.));
#3874 = VECTOR('',#3875,1.);
#3875 = DIRECTION('',(1.,0.));
#3876 = ( GEOMETRIC_REPRESENTATION_CONTEXT(2) 
PARAMETRIC_REPRESENTATION_CONTEXT() REPRESENTATION_CONTEXT('2D SPACE',''
  ) );
#3877 = ADVANCED_FACE('',(#3878),#1223,.T.);
#3878 = FACE_BOUND('',#3879,.F.);
#3879 = EDGE_LOOP('',(#3880,#3901,#3902,#3903));
#3880 = ORIENTED_EDGE('',*,*,#3881,.F.);
#3881 = EDGE_CURVE('',#2242,#3751,#3882,.T.);
#3882 = SURFACE_CURVE('',#3883,(#3887,#3894),.PCURVE_S1.);
#3883 = LINE('',#3884,#3885);
#3884 = CARTESIAN_POINT('',(-9.4,-47.91663309154,76.53117000314));
#3885 = VECTOR('',#3886,1.);
#3886 = DIRECTION('',(0.,-8.715574274766E-02,0.996194698092));
#3887 = PCURVE('',#1223,#3888);
#3888 = DEFINITIONAL_REPRESENTATION('',(#3889),#3893);
#3889 = LINE('',#3890,#3891);
#3890 = CARTESIAN_POINT('',(-0.,0.));
#3891 = VECTOR('',#3892,1.);
#3892 = DIRECTION('',(-0.,1.));
#3893 = ( GEOMETRIC_REPRESENTATION_CONTEXT(2) 
PARAMETRIC_REPRESENTATION_CONTEXT() REPRESENTATION_CONTEXT('2D SPACE',''
  ) );
#3894 = PCURVE('',#2257,#3895);
#3895 = DEFINITIONAL_REPRESENTATION('',(#3896),#3900);
#3896 = LINE('',#3897,#3898);
#3897 = CARTESIAN_POINT('',(0.,-20.));
#3898 = VECTOR('',#3899,1.);
#3899 = DIRECTION('',(1.,0.));
#3900 = ( GEOMETRIC_REPRESENTATION_CONTEXT(2) 
PARAMETRIC_REPRESENTATION_CONTEXT() REPRESENTATION_CONTEXT('2D SPACE',''
  ) );
#3901 = ORIENTED_EDGE('',*,*,#2268,.F.);
#3902 = ORIENTED_EDGE('',*,*,#1207,.T.);
#3903 = ORIENTED_EDGE('',*,*,#3750,.T.);
#3904 = ADVANCED_FACE('',(#3905),#1495,.T.);
#3905 = FACE_BOUND('',#3906,.T.);
#3906 = EDGE_LOOP('',(#3907,#3937,#3965,#3993,#4014,#4049,#4072,#4100,
    #4121,#4122,#4123,#4124,#4125));
#3907 = ORIENTED_EDGE('',*,*,#3908,.F.);
#3908 = EDGE_CURVE('',#3909,#3911,#3913,.T.);
#3909 = VERTEX_POINT('',#3910);
#3910 = CARTESIAN_POINT('',(-6.5,-46.26046728614,115.00035011391));
#3911 = VERTEX_POINT('',#3912);
#3912 = CARTESIAN_POINT('',(-6.5,-46.08796791383,113.02943559464));
#3913 = SURFACE_CURVE('',#3914,(#3918,#3925),.PCURVE_S1.);
#3914 = LINE('',#3915,#3916);
#3915 = CARTESIAN_POINT('',(-6.5,-46.26046728614,115.00035011391));
#3916 = VECTOR('',#3917,1.);
#3917 = DIRECTION('',(0.,8.718919742862E-02,-0.99619177062));
#3918 = PCURVE('',#1495,#3919);
#3919 = DEFINITIONAL_REPRESENTATION('',(#3920),#3924);
#3920 = LINE('',#3921,#3922);
#3921 = CARTESIAN_POINT('',(0.,24.));
#3922 = VECTOR('',#3923,1.);
#3923 = DIRECTION('',(1.,0.));
#3924 = ( GEOMETRIC_REPRESENTATION_CONTEXT(2) 
PARAMETRIC_REPRESENTATION_CONTEXT() REPRESENTATION_CONTEXT('2D SPACE',''
  ) );
#3925 = PCURVE('',#3926,#3931);
#3926 = PLANE('',#3927);
#3927 = AXIS2_PLACEMENT_3D('',#3928,#3929,#3930);
#3928 = CARTESIAN_POINT('',(-6.5,-46.26046728614,115.00035011391));
#3929 = DIRECTION('',(0.,0.99619177062,8.718919742862E-02));
#3930 = DIRECTION('',(0.,8.718919742862E-02,-0.99619177062));
#3931 = DEFINITIONAL_REPRESENTATION('',(#3932),#3936);
#3932 = LINE('',#3933,#3934);
#3933 = CARTESIAN_POINT('',(0.,0.));
#3934 = VECTOR('',#3935,1.);
#3935 = DIRECTION('',(1.,0.));
#3936 = ( GEOMETRIC_REPRESENTATION_CONTEXT(2) 
PARAMETRIC_REPRESENTATION_CONTEXT() REPRESENTATION_CONTEXT('2D SPACE',''
  ) );
#3937 = ORIENTED_EDGE('',*,*,#3938,.F.);
#3938 = EDGE_CURVE('',#3939,#3909,#3941,.T.);
#3939 = VERTEX_POINT('',#3940);
#3940 = CARTESIAN_POINT('',(-6.5,-70.16906978103,112.90780937563));
#3941 = SURFACE_CURVE('',#3942,(#3946,#3953),.PCURVE_S1.);
#3942 = LINE('',#3943,#3944);
#3943 = CARTESIAN_POINT('',(-6.5,-70.16906978103,112.90780937563));
#3944 = VECTOR('',#3945,1.);
#3945 = DIRECTION('',(0.,0.99619177062,8.718919742862E-02));
#3946 = PCURVE('',#1495,#3947);
#3947 = DEFINITIONAL_REPRESENTATION('',(#3948),#3952);
#3948 = LINE('',#3949,#3950);
#3949 = CARTESIAN_POINT('',(0.,0.));
#3950 = VECTOR('',#3951,1.);
#3951 = DIRECTION('',(0.,1.));
#3952 = ( GEOMETRIC_REPRESENTATION_CONTEXT(2) 
PARAMETRIC_REPRESENTATION_CONTEXT() REPRESENTATION_CONTEXT('2D SPACE',''
  ) );
#3953 = PCURVE('',#3954,#3959);
#3954 = PLANE('',#3955);
#3955 = AXIS2_PLACEMENT_3D('',#3956,#3957,#3958);
#3956 = CARTESIAN_POINT('',(-6.5,-70.16906978103,112.90780937563));
#3957 = DIRECTION('',(0.,8.718919742862E-02,-0.99619177062));
#3958 = DIRECTION('',(0.,0.99619177062,8.718919742862E-02));
#3959 = DEFINITIONAL_REPRESENTATION('',(#3960),#3964);
#3960 = LINE('',#3961,#3962);
#3961 = CARTESIAN_POINT('',(0.,0.));
#3962 = VECTOR('',#3963,1.);
#3963 = DIRECTION('',(1.,0.));
#3964 = ( GEOMETRIC_REPRESENTATION_CONTEXT(2) 
PARAMETRIC_REPRESENTATION_CONTEXT() REPRESENTATION_CONTEXT('2D SPACE',''
  ) );
#3965 = ORIENTED_EDGE('',*,*,#3966,.T.);
#3966 = EDGE_CURVE('',#3939,#3967,#3969,.T.);
#3967 = VERTEX_POINT('',#3968);
#3968 = CARTESIAN_POINT('',(-6.5,-69.99664068151,110.93769776752));
#3969 = SURFACE_CURVE('',#3970,(#3974,#3981),.PCURVE_S1.);
#3970 = LINE('',#3971,#3972);
#3971 = CARTESIAN_POINT('',(-6.5,-70.16906978103,112.90780937563));
#3972 = VECTOR('',#3973,1.);
#3973 = DIRECTION('',(0.,8.718919742862E-02,-0.99619177062));
#3974 = PCURVE('',#1495,#3975);
#3975 = DEFINITIONAL_REPRESENTATION('',(#3976),#3980);
#3976 = LINE('',#3977,#3978);
#3977 = CARTESIAN_POINT('',(0.,0.));
#3978 = VECTOR('',#3979,1.);
#3979 = DIRECTION('',(1.,0.));
#3980 = ( GEOMETRIC_REPRESENTATION_CONTEXT(2) 
PARAMETRIC_REPRESENTATION_CONTEXT() REPRESENTATION_CONTEXT('2D SPACE',''
  ) );
#3981 = PCURVE('',#3982,#3987);
#3982 = PLANE('',#3983);
#3983 = AXIS2_PLACEMENT_3D('',#3984,#3985,#3986);
#3984 = CARTESIAN_POINT('',(-6.5,-70.16906978103,112.90780937563));
#3985 = DIRECTION('',(0.,0.99619177062,8.718919742862E-02));
#3986 = DIRECTION('',(0.,8.718919742862E-02,-0.99619177062));
#3987 = DEFINITIONAL_REPRESENTATION('',(#3988),#3992);
#3988 = LINE('',#3989,#3990);
#3989 = CARTESIAN_POINT('',(0.,0.));
#3990 = VECTOR('',#3991,1.);
#3991 = DIRECTION('',(1.,0.));
#3992 = ( GEOMETRIC_REPRESENTATION_CONTEXT(2) 
PARAMETRIC_REPRESENTATION_CONTEXT() REPRESENTATION_CONTEXT('2D SPACE',''
  ) );
#3993 = ORIENTED_EDGE('',*,*,#3994,.T.);
#3994 = EDGE_CURVE('',#3967,#3995,#3997,.T.);
#3995 = VERTEX_POINT('',#3996);
#3996 = CARTESIAN_POINT('',(-6.5,-68.22948321592,111.09230401242));
#3997 = SURFACE_CURVE('',#3998,(#4002,#4008),.PCURVE_S1.);
#3998 = LINE('',#3999,#4000);
#3999 = CARTESIAN_POINT('',(-6.5,-70.49613589193,110.89399759912));
#4000 = VECTOR('',#4001,1.);
#4001 = DIRECTION('',(-0.,0.996194698092,8.715574274766E-02));
#4002 = PCURVE('',#1495,#4003);
#4003 = DEFINITIONAL_REPRESENTATION('',(#4004),#4007);
#4004 = B_SPLINE_CURVE_WITH_KNOTS('',1,(#4005,#4006),.UNSPECIFIED.,.F.,
  .F.,(2,2),(0.501403200976,24.501403214509),.PIECEWISE_BEZIER_KNOTS.);
#4005 = CARTESIAN_POINT('',(1.977642926004,1.67526007526E-16));
#4006 = CARTESIAN_POINT('',(1.978448906526,24.));
#4007 = ( GEOMETRIC_REPRESENTATION_CONTEXT(2) 
PARAMETRIC_REPRESENTATION_CONTEXT() REPRESENTATION_CONTEXT('2D SPACE',''
  ) );
#4008 = PCURVE('',#3839,#4009);
#4009 = DEFINITIONAL_REPRESENTATION('',(#4010),#4013);
#4010 = B_SPLINE_CURVE_WITH_KNOTS('',1,(#4011,#4012),.UNSPECIFIED.,.F.,
  .F.,(2,2),(0.501403200976,24.501403214509),.PIECEWISE_BEZIER_KNOTS.);
#4011 = CARTESIAN_POINT('',(2.9,1.002739987715));
#4012 = CARTESIAN_POINT('',(2.9,25.002740001248));
#4013 = ( GEOMETRIC_REPRESENTATION_CONTEXT(2) 
PARAMETRIC_REPRESENTATION_CONTEXT() REPRESENTATION_CONTEXT('2D SPACE',''
  ) );
#4014 = ORIENTED_EDGE('',*,*,#4015,.T.);
#4015 = EDGE_CURVE('',#3995,#4016,#4018,.T.);
#4016 = VERTEX_POINT('',#4017);
#4017 = CARTESIAN_POINT('',(-6.5,-69.75172088879,108.13933410362));
#4018 = SURFACE_CURVE('',#4019,(#4024,#4031),.PCURVE_S1.);
#4019 = CIRCLE('',#4020,5.137119815617);
#4020 = AXIS2_PLACEMENT_3D('',#4021,#4022,#4023);
#4021 = CARTESIAN_POINT('',(-6.5,-64.6697737813,107.38845888322));
#4022 = DIRECTION('',(1.,0.,0.));
#4023 = DIRECTION('',(-0.,0.,1.));
#4024 = PCURVE('',#1495,#4025);
#4025 = DEFINITIONAL_REPRESENTATION('',(#4026),#4030);
#4026 = CIRCLE('',#4027,5.137119815617);
#4027 = AXIS2_PLACEMENT_2D('',#4028,#4029);
#4028 = CARTESIAN_POINT('',(5.977810744341,4.99712567938));
#4029 = DIRECTION('',(-0.99619177062,8.718919742862E-02));
#4030 = ( GEOMETRIC_REPRESENTATION_CONTEXT(2) 
PARAMETRIC_REPRESENTATION_CONTEXT() REPRESENTATION_CONTEXT('2D SPACE',''
  ) );
#4031 = PCURVE('',#4032,#4037);
#4032 = SPHERICAL_SURFACE('',#4033,6.);
#4033 = AXIS2_PLACEMENT_3D('',#4034,#4035,#4036);
#4034 = CARTESIAN_POINT('',(-3.4,-64.6697737813,107.38845888322));
#4035 = DIRECTION('',(0.,8.715574274766E-02,-0.996194698092));
#4036 = DIRECTION('',(-1.,0.,0.));
#4037 = DEFINITIONAL_REPRESENTATION('',(#4038),#4048);
#4038 = B_SPLINE_CURVE_WITH_KNOTS('',8,(#4039,#4040,#4041,#4042,#4043,
    #4044,#4045,#4046,#4047),.UNSPECIFIED.,.F.,.F.,(9,9),(0.765557081607
    ,1.424104214406),.PIECEWISE_BEZIER_KNOTS.);
#4039 = CARTESIAN_POINT('',(-0.804903110034,-0.729727656227));
#4040 = CARTESIAN_POINT('',(-0.855940512826,-0.670395565493));
#4041 = CARTESIAN_POINT('',(-0.896917555965,-0.607735106043));
#4042 = CARTESIAN_POINT('',(-0.929862149877,-0.542747717743));
#4043 = CARTESIAN_POINT('',(-0.956411152872,-0.476070300914));
#4044 = CARTESIAN_POINT('',(-0.977602683207,-0.408138486727));
#4045 = CARTESIAN_POINT('',(-0.994216667602,-0.339284219505));
#4046 = CARTESIAN_POINT('',(-1.006758382457,-0.269768422963));
#4047 = CARTESIAN_POINT('',(-1.0155466266,-0.199816819157));
#4048 = ( GEOMETRIC_REPRESENTATION_CONTEXT(2) 
PARAMETRIC_REPRESENTATION_CONTEXT() REPRESENTATION_CONTEXT('2D SPACE',''
  ) );
#4049 = ORIENTED_EDGE('',*,*,#4050,.T.);
#4050 = EDGE_CURVE('',#4016,#4051,#4053,.T.);
#4051 = VERTEX_POINT('',#4052);
#4052 = CARTESIAN_POINT('',(-6.5,-67.11744787103,78.041097403918));
#4053 = SURFACE_CURVE('',#4054,(#4058,#4065),.PCURVE_S1.);
#4054 = LINE('',#4055,#4056);
#4055 = CARTESIAN_POINT('',(-6.5,-70.16906978103,112.90780937563));
#4056 = VECTOR('',#4057,1.);
#4057 = DIRECTION('',(0.,8.718919742862E-02,-0.99619177062));
#4058 = PCURVE('',#1495,#4059);
#4059 = DEFINITIONAL_REPRESENTATION('',(#4060),#4064);
#4060 = LINE('',#4061,#4062);
#4061 = CARTESIAN_POINT('',(0.,0.));
#4062 = VECTOR('',#4063,1.);
#4063 = DIRECTION('',(1.,0.));
#4064 = ( GEOMETRIC_REPRESENTATION_CONTEXT(2) 
PARAMETRIC_REPRESENTATION_CONTEXT() REPRESENTATION_CONTEXT('2D SPACE',''
  ) );
#4065 = PCURVE('',#1758,#4066);
#4066 = DEFINITIONAL_REPRESENTATION('',(#4067),#4071);
#4067 = LINE('',#4068,#4069);
#4068 = CARTESIAN_POINT('',(0.,0.));
#4069 = VECTOR('',#4070,1.);
#4070 = DIRECTION('',(1.,0.));
#4071 = ( GEOMETRIC_REPRESENTATION_CONTEXT(2) 
PARAMETRIC_REPRESENTATION_CONTEXT() REPRESENTATION_CONTEXT('2D SPACE',''
  ) );
#4072 = ORIENTED_EDGE('',*,*,#4073,.T.);
#4073 = EDGE_CURVE('',#4051,#4074,#4076,.T.);
#4074 = VERTEX_POINT('',#4075);
#4075 = CARTESIAN_POINT('',(-6.5,-43.20884537614,80.133638142205));
#4076 = SURFACE_CURVE('',#4077,(#4081,#4088),.PCURVE_S1.);
#4077 = LINE('',#4078,#4079);
#4078 = CARTESIAN_POINT('',(-6.5,-67.11744787103,78.041097403918));
#4079 = VECTOR('',#4080,1.);
#4080 = DIRECTION('',(0.,0.99619177062,8.718919742862E-02));
#4081 = PCURVE('',#1495,#4082);
#4082 = DEFINITIONAL_REPRESENTATION('',(#4083),#4087);
#4083 = LINE('',#4084,#4085);
#4084 = CARTESIAN_POINT('',(35.,0.));
#4085 = VECTOR('',#4086,1.);
#4086 = DIRECTION('',(0.,1.));
#4087 = ( GEOMETRIC_REPRESENTATION_CONTEXT(2) 
PARAMETRIC_REPRESENTATION_CONTEXT() REPRESENTATION_CONTEXT('2D SPACE',''
  ) );
#4088 = PCURVE('',#4089,#4094);
#4089 = PLANE('',#4090);
#4090 = AXIS2_PLACEMENT_3D('',#4091,#4092,#4093);
#4091 = CARTESIAN_POINT('',(-6.5,-67.11744787103,78.041097403918));
#4092 = DIRECTION('',(0.,8.718919742862E-02,-0.99619177062));
#4093 = DIRECTION('',(0.,0.99619177062,8.718919742862E-02));
#4094 = DEFINITIONAL_REPRESENTATION('',(#4095),#4099);
#4095 = LINE('',#4096,#4097);
#4096 = CARTESIAN_POINT('',(0.,0.));
#4097 = VECTOR('',#4098,1.);
#4098 = DIRECTION('',(1.,0.));
#4099 = ( GEOMETRIC_REPRESENTATION_CONTEXT(2) 
PARAMETRIC_REPRESENTATION_CONTEXT() REPRESENTATION_CONTEXT('2D SPACE',''
  ) );
#4100 = ORIENTED_EDGE('',*,*,#4101,.F.);
#4101 = EDGE_CURVE('',#1565,#4074,#4102,.T.);
#4102 = SURFACE_CURVE('',#4103,(#4107,#4114),.PCURVE_S1.);
#4103 = LINE('',#4104,#4105);
#4104 = CARTESIAN_POINT('',(-6.5,-46.26046728614,115.00035011391));
#4105 = VECTOR('',#4106,1.);
#4106 = DIRECTION('',(0.,8.718919742862E-02,-0.99619177062));
#4107 = PCURVE('',#1495,#4108);
#4108 = DEFINITIONAL_REPRESENTATION('',(#4109),#4113);
#4109 = LINE('',#4110,#4111);
#4110 = CARTESIAN_POINT('',(0.,24.));
#4111 = VECTOR('',#4112,1.);
#4112 = DIRECTION('',(1.,0.));
#4113 = ( GEOMETRIC_REPRESENTATION_CONTEXT(2) 
PARAMETRIC_REPRESENTATION_CONTEXT() REPRESENTATION_CONTEXT('2D SPACE',''
  ) );
#4114 = PCURVE('',#1600,#4115);
#4115 = DEFINITIONAL_REPRESENTATION('',(#4116),#4120);
#4116 = LINE('',#4117,#4118);
#4117 = CARTESIAN_POINT('',(0.,0.));
#4118 = VECTOR('',#4119,1.);
#4119 = DIRECTION('',(1.,0.));
#4120 = ( GEOMETRIC_REPRESENTATION_CONTEXT(2) 
PARAMETRIC_REPRESENTATION_CONTEXT() REPRESENTATION_CONTEXT('2D SPACE',''
  ) );
#4121 = ORIENTED_EDGE('',*,*,#1564,.F.);
#4122 = ORIENTED_EDGE('',*,*,#1474,.T.);
#4123 = ORIENTED_EDGE('',*,*,#3697,.F.);
#4124 = ORIENTED_EDGE('',*,*,#3774,.T.);
#4125 = ORIENTED_EDGE('',*,*,#4126,.T.);
#4126 = EDGE_CURVE('',#3775,#3911,#4127,.T.);
#4127 = SURFACE_CURVE('',#4128,(#4132,#4138),.PCURVE_S1.);
#4128 = LINE('',#4129,#4130);
#4129 = CARTESIAN_POINT('',(-6.5,-70.49613589193,110.89399759912));
#4130 = VECTOR('',#4131,1.);
#4131 = DIRECTION('',(-0.,0.996194698092,8.715574274766E-02));
#4132 = PCURVE('',#1495,#4133);
#4133 = DEFINITIONAL_REPRESENTATION('',(#4134),#4137);
#4134 = B_SPLINE_CURVE_WITH_KNOTS('',1,(#4135,#4136),.UNSPECIFIED.,.F.,
  .F.,(2,2),(0.501403200976,24.501403214509),.PIECEWISE_BEZIER_KNOTS.);
#4135 = CARTESIAN_POINT('',(1.977642926004,1.67526007526E-16));
#4136 = CARTESIAN_POINT('',(1.978448906526,24.));
#4137 = ( GEOMETRIC_REPRESENTATION_CONTEXT(2) 
PARAMETRIC_REPRESENTATION_CONTEXT() REPRESENTATION_CONTEXT('2D SPACE',''
  ) );
#4138 = PCURVE('',#3839,#4139);
#4139 = DEFINITIONAL_REPRESENTATION('',(#4140),#4143);
#4140 = B_SPLINE_CURVE_WITH_KNOTS('',1,(#4141,#4142),.UNSPECIFIED.,.F.,
  .F.,(2,2),(0.501403200976,24.501403214509),.PIECEWISE_BEZIER_KNOTS.);
#4141 = CARTESIAN_POINT('',(2.9,1.002739987715));
#4142 = CARTESIAN_POINT('',(2.9,25.002740001248));
#4143 = ( GEOMETRIC_REPRESENTATION_CONTEXT(2) 
PARAMETRIC_REPRESENTATION_CONTEXT() REPRESENTATION_CONTEXT('2D SPACE',''
  ) );
#4144 = ADVANCED_FACE('',(#4145),#1867,.T.);
#4145 = FACE_BOUND('',#4146,.T.);
#4146 = EDGE_LOOP('',(#4147,#4172,#4198,#4217,#4218,#4219));
#4147 = ORIENTED_EDGE('',*,*,#4148,.F.);
#4148 = EDGE_CURVE('',#4149,#4151,#4153,.T.);
#4149 = VERTEX_POINT('',#4150);
#4150 = CARTESIAN_POINT('',(-7.8,-41.93946490299,77.054104459626));
#4151 = VERTEX_POINT('',#4152);
#4152 = CARTESIAN_POINT('',(17.4,-41.93946490299,77.054104459626));
#4153 = SURFACE_CURVE('',#4154,(#4158,#4165),.PCURVE_S1.);
#4154 = LINE('',#4155,#4156);
#4155 = CARTESIAN_POINT('',(-9.4,-41.93946490299,77.054104459626));
#4156 = VECTOR('',#4157,1.);
#4157 = DIRECTION('',(1.,0.,0.));
#4158 = PCURVE('',#1867,#4159);
#4159 = DEFINITIONAL_REPRESENTATION('',(#4160),#4164);
#4160 = LINE('',#4161,#4162);
#4161 = CARTESIAN_POINT('',(0.,0.));
#4162 = VECTOR('',#4163,1.);
#4163 = DIRECTION('',(0.,1.));
#4164 = ( GEOMETRIC_REPRESENTATION_CONTEXT(2) 
PARAMETRIC_REPRESENTATION_CONTEXT() REPRESENTATION_CONTEXT('2D SPACE',''
  ) );
#4165 = PCURVE('',#2073,#4166);
#4166 = DEFINITIONAL_REPRESENTATION('',(#4167),#4171);
#4167 = LINE('',#4168,#4169);
#4168 = CARTESIAN_POINT('',(0.,26.));
#4169 = VECTOR('',#4170,1.);
#4170 = DIRECTION('',(1.,0.));
#4171 = ( GEOMETRIC_REPRESENTATION_CONTEXT(2) 
PARAMETRIC_REPRESENTATION_CONTEXT() REPRESENTATION_CONTEXT('2D SPACE',''
  ) );
#4172 = ORIENTED_EDGE('',*,*,#4173,.F.);
#4173 = EDGE_CURVE('',#4174,#4149,#4176,.T.);
#4174 = VERTEX_POINT('',#4175);
#4175 = CARTESIAN_POINT('',(-7.8,-42.18286710809,79.836204394583));
#4176 = SURFACE_CURVE('',#4177,(#4181,#4187),.PCURVE_S1.);
#4177 = LINE('',#4178,#4179);
#4178 = CARTESIAN_POINT('',(-7.8,-42.06113516353,78.444801901257));
#4179 = VECTOR('',#4180,1.);
#4180 = DIRECTION('',(0.,8.715574274766E-02,-0.996194698092));
#4181 = PCURVE('',#1867,#4182);
#4182 = DEFINITIONAL_REPRESENTATION('',(#4183),#4186);
#4183 = B_SPLINE_CURVE_WITH_KNOTS('',1,(#4184,#4185),.UNSPECIFIED.,.F.,
  .F.,(2,2),(-1.396717424807,1.39600967993),.PIECEWISE_BEZIER_KNOTS.);
#4184 = CARTESIAN_POINT('',(2.792727104738,1.6));
#4185 = CARTESIAN_POINT('',(0.,1.6));
#4186 = ( GEOMETRIC_REPRESENTATION_CONTEXT(2) 
PARAMETRIC_REPRESENTATION_CONTEXT() REPRESENTATION_CONTEXT('2D SPACE',''
  ) );
#4187 = PCURVE('',#4188,#4193);
#4188 = PLANE('',#4189);
#4189 = AXIS2_PLACEMENT_3D('',#4190,#4191,#4192);
#4190 = CARTESIAN_POINT('',(-7.8,-63.17740787784,77.99870963295));
#4191 = DIRECTION('',(1.,0.,0.));
#4192 = DIRECTION('',(0.,8.718919742862E-02,-0.99619177062));
#4193 = DEFINITIONAL_REPRESENTATION('',(#4194),#4197);
#4194 = B_SPLINE_CURVE_WITH_KNOTS('',1,(#4195,#4196),.UNSPECIFIED.,.F.,
  .F.,(2,2),(-1.396717424807,1.39600967993),.PIECEWISE_BEZIER_KNOTS.);
#4195 = CARTESIAN_POINT('',(-1.677823594032E-16,21.074798436318));
#4196 = CARTESIAN_POINT('',(2.792727103163,21.074704649499));
#4197 = ( GEOMETRIC_REPRESENTATION_CONTEXT(2) 
PARAMETRIC_REPRESENTATION_CONTEXT() REPRESENTATION_CONTEXT('2D SPACE',''
  ) );
#4198 = ORIENTED_EDGE('',*,*,#4199,.T.);
#4199 = EDGE_CURVE('',#4174,#2112,#4200,.T.);
#4200 = SURFACE_CURVE('',#4201,(#4205,#4211),.PCURVE_S1.);
#4201 = LINE('',#4202,#4203);
#4202 = CARTESIAN_POINT('',(-19.2,-42.18286710809,79.836204394583));
#4203 = VECTOR('',#4204,1.);
#4204 = DIRECTION('',(-1.,0.,0.));
#4205 = PCURVE('',#1867,#4206);
#4206 = DEFINITIONAL_REPRESENTATION('',(#4207),#4210);
#4207 = B_SPLINE_CURVE_WITH_KNOTS('',1,(#4208,#4209),.UNSPECIFIED.,.F.,
  .F.,(2,2),(-11.4,-9.8),.PIECEWISE_BEZIER_KNOTS.);
#4208 = CARTESIAN_POINT('',(2.792727104738,1.6));
#4209 = CARTESIAN_POINT('',(2.792727104738,0.));
#4210 = ( GEOMETRIC_REPRESENTATION_CONTEXT(2) 
PARAMETRIC_REPRESENTATION_CONTEXT() REPRESENTATION_CONTEXT('2D SPACE',''
  ) );
#4211 = PCURVE('',#2126,#4212);
#4212 = DEFINITIONAL_REPRESENTATION('',(#4213),#4216);
#4213 = B_SPLINE_CURVE_WITH_KNOTS('',1,(#4214,#4215),.UNSPECIFIED.,.F.,
  .F.,(2,2),(-11.4,-9.8),.PIECEWISE_BEZIER_KNOTS.);
#4214 = CARTESIAN_POINT('',(21.074798436318,21.2));
#4215 = CARTESIAN_POINT('',(21.074798436318,19.6));
#4216 = ( GEOMETRIC_REPRESENTATION_CONTEXT(2) 
PARAMETRIC_REPRESENTATION_CONTEXT() REPRESENTATION_CONTEXT('2D SPACE',''
  ) );
#4217 = ORIENTED_EDGE('',*,*,#2137,.T.);
#4218 = ORIENTED_EDGE('',*,*,#1853,.T.);
#4219 = ORIENTED_EDGE('',*,*,#4220,.F.);
#4220 = EDGE_CURVE('',#4151,#1826,#4221,.T.);
#4221 = SURFACE_CURVE('',#4222,(#4226,#4233),.PCURVE_S1.);
#4222 = LINE('',#4223,#4224);
#4223 = CARTESIAN_POINT('',(17.4,-41.93946490299,77.054104459626));
#4224 = VECTOR('',#4225,1.);
#4225 = DIRECTION('',(0.,-8.715574274766E-02,0.996194698092));
#4226 = PCURVE('',#1867,#4227);
#4227 = DEFINITIONAL_REPRESENTATION('',(#4228),#4232);
#4228 = LINE('',#4229,#4230);
#4229 = CARTESIAN_POINT('',(0.,26.8));
#4230 = VECTOR('',#4231,1.);
#4231 = DIRECTION('',(1.,0.));
#4232 = ( GEOMETRIC_REPRESENTATION_CONTEXT(2) 
PARAMETRIC_REPRESENTATION_CONTEXT() REPRESENTATION_CONTEXT('2D SPACE',''
  ) );
#4233 = PCURVE('',#1841,#4234);
#4234 = DEFINITIONAL_REPRESENTATION('',(#4235),#4239);
#4235 = LINE('',#4236,#4237);
#4236 = CARTESIAN_POINT('',(0.,-26.));
#4237 = VECTOR('',#4238,1.);
#4238 = DIRECTION('',(1.,0.));
#4239 = ( GEOMETRIC_REPRESENTATION_CONTEXT(2) 
PARAMETRIC_REPRESENTATION_CONTEXT() REPRESENTATION_CONTEXT('2D SPACE',''
  ) );
#4240 = ADVANCED_FACE('',(#4241),#1841,.T.);
#4241 = FACE_BOUND('',#4242,.T.);
#4242 = EDGE_LOOP('',(#4243,#4266,#4287,#4288));
#4243 = ORIENTED_EDGE('',*,*,#4244,.F.);
#4244 = EDGE_CURVE('',#4245,#1798,#4247,.T.);
#4245 = VERTEX_POINT('',#4246);
#4246 = CARTESIAN_POINT('',(17.4,-67.84052705337,74.788055148187));
#4247 = SURFACE_CURVE('',#4248,(#4252,#4259),.PCURVE_S1.);
#4248 = LINE('',#4249,#4250);
#4249 = CARTESIAN_POINT('',(17.4,-67.84052705337,74.788055148187));
#4250 = VECTOR('',#4251,1.);
#4251 = DIRECTION('',(0.,-8.715574274766E-02,0.996194698092));
#4252 = PCURVE('',#1841,#4253);
#4253 = DEFINITIONAL_REPRESENTATION('',(#4254),#4258);
#4254 = LINE('',#4255,#4256);
#4255 = CARTESIAN_POINT('',(0.,0.));
#4256 = VECTOR('',#4257,1.);
#4257 = DIRECTION('',(1.,0.));
#4258 = ( GEOMETRIC_REPRESENTATION_CONTEXT(2) 
PARAMETRIC_REPRESENTATION_CONTEXT() REPRESENTATION_CONTEXT('2D SPACE',''
  ) );
#4259 = PCURVE('',#1813,#4260);
#4260 = DEFINITIONAL_REPRESENTATION('',(#4261),#4265);
#4261 = LINE('',#4262,#4263);
#4262 = CARTESIAN_POINT('',(0.,26.8));
#4263 = VECTOR('',#4264,1.);
#4264 = DIRECTION('',(1.,0.));
#4265 = ( GEOMETRIC_REPRESENTATION_CONTEXT(2) 
PARAMETRIC_REPRESENTATION_CONTEXT() REPRESENTATION_CONTEXT('2D SPACE',''
  ) );
#4266 = ORIENTED_EDGE('',*,*,#4267,.T.);
#4267 = EDGE_CURVE('',#4245,#4151,#4268,.T.);
#4268 = SURFACE_CURVE('',#4269,(#4273,#4280),.PCURVE_S1.);
#4269 = LINE('',#4270,#4271);
#4270 = CARTESIAN_POINT('',(17.4,-67.84052705337,74.788055148187));
#4271 = VECTOR('',#4272,1.);
#4272 = DIRECTION('',(0.,0.996194698092,8.715574274766E-02));
#4273 = PCURVE('',#1841,#4274);
#4274 = DEFINITIONAL_REPRESENTATION('',(#4275),#4279);
#4275 = LINE('',#4276,#4277);
#4276 = CARTESIAN_POINT('',(0.,0.));
#4277 = VECTOR('',#4278,1.);
#4278 = DIRECTION('',(0.,-1.));
#4279 = ( GEOMETRIC_REPRESENTATION_CONTEXT(2) 
PARAMETRIC_REPRESENTATION_CONTEXT() REPRESENTATION_CONTEXT('2D SPACE',''
  ) );
#4280 = PCURVE('',#2073,#4281);
#4281 = DEFINITIONAL_REPRESENTATION('',(#4282),#4286);
#4282 = LINE('',#4283,#4284);
#4283 = CARTESIAN_POINT('',(26.8,0.));
#4284 = VECTOR('',#4285,1.);
#4285 = DIRECTION('',(0.,1.));
#4286 = ( GEOMETRIC_REPRESENTATION_CONTEXT(2) 
PARAMETRIC_REPRESENTATION_CONTEXT() REPRESENTATION_CONTEXT('2D SPACE',''
  ) );
#4287 = ORIENTED_EDGE('',*,*,#4220,.T.);
#4288 = ORIENTED_EDGE('',*,*,#1825,.F.);
#4289 = ADVANCED_FACE('',(#4290),#1813,.F.);
#4290 = FACE_BOUND('',#4291,.F.);
#4291 = EDGE_LOOP('',(#4292,#4315,#4335,#4336));
#4292 = ORIENTED_EDGE('',*,*,#4293,.F.);
#4293 = EDGE_CURVE('',#4294,#4245,#4296,.T.);
#4294 = VERTEX_POINT('',#4295);
#4295 = CARTESIAN_POINT('',(-6.4,-67.84052705337,74.788055148187));
#4296 = SURFACE_CURVE('',#4297,(#4301,#4308),.PCURVE_S1.);
#4297 = LINE('',#4298,#4299);
#4298 = CARTESIAN_POINT('',(-9.4,-67.84052705337,74.788055148187));
#4299 = VECTOR('',#4300,1.);
#4300 = DIRECTION('',(1.,0.,0.));
#4301 = PCURVE('',#1813,#4302);
#4302 = DEFINITIONAL_REPRESENTATION('',(#4303),#4307);
#4303 = LINE('',#4304,#4305);
#4304 = CARTESIAN_POINT('',(0.,0.));
#4305 = VECTOR('',#4306,1.);
#4306 = DIRECTION('',(0.,1.));
#4307 = ( GEOMETRIC_REPRESENTATION_CONTEXT(2) 
PARAMETRIC_REPRESENTATION_CONTEXT() REPRESENTATION_CONTEXT('2D SPACE',''
  ) );
#4308 = PCURVE('',#2073,#4309);
#4309 = DEFINITIONAL_REPRESENTATION('',(#4310),#4314);
#4310 = LINE('',#4311,#4312);
#4311 = CARTESIAN_POINT('',(0.,0.));
#4312 = VECTOR('',#4313,1.);
#4313 = DIRECTION('',(1.,0.));
#4314 = ( GEOMETRIC_REPRESENTATION_CONTEXT(2) 
PARAMETRIC_REPRESENTATION_CONTEXT() REPRESENTATION_CONTEXT('2D SPACE',''
  ) );
#4315 = ORIENTED_EDGE('',*,*,#4316,.F.);
#4316 = EDGE_CURVE('',#1770,#4294,#4317,.T.);
#4317 = SURFACE_CURVE('',#4318,(#4322,#4328),.PCURVE_S1.);
#4318 = LINE('',#4319,#4320);
#4319 = CARTESIAN_POINT('',(-6.4,-66.95589626449,64.676678962556));
#4320 = VECTOR('',#4321,1.);
#4321 = DIRECTION('',(0.,8.715574274766E-02,-0.996194698092));
#4322 = PCURVE('',#1813,#4323);
#4323 = DEFINITIONAL_REPRESENTATION('',(#4324),#4327);
#4324 = B_SPLINE_CURVE_WITH_KNOTS('',1,(#4325,#4326),.UNSPECIFIED.,.F.,
  .F.,(2,2),(-13.45,-10.15),.PIECEWISE_BEZIER_KNOTS.);
#4325 = CARTESIAN_POINT('',(3.3,3.));
#4326 = CARTESIAN_POINT('',(0.,3.));
#4327 = ( GEOMETRIC_REPRESENTATION_CONTEXT(2) 
PARAMETRIC_REPRESENTATION_CONTEXT() REPRESENTATION_CONTEXT('2D SPACE',''
  ) );
#4328 = PCURVE('',#1785,#4329);
#4329 = DEFINITIONAL_REPRESENTATION('',(#4330),#4334);
#4330 = LINE('',#4331,#4332);
#4331 = CARTESIAN_POINT('',(-18.35,-1.));
#4332 = VECTOR('',#4333,1.);
#4333 = DIRECTION('',(-1.,2.298214621924E-18));
#4334 = ( GEOMETRIC_REPRESENTATION_CONTEXT(2) 
PARAMETRIC_REPRESENTATION_CONTEXT() REPRESENTATION_CONTEXT('2D SPACE',''
  ) );
#4335 = ORIENTED_EDGE('',*,*,#1797,.T.);
#4336 = ORIENTED_EDGE('',*,*,#4244,.F.);
#4337 = ADVANCED_FACE('',(#4338),#1785,.T.);
#4338 = FACE_BOUND('',#4339,.T.);
#4339 = EDGE_LOOP('',(#4340,#4361,#4412,#4432,#4433,#4434,#4435,#4458,
    #4479,#4480,#4503,#4531,#4551,#4552));
#4340 = ORIENTED_EDGE('',*,*,#4341,.T.);
#4341 = EDGE_CURVE('',#1744,#4342,#4344,.T.);
#4342 = VERTEX_POINT('',#4343);
#4343 = CARTESIAN_POINT('',(-6.4,-69.77205603082,108.37167597328));
#4344 = SURFACE_CURVE('',#4345,(#4349,#4355),.PCURVE_S1.);
#4345 = LINE('',#4346,#4347);
#4346 = CARTESIAN_POINT('',(-6.4,-68.8622094,97.976102291219));
#4347 = VECTOR('',#4348,1.);
#4348 = DIRECTION('',(0.,-8.718919742862E-02,0.99619177062));
#4349 = PCURVE('',#1785,#4350);
#4350 = DEFINITIONAL_REPRESENTATION('',(#4351),#4354);
#4351 = B_SPLINE_CURVE_WITH_KNOTS('',1,(#4352,#4353),.UNSPECIFIED.,.F.,
  .F.,(2,2),(-20.01121217342,13.011144900574),.PIECEWISE_BEZIER_KNOTS.);
#4352 = CARTESIAN_POINT('',(-5.022357055375,-2.003848961739));
#4353 = CARTESIAN_POINT('',(28.,-2.002739987715));
#4354 = ( GEOMETRIC_REPRESENTATION_CONTEXT(2) 
PARAMETRIC_REPRESENTATION_CONTEXT() REPRESENTATION_CONTEXT('2D SPACE',''
  ) );
#4355 = PCURVE('',#1758,#4356);
#4356 = DEFINITIONAL_REPRESENTATION('',(#4357),#4360);
#4357 = B_SPLINE_CURVE_WITH_KNOTS('',1,(#4358,#4359),.UNSPECIFIED.,.F.,
  .F.,(2,2),(-20.01121217342,13.011144900574),.PIECEWISE_BEZIER_KNOTS.);
#4358 = CARTESIAN_POINT('',(35.,-0.1));
#4359 = CARTESIAN_POINT('',(1.977642926004,-0.1));
#4360 = ( GEOMETRIC_REPRESENTATION_CONTEXT(2) 
PARAMETRIC_REPRESENTATION_CONTEXT() REPRESENTATION_CONTEXT('2D SPACE',''
  ) );
#4361 = ORIENTED_EDGE('',*,*,#4362,.T.);
#4362 = EDGE_CURVE('',#4342,#4363,#4365,.T.);
#4363 = VERTEX_POINT('',#4364);
#4364 = CARTESIAN_POINT('',(-6.4,-69.84615327528,106.93558435939));
#4365 = SURFACE_CURVE('',#4366,(#4371,#4378),.PCURVE_S1.);
#4366 = CIRCLE('',#4367,5.196152422707);
#4367 = AXIS2_PLACEMENT_3D('',#4368,#4369,#4370);
#4368 = CARTESIAN_POINT('',(-6.4,-64.6697737813,107.38845888322));
#4369 = DIRECTION('',(1.,0.,0.));
#4370 = DIRECTION('',(-0.,0.,1.));
#4371 = PCURVE('',#1785,#4372);
#4372 = DEFINITIONAL_REPRESENTATION('',(#4373),#4377);
#4373 = CIRCLE('',#4374,5.196152422707);
#4374 = AXIS2_PLACEMENT_2D('',#4375,#4376);
#4375 = CARTESIAN_POINT('',(24.,-7.));
#4376 = DIRECTION('',(0.996194698092,-8.715574274766E-02));
#4377 = ( GEOMETRIC_REPRESENTATION_CONTEXT(2) 
PARAMETRIC_REPRESENTATION_CONTEXT() REPRESENTATION_CONTEXT('2D SPACE',''
  ) );
#4378 = PCURVE('',#4032,#4379);
#4379 = DEFINITIONAL_REPRESENTATION('',(#4380),#4411);
#4380 = B_SPLINE_CURVE_WITH_KNOTS('',8,(#4381,#4382,#4383,#4384,#4385,
    #4386,#4387,#4388,#4389,#4390,#4391,#4392,#4393,#4394,#4395,#4396,
    #4397,#4398,#4399,#4400,#4401,#4402,#4403,#4404,#4405,#4406,#4407,
    #4408,#4409,#4410),.UNSPECIFIED.,.F.,.F.,(9,7,7,7,9),(
    8.726646259972E-02,0.283616003449,0.627227699935,1.142645244665,
    1.658062789395),.UNSPECIFIED.);
#4381 = CARTESIAN_POINT('',(2.6645352591E-15,-1.047197551197));
#4382 = CARTESIAN_POINT('',(-4.251092259924E-02,-1.047197551197));
#4383 = CARTESIAN_POINT('',(-8.502171821785E-02,-1.046005166097));
#4384 = CARTESIAN_POINT('',(-0.127259908503,-1.043620188793));
#4385 = CARTESIAN_POINT('',(-0.168950911812,-1.040058286449));
#4386 = CARTESIAN_POINT('',(-0.209843782657,-1.035349994544));
#4387 = CARTESIAN_POINT('',(-0.249727715119,-1.029538454881));
#4388 = CARTESIAN_POINT('',(-0.288439310249,-1.022675897585));
#4389 = CARTESIAN_POINT('',(-0.391347877515,-1.001069063656));
#4390 = CARTESIAN_POINT('',(-0.452883442512,-0.984273848543));
#4391 = CARTESIAN_POINT('',(-0.509833382494,-0.964737286156));
#4392 = CARTESIAN_POINT('',(-0.561986404003,-0.942810824056));
#4393 = CARTESIAN_POINT('',(-0.609513983003,-0.918830815636));
#4394 = CARTESIAN_POINT('',(-0.652709102068,-0.893086953194));
#4395 = CARTESIAN_POINT('',(-0.691924625235,-0.865828307769));
#4396 = CARTESIAN_POINT('',(-0.78090028793,-0.794419812214));
#4397 = CARTESIAN_POINT('',(-0.826128879497,-0.748639022922));
#4398 = CARTESIAN_POINT('',(-0.864399181266,-0.700632252379));
#4399 = CARTESIAN_POINT('',(-0.896926739623,-0.650913508699));
#4400 = CARTESIAN_POINT('',(-0.924607793936,-0.599844274464));
#4401 = CARTESIAN_POINT('',(-0.948162811196,-0.547703079423));
#4402 = CARTESIAN_POINT('',(-0.968136710355,-0.494703940899));
#4403 = CARTESIAN_POINT('',(-1.001765872971,-0.387336647217));
#4404 = CARTESIAN_POINT('',(-1.015421110905,-0.332968589433));
#4405 = CARTESIAN_POINT('',(-1.026337589223,-0.278088679614));
#4406 = CARTESIAN_POINT('',(-1.034809046702,-0.222829459378));
#4407 = CARTESIAN_POINT('',(-1.041035251937,-0.167298727092));
#4408 = CARTESIAN_POINT('',(-1.045143331463,-0.111591060213));
#4409 = CARTESIAN_POINT('',(-1.047197551197,-5.57955859115E-02));
#4410 = CARTESIAN_POINT('',(-1.047197551197,0.));
#4411 = ( GEOMETRIC_REPRESENTATION_CONTEXT(2) 
PARAMETRIC_REPRESENTATION_CONTEXT() REPRESENTATION_CONTEXT('2D SPACE',''
  ) );
#4412 = ORIENTED_EDGE('',*,*,#4413,.F.);
#4413 = EDGE_CURVE('',#2186,#4363,#4414,.T.);
#4414 = SURFACE_CURVE('',#4415,(#4419,#4426),.PCURVE_S1.);
#4415 = LINE('',#4416,#4417);
#4416 = CARTESIAN_POINT('',(-6.4,-67.0397383588,74.858115080842));
#4417 = VECTOR('',#4418,1.);
#4418 = DIRECTION('',(0.,-8.715574274766E-02,0.996194698092));
#4419 = PCURVE('',#1785,#4420);
#4420 = DEFINITIONAL_REPRESENTATION('',(#4421),#4425);
#4421 = LINE('',#4422,#4423);
#4422 = CARTESIAN_POINT('',(-8.2,-1.803847577293));
#4423 = VECTOR('',#4424,1.);
#4424 = DIRECTION('',(1.,-2.298214621924E-18));
#4425 = ( GEOMETRIC_REPRESENTATION_CONTEXT(2) 
PARAMETRIC_REPRESENTATION_CONTEXT() REPRESENTATION_CONTEXT('2D SPACE',''
  ) );
#4426 = PCURVE('',#2229,#4427);
#4427 = DEFINITIONAL_REPRESENTATION('',(#4428),#4431);
#4428 = B_SPLINE_CURVE_WITH_KNOTS('',1,(#4429,#4430),.UNSPECIFIED.,.F.,
  .F.,(2,2),(5.9999994,32.2000006),.PIECEWISE_BEZIER_KNOTS.);
#4429 = CARTESIAN_POINT('',(1.047197551197,5.9999994));
#4430 = CARTESIAN_POINT('',(1.047197551197,32.2000006));
#4431 = ( GEOMETRIC_REPRESENTATION_CONTEXT(2) 
PARAMETRIC_REPRESENTATION_CONTEXT() REPRESENTATION_CONTEXT('2D SPACE',''
  ) );
#4432 = ORIENTED_EDGE('',*,*,#2185,.F.);
#4433 = ORIENTED_EDGE('',*,*,#2340,.T.);
#4434 = ORIENTED_EDGE('',*,*,#2389,.T.);
#4435 = ORIENTED_EDGE('',*,*,#4436,.T.);
#4436 = EDGE_CURVE('',#2390,#4437,#4439,.T.);
#4437 = VERTEX_POINT('',#4438);
#4438 = CARTESIAN_POINT('',(-6.4,-65.12316931399,66.675940553075));
#4439 = SURFACE_CURVE('',#4440,(#4444,#4451),.PCURVE_S1.);
#4440 = LINE('',#4441,#4442);
#4441 = CARTESIAN_POINT('',(-6.4,-64.07887607941,54.73961426242));
#4442 = VECTOR('',#4443,1.);
#4443 = DIRECTION('',(0.,-8.715574274766E-02,0.996194698092));
#4444 = PCURVE('',#1785,#4445);
#4445 = DEFINITIONAL_REPRESENTATION('',(#4446),#4450);
#4446 = LINE('',#4447,#4448);
#4447 = CARTESIAN_POINT('',(-28.5,-3.));
#4448 = VECTOR('',#4449,1.);
#4449 = DIRECTION('',(1.,-2.298214621924E-18));
#4450 = ( GEOMETRIC_REPRESENTATION_CONTEXT(2) 
PARAMETRIC_REPRESENTATION_CONTEXT() REPRESENTATION_CONTEXT('2D SPACE',''
  ) );
#4451 = PCURVE('',#2428,#4452);
#4452 = DEFINITIONAL_REPRESENTATION('',(#4453),#4457);
#4453 = LINE('',#4454,#4455);
#4454 = CARTESIAN_POINT('',(0.,24.));
#4455 = VECTOR('',#4456,1.);
#4456 = DIRECTION('',(1.,0.));
#4457 = ( GEOMETRIC_REPRESENTATION_CONTEXT(2) 
PARAMETRIC_REPRESENTATION_CONTEXT() REPRESENTATION_CONTEXT('2D SPACE',''
  ) );
#4458 = ORIENTED_EDGE('',*,*,#4459,.T.);
#4459 = EDGE_CURVE('',#4437,#2704,#4460,.T.);
#4460 = SURFACE_CURVE('',#4461,(#4465,#4472),.PCURVE_S1.);
#4461 = LINE('',#4462,#4463);
#4462 = CARTESIAN_POINT('',(-6.4,-68.08626734106,66.416602796529));
#4463 = VECTOR('',#4464,1.);
#4464 = DIRECTION('',(0.,0.99619177062,8.718919742862E-02));
#4465 = PCURVE('',#1785,#4466);
#4466 = DEFINITIONAL_REPRESENTATION('',(#4467),#4471);
#4467 = LINE('',#4468,#4469);
#4468 = CARTESIAN_POINT('',(-16.51817877075,-2.557468070948E-02));
#4469 = VECTOR('',#4470,1.);
#4470 = DIRECTION('',(3.358252174388E-05,-0.999999999436));
#4471 = ( GEOMETRIC_REPRESENTATION_CONTEXT(2) 
PARAMETRIC_REPRESENTATION_CONTEXT() REPRESENTATION_CONTEXT('2D SPACE',''
  ) );
#4472 = PCURVE('',#2457,#4473);
#4473 = DEFINITIONAL_REPRESENTATION('',(#4474),#4478);
#4474 = LINE('',#4475,#4476);
#4475 = CARTESIAN_POINT('',(0.,0.));
#4476 = VECTOR('',#4477,1.);
#4477 = DIRECTION('',(0.,1.));
#4478 = ( GEOMETRIC_REPRESENTATION_CONTEXT(2) 
PARAMETRIC_REPRESENTATION_CONTEXT() REPRESENTATION_CONTEXT('2D SPACE',''
  ) );
#4479 = ORIENTED_EDGE('',*,*,#2703,.F.);
#4480 = ORIENTED_EDGE('',*,*,#4481,.F.);
#4481 = EDGE_CURVE('',#4482,#2671,#4484,.T.);
#4482 = VERTEX_POINT('',#4483);
#4483 = CARTESIAN_POINT('',(-6.4,-65.29922391444,68.688253844356));
#4484 = SURFACE_CURVE('',#4485,(#4489,#4496),.PCURVE_S1.);
#4485 = LINE('',#4486,#4487);
#4486 = CARTESIAN_POINT('',(-6.4,-68.26238951987,68.428910173182));
#4487 = VECTOR('',#4488,1.);
#4488 = DIRECTION('',(0.,0.99619177062,8.718919742862E-02));
#4489 = PCURVE('',#1785,#4490);
#4490 = DEFINITIONAL_REPRESENTATION('',(#4491),#4495);
#4491 = LINE('',#4492,#4493);
#4492 = CARTESIAN_POINT('',(-14.49817877189,-2.550684401556E-02));
#4493 = VECTOR('',#4494,1.);
#4494 = DIRECTION('',(3.358252174388E-05,-0.999999999436));
#4495 = ( GEOMETRIC_REPRESENTATION_CONTEXT(2) 
PARAMETRIC_REPRESENTATION_CONTEXT() REPRESENTATION_CONTEXT('2D SPACE',''
  ) );
#4496 = PCURVE('',#2691,#4497);
#4497 = DEFINITIONAL_REPRESENTATION('',(#4498),#4502);
#4498 = LINE('',#4499,#4500);
#4499 = CARTESIAN_POINT('',(-0.,0.));
#4500 = VECTOR('',#4501,1.);
#4501 = DIRECTION('',(-0.,1.));
#4502 = ( GEOMETRIC_REPRESENTATION_CONTEXT(2) 
PARAMETRIC_REPRESENTATION_CONTEXT() REPRESENTATION_CONTEXT('2D SPACE',''
  ) );
#4503 = ORIENTED_EDGE('',*,*,#4504,.T.);
#4504 = EDGE_CURVE('',#4482,#4505,#4507,.T.);
#4505 = VERTEX_POINT('',#4506);
#4506 = CARTESIAN_POINT('',(-6.4,-65.84813765719,74.962366633682));
#4507 = SURFACE_CURVE('',#4508,(#4512,#4519),.PCURVE_S1.);
#4508 = LINE('',#4509,#4510);
#4509 = CARTESIAN_POINT('',(-6.4,-64.07887607941,54.73961426242));
#4510 = VECTOR('',#4511,1.);
#4511 = DIRECTION('',(0.,-8.715574274766E-02,0.996194698092));
#4512 = PCURVE('',#1785,#4513);
#4513 = DEFINITIONAL_REPRESENTATION('',(#4514),#4518);
#4514 = LINE('',#4515,#4516);
#4515 = CARTESIAN_POINT('',(-28.5,-3.));
#4516 = VECTOR('',#4517,1.);
#4517 = DIRECTION('',(1.,-2.298214621924E-18));
#4518 = ( GEOMETRIC_REPRESENTATION_CONTEXT(2) 
PARAMETRIC_REPRESENTATION_CONTEXT() REPRESENTATION_CONTEXT('2D SPACE',''
  ) );
#4519 = PCURVE('',#4520,#4525);
#4520 = PLANE('',#4521);
#4521 = AXIS2_PLACEMENT_3D('',#4522,#4523,#4524);
#4522 = CARTESIAN_POINT('',(-30.4,-64.07887607941,54.73961426242));
#4523 = DIRECTION('',(0.,0.996194698092,8.715574274766E-02));
#4524 = DIRECTION('',(0.,-8.715574274766E-02,0.996194698092));
#4525 = DEFINITIONAL_REPRESENTATION('',(#4526),#4530);
#4526 = LINE('',#4527,#4528);
#4527 = CARTESIAN_POINT('',(0.,24.));
#4528 = VECTOR('',#4529,1.);
#4529 = DIRECTION('',(1.,0.));
#4530 = ( GEOMETRIC_REPRESENTATION_CONTEXT(2) 
PARAMETRIC_REPRESENTATION_CONTEXT() REPRESENTATION_CONTEXT('2D SPACE',''
  ) );
#4531 = ORIENTED_EDGE('',*,*,#4532,.F.);
#4532 = EDGE_CURVE('',#4294,#4505,#4533,.T.);
#4533 = SURFACE_CURVE('',#4534,(#4538,#4545),.PCURVE_S1.);
#4534 = LINE('',#4535,#4536);
#4535 = CARTESIAN_POINT('',(-6.4,-68.33862440242,74.744477276813));
#4536 = VECTOR('',#4537,1.);
#4537 = DIRECTION('',(-0.,0.996194698092,8.715574274766E-02));
#4538 = PCURVE('',#1785,#4539);
#4539 = DEFINITIONAL_REPRESENTATION('',(#4540),#4544);
#4540 = LINE('',#4541,#4542);
#4541 = CARTESIAN_POINT('',(-8.2,-0.5));
#4542 = VECTOR('',#4543,1.);
#4543 = DIRECTION('',(2.298214621924E-18,-1.));
#4544 = ( GEOMETRIC_REPRESENTATION_CONTEXT(2) 
PARAMETRIC_REPRESENTATION_CONTEXT() REPRESENTATION_CONTEXT('2D SPACE',''
  ) );
#4545 = PCURVE('',#2073,#4546);
#4546 = DEFINITIONAL_REPRESENTATION('',(#4547),#4550);
#4547 = B_SPLINE_CURVE_WITH_KNOTS('',1,(#4548,#4549),.UNSPECIFIED.,.F.,
  .F.,(2,2),(0.5,2.5),.PIECEWISE_BEZIER_KNOTS.);
#4548 = CARTESIAN_POINT('',(3.,0.));
#4549 = CARTESIAN_POINT('',(3.,2.));
#4550 = ( GEOMETRIC_REPRESENTATION_CONTEXT(2) 
PARAMETRIC_REPRESENTATION_CONTEXT() REPRESENTATION_CONTEXT('2D SPACE',''
  ) );
#4551 = ORIENTED_EDGE('',*,*,#4316,.F.);
#4552 = ORIENTED_EDGE('',*,*,#1769,.T.);
#4553 = ADVANCED_FACE('',(#4554),#1758,.T.);
#4554 = FACE_BOUND('',#4555,.T.);
#4555 = EDGE_LOOP('',(#4556,#4557,#4582,#4583,#4584,#4607));
#4556 = ORIENTED_EDGE('',*,*,#4050,.F.);
#4557 = ORIENTED_EDGE('',*,*,#4558,.T.);
#4558 = EDGE_CURVE('',#4016,#4342,#4559,.T.);
#4559 = SURFACE_CURVE('',#4560,(#4565,#4572),.PCURVE_S1.);
#4560 = CIRCLE('',#4561,3.320953920861);
#4561 = AXIS2_PLACEMENT_3D('',#4562,#4563,#4564);
#4562 = CARTESIAN_POINT('',(-3.4,-69.64786925985,106.95276350579));
#4563 = DIRECTION('',(0.,0.99619177062,8.718919742862E-02));
#4564 = DIRECTION('',(0.,-8.718919742862E-02,0.99619177062));
#4565 = PCURVE('',#1758,#4566);
#4566 = DEFINITIONAL_REPRESENTATION('',(#4567),#4571);
#4567 = CIRCLE('',#4568,3.320953920861);
#4568 = AXIS2_PLACEMENT_2D('',#4569,#4570);
#4569 = CARTESIAN_POINT('',(5.977810744341,-3.1));
#4570 = DIRECTION('',(-1.,0.));
#4571 = ( GEOMETRIC_REPRESENTATION_CONTEXT(2) 
PARAMETRIC_REPRESENTATION_CONTEXT() REPRESENTATION_CONTEXT('2D SPACE',''
  ) );
#4572 = PCURVE('',#4032,#4573);
#4573 = DEFINITIONAL_REPRESENTATION('',(#4574),#4581);
#4574 = B_SPLINE_CURVE_WITH_KNOTS('',5,(#4575,#4576,#4577,#4578,#4579,
    #4580),.UNSPECIFIED.,.F.,.F.,(6,6),(5.079225251681,5.230485199574),
  .PIECEWISE_BEZIER_KNOTS.);
#4575 = CARTESIAN_POINT('',(-1.0155466266,-0.199816819157));
#4576 = CARTESIAN_POINT('',(-1.020753847162,-0.215764321964));
#4577 = CARTESIAN_POINT('',(-1.026515566908,-0.231544495294));
#4578 = CARTESIAN_POINT('',(-1.032838486574,-0.247132684949));
#4579 = CARTESIAN_POINT('',(-1.039730104043,-0.262503229928));
#4580 = CARTESIAN_POINT('',(-1.047197551197,-0.277629224708));
#4581 = ( GEOMETRIC_REPRESENTATION_CONTEXT(2) 
PARAMETRIC_REPRESENTATION_CONTEXT() REPRESENTATION_CONTEXT('2D SPACE',''
  ) );
#4582 = ORIENTED_EDGE('',*,*,#4341,.F.);
#4583 = ORIENTED_EDGE('',*,*,#1743,.F.);
#4584 = ORIENTED_EDGE('',*,*,#4585,.T.);
#4585 = EDGE_CURVE('',#1723,#4586,#4588,.T.);
#4586 = VERTEX_POINT('',#4587);
#4587 = CARTESIAN_POINT('',(14.5,-67.11744787103,78.041097403918));
#4588 = SURFACE_CURVE('',#4589,(#4593,#4600),.PCURVE_S1.);
#4589 = LINE('',#4590,#4591);
#4590 = CARTESIAN_POINT('',(14.5,-70.16906978103,112.90780937563));
#4591 = VECTOR('',#4592,1.);
#4592 = DIRECTION('',(0.,8.718919742862E-02,-0.99619177062));
#4593 = PCURVE('',#1758,#4594);
#4594 = DEFINITIONAL_REPRESENTATION('',(#4595),#4599);
#4595 = LINE('',#4596,#4597);
#4596 = CARTESIAN_POINT('',(0.,-21.));
#4597 = VECTOR('',#4598,1.);
#4598 = DIRECTION('',(1.,0.));
#4599 = ( GEOMETRIC_REPRESENTATION_CONTEXT(2) 
PARAMETRIC_REPRESENTATION_CONTEXT() REPRESENTATION_CONTEXT('2D SPACE',''
  ) );
#4600 = PCURVE('',#1626,#4601);
#4601 = DEFINITIONAL_REPRESENTATION('',(#4602),#4606);
#4602 = LINE('',#4603,#4604);
#4603 = CARTESIAN_POINT('',(0.,0.));
#4604 = VECTOR('',#4605,1.);
#4605 = DIRECTION('',(1.,0.));
#4606 = ( GEOMETRIC_REPRESENTATION_CONTEXT(2) 
PARAMETRIC_REPRESENTATION_CONTEXT() REPRESENTATION_CONTEXT('2D SPACE',''
  ) );
#4607 = ORIENTED_EDGE('',*,*,#4608,.F.);
#4608 = EDGE_CURVE('',#4051,#4586,#4609,.T.);
#4609 = SURFACE_CURVE('',#4610,(#4614,#4621),.PCURVE_S1.);
#4610 = LINE('',#4611,#4612);
#4611 = CARTESIAN_POINT('',(-6.5,-67.11744787103,78.041097403918));
#4612 = VECTOR('',#4613,1.);
#4613 = DIRECTION('',(1.,0.,0.));
#4614 = PCURVE('',#1758,#4615);
#4615 = DEFINITIONAL_REPRESENTATION('',(#4616),#4620);
#4616 = LINE('',#4617,#4618);
#4617 = CARTESIAN_POINT('',(35.,0.));
#4618 = VECTOR('',#4619,1.);
#4619 = DIRECTION('',(0.,-1.));
#4620 = ( GEOMETRIC_REPRESENTATION_CONTEXT(2) 
PARAMETRIC_REPRESENTATION_CONTEXT() REPRESENTATION_CONTEXT('2D SPACE',''
  ) );
#4621 = PCURVE('',#4089,#4622);
#4622 = DEFINITIONAL_REPRESENTATION('',(#4623),#4627);
#4623 = LINE('',#4624,#4625);
#4624 = CARTESIAN_POINT('',(0.,0.));
#4625 = VECTOR('',#4626,1.);
#4626 = DIRECTION('',(0.,1.));
#4627 = ( GEOMETRIC_REPRESENTATION_CONTEXT(2) 
PARAMETRIC_REPRESENTATION_CONTEXT() REPRESENTATION_CONTEXT('2D SPACE',''
  ) );
#4628 = ADVANCED_FACE('',(#4629),#1626,.F.);
#4629 = FACE_BOUND('',#4630,.F.);
#4630 = EDGE_LOOP('',(#4631,#4656,#4679,#4702,#4728,#4763,#4791,#4817,
    #4818,#4819,#4842,#4863,#4864,#4892,#4920,#4962));
#4631 = ORIENTED_EDGE('',*,*,#4632,.F.);
#4632 = EDGE_CURVE('',#4633,#4635,#4637,.T.);
#4633 = VERTEX_POINT('',#4634);
#4634 = CARTESIAN_POINT('',(14.5,-46.26046728614,115.00035011391));
#4635 = VERTEX_POINT('',#4636);
#4636 = CARTESIAN_POINT('',(14.5,-46.08796791383,113.02943559464));
#4637 = SURFACE_CURVE('',#4638,(#4642,#4649),.PCURVE_S1.);
#4638 = LINE('',#4639,#4640);
#4639 = CARTESIAN_POINT('',(14.5,-46.26046728614,115.00035011391));
#4640 = VECTOR('',#4641,1.);
#4641 = DIRECTION('',(0.,8.718919742862E-02,-0.99619177062));
#4642 = PCURVE('',#1626,#4643);
#4643 = DEFINITIONAL_REPRESENTATION('',(#4644),#4648);
#4644 = LINE('',#4645,#4646);
#4645 = CARTESIAN_POINT('',(0.,24.));
#4646 = VECTOR('',#4647,1.);
#4647 = DIRECTION('',(1.,0.));
#4648 = ( GEOMETRIC_REPRESENTATION_CONTEXT(2) 
PARAMETRIC_REPRESENTATION_CONTEXT() REPRESENTATION_CONTEXT('2D SPACE',''
  ) );
#4649 = PCURVE('',#3926,#4650);
#4650 = DEFINITIONAL_REPRESENTATION('',(#4651),#4655);
#4651 = LINE('',#4652,#4653);
#4652 = CARTESIAN_POINT('',(0.,-21.));
#4653 = VECTOR('',#4654,1.);
#4654 = DIRECTION('',(1.,0.));
#4655 = ( GEOMETRIC_REPRESENTATION_CONTEXT(2) 
PARAMETRIC_REPRESENTATION_CONTEXT() REPRESENTATION_CONTEXT('2D SPACE',''
  ) );
#4656 = ORIENTED_EDGE('',*,*,#4657,.F.);
#4657 = EDGE_CURVE('',#4658,#4633,#4660,.T.);
#4658 = VERTEX_POINT('',#4659);
#4659 = CARTESIAN_POINT('',(14.5,-70.16906978103,112.90780937563));
#4660 = SURFACE_CURVE('',#4661,(#4665,#4672),.PCURVE_S1.);
#4661 = LINE('',#4662,#4663);
#4662 = CARTESIAN_POINT('',(14.5,-70.16906978103,112.90780937563));
#4663 = VECTOR('',#4664,1.);
#4664 = DIRECTION('',(0.,0.99619177062,8.718919742862E-02));
#4665 = PCURVE('',#1626,#4666);
#4666 = DEFINITIONAL_REPRESENTATION('',(#4667),#4671);
#4667 = LINE('',#4668,#4669);
#4668 = CARTESIAN_POINT('',(0.,0.));
#4669 = VECTOR('',#4670,1.);
#4670 = DIRECTION('',(0.,1.));
#4671 = ( GEOMETRIC_REPRESENTATION_CONTEXT(2) 
PARAMETRIC_REPRESENTATION_CONTEXT() REPRESENTATION_CONTEXT('2D SPACE',''
  ) );
#4672 = PCURVE('',#3954,#4673);
#4673 = DEFINITIONAL_REPRESENTATION('',(#4674),#4678);
#4674 = LINE('',#4675,#4676);
#4675 = CARTESIAN_POINT('',(0.,21.));
#4676 = VECTOR('',#4677,1.);
#4677 = DIRECTION('',(1.,0.));
#4678 = ( GEOMETRIC_REPRESENTATION_CONTEXT(2) 
PARAMETRIC_REPRESENTATION_CONTEXT() REPRESENTATION_CONTEXT('2D SPACE',''
  ) );
#4679 = ORIENTED_EDGE('',*,*,#4680,.T.);
#4680 = EDGE_CURVE('',#4658,#4681,#4683,.T.);
#4681 = VERTEX_POINT('',#4682);
#4682 = CARTESIAN_POINT('',(14.5,-69.99664068151,110.93769776752));
#4683 = SURFACE_CURVE('',#4684,(#4688,#4695),.PCURVE_S1.);
#4684 = LINE('',#4685,#4686);
#4685 = CARTESIAN_POINT('',(14.5,-70.16906978103,112.90780937563));
#4686 = VECTOR('',#4687,1.);
#4687 = DIRECTION('',(0.,8.718919742862E-02,-0.99619177062));
#4688 = PCURVE('',#1626,#4689);
#4689 = DEFINITIONAL_REPRESENTATION('',(#4690),#4694);
#4690 = LINE('',#4691,#4692);
#4691 = CARTESIAN_POINT('',(0.,0.));
#4692 = VECTOR('',#4693,1.);
#4693 = DIRECTION('',(1.,0.));
#4694 = ( GEOMETRIC_REPRESENTATION_CONTEXT(2) 
PARAMETRIC_REPRESENTATION_CONTEXT() REPRESENTATION_CONTEXT('2D SPACE',''
  ) );
#4695 = PCURVE('',#3982,#4696);
#4696 = DEFINITIONAL_REPRESENTATION('',(#4697),#4701);
#4697 = LINE('',#4698,#4699);
#4698 = CARTESIAN_POINT('',(0.,-21.));
#4699 = VECTOR('',#4700,1.);
#4700 = DIRECTION('',(1.,0.));
#4701 = ( GEOMETRIC_REPRESENTATION_CONTEXT(2) 
PARAMETRIC_REPRESENTATION_CONTEXT() REPRESENTATION_CONTEXT('2D SPACE',''
  ) );
#4702 = ORIENTED_EDGE('',*,*,#4703,.T.);
#4703 = EDGE_CURVE('',#4681,#4704,#4706,.T.);
#4704 = VERTEX_POINT('',#4705);
#4705 = CARTESIAN_POINT('',(14.5,-68.22948321592,111.09230401242));
#4706 = SURFACE_CURVE('',#4707,(#4711,#4717),.PCURVE_S1.);
#4707 = LINE('',#4708,#4709);
#4708 = CARTESIAN_POINT('',(14.5,-70.49613589193,110.89399759912));
#4709 = VECTOR('',#4710,1.);
#4710 = DIRECTION('',(-0.,0.996194698092,8.715574274766E-02));
#4711 = PCURVE('',#1626,#4712);
#4712 = DEFINITIONAL_REPRESENTATION('',(#4713),#4716);
#4713 = B_SPLINE_CURVE_WITH_KNOTS('',1,(#4714,#4715),.UNSPECIFIED.,.F.,
  .F.,(2,2),(0.501403200976,24.501403214509),.PIECEWISE_BEZIER_KNOTS.);
#4714 = CARTESIAN_POINT('',(1.977642926004,1.67526007526E-16));
#4715 = CARTESIAN_POINT('',(1.978448906526,24.));
#4716 = ( GEOMETRIC_REPRESENTATION_CONTEXT(2) 
PARAMETRIC_REPRESENTATION_CONTEXT() REPRESENTATION_CONTEXT('2D SPACE',''
  ) );
#4717 = PCURVE('',#4718,#4723);
#4718 = PLANE('',#4719);
#4719 = AXIS2_PLACEMENT_3D('',#4720,#4721,#4722);
#4720 = CARTESIAN_POINT('',(-9.4,-70.99556494084,110.8503032191));
#4721 = DIRECTION('',(0.,-8.715574274766E-02,0.996194698092));
#4722 = DIRECTION('',(1.,0.,0.));
#4723 = DEFINITIONAL_REPRESENTATION('',(#4724),#4727);
#4724 = B_SPLINE_CURVE_WITH_KNOTS('',1,(#4725,#4726),.UNSPECIFIED.,.F.,
  .F.,(2,2),(0.501403200976,24.501403214509),.PIECEWISE_BEZIER_KNOTS.);
#4725 = CARTESIAN_POINT('',(23.9,1.002739987715));
#4726 = CARTESIAN_POINT('',(23.9,25.002740001248));
#4727 = ( GEOMETRIC_REPRESENTATION_CONTEXT(2) 
PARAMETRIC_REPRESENTATION_CONTEXT() REPRESENTATION_CONTEXT('2D SPACE',''
  ) );
#4728 = ORIENTED_EDGE('',*,*,#4729,.T.);
#4729 = EDGE_CURVE('',#4704,#4730,#4732,.T.);
#4730 = VERTEX_POINT('',#4731);
#4731 = CARTESIAN_POINT('',(14.5,-69.75172088879,108.13933410362));
#4732 = SURFACE_CURVE('',#4733,(#4738,#4745),.PCURVE_S1.);
#4733 = CIRCLE('',#4734,5.137119815617);
#4734 = AXIS2_PLACEMENT_3D('',#4735,#4736,#4737);
#4735 = CARTESIAN_POINT('',(14.5,-64.6697737813,107.38845888322));
#4736 = DIRECTION('',(1.,0.,0.));
#4737 = DIRECTION('',(-0.,0.,1.));
#4738 = PCURVE('',#1626,#4739);
#4739 = DEFINITIONAL_REPRESENTATION('',(#4740),#4744);
#4740 = CIRCLE('',#4741,5.137119815617);
#4741 = AXIS2_PLACEMENT_2D('',#4742,#4743);
#4742 = CARTESIAN_POINT('',(5.977810744341,4.99712567938));
#4743 = DIRECTION('',(-0.99619177062,8.718919742862E-02));
#4744 = ( GEOMETRIC_REPRESENTATION_CONTEXT(2) 
PARAMETRIC_REPRESENTATION_CONTEXT() REPRESENTATION_CONTEXT('2D SPACE',''
  ) );
#4745 = PCURVE('',#4746,#4751);
#4746 = SPHERICAL_SURFACE('',#4747,6.);
#4747 = AXIS2_PLACEMENT_3D('',#4748,#4749,#4750);
#4748 = CARTESIAN_POINT('',(11.4,-64.6697737813,107.38845888322));
#4749 = DIRECTION('',(0.,8.715574274766E-02,-0.996194698092));
#4750 = DIRECTION('',(1.,0.,0.));
#4751 = DEFINITIONAL_REPRESENTATION('',(#4752),#4762);
#4752 = B_SPLINE_CURVE_WITH_KNOTS('',8,(#4753,#4754,#4755,#4756,#4757,
    #4758,#4759,#4760,#4761),.UNSPECIFIED.,.F.,.F.,(9,9),(0.765557081607
    ,1.424104214406),.PIECEWISE_BEZIER_KNOTS.);
#4753 = CARTESIAN_POINT('',(0.804903110034,-0.729727656227));
#4754 = CARTESIAN_POINT('',(0.855940512826,-0.670395565493));
#4755 = CARTESIAN_POINT('',(0.896917555963,-0.607735106043));
#4756 = CARTESIAN_POINT('',(0.929862149882,-0.542747717745));
#4757 = CARTESIAN_POINT('',(0.956411152862,-0.476070300912));
#4758 = CARTESIAN_POINT('',(0.977602683212,-0.408138486728));
#4759 = CARTESIAN_POINT('',(0.9942166676,-0.339284219504));
#4760 = CARTESIAN_POINT('',(1.006758382457,-0.269768422962));
#4761 = CARTESIAN_POINT('',(1.0155466266,-0.199816819157));
#4762 = ( GEOMETRIC_REPRESENTATION_CONTEXT(2) 
PARAMETRIC_REPRESENTATION_CONTEXT() REPRESENTATION_CONTEXT('2D SPACE',''
  ) );
#4763 = ORIENTED_EDGE('',*,*,#4764,.T.);
#4764 = EDGE_CURVE('',#4730,#4765,#4767,.T.);
#4765 = VERTEX_POINT('',#4766);
#4766 = CARTESIAN_POINT('',(14.5,-67.25933933988,79.662297251569));
#4767 = SURFACE_CURVE('',#4768,(#4772,#4779),.PCURVE_S1.);
#4768 = LINE('',#4769,#4770);
#4769 = CARTESIAN_POINT('',(14.5,-70.16906978103,112.90780937563));
#4770 = VECTOR('',#4771,1.);
#4771 = DIRECTION('',(0.,8.718919742862E-02,-0.99619177062));
#4772 = PCURVE('',#1626,#4773);
#4773 = DEFINITIONAL_REPRESENTATION('',(#4774),#4778);
#4774 = LINE('',#4775,#4776);
#4775 = CARTESIAN_POINT('',(0.,0.));
#4776 = VECTOR('',#4777,1.);
#4777 = DIRECTION('',(1.,0.));
#4778 = ( GEOMETRIC_REPRESENTATION_CONTEXT(2) 
PARAMETRIC_REPRESENTATION_CONTEXT() REPRESENTATION_CONTEXT('2D SPACE',''
  ) );
#4779 = PCURVE('',#4780,#4785);
#4780 = PLANE('',#4781);
#4781 = AXIS2_PLACEMENT_3D('',#4782,#4783,#4784);
#4782 = CARTESIAN_POINT('',(-6.5,-70.16906978103,112.90780937563));
#4783 = DIRECTION('',(0.,0.99619177062,8.718919742862E-02));
#4784 = DIRECTION('',(0.,8.718919742862E-02,-0.99619177062));
#4785 = DEFINITIONAL_REPRESENTATION('',(#4786),#4790);
#4786 = LINE('',#4787,#4788);
#4787 = CARTESIAN_POINT('',(0.,-21.));
#4788 = VECTOR('',#4789,1.);
#4789 = DIRECTION('',(1.,0.));
#4790 = ( GEOMETRIC_REPRESENTATION_CONTEXT(2) 
PARAMETRIC_REPRESENTATION_CONTEXT() REPRESENTATION_CONTEXT('2D SPACE',''
  ) );
#4791 = ORIENTED_EDGE('',*,*,#4792,.T.);
#4792 = EDGE_CURVE('',#4765,#1694,#4793,.T.);
#4793 = SURFACE_CURVE('',#4794,(#4799,#4806),.PCURVE_S1.);
#4794 = CIRCLE('',#4795,5.137119815617);
#4795 = AXIS2_PLACEMENT_3D('',#4796,#4797,#4798);
#4796 = CARTESIAN_POINT('',(14.5,-62.38629332131,81.288157793223));
#4797 = DIRECTION('',(1.,0.,0.));
#4798 = DIRECTION('',(-0.,0.,1.));
#4799 = PCURVE('',#1626,#4800);
#4800 = DEFINITIONAL_REPRESENTATION('',(#4801),#4805);
#4801 = CIRCLE('',#4802,5.137119815617);
#4802 = AXIS2_PLACEMENT_2D('',#4803,#4804);
#4803 = CARTESIAN_POINT('',(32.177810729567,4.996245817311));
#4804 = DIRECTION('',(-0.99619177062,8.718919742862E-02));
#4805 = ( GEOMETRIC_REPRESENTATION_CONTEXT(2) 
PARAMETRIC_REPRESENTATION_CONTEXT() REPRESENTATION_CONTEXT('2D SPACE',''
  ) );
#4806 = PCURVE('',#1710,#4807);
#4807 = DEFINITIONAL_REPRESENTATION('',(#4808),#4816);
#4808 = B_SPLINE_CURVE_WITH_KNOTS('',6,(#4809,#4810,#4811,#4812,#4813,
    #4814,#4815),.UNSPECIFIED.,.F.,.F.,(7,7),(1.892826081356,
    2.211466966943),.PIECEWISE_BEZIER_KNOTS.);
#4809 = CARTESIAN_POINT('',(-1.015460558702,-0.200500624317));
#4810 = CARTESIAN_POINT('',(-1.009770197887,-0.245626730369));
#4811 = CARTESIAN_POINT('',(-1.002438385456,-0.290561634705));
#4812 = CARTESIAN_POINT('',(-0.993364342053,-0.335233835781));
#4813 = CARTESIAN_POINT('',(-0.982396588517,-0.379562105506));
#4814 = CARTESIAN_POINT('',(-0.969322180999,-0.42344914033));
#4815 = CARTESIAN_POINT('',(-0.953839630132,-0.466765339047));
#4816 = ( GEOMETRIC_REPRESENTATION_CONTEXT(2) 
PARAMETRIC_REPRESENTATION_CONTEXT() REPRESENTATION_CONTEXT('2D SPACE',''
  ) );
#4817 = ORIENTED_EDGE('',*,*,#1722,.F.);
#4818 = ORIENTED_EDGE('',*,*,#4585,.T.);
#4819 = ORIENTED_EDGE('',*,*,#4820,.T.);
#4820 = EDGE_CURVE('',#4586,#4821,#4823,.T.);
#4821 = VERTEX_POINT('',#4822);
#4822 = CARTESIAN_POINT('',(14.5,-43.20884537614,80.133638142205));
#4823 = SURFACE_CURVE('',#4824,(#4828,#4835),.PCURVE_S1.);
#4824 = LINE('',#4825,#4826);
#4825 = CARTESIAN_POINT('',(14.5,-67.11744787103,78.041097403918));
#4826 = VECTOR('',#4827,1.);
#4827 = DIRECTION('',(0.,0.99619177062,8.718919742862E-02));
#4828 = PCURVE('',#1626,#4829);
#4829 = DEFINITIONAL_REPRESENTATION('',(#4830),#4834);
#4830 = LINE('',#4831,#4832);
#4831 = CARTESIAN_POINT('',(35.,0.));
#4832 = VECTOR('',#4833,1.);
#4833 = DIRECTION('',(0.,1.));
#4834 = ( GEOMETRIC_REPRESENTATION_CONTEXT(2) 
PARAMETRIC_REPRESENTATION_CONTEXT() REPRESENTATION_CONTEXT('2D SPACE',''
  ) );
#4835 = PCURVE('',#4089,#4836);
#4836 = DEFINITIONAL_REPRESENTATION('',(#4837),#4841);
#4837 = LINE('',#4838,#4839);
#4838 = CARTESIAN_POINT('',(0.,21.));
#4839 = VECTOR('',#4840,1.);
#4840 = DIRECTION('',(1.,0.));
#4841 = ( GEOMETRIC_REPRESENTATION_CONTEXT(2) 
PARAMETRIC_REPRESENTATION_CONTEXT() REPRESENTATION_CONTEXT('2D SPACE',''
  ) );
#4842 = ORIENTED_EDGE('',*,*,#4843,.F.);
#4843 = EDGE_CURVE('',#1586,#4821,#4844,.T.);
#4844 = SURFACE_CURVE('',#4845,(#4849,#4856),.PCURVE_S1.);
#4845 = LINE('',#4846,#4847);
#4846 = CARTESIAN_POINT('',(14.5,-46.26046728614,115.00035011391));
#4847 = VECTOR('',#4848,1.);
#4848 = DIRECTION('',(0.,8.718919742862E-02,-0.99619177062));
#4849 = PCURVE('',#1626,#4850);
#4850 = DEFINITIONAL_REPRESENTATION('',(#4851),#4855);
#4851 = LINE('',#4852,#4853);
#4852 = CARTESIAN_POINT('',(0.,24.));
#4853 = VECTOR('',#4854,1.);
#4854 = DIRECTION('',(1.,0.));
#4855 = ( GEOMETRIC_REPRESENTATION_CONTEXT(2) 
PARAMETRIC_REPRESENTATION_CONTEXT() REPRESENTATION_CONTEXT('2D SPACE',''
  ) );
#4856 = PCURVE('',#1600,#4857);
#4857 = DEFINITIONAL_REPRESENTATION('',(#4858),#4862);
#4858 = LINE('',#4859,#4860);
#4859 = CARTESIAN_POINT('',(0.,-21.));
#4860 = VECTOR('',#4861,1.);
#4861 = DIRECTION('',(1.,0.));
#4862 = ( GEOMETRIC_REPRESENTATION_CONTEXT(2) 
PARAMETRIC_REPRESENTATION_CONTEXT() REPRESENTATION_CONTEXT('2D SPACE',''
  ) );
#4863 = ORIENTED_EDGE('',*,*,#1611,.F.);
#4864 = ORIENTED_EDGE('',*,*,#4865,.T.);
#4865 = EDGE_CURVE('',#1612,#4866,#4868,.T.);
#4866 = VERTEX_POINT('',#4867);
#4867 = CARTESIAN_POINT('',(14.5,-43.35347245022,81.786094011282));
#4868 = SURFACE_CURVE('',#4869,(#4874,#4881),.PCURVE_S1.);
#4869 = CIRCLE('',#4870,5.137119815617);
#4870 = AXIS2_PLACEMENT_3D('',#4871,#4872,#4873);
#4871 = CARTESIAN_POINT('',(14.5,-48.43956754803,82.508338191691));
#4872 = DIRECTION('',(1.,0.,0.));
#4873 = DIRECTION('',(-0.,0.,1.));
#4874 = PCURVE('',#1626,#4875);
#4875 = DEFINITIONAL_REPRESENTATION('',(#4876),#4880);
#4876 = CIRCLE('',#4877,5.137119815617);
#4877 = AXIS2_PLACEMENT_2D('',#4878,#4879);
#4878 = CARTESIAN_POINT('',(32.178280884872,18.996245809416));
#4879 = DIRECTION('',(-0.99619177062,8.718919742862E-02));
#4880 = ( GEOMETRIC_REPRESENTATION_CONTEXT(2) 
PARAMETRIC_REPRESENTATION_CONTEXT() REPRESENTATION_CONTEXT('2D SPACE',''
  ) );
#4881 = PCURVE('',#1654,#4882);
#4882 = DEFINITIONAL_REPRESENTATION('',(#4883),#4891);
#4883 = B_SPLINE_CURVE_WITH_KNOTS('',6,(#4884,#4885,#4886,#4887,#4888,
    #4889,#4890),.UNSPECIFIED.,.F.,.F.,(7,7),(4.246251265437,
    4.571328426902),.PIECEWISE_BEZIER_KNOTS.);
#4884 = CARTESIAN_POINT('',(0.953839630132,-0.466765339047));
#4885 = CARTESIAN_POINT('',(0.969634915407,-0.422574189821));
#4886 = CARTESIAN_POINT('',(0.98292378963,-0.377788911804));
#4887 = CARTESIAN_POINT('',(0.99402638469,-0.332547113312));
#4888 = CARTESIAN_POINT('',(1.003166907761,-0.286951436641));
#4889 = CARTESIAN_POINT('',(1.010503584212,-0.241087429036));
#4890 = CARTESIAN_POINT('',(1.016140172143,-0.195030411357));
#4891 = ( GEOMETRIC_REPRESENTATION_CONTEXT(2) 
PARAMETRIC_REPRESENTATION_CONTEXT() REPRESENTATION_CONTEXT('2D SPACE',''
  ) );
#4892 = ORIENTED_EDGE('',*,*,#4893,.F.);
#4893 = EDGE_CURVE('',#4894,#4866,#4896,.T.);
#4894 = VERTEX_POINT('',#4895);
#4895 = CARTESIAN_POINT('',(14.5,-45.84095163473,110.20711824683));
#4896 = SURFACE_CURVE('',#4897,(#4901,#4908),.PCURVE_S1.);
#4897 = LINE('',#4898,#4899);
#4898 = CARTESIAN_POINT('',(14.5,-46.26046728614,115.00035011391));
#4899 = VECTOR('',#4900,1.);
#4900 = DIRECTION('',(0.,8.718919742862E-02,-0.99619177062));
#4901 = PCURVE('',#1626,#4902);
#4902 = DEFINITIONAL_REPRESENTATION('',(#4903),#4907);
#4903 = LINE('',#4904,#4905);
#4904 = CARTESIAN_POINT('',(0.,24.));
#4905 = VECTOR('',#4906,1.);
#4906 = DIRECTION('',(1.,0.));
#4907 = ( GEOMETRIC_REPRESENTATION_CONTEXT(2) 
PARAMETRIC_REPRESENTATION_CONTEXT() REPRESENTATION_CONTEXT('2D SPACE',''
  ) );
#4908 = PCURVE('',#4909,#4914);
#4909 = PLANE('',#4910);
#4910 = AXIS2_PLACEMENT_3D('',#4911,#4912,#4913);
#4911 = CARTESIAN_POINT('',(-6.5,-46.26046728614,115.00035011391));
#4912 = DIRECTION('',(0.,0.99619177062,8.718919742862E-02));
#4913 = DIRECTION('',(0.,8.718919742862E-02,-0.99619177062));
#4914 = DEFINITIONAL_REPRESENTATION('',(#4915),#4919);
#4915 = LINE('',#4916,#4917);
#4916 = CARTESIAN_POINT('',(0.,-21.));
#4917 = VECTOR('',#4918,1.);
#4918 = DIRECTION('',(1.,0.));
#4919 = ( GEOMETRIC_REPRESENTATION_CONTEXT(2) 
PARAMETRIC_REPRESENTATION_CONTEXT() REPRESENTATION_CONTEXT('2D SPACE',''
  ) );
#4920 = ORIENTED_EDGE('',*,*,#4921,.T.);
#4921 = EDGE_CURVE('',#4894,#4922,#4924,.T.);
#4922 = VERTEX_POINT('',#4923);
#4923 = CARTESIAN_POINT('',(14.5,-47.86058451538,112.87435173723));
#4924 = SURFACE_CURVE('',#4925,(#4930,#4937),.PCURVE_S1.);
#4925 = CIRCLE('',#4926,5.137119815617);
#4926 = AXIS2_PLACEMENT_3D('',#4927,#4928,#4929);
#4927 = CARTESIAN_POINT('',(14.5,-50.72304800801,108.60863928169));
#4928 = DIRECTION('',(1.,0.,0.));
#4929 = DIRECTION('',(-0.,0.,1.));
#4930 = PCURVE('',#1626,#4931);
#4931 = DEFINITIONAL_REPRESENTATION('',(#4932),#4936);
#4932 = CIRCLE('',#4933,5.137119815617);
#4933 = AXIS2_PLACEMENT_2D('',#4934,#4935);
#4934 = CARTESIAN_POINT('',(5.978280899646,18.997125671486));
#4935 = DIRECTION('',(-0.99619177062,8.718919742862E-02));
#4936 = ( GEOMETRIC_REPRESENTATION_CONTEXT(2) 
PARAMETRIC_REPRESENTATION_CONTEXT() REPRESENTATION_CONTEXT('2D SPACE',''
  ) );
#4937 = PCURVE('',#4938,#4943);
#4938 = SPHERICAL_SURFACE('',#4939,6.);
#4939 = AXIS2_PLACEMENT_3D('',#4940,#4941,#4942);
#4940 = CARTESIAN_POINT('',(11.4,-50.72304800801,108.60863928169));
#4941 = DIRECTION('',(0.,-0.996194698092,-8.715574274766E-02));
#4942 = DIRECTION('',(1.,-1.290164164357E-17,1.474664387775E-16));
#4943 = DEFINITIONAL_REPRESENTATION('',(#4944),#4961);
#4944 = B_SPLINE_CURVE_WITH_KNOTS('',8,(#4945,#4946,#4947,#4948,#4949,
    #4950,#4951,#4952,#4953,#4954,#4955,#4956,#4957,#4958,#4959,#4960),
  .UNSPECIFIED.,.F.,.F.,(9,7,9),(5.028804976888,5.381732094936,
    5.734659212984),.UNSPECIFIED.);
#4945 = CARTESIAN_POINT('',(0.360012628317,-0.985966163075));
#4946 = CARTESIAN_POINT('',(0.422371946609,-0.97042475044));
#4947 = CARTESIAN_POINT('',(0.480652222194,-0.951940868866));
#4948 = CARTESIAN_POINT('',(0.534380908863,-0.930831016089));
#4949 = CARTESIAN_POINT('',(0.583471742381,-0.907442813712));
#4950 = CARTESIAN_POINT('',(0.628144720016,-0.882098846683));
#4951 = CARTESIAN_POINT('',(0.668706366798,-0.855075529527));
#4952 = CARTESIAN_POINT('',(0.705503192196,-0.826609178134));
#4953 = CARTESIAN_POINT('',(0.772244329096,-0.767188975199));
#4954 = CARTESIAN_POINT('',(0.80218864993,-0.736235124822));
#4955 = CARTESIAN_POINT('',(0.829046133265,-0.704237000889));
#4956 = CARTESIAN_POINT('',(0.85314968635,-0.67135726149));
#4957 = CARTESIAN_POINT('',(0.874793011937,-0.637728027883));
#4958 = CARTESIAN_POINT('',(0.894226938648,-0.60345788966));
#4959 = CARTESIAN_POINT('',(0.911667092907,-0.568637951676));
#4960 = CARTESIAN_POINT('',(0.927295222052,-0.533345239764));
#4961 = ( GEOMETRIC_REPRESENTATION_CONTEXT(2) 
PARAMETRIC_REPRESENTATION_CONTEXT() REPRESENTATION_CONTEXT('2D SPACE',''
  ) );
#4962 = ORIENTED_EDGE('',*,*,#4963,.T.);
#4963 = EDGE_CURVE('',#4922,#4635,#4964,.T.);
#4964 = SURFACE_CURVE('',#4965,(#4969,#4975),.PCURVE_S1.);
#4965 = LINE('',#4966,#4967);
#4966 = CARTESIAN_POINT('',(14.5,-70.49613589193,110.89399759912));
#4967 = VECTOR('',#4968,1.);
#4968 = DIRECTION('',(-0.,0.996194698092,8.715574274766E-02));
#4969 = PCURVE('',#1626,#4970);
#4970 = DEFINITIONAL_REPRESENTATION('',(#4971),#4974);
#4971 = B_SPLINE_CURVE_WITH_KNOTS('',1,(#4972,#4973),.UNSPECIFIED.,.F.,
  .F.,(2,2),(0.501403200976,24.501403214509),.PIECEWISE_BEZIER_KNOTS.);
#4972 = CARTESIAN_POINT('',(1.977642926004,1.67526007526E-16));
#4973 = CARTESIAN_POINT('',(1.978448906526,24.));
#4974 = ( GEOMETRIC_REPRESENTATION_CONTEXT(2) 
PARAMETRIC_REPRESENTATION_CONTEXT() REPRESENTATION_CONTEXT('2D SPACE',''
  ) );
#4975 = PCURVE('',#4718,#4976);
#4976 = DEFINITIONAL_REPRESENTATION('',(#4977),#4980);
#4977 = B_SPLINE_CURVE_WITH_KNOTS('',1,(#4978,#4979),.UNSPECIFIED.,.F.,
  .F.,(2,2),(0.501403200976,24.501403214509),.PIECEWISE_BEZIER_KNOTS.);
#4978 = CARTESIAN_POINT('',(23.9,1.002739987715));
#4979 = CARTESIAN_POINT('',(23.9,25.002740001248));
#4980 = ( GEOMETRIC_REPRESENTATION_CONTEXT(2) 
PARAMETRIC_REPRESENTATION_CONTEXT() REPRESENTATION_CONTEXT('2D SPACE',''
  ) );
#4981 = ADVANCED_FACE('',(#4982),#1710,.T.);
#4982 = FACE_BOUND('',#4983,.F.);
#4983 = EDGE_LOOP('',(#4984,#5006,#5007,#5008,#5035,#5069));
#4984 = ORIENTED_EDGE('',*,*,#4985,.F.);
#4985 = EDGE_CURVE('',#1667,#4986,#4988,.T.);
#4986 = VERTEX_POINT('',#4987);
#4987 = CARTESIAN_POINT('',(17.4,-62.38629332131,81.288157793223));
#4988 = SURFACE_CURVE('',#4989,(#4994,#5000),.PCURVE_S1.);
#4989 = CIRCLE('',#4990,6.);
#4990 = AXIS2_PLACEMENT_3D('',#4991,#4992,#4993);
#4991 = CARTESIAN_POINT('',(11.4,-62.38629332131,81.288157793223));
#4992 = DIRECTION('',(0.,-0.996194698092,-8.715574274766E-02));
#4993 = DIRECTION('',(1.,0.,0.));
#4994 = PCURVE('',#1710,#4995);
#4995 = DEFINITIONAL_REPRESENTATION('',(#4996),#4999);
#4996 = B_SPLINE_CURVE_WITH_KNOTS('',1,(#4997,#4998),.UNSPECIFIED.,.F.,
  .F.,(2,2),(4.712388980385,6.28318530718),.PIECEWISE_BEZIER_KNOTS.);
#4997 = CARTESIAN_POINT('',(0.,-1.570796326795));
#4998 = CARTESIAN_POINT('',(0.,0.));
#4999 = ( GEOMETRIC_REPRESENTATION_CONTEXT(2) 
PARAMETRIC_REPRESENTATION_CONTEXT() REPRESENTATION_CONTEXT('2D SPACE',''
  ) );
#5000 = PCURVE('',#1682,#5001);
#5001 = DEFINITIONAL_REPRESENTATION('',(#5002),#5005);
#5002 = B_SPLINE_CURVE_WITH_KNOTS('',1,(#5003,#5004),.UNSPECIFIED.,.F.,
  .F.,(2,2),(4.712388980385,6.28318530718),.PIECEWISE_BEZIER_KNOTS.);
#5003 = CARTESIAN_POINT('',(1.570796326795,6.));
#5004 = CARTESIAN_POINT('',(0.,6.));
#5005 = ( GEOMETRIC_REPRESENTATION_CONTEXT(2) 
PARAMETRIC_REPRESENTATION_CONTEXT() REPRESENTATION_CONTEXT('2D SPACE',''
  ) );
#5006 = ORIENTED_EDGE('',*,*,#1693,.F.);
#5007 = ORIENTED_EDGE('',*,*,#4792,.F.);
#5008 = ORIENTED_EDGE('',*,*,#5009,.T.);
#5009 = EDGE_CURVE('',#4765,#5010,#5012,.T.);
#5010 = VERTEX_POINT('',#5011);
#5011 = CARTESIAN_POINT('',(14.4,-67.23905668809,79.430555116095));
#5012 = SURFACE_CURVE('',#5013,(#5018,#5028),.PCURVE_S1.);
#5013 = CIRCLE('',#5014,3.322277491873);
#5014 = AXIS2_PLACEMENT_3D('',#5015,#5016,#5017);
#5015 = CARTESIAN_POINT('',(11.4,-67.36351228851,80.852539130256));
#5016 = DIRECTION('',(0.,0.99619177062,8.718919742862E-02));
#5017 = DIRECTION('',(0.,-8.718919742862E-02,0.99619177062));
#5018 = PCURVE('',#1710,#5019);
#5019 = DEFINITIONAL_REPRESENTATION('',(#5020),#5027);
#5020 = B_SPLINE_CURVE_WITH_KNOTS('',5,(#5021,#5022,#5023,#5024,#5025,
    #5026),.UNSPECIFIED.,.F.,.F.,(6,6),(1.938668068464,2.089938037291),
  .PIECEWISE_BEZIER_KNOTS.);
#5021 = CARTESIAN_POINT('',(-1.015460558702,-0.200500624317));
#5022 = CARTESIAN_POINT('',(-1.020684116683,-0.216451396294));
#5023 = CARTESIAN_POINT('',(-1.026462582568,-0.232234311647));
#5024 = CARTESIAN_POINT('',(-1.03280268799,-0.247824692535));
#5025 = CARTESIAN_POINT('',(-1.039711959679,-0.263196850056));
#5026 = CARTESIAN_POINT('',(-1.047197551197,-0.278323846931));
#5027 = ( GEOMETRIC_REPRESENTATION_CONTEXT(2) 
PARAMETRIC_REPRESENTATION_CONTEXT() REPRESENTATION_CONTEXT('2D SPACE',''
  ) );
#5028 = PCURVE('',#4780,#5029);
#5029 = DEFINITIONAL_REPRESENTATION('',(#5030),#5034);
#5030 = CIRCLE('',#5031,3.322277491873);
#5031 = AXIS2_PLACEMENT_2D('',#5032,#5033);
#5032 = CARTESIAN_POINT('',(32.177810729567,-17.9));
#5033 = DIRECTION('',(-1.,0.));
#5034 = ( GEOMETRIC_REPRESENTATION_CONTEXT(2) 
PARAMETRIC_REPRESENTATION_CONTEXT() REPRESENTATION_CONTEXT('2D SPACE',''
  ) );
#5035 = ORIENTED_EDGE('',*,*,#5036,.F.);
#5036 = EDGE_CURVE('',#5037,#5010,#5039,.T.);
#5037 = VERTEX_POINT('',#5038);
#5038 = CARTESIAN_POINT('',(14.4,-67.56267281529,80.835283269392));
#5039 = SURFACE_CURVE('',#5040,(#5045,#5057),.PCURVE_S1.);
#5040 = CIRCLE('',#5041,5.196152422707);
#5041 = AXIS2_PLACEMENT_3D('',#5042,#5043,#5044);
#5042 = CARTESIAN_POINT('',(14.4,-62.38629332131,81.288157793223));
#5043 = DIRECTION('',(1.,0.,0.));
#5044 = DIRECTION('',(-0.,0.,1.));
#5045 = PCURVE('',#1710,#5046);
#5046 = DEFINITIONAL_REPRESENTATION('',(#5047),#5056);
#5047 = B_SPLINE_CURVE_WITH_KNOTS('',7,(#5048,#5049,#5050,#5051,#5052,
    #5053,#5054,#5055),.UNSPECIFIED.,.F.,.F.,(8,8),(1.658062789395,
    2.204463353533),.PIECEWISE_BEZIER_KNOTS.);
#5048 = CARTESIAN_POINT('',(-1.047197551197,0.));
#5049 = CARTESIAN_POINT('',(-1.047197551197,-6.759953845509E-02));
#5050 = CARTESIAN_POINT('',(-1.04411951411,-0.135199091789));
#5051 = CARTESIAN_POINT('',(-1.037963439837,-0.202630358248));
#5052 = CARTESIAN_POINT('',(-1.028568591417,-0.269725591446));
#5053 = CARTESIAN_POINT('',(-1.01561275829,-0.336291480474));
#5054 = CARTESIAN_POINT('',(-0.998562675744,-0.402089836061));
#5055 = CARTESIAN_POINT('',(-0.976540261605,-0.466765339047));
#5056 = ( GEOMETRIC_REPRESENTATION_CONTEXT(2) 
PARAMETRIC_REPRESENTATION_CONTEXT() REPRESENTATION_CONTEXT('2D SPACE',''
  ) );
#5057 = PCURVE('',#5058,#5063);
#5058 = PLANE('',#5059);
#5059 = AXIS2_PLACEMENT_3D('',#5060,#5061,#5062);
#5060 = CARTESIAN_POINT('',(14.4,-69.12433570253,77.988341909142));
#5061 = DIRECTION('',(1.,0.,0.));
#5062 = DIRECTION('',(0.,-8.715574274766E-02,0.996194698092));
#5063 = DEFINITIONAL_REPRESENTATION('',(#5064),#5068);
#5064 = CIRCLE('',#5065,5.196152422707);
#5065 = AXIS2_PLACEMENT_2D('',#5066,#5067);
#5066 = CARTESIAN_POINT('',(2.7,-7.));
#5067 = DIRECTION('',(0.996194698092,-8.715574274766E-02));
#5068 = ( GEOMETRIC_REPRESENTATION_CONTEXT(2) 
PARAMETRIC_REPRESENTATION_CONTEXT() REPRESENTATION_CONTEXT('2D SPACE',''
  ) );
#5069 = ORIENTED_EDGE('',*,*,#5070,.F.);
#5070 = EDGE_CURVE('',#4986,#5037,#5071,.T.);
#5071 = SURFACE_CURVE('',#5072,(#5077,#5084),.PCURVE_S1.);
#5072 = CIRCLE('',#5073,6.);
#5073 = AXIS2_PLACEMENT_3D('',#5074,#5075,#5076);
#5074 = CARTESIAN_POINT('',(11.4,-62.38629332131,81.288157793223));
#5075 = DIRECTION('',(0.,8.715574274766E-02,-0.996194698092));
#5076 = DIRECTION('',(1.,0.,0.));
#5077 = PCURVE('',#1710,#5078);
#5078 = DEFINITIONAL_REPRESENTATION('',(#5079),#5083);
#5079 = LINE('',#5080,#5081);
#5080 = CARTESIAN_POINT('',(-0.,0.));
#5081 = VECTOR('',#5082,1.);
#5082 = DIRECTION('',(-1.,0.));
#5083 = ( GEOMETRIC_REPRESENTATION_CONTEXT(2) 
PARAMETRIC_REPRESENTATION_CONTEXT() REPRESENTATION_CONTEXT('2D SPACE',''
  ) );
#5084 = PCURVE('',#5085,#5090);
#5085 = CYLINDRICAL_SURFACE('',#5086,6.);
#5086 = AXIS2_PLACEMENT_3D('',#5087,#5088,#5089);
#5087 = CARTESIAN_POINT('',(11.4,-61.86335886482,75.310989604673));
#5088 = DIRECTION('',(0.,-8.715574274766E-02,0.996194698092));
#5089 = DIRECTION('',(1.,0.,0.));
#5090 = DEFINITIONAL_REPRESENTATION('',(#5091),#5095);
#5091 = LINE('',#5092,#5093);
#5092 = CARTESIAN_POINT('',(-0.,6.));
#5093 = VECTOR('',#5094,1.);
#5094 = DIRECTION('',(-1.,0.));
#5095 = ( GEOMETRIC_REPRESENTATION_CONTEXT(2) 
PARAMETRIC_REPRESENTATION_CONTEXT() REPRESENTATION_CONTEXT('2D SPACE',''
  ) );
#5096 = ADVANCED_FACE('',(#5097),#1682,.T.);
#5097 = FACE_BOUND('',#5098,.T.);
#5098 = EDGE_LOOP('',(#5099,#5100,#5101,#5123));
#5099 = ORIENTED_EDGE('',*,*,#4985,.F.);
#5100 = ORIENTED_EDGE('',*,*,#1666,.T.);
#5101 = ORIENTED_EDGE('',*,*,#5102,.T.);
#5102 = EDGE_CURVE('',#1638,#5103,#5105,.T.);
#5103 = VERTEX_POINT('',#5104);
#5104 = CARTESIAN_POINT('',(17.4,-48.43956754803,82.508338191691));
#5105 = SURFACE_CURVE('',#5106,(#5111,#5117),.PCURVE_S1.);
#5106 = CIRCLE('',#5107,6.);
#5107 = AXIS2_PLACEMENT_3D('',#5108,#5109,#5110);
#5108 = CARTESIAN_POINT('',(11.4,-48.43956754803,82.508338191691));
#5109 = DIRECTION('',(0.,-0.996194698092,-8.715574274766E-02));
#5110 = DIRECTION('',(1.,0.,0.));
#5111 = PCURVE('',#1682,#5112);
#5112 = DEFINITIONAL_REPRESENTATION('',(#5113),#5116);
#5113 = B_SPLINE_CURVE_WITH_KNOTS('',1,(#5114,#5115),.UNSPECIFIED.,.F.,
  .F.,(2,2),(4.712388980385,6.28318530718),.PIECEWISE_BEZIER_KNOTS.);
#5114 = CARTESIAN_POINT('',(1.570796326795,20.));
#5115 = CARTESIAN_POINT('',(0.,20.));
#5116 = ( GEOMETRIC_REPRESENTATION_CONTEXT(2) 
PARAMETRIC_REPRESENTATION_CONTEXT() REPRESENTATION_CONTEXT('2D SPACE',''
  ) );
#5117 = PCURVE('',#1654,#5118);
#5118 = DEFINITIONAL_REPRESENTATION('',(#5119),#5122);
#5119 = B_SPLINE_CURVE_WITH_KNOTS('',1,(#5120,#5121),.UNSPECIFIED.,.F.,
  .F.,(2,2),(4.712388980385,6.28318530718),.PIECEWISE_BEZIER_KNOTS.);
#5120 = CARTESIAN_POINT('',(0.,-1.570796326795));
#5121 = CARTESIAN_POINT('',(0.,0.));
#5122 = ( GEOMETRIC_REPRESENTATION_CONTEXT(2) 
PARAMETRIC_REPRESENTATION_CONTEXT() REPRESENTATION_CONTEXT('2D SPACE',''
  ) );
#5123 = ORIENTED_EDGE('',*,*,#5124,.F.);
#5124 = EDGE_CURVE('',#4986,#5103,#5125,.T.);
#5125 = SURFACE_CURVE('',#5126,(#5130,#5137),.PCURVE_S1.);
#5126 = LINE('',#5127,#5128);
#5127 = CARTESIAN_POINT('',(17.4,-68.36346150986,80.765223336737));
#5128 = VECTOR('',#5129,1.);
#5129 = DIRECTION('',(0.,0.996194698092,8.715574274766E-02));
#5130 = PCURVE('',#1682,#5131);
#5131 = DEFINITIONAL_REPRESENTATION('',(#5132),#5136);
#5132 = LINE('',#5133,#5134);
#5133 = CARTESIAN_POINT('',(0.,0.));
#5134 = VECTOR('',#5135,1.);
#5135 = DIRECTION('',(0.,1.));
#5136 = ( GEOMETRIC_REPRESENTATION_CONTEXT(2) 
PARAMETRIC_REPRESENTATION_CONTEXT() REPRESENTATION_CONTEXT('2D SPACE',''
  ) );
#5137 = PCURVE('',#5138,#5143);
#5138 = PLANE('',#5139);
#5139 = AXIS2_PLACEMENT_3D('',#5140,#5141,#5142);
#5140 = CARTESIAN_POINT('',(17.4,-67.84052705337,74.788055148187));
#5141 = DIRECTION('',(1.,0.,0.));
#5142 = DIRECTION('',(0.,-8.715574274766E-02,0.996194698092));
#5143 = DEFINITIONAL_REPRESENTATION('',(#5144),#5148);
#5144 = LINE('',#5145,#5146);
#5145 = CARTESIAN_POINT('',(6.,0.));
#5146 = VECTOR('',#5147,1.);
#5147 = DIRECTION('',(0.,-1.));
#5148 = ( GEOMETRIC_REPRESENTATION_CONTEXT(2) 
PARAMETRIC_REPRESENTATION_CONTEXT() REPRESENTATION_CONTEXT('2D SPACE',''
  ) );
#5149 = ADVANCED_FACE('',(#5150),#1654,.T.);
#5150 = FACE_BOUND('',#5151,.T.);
#5151 = EDGE_LOOP('',(#5152,#5153,#5154,#5155,#5182,#5216));
#5152 = ORIENTED_EDGE('',*,*,#5102,.F.);
#5153 = ORIENTED_EDGE('',*,*,#1637,.T.);
#5154 = ORIENTED_EDGE('',*,*,#4865,.T.);
#5155 = ORIENTED_EDGE('',*,*,#5156,.T.);
#5156 = EDGE_CURVE('',#4866,#5157,#5159,.T.);
#5157 = VERTEX_POINT('',#5158);
#5158 = CARTESIAN_POINT('',(14.4,-43.33272784475,81.549073762546));
#5159 = SURFACE_CURVE('',#5160,(#5165,#5175),.PCURVE_S1.);
#5160 = CIRCLE('',#5161,3.310958169505);
#5161 = AXIS2_PLACEMENT_3D('',#5162,#5163,#5164);
#5162 = CARTESIAN_POINT('',(11.4,-43.45486880116,82.944611503698));
#5163 = DIRECTION('',(0.,0.99619177062,8.718919742862E-02));
#5164 = DIRECTION('',(0.,-8.718919742862E-02,0.99619177062));
#5165 = PCURVE('',#1654,#5166);
#5166 = DEFINITIONAL_REPRESENTATION('',(#5167),#5174);
#5167 = B_SPLINE_CURVE_WITH_KNOTS('',5,(#5168,#5169,#5170,#5171,#5172,
    #5173),.UNSPECIFIED.,.F.,.F.,(6,6),(1.929693197657,2.081210919059),
  .PIECEWISE_BEZIER_KNOTS.);
#5168 = CARTESIAN_POINT('',(1.016140172143,-0.195030411357));
#5169 = CARTESIAN_POINT('',(1.021229952126,-0.2109898043));
#5170 = CARTESIAN_POINT('',(1.026873747973,-0.226785302595));
#5171 = CARTESIAN_POINT('',(1.03307809453,-0.242392262981));
#5172 = CARTESIAN_POINT('',(1.039850348624,-0.25778505748));
#5173 = CARTESIAN_POINT('',(1.047197551197,-0.272936829611));
#5174 = ( GEOMETRIC_REPRESENTATION_CONTEXT(2) 
PARAMETRIC_REPRESENTATION_CONTEXT() REPRESENTATION_CONTEXT('2D SPACE',''
  ) );
#5175 = PCURVE('',#4909,#5176);
#5176 = DEFINITIONAL_REPRESENTATION('',(#5177),#5181);
#5177 = CIRCLE('',#5178,3.310958169505);
#5178 = AXIS2_PLACEMENT_2D('',#5179,#5180);
#5179 = CARTESIAN_POINT('',(32.178280884872,-17.9));
#5180 = DIRECTION('',(-1.,0.));
#5181 = ( GEOMETRIC_REPRESENTATION_CONTEXT(2) 
PARAMETRIC_REPRESENTATION_CONTEXT() REPRESENTATION_CONTEXT('2D SPACE',''
  ) );
#5182 = ORIENTED_EDGE('',*,*,#5183,.T.);
#5183 = EDGE_CURVE('',#5157,#5184,#5186,.T.);
#5184 = VERTEX_POINT('',#5185);
#5185 = CARTESIAN_POINT('',(14.4,-43.26318805405,82.961212715522));
#5186 = SURFACE_CURVE('',#5187,(#5192,#5204),.PCURVE_S1.);
#5187 = CIRCLE('',#5188,5.196152422707);
#5188 = AXIS2_PLACEMENT_3D('',#5189,#5190,#5191);
#5189 = CARTESIAN_POINT('',(14.4,-48.43956754803,82.508338191691));
#5190 = DIRECTION('',(1.,0.,0.));
#5191 = DIRECTION('',(-0.,0.,1.));
#5192 = PCURVE('',#1654,#5193);
#5193 = DEFINITIONAL_REPRESENTATION('',(#5194),#5203);
#5194 = B_SPLINE_CURVE_WITH_KNOTS('',7,(#5195,#5196,#5197,#5198,#5199,
    #5200,#5201,#5202),.UNSPECIFIED.,.F.,.F.,(8,8),(4.253254878846,
    4.799655442984),.PIECEWISE_BEZIER_KNOTS.);
#5195 = CARTESIAN_POINT('',(0.976540261605,-0.466765339047));
#5196 = CARTESIAN_POINT('',(0.998562675744,-0.402089836061));
#5197 = CARTESIAN_POINT('',(1.01561275829,-0.336291480474));
#5198 = CARTESIAN_POINT('',(1.028568591417,-0.269725591446));
#5199 = CARTESIAN_POINT('',(1.037963439836,-0.202630358248));
#5200 = CARTESIAN_POINT('',(1.04411951411,-0.135199091789));
#5201 = CARTESIAN_POINT('',(1.047197551197,-6.759953845508E-02));
#5202 = CARTESIAN_POINT('',(1.047197551197,2.368475785867E-15));
#5203 = ( GEOMETRIC_REPRESENTATION_CONTEXT(2) 
PARAMETRIC_REPRESENTATION_CONTEXT() REPRESENTATION_CONTEXT('2D SPACE',''
  ) );
#5204 = PCURVE('',#5205,#5210);
#5205 = PLANE('',#5206);
#5206 = AXIS2_PLACEMENT_3D('',#5207,#5208,#5209);
#5207 = CARTESIAN_POINT('',(14.4,-69.12433570253,77.988341909142));
#5208 = DIRECTION('',(1.,0.,0.));
#5209 = DIRECTION('',(0.,-8.715574274766E-02,0.996194698092));
#5210 = DEFINITIONAL_REPRESENTATION('',(#5211),#5215);
#5211 = CIRCLE('',#5212,5.196152422707);
#5212 = AXIS2_PLACEMENT_2D('',#5213,#5214);
#5213 = CARTESIAN_POINT('',(2.7,-21.));
#5214 = DIRECTION('',(0.996194698092,-8.715574274766E-02));
#5215 = ( GEOMETRIC_REPRESENTATION_CONTEXT(2) 
PARAMETRIC_REPRESENTATION_CONTEXT() REPRESENTATION_CONTEXT('2D SPACE',''
  ) );
#5216 = ORIENTED_EDGE('',*,*,#5217,.F.);
#5217 = EDGE_CURVE('',#5103,#5184,#5218,.T.);
#5218 = SURFACE_CURVE('',#5219,(#5224,#5231),.PCURVE_S1.);
#5219 = CIRCLE('',#5220,6.);
#5220 = AXIS2_PLACEMENT_3D('',#5221,#5222,#5223);
#5221 = CARTESIAN_POINT('',(11.4,-48.43956754803,82.508338191691));
#5222 = DIRECTION('',(0.,-8.715574274766E-02,0.996194698092));
#5223 = DIRECTION('',(1.,0.,0.));
#5224 = PCURVE('',#1654,#5225);
#5225 = DEFINITIONAL_REPRESENTATION('',(#5226),#5230);
#5226 = LINE('',#5227,#5228);
#5227 = CARTESIAN_POINT('',(0.,0.));
#5228 = VECTOR('',#5229,1.);
#5229 = DIRECTION('',(1.,0.));
#5230 = ( GEOMETRIC_REPRESENTATION_CONTEXT(2) 
PARAMETRIC_REPRESENTATION_CONTEXT() REPRESENTATION_CONTEXT('2D SPACE',''
  ) );
#5231 = PCURVE('',#5232,#5237);
#5232 = CYLINDRICAL_SURFACE('',#5233,6.);
#5233 = AXIS2_PLACEMENT_3D('',#5234,#5235,#5236);
#5234 = CARTESIAN_POINT('',(11.4,-47.91663309154,76.53117000314));
#5235 = DIRECTION('',(0.,-8.715574274766E-02,0.996194698092));
#5236 = DIRECTION('',(1.,0.,0.));
#5237 = DEFINITIONAL_REPRESENTATION('',(#5238),#5242);
#5238 = LINE('',#5239,#5240);
#5239 = CARTESIAN_POINT('',(0.,6.));
#5240 = VECTOR('',#5241,1.);
#5241 = DIRECTION('',(1.,0.));
#5242 = ( GEOMETRIC_REPRESENTATION_CONTEXT(2) 
PARAMETRIC_REPRESENTATION_CONTEXT() REPRESENTATION_CONTEXT('2D SPACE',''
  ) );
#5243 = ADVANCED_FACE('',(#5244),#1600,.F.);
#5244 = FACE_BOUND('',#5245,.F.);
#5245 = EDGE_LOOP('',(#5246,#5247,#5248,#5249));
#5246 = ORIENTED_EDGE('',*,*,#4101,.F.);
#5247 = ORIENTED_EDGE('',*,*,#1585,.F.);
#5248 = ORIENTED_EDGE('',*,*,#4843,.T.);
#5249 = ORIENTED_EDGE('',*,*,#5250,.F.);
#5250 = EDGE_CURVE('',#4074,#4821,#5251,.T.);
#5251 = SURFACE_CURVE('',#5252,(#5256,#5263),.PCURVE_S1.);
#5252 = LINE('',#5253,#5254);
#5253 = CARTESIAN_POINT('',(-6.5,-43.20884537614,80.133638142205));
#5254 = VECTOR('',#5255,1.);
#5255 = DIRECTION('',(1.,0.,0.));
#5256 = PCURVE('',#1600,#5257);
#5257 = DEFINITIONAL_REPRESENTATION('',(#5258),#5262);
#5258 = LINE('',#5259,#5260);
#5259 = CARTESIAN_POINT('',(35.,0.));
#5260 = VECTOR('',#5261,1.);
#5261 = DIRECTION('',(0.,-1.));
#5262 = ( GEOMETRIC_REPRESENTATION_CONTEXT(2) 
PARAMETRIC_REPRESENTATION_CONTEXT() REPRESENTATION_CONTEXT('2D SPACE',''
  ) );
#5263 = PCURVE('',#4089,#5264);
#5264 = DEFINITIONAL_REPRESENTATION('',(#5265),#5269);
#5265 = LINE('',#5266,#5267);
#5266 = CARTESIAN_POINT('',(24.,0.));
#5267 = VECTOR('',#5268,1.);
#5268 = DIRECTION('',(0.,1.));
#5269 = ( GEOMETRIC_REPRESENTATION_CONTEXT(2) 
PARAMETRIC_REPRESENTATION_CONTEXT() REPRESENTATION_CONTEXT('2D SPACE',''
  ) );
#5270 = ADVANCED_FACE('',(#5271),#2126,.T.);
#5271 = FACE_BOUND('',#5272,.T.);
#5272 = EDGE_LOOP('',(#5273,#5296,#5297,#5298));
#5273 = ORIENTED_EDGE('',*,*,#5274,.F.);
#5274 = EDGE_CURVE('',#2086,#5275,#5277,.T.);
#5275 = VERTEX_POINT('',#5276);
#5276 = CARTESIAN_POINT('',(-7.8,-63.17740787784,77.99870963295));
#5277 = SURFACE_CURVE('',#5278,(#5282,#5289),.PCURVE_S1.);
#5278 = LINE('',#5279,#5280);
#5279 = CARTESIAN_POINT('',(-29.,-63.17740787784,77.99870963295));
#5280 = VECTOR('',#5281,1.);
#5281 = DIRECTION('',(1.,0.,0.));
#5282 = PCURVE('',#2126,#5283);
#5283 = DEFINITIONAL_REPRESENTATION('',(#5284),#5288);
#5284 = LINE('',#5285,#5286);
#5285 = CARTESIAN_POINT('',(0.,0.));
#5286 = VECTOR('',#5287,1.);
#5287 = DIRECTION('',(0.,1.));
#5288 = ( GEOMETRIC_REPRESENTATION_CONTEXT(2) 
PARAMETRIC_REPRESENTATION_CONTEXT() REPRESENTATION_CONTEXT('2D SPACE',''
  ) );
#5289 = PCURVE('',#2100,#5290);
#5290 = DEFINITIONAL_REPRESENTATION('',(#5291),#5295);
#5291 = LINE('',#5292,#5293);
#5292 = CARTESIAN_POINT('',(0.,0.));
#5293 = VECTOR('',#5294,1.);
#5294 = DIRECTION('',(0.,-1.));
#5295 = ( GEOMETRIC_REPRESENTATION_CONTEXT(2) 
PARAMETRIC_REPRESENTATION_CONTEXT() REPRESENTATION_CONTEXT('2D SPACE',''
  ) );
#5296 = ORIENTED_EDGE('',*,*,#2111,.T.);
#5297 = ORIENTED_EDGE('',*,*,#4199,.F.);
#5298 = ORIENTED_EDGE('',*,*,#5299,.F.);
#5299 = EDGE_CURVE('',#5275,#4174,#5300,.T.);
#5300 = SURFACE_CURVE('',#5301,(#5305,#5312),.PCURVE_S1.);
#5301 = LINE('',#5302,#5303);
#5302 = CARTESIAN_POINT('',(-7.8,-63.17740787784,77.99870963295));
#5303 = VECTOR('',#5304,1.);
#5304 = DIRECTION('',(0.,0.99619177062,8.718919742862E-02));
#5305 = PCURVE('',#2126,#5306);
#5306 = DEFINITIONAL_REPRESENTATION('',(#5307),#5311);
#5307 = LINE('',#5308,#5309);
#5308 = CARTESIAN_POINT('',(0.,21.2));
#5309 = VECTOR('',#5310,1.);
#5310 = DIRECTION('',(1.,0.));
#5311 = ( GEOMETRIC_REPRESENTATION_CONTEXT(2) 
PARAMETRIC_REPRESENTATION_CONTEXT() REPRESENTATION_CONTEXT('2D SPACE',''
  ) );
#5312 = PCURVE('',#4188,#5313);
#5313 = DEFINITIONAL_REPRESENTATION('',(#5314),#5318);
#5314 = LINE('',#5315,#5316);
#5315 = CARTESIAN_POINT('',(0.,0.));
#5316 = VECTOR('',#5317,1.);
#5317 = DIRECTION('',(0.,1.));
#5318 = ( GEOMETRIC_REPRESENTATION_CONTEXT(2) 
PARAMETRIC_REPRESENTATION_CONTEXT() REPRESENTATION_CONTEXT('2D SPACE',''
  ) );
#5319 = ADVANCED_FACE('',(#5320),#2100,.T.);
#5320 = FACE_BOUND('',#5321,.T.);
#5321 = EDGE_LOOP('',(#5322,#5323,#5324,#5347));
#5322 = ORIENTED_EDGE('',*,*,#2085,.T.);
#5323 = ORIENTED_EDGE('',*,*,#5274,.T.);
#5324 = ORIENTED_EDGE('',*,*,#5325,.T.);
#5325 = EDGE_CURVE('',#5275,#5326,#5328,.T.);
#5326 = VERTEX_POINT('',#5327);
#5327 = CARTESIAN_POINT('',(-7.8,-62.93397395051,75.217322921676));
#5328 = SURFACE_CURVE('',#5329,(#5333,#5340),.PCURVE_S1.);
#5329 = LINE('',#5330,#5331);
#5330 = CARTESIAN_POINT('',(-7.8,-63.17740787784,77.99870963295));
#5331 = VECTOR('',#5332,1.);
#5332 = DIRECTION('',(0.,8.718919742862E-02,-0.99619177062));
#5333 = PCURVE('',#2100,#5334);
#5334 = DEFINITIONAL_REPRESENTATION('',(#5335),#5339);
#5335 = LINE('',#5336,#5337);
#5336 = CARTESIAN_POINT('',(0.,-21.2));
#5337 = VECTOR('',#5338,1.);
#5338 = DIRECTION('',(1.,0.));
#5339 = ( GEOMETRIC_REPRESENTATION_CONTEXT(2) 
PARAMETRIC_REPRESENTATION_CONTEXT() REPRESENTATION_CONTEXT('2D SPACE',''
  ) );
#5340 = PCURVE('',#4188,#5341);
#5341 = DEFINITIONAL_REPRESENTATION('',(#5342),#5346);
#5342 = LINE('',#5343,#5344);
#5343 = CARTESIAN_POINT('',(0.,0.));
#5344 = VECTOR('',#5345,1.);
#5345 = DIRECTION('',(1.,0.));
#5346 = ( GEOMETRIC_REPRESENTATION_CONTEXT(2) 
PARAMETRIC_REPRESENTATION_CONTEXT() REPRESENTATION_CONTEXT('2D SPACE',''
  ) );
#5347 = ORIENTED_EDGE('',*,*,#5348,.T.);
#5348 = EDGE_CURVE('',#5326,#2058,#5349,.T.);
#5349 = SURFACE_CURVE('',#5350,(#5354,#5360),.PCURVE_S1.);
#5350 = LINE('',#5351,#5352);
#5351 = CARTESIAN_POINT('',(-19.2,-62.93397395051,75.217322921676));
#5352 = VECTOR('',#5353,1.);
#5353 = DIRECTION('',(-1.,0.,0.));
#5354 = PCURVE('',#2100,#5355);
#5355 = DEFINITIONAL_REPRESENTATION('',(#5356),#5359);
#5356 = B_SPLINE_CURVE_WITH_KNOTS('',1,(#5357,#5358),.UNSPECIFIED.,.F.,
  .F.,(2,2),(-11.4,-9.8),.PIECEWISE_BEZIER_KNOTS.);
#5357 = CARTESIAN_POINT('',(2.792019361435,-21.2));
#5358 = CARTESIAN_POINT('',(2.792019361435,-19.6));
#5359 = ( GEOMETRIC_REPRESENTATION_CONTEXT(2) 
PARAMETRIC_REPRESENTATION_CONTEXT() REPRESENTATION_CONTEXT('2D SPACE',''
  ) );
#5360 = PCURVE('',#2073,#5361);
#5361 = DEFINITIONAL_REPRESENTATION('',(#5362),#5365);
#5362 = B_SPLINE_CURVE_WITH_KNOTS('',1,(#5363,#5364),.UNSPECIFIED.,.F.,
  .F.,(2,2),(-11.4,-9.8),.PIECEWISE_BEZIER_KNOTS.);
#5363 = CARTESIAN_POINT('',(1.6,4.925295338617));
#5364 = CARTESIAN_POINT('',(0.,4.925295338617));
#5365 = ( GEOMETRIC_REPRESENTATION_CONTEXT(2) 
PARAMETRIC_REPRESENTATION_CONTEXT() REPRESENTATION_CONTEXT('2D SPACE',''
  ) );
#5366 = ADVANCED_FACE('',(#5367),#2073,.F.);
#5367 = FACE_BOUND('',#5368,.F.);
#5368 = EDGE_LOOP('',(#5369,#5370,#5371,#5398,#5417,#5418,#5419,#5420,
    #5421,#5440));
#5369 = ORIENTED_EDGE('',*,*,#2057,.F.);
#5370 = ORIENTED_EDGE('',*,*,#2649,.F.);
#5371 = ORIENTED_EDGE('',*,*,#5372,.F.);
#5372 = EDGE_CURVE('',#5373,#2650,#5375,.T.);
#5373 = VERTEX_POINT('',#5374);
#5374 = CARTESIAN_POINT('',(-8.187338462217,-65.84813765719,
    74.962366633682));
#5375 = SURFACE_CURVE('',#5376,(#5381,#5388),.PCURVE_S1.);
#5376 = ELLIPSE('',#5377,3.570309606718E+05,11.99);
#5377 = AXIS2_PLACEMENT_3D('',#5378,#5379,#5380);
#5378 = CARTESIAN_POINT('',(-18.39,1.86760883745E+05,1.642018344997E+04)
  );
#5379 = DIRECTION('',(0.,-8.715574274766E-02,0.996194698092));
#5380 = DIRECTION('',(0.,0.996194698092,8.715574274766E-02));
#5381 = PCURVE('',#2073,#5382);
#5382 = DEFINITIONAL_REPRESENTATION('',(#5383),#5387);
#5383 = ELLIPSE('',#5384,3.570309606718E+05,11.99);
#5384 = AXIS2_PLACEMENT_2D('',#5385,#5386);
#5385 = CARTESIAN_POINT('',(-8.99,1.875423796472E+05));
#5386 = DIRECTION('',(0.,1.));
#5387 = ( GEOMETRIC_REPRESENTATION_CONTEXT(2) 
PARAMETRIC_REPRESENTATION_CONTEXT() REPRESENTATION_CONTEXT('2D SPACE',''
  ) );
#5388 = PCURVE('',#2691,#5389);
#5389 = DEFINITIONAL_REPRESENTATION('',(#5390),#5397);
#5390 = B_SPLINE_CURVE_WITH_KNOTS('',5,(#5391,#5392,#5393,#5394,#5395,
    #5396),.UNSPECIFIED.,.F.,.F.,(6,6),(4.159337833338,4.159347708007),
  .PIECEWISE_BEZIER_KNOTS.);
#5391 = CARTESIAN_POINT('',(-0.553051147047,-6.000135002182E-07));
#5392 = CARTESIAN_POINT('',(-0.553049172113,0.599997811216));
#5393 = CARTESIAN_POINT('',(-0.553047197179,1.199997137575));
#5394 = CARTESIAN_POINT('',(-0.553045222246,1.799997376181));
#5395 = CARTESIAN_POINT('',(-0.553043247312,2.399998531035));
#5396 = CARTESIAN_POINT('',(-0.553041272378,3.000000599672));
#5397 = ( GEOMETRIC_REPRESENTATION_CONTEXT(2) 
PARAMETRIC_REPRESENTATION_CONTEXT() REPRESENTATION_CONTEXT('2D SPACE',''
  ) );
#5398 = ORIENTED_EDGE('',*,*,#5399,.F.);
#5399 = EDGE_CURVE('',#4505,#5373,#5400,.T.);
#5400 = SURFACE_CURVE('',#5401,(#5405,#5411),.PCURVE_S1.);
#5401 = LINE('',#5402,#5403);
#5402 = CARTESIAN_POINT('',(-19.9,-65.84813765719,74.962366633682));
#5403 = VECTOR('',#5404,1.);
#5404 = DIRECTION('',(-1.,0.,0.));
#5405 = PCURVE('',#2073,#5406);
#5406 = DEFINITIONAL_REPRESENTATION('',(#5407),#5410);
#5407 = B_SPLINE_CURVE_WITH_KNOTS('',1,(#5408,#5409),.UNSPECIFIED.,.F.,
  .F.,(2,2),(-13.5,-10.5),.PIECEWISE_BEZIER_KNOTS.);
#5408 = CARTESIAN_POINT('',(3.,2.));
#5409 = CARTESIAN_POINT('',(0.,2.));
#5410 = ( GEOMETRIC_REPRESENTATION_CONTEXT(2) 
PARAMETRIC_REPRESENTATION_CONTEXT() REPRESENTATION_CONTEXT('2D SPACE',''
  ) );
#5411 = PCURVE('',#4520,#5412);
#5412 = DEFINITIONAL_REPRESENTATION('',(#5413),#5416);
#5413 = B_SPLINE_CURVE_WITH_KNOTS('',1,(#5414,#5415),.UNSPECIFIED.,.F.,
  .F.,(2,2),(-13.5,-10.5),.PIECEWISE_BEZIER_KNOTS.);
#5414 = CARTESIAN_POINT('',(20.3,24.));
#5415 = CARTESIAN_POINT('',(20.3,21.));
#5416 = ( GEOMETRIC_REPRESENTATION_CONTEXT(2) 
PARAMETRIC_REPRESENTATION_CONTEXT() REPRESENTATION_CONTEXT('2D SPACE',''
  ) );
#5417 = ORIENTED_EDGE('',*,*,#4532,.F.);
#5418 = ORIENTED_EDGE('',*,*,#4293,.T.);
#5419 = ORIENTED_EDGE('',*,*,#4267,.T.);
#5420 = ORIENTED_EDGE('',*,*,#4148,.F.);
#5421 = ORIENTED_EDGE('',*,*,#5422,.F.);
#5422 = EDGE_CURVE('',#5326,#4149,#5423,.T.);
#5423 = SURFACE_CURVE('',#5424,(#5428,#5434),.PCURVE_S1.);
#5424 = LINE('',#5425,#5426);
#5425 = CARTESIAN_POINT('',(-7.8,-65.38729720507,75.002684948937));
#5426 = VECTOR('',#5427,1.);
#5427 = DIRECTION('',(-0.,0.996194698092,8.715574274766E-02));
#5428 = PCURVE('',#2073,#5429);
#5429 = DEFINITIONAL_REPRESENTATION('',(#5430),#5433);
#5430 = B_SPLINE_CURVE_WITH_KNOTS('',1,(#5431,#5432),.UNSPECIFIED.,.F.,
  .F.,(2,2),(2.462694550834,23.537399212217),.PIECEWISE_BEZIER_KNOTS.);
#5431 = CARTESIAN_POINT('',(1.6,4.925295338617));
#5432 = CARTESIAN_POINT('',(1.6,26.));
#5433 = ( GEOMETRIC_REPRESENTATION_CONTEXT(2) 
PARAMETRIC_REPRESENTATION_CONTEXT() REPRESENTATION_CONTEXT('2D SPACE',''
  ) );
#5434 = PCURVE('',#4188,#5435);
#5435 = DEFINITIONAL_REPRESENTATION('',(#5436),#5439);
#5436 = B_SPLINE_CURVE_WITH_KNOTS('',1,(#5437,#5438),.UNSPECIFIED.,.F.,
  .F.,(2,2),(2.462694550834,23.537399212217),.PIECEWISE_BEZIER_KNOTS.);
#5437 = CARTESIAN_POINT('',(2.792019361435,4.666627208703E-17));
#5438 = CARTESIAN_POINT('',(2.792727103163,21.074704649499));
#5439 = ( GEOMETRIC_REPRESENTATION_CONTEXT(2) 
PARAMETRIC_REPRESENTATION_CONTEXT() REPRESENTATION_CONTEXT('2D SPACE',''
  ) );
#5440 = ORIENTED_EDGE('',*,*,#5348,.T.);
#5441 = ADVANCED_FACE('',(#5442),#2229,.T.);
#5442 = FACE_BOUND('',#5443,.T.);
#5443 = EDGE_LOOP('',(#5444,#5467,#5468,#5469));
#5444 = ORIENTED_EDGE('',*,*,#5445,.F.);
#5445 = EDGE_CURVE('',#2209,#5446,#5448,.T.);
#5446 = VERTEX_POINT('',#5447);
#5447 = CARTESIAN_POINT('',(-9.4,-64.6697737813,107.38845888322));
#5448 = SURFACE_CURVE('',#5449,(#5453,#5460),.PCURVE_S1.);
#5449 = LINE('',#5450,#5451);
#5450 = CARTESIAN_POINT('',(-9.4,-61.86335886482,75.310989604673));
#5451 = VECTOR('',#5452,1.);
#5452 = DIRECTION('',(0.,-8.715574274766E-02,0.996194698092));
#5453 = PCURVE('',#2229,#5454);
#5454 = DEFINITIONAL_REPRESENTATION('',(#5455),#5459);
#5455 = LINE('',#5456,#5457);
#5456 = CARTESIAN_POINT('',(0.,0.));
#5457 = VECTOR('',#5458,1.);
#5458 = DIRECTION('',(0.,1.));
#5459 = ( GEOMETRIC_REPRESENTATION_CONTEXT(2) 
PARAMETRIC_REPRESENTATION_CONTEXT() REPRESENTATION_CONTEXT('2D SPACE',''
  ) );
#5460 = PCURVE('',#2257,#5461);
#5461 = DEFINITIONAL_REPRESENTATION('',(#5462),#5466);
#5462 = LINE('',#5463,#5464);
#5463 = CARTESIAN_POINT('',(0.,-6.));
#5464 = VECTOR('',#5465,1.);
#5465 = DIRECTION('',(1.,0.));
#5466 = ( GEOMETRIC_REPRESENTATION_CONTEXT(2) 
PARAMETRIC_REPRESENTATION_CONTEXT() REPRESENTATION_CONTEXT('2D SPACE',''
  ) );
#5467 = ORIENTED_EDGE('',*,*,#2208,.F.);
#5468 = ORIENTED_EDGE('',*,*,#4413,.T.);
#5469 = ORIENTED_EDGE('',*,*,#5470,.F.);
#5470 = EDGE_CURVE('',#5446,#4363,#5471,.T.);
#5471 = SURFACE_CURVE('',#5472,(#5477,#5484),.PCURVE_S1.);
#5472 = CIRCLE('',#5473,6.);
#5473 = AXIS2_PLACEMENT_3D('',#5474,#5475,#5476);
#5474 = CARTESIAN_POINT('',(-3.4,-64.6697737813,107.38845888322));
#5475 = DIRECTION('',(0.,-8.715574274766E-02,0.996194698092));
#5476 = DIRECTION('',(-1.,0.,0.));
#5477 = PCURVE('',#2229,#5478);
#5478 = DEFINITIONAL_REPRESENTATION('',(#5479),#5483);
#5479 = LINE('',#5480,#5481);
#5480 = CARTESIAN_POINT('',(0.,32.2));
#5481 = VECTOR('',#5482,1.);
#5482 = DIRECTION('',(1.,0.));
#5483 = ( GEOMETRIC_REPRESENTATION_CONTEXT(2) 
PARAMETRIC_REPRESENTATION_CONTEXT() REPRESENTATION_CONTEXT('2D SPACE',''
  ) );
#5484 = PCURVE('',#4032,#5485);
#5485 = DEFINITIONAL_REPRESENTATION('',(#5486),#5490);
#5486 = LINE('',#5487,#5488);
#5487 = CARTESIAN_POINT('',(-0.,0.));
#5488 = VECTOR('',#5489,1.);
#5489 = DIRECTION('',(-1.,0.));
#5490 = ( GEOMETRIC_REPRESENTATION_CONTEXT(2) 
PARAMETRIC_REPRESENTATION_CONTEXT() REPRESENTATION_CONTEXT('2D SPACE',''
  ) );
#5491 = ADVANCED_FACE('',(#5492),#2257,.F.);
#5492 = FACE_BOUND('',#5493,.F.);
#5493 = EDGE_LOOP('',(#5494,#5495,#5496,#5497));
#5494 = ORIENTED_EDGE('',*,*,#5445,.F.);
#5495 = ORIENTED_EDGE('',*,*,#2241,.F.);
#5496 = ORIENTED_EDGE('',*,*,#3881,.T.);
#5497 = ORIENTED_EDGE('',*,*,#5498,.F.);
#5498 = EDGE_CURVE('',#5446,#3751,#5499,.T.);
#5499 = SURFACE_CURVE('',#5500,(#5504,#5511),.PCURVE_S1.);
#5500 = LINE('',#5501,#5502);
#5501 = CARTESIAN_POINT('',(-9.4,-70.64694196985,106.86552442674));
#5502 = VECTOR('',#5503,1.);
#5503 = DIRECTION('',(0.,0.996194698092,8.715574274766E-02));
#5504 = PCURVE('',#2257,#5505);
#5505 = DEFINITIONAL_REPRESENTATION('',(#5506),#5510);
#5506 = LINE('',#5507,#5508);
#5507 = CARTESIAN_POINT('',(32.2,0.));
#5508 = VECTOR('',#5509,1.);
#5509 = DIRECTION('',(0.,-1.));
#5510 = ( GEOMETRIC_REPRESENTATION_CONTEXT(2) 
PARAMETRIC_REPRESENTATION_CONTEXT() REPRESENTATION_CONTEXT('2D SPACE',''
  ) );
#5511 = PCURVE('',#3866,#5512);
#5512 = DEFINITIONAL_REPRESENTATION('',(#5513),#5517);
#5513 = LINE('',#5514,#5515);
#5514 = CARTESIAN_POINT('',(0.,0.));
#5515 = VECTOR('',#5516,1.);
#5516 = DIRECTION('',(0.,1.));
#5517 = ( GEOMETRIC_REPRESENTATION_CONTEXT(2) 
PARAMETRIC_REPRESENTATION_CONTEXT() REPRESENTATION_CONTEXT('2D SPACE',''
  ) );
#5518 = ADVANCED_FACE('',(#5519),#2487,.F.);
#5519 = FACE_BOUND('',#5520,.F.);
#5520 = EDGE_LOOP('',(#5521,#5522,#5523,#5547));
#5521 = ORIENTED_EDGE('',*,*,#2557,.F.);
#5522 = ORIENTED_EDGE('',*,*,#2472,.F.);
#5523 = ORIENTED_EDGE('',*,*,#5524,.T.);
#5524 = EDGE_CURVE('',#2441,#5525,#5527,.T.);
#5525 = VERTEX_POINT('',#5526);
#5526 = CARTESIAN_POINT('',(-18.39,-67.0408688639,54.472263466791));
#5527 = SURFACE_CURVE('',#5528,(#5533,#5540),.PCURVE_S1.);
#5528 = CIRCLE('',#5529,11.99);
#5529 = AXIS2_PLACEMENT_3D('',#5530,#5531,#5532);
#5530 = CARTESIAN_POINT('',(-18.39,-68.08626734106,66.416602796529));
#5531 = DIRECTION('',(0.,0.99619177062,8.718919742862E-02));
#5532 = DIRECTION('',(0.,8.718919742862E-02,-0.99619177062));
#5533 = PCURVE('',#2487,#5534);
#5534 = DEFINITIONAL_REPRESENTATION('',(#5535),#5539);
#5535 = CIRCLE('',#5536,11.99);
#5536 = AXIS2_PLACEMENT_2D('',#5537,#5538);
#5537 = CARTESIAN_POINT('',(14.01,-12.01));
#5538 = DIRECTION('',(1.,0.));
#5539 = ( GEOMETRIC_REPRESENTATION_CONTEXT(2) 
PARAMETRIC_REPRESENTATION_CONTEXT() REPRESENTATION_CONTEXT('2D SPACE',''
  ) );
#5540 = PCURVE('',#2457,#5541);
#5541 = DEFINITIONAL_REPRESENTATION('',(#5542),#5546);
#5542 = LINE('',#5543,#5544);
#5543 = CARTESIAN_POINT('',(-4.712388980385,0.));
#5544 = VECTOR('',#5545,1.);
#5545 = DIRECTION('',(1.,0.));
#5546 = ( GEOMETRIC_REPRESENTATION_CONTEXT(2) 
PARAMETRIC_REPRESENTATION_CONTEXT() REPRESENTATION_CONTEXT('2D SPACE',''
  ) );
#5547 = ORIENTED_EDGE('',*,*,#5548,.F.);
#5548 = EDGE_CURVE('',#2558,#5525,#5549,.T.);
#5549 = SURFACE_CURVE('',#5550,(#5554,#5561),.PCURVE_S1.);
#5550 = LINE('',#5551,#5552);
#5551 = CARTESIAN_POINT('',(-30.4,-67.0408688639,54.472263466791));
#5552 = VECTOR('',#5553,1.);
#5553 = DIRECTION('',(1.,0.,0.));
#5554 = PCURVE('',#2487,#5555);
#5555 = DEFINITIONAL_REPRESENTATION('',(#5556),#5560);
#5556 = LINE('',#5557,#5558);
#5557 = CARTESIAN_POINT('',(26.,0.));
#5558 = VECTOR('',#5559,1.);
#5559 = DIRECTION('',(0.,-1.));
#5560 = ( GEOMETRIC_REPRESENTATION_CONTEXT(2) 
PARAMETRIC_REPRESENTATION_CONTEXT() REPRESENTATION_CONTEXT('2D SPACE',''
  ) );
#5561 = PCURVE('',#2601,#5562);
#5562 = DEFINITIONAL_REPRESENTATION('',(#5563),#5567);
#5563 = LINE('',#5564,#5565);
#5564 = CARTESIAN_POINT('',(0.,0.));
#5565 = VECTOR('',#5566,1.);
#5566 = DIRECTION('',(0.,1.));
#5567 = ( GEOMETRIC_REPRESENTATION_CONTEXT(2) 
PARAMETRIC_REPRESENTATION_CONTEXT() REPRESENTATION_CONTEXT('2D SPACE',''
  ) );
#5568 = ADVANCED_FACE('',(#5569),#2457,.T.);
#5569 = FACE_BOUND('',#5570,.T.);
#5570 = EDGE_LOOP('',(#5571,#5572,#5573,#5594,#5595,#5596));
#5571 = ORIENTED_EDGE('',*,*,#2440,.F.);
#5572 = ORIENTED_EDGE('',*,*,#5524,.T.);
#5573 = ORIENTED_EDGE('',*,*,#5574,.T.);
#5574 = EDGE_CURVE('',#5525,#2727,#5575,.T.);
#5575 = SURFACE_CURVE('',#5576,(#5580,#5587),.PCURVE_S1.);
#5576 = LINE('',#5577,#5578);
#5577 = CARTESIAN_POINT('',(-18.39,-67.0408688639,54.472263466791));
#5578 = VECTOR('',#5579,1.);
#5579 = DIRECTION('',(0.,0.99619177062,8.718919742862E-02));
#5580 = PCURVE('',#2457,#5581);
#5581 = DEFINITIONAL_REPRESENTATION('',(#5582),#5586);
#5582 = LINE('',#5583,#5584);
#5583 = CARTESIAN_POINT('',(1.570796326795,0.));
#5584 = VECTOR('',#5585,1.);
#5585 = DIRECTION('',(0.,1.));
#5586 = ( GEOMETRIC_REPRESENTATION_CONTEXT(2) 
PARAMETRIC_REPRESENTATION_CONTEXT() REPRESENTATION_CONTEXT('2D SPACE',''
  ) );
#5587 = PCURVE('',#2601,#5588);
#5588 = DEFINITIONAL_REPRESENTATION('',(#5589),#5593);
#5589 = LINE('',#5590,#5591);
#5590 = CARTESIAN_POINT('',(0.,12.01));
#5591 = VECTOR('',#5592,1.);
#5592 = DIRECTION('',(1.,0.));
#5593 = ( GEOMETRIC_REPRESENTATION_CONTEXT(2) 
PARAMETRIC_REPRESENTATION_CONTEXT() REPRESENTATION_CONTEXT('2D SPACE',''
  ) );
#5594 = ORIENTED_EDGE('',*,*,#2726,.F.);
#5595 = ORIENTED_EDGE('',*,*,#4459,.F.);
#5596 = ORIENTED_EDGE('',*,*,#5597,.T.);
#5597 = EDGE_CURVE('',#4437,#2413,#5598,.T.);
#5598 = SURFACE_CURVE('',#5599,(#5604,#5614),.PCURVE_S1.);
#5599 = ELLIPSE('',#5600,11.990000006761,11.99);
#5600 = AXIS2_PLACEMENT_3D('',#5601,#5602,#5603);
#5601 = CARTESIAN_POINT('',(-18.39,-65.12316931399,66.675940553075));
#5602 = DIRECTION('',(0.,0.996194698092,8.715574274766E-02));
#5603 = DIRECTION('',(0.,-8.715574274766E-02,0.996194698092));
#5604 = PCURVE('',#2457,#5605);
#5605 = DEFINITIONAL_REPRESENTATION('',(#5606),#5613);
#5606 = B_SPLINE_CURVE_WITH_KNOTS('',5,(#5607,#5608,#5609,#5610,#5611,
    #5612),.UNSPECIFIED.,.F.,.F.,(6,6),(1.570796326795,3.14159265359),
  .PIECEWISE_BEZIER_KNOTS.);
#5607 = CARTESIAN_POINT('',(0.,2.974425320968));
#5608 = CARTESIAN_POINT('',(0.314159265359,2.974298823346));
#5609 = CARTESIAN_POINT('',(0.628318530718,2.97417221123));
#5610 = CARTESIAN_POINT('',(0.942477796077,2.974072205205));
#5611 = CARTESIAN_POINT('',(1.256637061436,2.974022666532));
#5612 = CARTESIAN_POINT('',(1.570796326795,2.974022666532));
#5613 = ( GEOMETRIC_REPRESENTATION_CONTEXT(2) 
PARAMETRIC_REPRESENTATION_CONTEXT() REPRESENTATION_CONTEXT('2D SPACE',''
  ) );
#5614 = PCURVE('',#2428,#5615);
#5615 = DEFINITIONAL_REPRESENTATION('',(#5616),#5620);
#5616 = ELLIPSE('',#5617,11.990000006761,11.99);
#5617 = AXIS2_PLACEMENT_2D('',#5618,#5619);
#5618 = CARTESIAN_POINT('',(11.98192111795,12.01));
#5619 = DIRECTION('',(1.,0.));
#5620 = ( GEOMETRIC_REPRESENTATION_CONTEXT(2) 
PARAMETRIC_REPRESENTATION_CONTEXT() REPRESENTATION_CONTEXT('2D SPACE',''
  ) );
#5621 = ADVANCED_FACE('',(#5622),#2428,.T.);
#5622 = FACE_BOUND('',#5623,.T.);
#5623 = EDGE_LOOP('',(#5624,#5625,#5626));
#5624 = ORIENTED_EDGE('',*,*,#4436,.F.);
#5625 = ORIENTED_EDGE('',*,*,#2412,.F.);
#5626 = ORIENTED_EDGE('',*,*,#5597,.F.);
#5627 = ADVANCED_FACE('',(#5628),#2601,.T.);
#5628 = FACE_BOUND('',#5629,.T.);
#5629 = EDGE_LOOP('',(#5630,#5631,#5632,#5633));
#5630 = ORIENTED_EDGE('',*,*,#5548,.F.);
#5631 = ORIENTED_EDGE('',*,*,#2585,.T.);
#5632 = ORIENTED_EDGE('',*,*,#2750,.T.);
#5633 = ORIENTED_EDGE('',*,*,#5574,.F.);
#5634 = ADVANCED_FACE('',(#5635),#2691,.T.);
#5635 = FACE_BOUND('',#5636,.F.);
#5636 = EDGE_LOOP('',(#5637,#5638,#5663,#5664));
#5637 = ORIENTED_EDGE('',*,*,#4481,.F.);
#5638 = ORIENTED_EDGE('',*,*,#5639,.F.);
#5639 = EDGE_CURVE('',#5373,#4482,#5640,.T.);
#5640 = SURFACE_CURVE('',#5641,(#5646,#5656),.PCURVE_S1.);
#5641 = ELLIPSE('',#5642,11.990000006761,11.99);
#5642 = AXIS2_PLACEMENT_3D('',#5643,#5644,#5645);
#5643 = CARTESIAN_POINT('',(-18.39,-65.29922391444,68.688253844356));
#5644 = DIRECTION('',(0.,0.996194698092,8.715574274766E-02));
#5645 = DIRECTION('',(0.,-8.715574274766E-02,0.996194698092));
#5646 = PCURVE('',#2691,#5647);
#5647 = DEFINITIONAL_REPRESENTATION('',(#5648),#5655);
#5648 = B_SPLINE_CURVE_WITH_KNOTS('',5,(#5649,#5650,#5651,#5652,#5653,
    #5654),.UNSPECIFIED.,.F.,.F.,(6,6),(1.617600242974E-17,
    1.570796326795),.PIECEWISE_BEZIER_KNOTS.);
#5649 = CARTESIAN_POINT('',(-1.570796326795,2.974895812098));
#5650 = CARTESIAN_POINT('',(-1.256637061436,2.974895812098));
#5651 = CARTESIAN_POINT('',(-0.942477796077,2.974846273424));
#5652 = CARTESIAN_POINT('',(-0.628318530718,2.9747462674));
#5653 = CARTESIAN_POINT('',(-0.314159265359,2.974619655284));
#5654 = CARTESIAN_POINT('',(0.,2.974493157662));
#5655 = ( GEOMETRIC_REPRESENTATION_CONTEXT(2) 
PARAMETRIC_REPRESENTATION_CONTEXT() REPRESENTATION_CONTEXT('2D SPACE',''
  ) );
#5656 = PCURVE('',#4520,#5657);
#5657 = DEFINITIONAL_REPRESENTATION('',(#5658),#5662);
#5658 = ELLIPSE('',#5659,11.990000006761,11.99);
#5659 = AXIS2_PLACEMENT_2D('',#5660,#5661);
#5660 = CARTESIAN_POINT('',(14.001921119089,12.01));
#5661 = DIRECTION('',(1.,0.));
#5662 = ( GEOMETRIC_REPRESENTATION_CONTEXT(2) 
PARAMETRIC_REPRESENTATION_CONTEXT() REPRESENTATION_CONTEXT('2D SPACE',''
  ) );
#5663 = ORIENTED_EDGE('',*,*,#5372,.T.);
#5664 = ORIENTED_EDGE('',*,*,#2670,.F.);
#5665 = ADVANCED_FACE('',(#5666),#2791,.F.);
#5666 = FACE_BOUND('',#5667,.F.);
#5667 = EDGE_LOOP('',(#5668,#5691,#5692,#5693));
#5668 = ORIENTED_EDGE('',*,*,#5669,.F.);
#5669 = EDGE_CURVE('',#2775,#5670,#5672,.T.);
#5670 = VERTEX_POINT('',#5671);
#5671 = CARTESIAN_POINT('',(-11.3,-65.21119661422,67.682097198716));
#5672 = SEAM_CURVE('',#5673,(#5677,#5684),.PCURVE_S1.);
#5673 = LINE('',#5674,#5675);
#5674 = CARTESIAN_POINT('',(-11.3,-64.18956134799,67.77151327457));
#5675 = VECTOR('',#5676,1.);
#5676 = DIRECTION('',(-0.,-0.99619177062,-8.718919742862E-02));
#5677 = PCURVE('',#2791,#5678);
#5678 = DEFINITIONAL_REPRESENTATION('',(#5679),#5683);
#5679 = LINE('',#5680,#5681);
#5680 = CARTESIAN_POINT('',(6.28318530718,0.));
#5681 = VECTOR('',#5682,1.);
#5682 = DIRECTION('',(0.,-1.));
#5683 = ( GEOMETRIC_REPRESENTATION_CONTEXT(2) 
PARAMETRIC_REPRESENTATION_CONTEXT() REPRESENTATION_CONTEXT('2D SPACE',''
  ) );
#5684 = PCURVE('',#2791,#5685);
#5685 = DEFINITIONAL_REPRESENTATION('',(#5686),#5690);
#5686 = LINE('',#5687,#5688);
#5687 = CARTESIAN_POINT('',(0.,0.));
#5688 = VECTOR('',#5689,1.);
#5689 = DIRECTION('',(0.,-1.));
#5690 = ( GEOMETRIC_REPRESENTATION_CONTEXT(2) 
PARAMETRIC_REPRESENTATION_CONTEXT() REPRESENTATION_CONTEXT('2D SPACE',''
  ) );
#5691 = ORIENTED_EDGE('',*,*,#2774,.F.);
#5692 = ORIENTED_EDGE('',*,*,#5669,.T.);
#5693 = ORIENTED_EDGE('',*,*,#5694,.T.);
#5694 = EDGE_CURVE('',#5670,#5670,#5695,.T.);
#5695 = SURFACE_CURVE('',#5696,(#5701,#5713),.PCURVE_S1.);
#5696 = ELLIPSE('',#5697,1.10000000062,1.1);
#5697 = AXIS2_PLACEMENT_3D('',#5698,#5699,#5700);
#5698 = CARTESIAN_POINT('',(-12.4,-65.21119661422,67.682097198716));
#5699 = DIRECTION('',(0.,0.996194698092,8.715574274766E-02));
#5700 = DIRECTION('',(0.,-8.715574274766E-02,0.996194698092));
#5701 = PCURVE('',#2791,#5702);
#5702 = DEFINITIONAL_REPRESENTATION('',(#5703),#5712);
#5703 = B_SPLINE_CURVE_WITH_KNOTS('',7,(#5704,#5705,#5706,#5707,#5708,
    #5709,#5710,#5711),.UNSPECIFIED.,.F.,.F.,(8,8),(1.570796326795,
    7.853981633974),.PIECEWISE_BEZIER_KNOTS.);
#5704 = CARTESIAN_POINT('',(0.,-1.025540760685));
#5705 = CARTESIAN_POINT('',(0.897597901026,-1.025573918646));
#5706 = CARTESIAN_POINT('',(1.795195802052,-1.025606495112));
#5707 = CARTESIAN_POINT('',(2.692793703076,-1.025601073852));
#5708 = CARTESIAN_POINT('',(3.590391604103,-1.025480447518));
#5709 = CARTESIAN_POINT('',(4.487989505128,-1.025475026258));
#5710 = CARTESIAN_POINT('',(5.385587406154,-1.025507602724));
#5711 = CARTESIAN_POINT('',(6.28318530718,-1.025540760685));
#5712 = ( GEOMETRIC_REPRESENTATION_CONTEXT(2) 
PARAMETRIC_REPRESENTATION_CONTEXT() REPRESENTATION_CONTEXT('2D SPACE',''
  ) );
#5713 = PCURVE('',#5714,#5719);
#5714 = PLANE('',#5715);
#5715 = AXIS2_PLACEMENT_3D('',#5716,#5717,#5718);
#5716 = CARTESIAN_POINT('',(-30.4,-64.07887607941,54.73961426242));
#5717 = DIRECTION('',(0.,0.996194698092,8.715574274766E-02));
#5718 = DIRECTION('',(0.,-8.715574274766E-02,0.996194698092));
#5719 = DEFINITIONAL_REPRESENTATION('',(#5720),#5724);
#5720 = ELLIPSE('',#5721,1.10000000062,1.1);
#5721 = AXIS2_PLACEMENT_2D('',#5722,#5723);
#5722 = CARTESIAN_POINT('',(12.99192111852,18.));
#5723 = DIRECTION('',(1.,0.));
#5724 = ( GEOMETRIC_REPRESENTATION_CONTEXT(2) 
PARAMETRIC_REPRESENTATION_CONTEXT() REPRESENTATION_CONTEXT('2D SPACE',''
  ) );
#5725 = ADVANCED_FACE('',(#5726),#2822,.F.);
#5726 = FACE_BOUND('',#5727,.F.);
#5727 = EDGE_LOOP('',(#5728,#5751,#5752,#5753));
#5728 = ORIENTED_EDGE('',*,*,#5729,.F.);
#5729 = EDGE_CURVE('',#2806,#5730,#5732,.T.);
#5730 = VERTEX_POINT('',#5731);
#5731 = CARTESIAN_POINT('',(-17.3,-65.734131071,73.659265390636));
#5732 = SEAM_CURVE('',#5733,(#5737,#5744),.PCURVE_S1.);
#5733 = LINE('',#5734,#5735);
#5734 = CARTESIAN_POINT('',(-17.3,-64.71269653256,73.748663898292));
#5735 = VECTOR('',#5736,1.);
#5736 = DIRECTION('',(-0.,-0.99619177062,-8.718919742862E-02));
#5737 = PCURVE('',#2822,#5738);
#5738 = DEFINITIONAL_REPRESENTATION('',(#5739),#5743);
#5739 = LINE('',#5740,#5741);
#5740 = CARTESIAN_POINT('',(6.28318530718,0.));
#5741 = VECTOR('',#5742,1.);
#5742 = DIRECTION('',(0.,-1.));
#5743 = ( GEOMETRIC_REPRESENTATION_CONTEXT(2) 
PARAMETRIC_REPRESENTATION_CONTEXT() REPRESENTATION_CONTEXT('2D SPACE',''
  ) );
#5744 = PCURVE('',#2822,#5745);
#5745 = DEFINITIONAL_REPRESENTATION('',(#5746),#5750);
#5746 = LINE('',#5747,#5748);
#5747 = CARTESIAN_POINT('',(0.,0.));
#5748 = VECTOR('',#5749,1.);
#5749 = DIRECTION('',(0.,-1.));
#5750 = ( GEOMETRIC_REPRESENTATION_CONTEXT(2) 
PARAMETRIC_REPRESENTATION_CONTEXT() REPRESENTATION_CONTEXT('2D SPACE',''
  ) );
#5751 = ORIENTED_EDGE('',*,*,#2805,.F.);
#5752 = ORIENTED_EDGE('',*,*,#5729,.T.);
#5753 = ORIENTED_EDGE('',*,*,#5754,.T.);
#5754 = EDGE_CURVE('',#5730,#5730,#5755,.T.);
#5755 = SURFACE_CURVE('',#5756,(#5761,#5773),.PCURVE_S1.);
#5756 = ELLIPSE('',#5757,1.10000000062,1.1);
#5757 = AXIS2_PLACEMENT_3D('',#5758,#5759,#5760);
#5758 = CARTESIAN_POINT('',(-18.4,-65.734131071,73.659265390636));
#5759 = DIRECTION('',(0.,0.996194698092,8.715574274766E-02));
#5760 = DIRECTION('',(0.,-8.715574274766E-02,0.996194698092));
#5761 = PCURVE('',#2822,#5762);
#5762 = DEFINITIONAL_REPRESENTATION('',(#5763),#5772);
#5763 = B_SPLINE_CURVE_WITH_KNOTS('',7,(#5764,#5765,#5766,#5767,#5768,
    #5769,#5770,#5771),.UNSPECIFIED.,.F.,.F.,(8,8),(1.570796326795,
    7.853981633974),.PIECEWISE_BEZIER_KNOTS.);
#5764 = CARTESIAN_POINT('',(-1.33226762955E-14,-1.025339265555));
#5765 = CARTESIAN_POINT('',(0.897597901026,-1.025372423516));
#5766 = CARTESIAN_POINT('',(1.795195802052,-1.025404999982));
#5767 = CARTESIAN_POINT('',(2.692793703076,-1.025399578721));
#5768 = CARTESIAN_POINT('',(3.590391604104,-1.025278952389));
#5769 = CARTESIAN_POINT('',(4.487989505129,-1.025273531127));
#5770 = CARTESIAN_POINT('',(5.385587406154,-1.025306107593));
#5771 = CARTESIAN_POINT('',(6.28318530718,-1.025339265555));
#5772 = ( GEOMETRIC_REPRESENTATION_CONTEXT(2) 
PARAMETRIC_REPRESENTATION_CONTEXT() REPRESENTATION_CONTEXT('2D SPACE',''
  ) );
#5773 = PCURVE('',#5774,#5779);
#5774 = PLANE('',#5775);
#5775 = AXIS2_PLACEMENT_3D('',#5776,#5777,#5778);
#5776 = CARTESIAN_POINT('',(-30.4,-64.07887607941,54.73961426242));
#5777 = DIRECTION('',(0.,0.996194698092,8.715574274766E-02));
#5778 = DIRECTION('',(0.,-8.715574274766E-02,0.996194698092));
#5779 = DEFINITIONAL_REPRESENTATION('',(#5780),#5784);
#5780 = ELLIPSE('',#5781,1.10000000062,1.1);
#5781 = AXIS2_PLACEMENT_2D('',#5782,#5783);
#5782 = CARTESIAN_POINT('',(18.991921121903,12.));
#5783 = DIRECTION('',(1.,0.));
#5784 = ( GEOMETRIC_REPRESENTATION_CONTEXT(2) 
PARAMETRIC_REPRESENTATION_CONTEXT() REPRESENTATION_CONTEXT('2D SPACE',''
  ) );
#5785 = ADVANCED_FACE('',(#5786),#2853,.F.);
#5786 = FACE_BOUND('',#5787,.F.);
#5787 = EDGE_LOOP('',(#5788,#5811,#5812,#5813));
#5788 = ORIENTED_EDGE('',*,*,#5789,.F.);
#5789 = EDGE_CURVE('',#2837,#5790,#5792,.T.);
#5790 = VERTEX_POINT('',#5791);
#5791 = CARTESIAN_POINT('',(-16.8,-65.21119661422,67.682097198716));
#5792 = SEAM_CURVE('',#5793,(#5797,#5804),.PCURVE_S1.);
#5793 = LINE('',#5794,#5795);
#5794 = CARTESIAN_POINT('',(-16.8,-64.18956134799,67.77151327457));
#5795 = VECTOR('',#5796,1.);
#5796 = DIRECTION('',(-0.,-0.99619177062,-8.718919742862E-02));
#5797 = PCURVE('',#2853,#5798);
#5798 = DEFINITIONAL_REPRESENTATION('',(#5799),#5803);
#5799 = LINE('',#5800,#5801);
#5800 = CARTESIAN_POINT('',(6.28318530718,0.));
#5801 = VECTOR('',#5802,1.);
#5802 = DIRECTION('',(0.,-1.));
#5803 = ( GEOMETRIC_REPRESENTATION_CONTEXT(2) 
PARAMETRIC_REPRESENTATION_CONTEXT() REPRESENTATION_CONTEXT('2D SPACE',''
  ) );
#5804 = PCURVE('',#2853,#5805);
#5805 = DEFINITIONAL_REPRESENTATION('',(#5806),#5810);
#5806 = LINE('',#5807,#5808);
#5807 = CARTESIAN_POINT('',(0.,0.));
#5808 = VECTOR('',#5809,1.);
#5809 = DIRECTION('',(0.,-1.));
#5810 = ( GEOMETRIC_REPRESENTATION_CONTEXT(2) 
PARAMETRIC_REPRESENTATION_CONTEXT() REPRESENTATION_CONTEXT('2D SPACE',''
  ) );
#5811 = ORIENTED_EDGE('',*,*,#2836,.F.);
#5812 = ORIENTED_EDGE('',*,*,#5789,.T.);
#5813 = ORIENTED_EDGE('',*,*,#5814,.T.);
#5814 = EDGE_CURVE('',#5790,#5790,#5815,.T.);
#5815 = SURFACE_CURVE('',#5816,(#5821,#5833),.PCURVE_S1.);
#5816 = ELLIPSE('',#5817,1.600000000902,1.6);
#5817 = AXIS2_PLACEMENT_3D('',#5818,#5819,#5820);
#5818 = CARTESIAN_POINT('',(-18.4,-65.21119661422,67.682097198716));
#5819 = DIRECTION('',(0.,0.996194698092,8.715574274766E-02));
#5820 = DIRECTION('',(0.,-8.715574274766E-02,0.996194698092));
#5821 = PCURVE('',#2853,#5822);
#5822 = DEFINITIONAL_REPRESENTATION('',(#5823),#5832);
#5823 = B_SPLINE_CURVE_WITH_KNOTS('',7,(#5824,#5825,#5826,#5827,#5828,
    #5829,#5830,#5831),.UNSPECIFIED.,.F.,.F.,(8,8),(1.570796326795,
    7.853981633974),.PIECEWISE_BEZIER_KNOTS.);
#5824 = CARTESIAN_POINT('',(0.,-1.025540760685));
#5825 = CARTESIAN_POINT('',(0.897597901026,-1.025588990447));
#5826 = CARTESIAN_POINT('',(1.795195802051,-1.025636374398));
#5827 = CARTESIAN_POINT('',(2.692793703078,-1.025628488927));
#5828 = CARTESIAN_POINT('',(3.590391604102,-1.025453032443));
#5829 = CARTESIAN_POINT('',(4.487989505129,-1.025445146973));
#5830 = CARTESIAN_POINT('',(5.385587406154,-1.025492530924));
#5831 = CARTESIAN_POINT('',(6.28318530718,-1.025540760685));
#5832 = ( GEOMETRIC_REPRESENTATION_CONTEXT(2) 
PARAMETRIC_REPRESENTATION_CONTEXT() REPRESENTATION_CONTEXT('2D SPACE',''
  ) );
#5833 = PCURVE('',#5834,#5839);
#5834 = PLANE('',#5835);
#5835 = AXIS2_PLACEMENT_3D('',#5836,#5837,#5838);
#5836 = CARTESIAN_POINT('',(-30.4,-64.07887607941,54.73961426242));
#5837 = DIRECTION('',(0.,0.996194698092,8.715574274766E-02));
#5838 = DIRECTION('',(0.,-8.715574274766E-02,0.996194698092));
#5839 = DEFINITIONAL_REPRESENTATION('',(#5840),#5844);
#5840 = ELLIPSE('',#5841,1.600000000902,1.6);
#5841 = AXIS2_PLACEMENT_2D('',#5842,#5843);
#5842 = CARTESIAN_POINT('',(12.99192111852,12.));
#5843 = DIRECTION('',(1.,0.));
#5844 = ( GEOMETRIC_REPRESENTATION_CONTEXT(2) 
PARAMETRIC_REPRESENTATION_CONTEXT() REPRESENTATION_CONTEXT('2D SPACE',''
  ) );
#5845 = ADVANCED_FACE('',(#5846),#2884,.F.);
#5846 = FACE_BOUND('',#5847,.F.);
#5847 = EDGE_LOOP('',(#5848,#5871,#5872,#5873));
#5848 = ORIENTED_EDGE('',*,*,#5849,.F.);
#5849 = EDGE_CURVE('',#2868,#5850,#5852,.T.);
#5850 = VERTEX_POINT('',#5851);
#5851 = CARTESIAN_POINT('',(-23.3,-65.21119661422,67.682097198716));
#5852 = SEAM_CURVE('',#5853,(#5857,#5864),.PCURVE_S1.);
#5853 = LINE('',#5854,#5855);
#5854 = CARTESIAN_POINT('',(-23.3,-64.18956134799,67.77151327457));
#5855 = VECTOR('',#5856,1.);
#5856 = DIRECTION('',(-0.,-0.99619177062,-8.718919742862E-02));
#5857 = PCURVE('',#2884,#5858);
#5858 = DEFINITIONAL_REPRESENTATION('',(#5859),#5863);
#5859 = LINE('',#5860,#5861);
#5860 = CARTESIAN_POINT('',(6.28318530718,0.));
#5861 = VECTOR('',#5862,1.);
#5862 = DIRECTION('',(0.,-1.));
#5863 = ( GEOMETRIC_REPRESENTATION_CONTEXT(2) 
PARAMETRIC_REPRESENTATION_CONTEXT() REPRESENTATION_CONTEXT('2D SPACE',''
  ) );
#5864 = PCURVE('',#2884,#5865);
#5865 = DEFINITIONAL_REPRESENTATION('',(#5866),#5870);
#5866 = LINE('',#5867,#5868);
#5867 = CARTESIAN_POINT('',(0.,0.));
#5868 = VECTOR('',#5869,1.);
#5869 = DIRECTION('',(0.,-1.));
#5870 = ( GEOMETRIC_REPRESENTATION_CONTEXT(2) 
PARAMETRIC_REPRESENTATION_CONTEXT() REPRESENTATION_CONTEXT('2D SPACE',''
  ) );
#5871 = ORIENTED_EDGE('',*,*,#2867,.F.);
#5872 = ORIENTED_EDGE('',*,*,#5849,.T.);
#5873 = ORIENTED_EDGE('',*,*,#5874,.T.);
#5874 = EDGE_CURVE('',#5850,#5850,#5875,.T.);
#5875 = SURFACE_CURVE('',#5876,(#5881,#5893),.PCURVE_S1.);
#5876 = ELLIPSE('',#5877,1.10000000062,1.1);
#5877 = AXIS2_PLACEMENT_3D('',#5878,#5879,#5880);
#5878 = CARTESIAN_POINT('',(-24.4,-65.21119661422,67.682097198716));
#5879 = DIRECTION('',(0.,0.996194698092,8.715574274766E-02));
#5880 = DIRECTION('',(0.,-8.715574274766E-02,0.996194698092));
#5881 = PCURVE('',#2884,#5882);
#5882 = DEFINITIONAL_REPRESENTATION('',(#5883),#5892);
#5883 = B_SPLINE_CURVE_WITH_KNOTS('',7,(#5884,#5885,#5886,#5887,#5888,
    #5889,#5890,#5891),.UNSPECIFIED.,.F.,.F.,(8,8),(1.570796326795,
    7.853981633974),.PIECEWISE_BEZIER_KNOTS.);
#5884 = CARTESIAN_POINT('',(0.,-1.025540760685));
#5885 = CARTESIAN_POINT('',(0.897597901026,-1.025573918646));
#5886 = CARTESIAN_POINT('',(1.795195802051,-1.025606495112));
#5887 = CARTESIAN_POINT('',(2.692793703077,-1.025601073852));
#5888 = CARTESIAN_POINT('',(3.590391604103,-1.025480447518));
#5889 = CARTESIAN_POINT('',(4.487989505128,-1.025475026258));
#5890 = CARTESIAN_POINT('',(5.385587406154,-1.025507602724));
#5891 = CARTESIAN_POINT('',(6.28318530718,-1.025540760685));
#5892 = ( GEOMETRIC_REPRESENTATION_CONTEXT(2) 
PARAMETRIC_REPRESENTATION_CONTEXT() REPRESENTATION_CONTEXT('2D SPACE',''
  ) );
#5893 = PCURVE('',#5894,#5899);
#5894 = PLANE('',#5895);
#5895 = AXIS2_PLACEMENT_3D('',#5896,#5897,#5898);
#5896 = CARTESIAN_POINT('',(-30.4,-64.07887607941,54.73961426242));
#5897 = DIRECTION('',(0.,0.996194698092,8.715574274766E-02));
#5898 = DIRECTION('',(0.,-8.715574274766E-02,0.996194698092));
#5899 = DEFINITIONAL_REPRESENTATION('',(#5900),#5904);
#5900 = ELLIPSE('',#5901,1.10000000062,1.1);
#5901 = AXIS2_PLACEMENT_2D('',#5902,#5903);
#5902 = CARTESIAN_POINT('',(12.99192111852,6.));
#5903 = DIRECTION('',(1.,0.));
#5904 = ( GEOMETRIC_REPRESENTATION_CONTEXT(2) 
PARAMETRIC_REPRESENTATION_CONTEXT() REPRESENTATION_CONTEXT('2D SPACE',''
  ) );
#5905 = ADVANCED_FACE('',(#5906),#2915,.F.);
#5906 = FACE_BOUND('',#5907,.F.);
#5907 = EDGE_LOOP('',(#5908,#5931,#5932,#5933));
#5908 = ORIENTED_EDGE('',*,*,#5909,.F.);
#5909 = EDGE_CURVE('',#2899,#5910,#5912,.T.);
#5910 = VERTEX_POINT('',#5911);
#5911 = CARTESIAN_POINT('',(-17.3,-64.68826215744,61.704929006795));
#5912 = SEAM_CURVE('',#5913,(#5917,#5924),.PCURVE_S1.);
#5913 = LINE('',#5914,#5915);
#5914 = CARTESIAN_POINT('',(-17.3,-63.66642616341,61.794362650848));
#5915 = VECTOR('',#5916,1.);
#5916 = DIRECTION('',(-0.,-0.99619177062,-8.718919742862E-02));
#5917 = PCURVE('',#2915,#5918);
#5918 = DEFINITIONAL_REPRESENTATION('',(#5919),#5923);
#5919 = LINE('',#5920,#5921);
#5920 = CARTESIAN_POINT('',(6.28318530718,0.));
#5921 = VECTOR('',#5922,1.);
#5922 = DIRECTION('',(0.,-1.));
#5923 = ( GEOMETRIC_REPRESENTATION_CONTEXT(2) 
PARAMETRIC_REPRESENTATION_CONTEXT() REPRESENTATION_CONTEXT('2D SPACE',''
  ) );
#5924 = PCURVE('',#2915,#5925);
#5925 = DEFINITIONAL_REPRESENTATION('',(#5926),#5930);
#5926 = LINE('',#5927,#5928);
#5927 = CARTESIAN_POINT('',(0.,0.));
#5928 = VECTOR('',#5929,1.);
#5929 = DIRECTION('',(0.,-1.));
#5930 = ( GEOMETRIC_REPRESENTATION_CONTEXT(2) 
PARAMETRIC_REPRESENTATION_CONTEXT() REPRESENTATION_CONTEXT('2D SPACE',''
  ) );
#5931 = ORIENTED_EDGE('',*,*,#2898,.F.);
#5932 = ORIENTED_EDGE('',*,*,#5909,.T.);
#5933 = ORIENTED_EDGE('',*,*,#5934,.T.);
#5934 = EDGE_CURVE('',#5910,#5910,#5935,.T.);
#5935 = SURFACE_CURVE('',#5936,(#5941,#5953),.PCURVE_S1.);
#5936 = ELLIPSE('',#5937,1.10000000062,1.1);
#5937 = AXIS2_PLACEMENT_3D('',#5938,#5939,#5940);
#5938 = CARTESIAN_POINT('',(-18.4,-64.68826215744,61.704929006795));
#5939 = DIRECTION('',(0.,0.996194698092,8.715574274766E-02));
#5940 = DIRECTION('',(0.,-8.715574274766E-02,0.996194698092));
#5941 = PCURVE('',#2915,#5942);
#5942 = DEFINITIONAL_REPRESENTATION('',(#5943),#5952);
#5943 = B_SPLINE_CURVE_WITH_KNOTS('',7,(#5944,#5945,#5946,#5947,#5948,
    #5949,#5950,#5951),.UNSPECIFIED.,.F.,.F.,(8,8),(1.570796326795,
    7.853981633974),.PIECEWISE_BEZIER_KNOTS.);
#5944 = CARTESIAN_POINT('',(0.,-1.025742255816));
#5945 = CARTESIAN_POINT('',(0.897597901026,-1.025775413777));
#5946 = CARTESIAN_POINT('',(1.795195802051,-1.025807990243));
#5947 = CARTESIAN_POINT('',(2.692793703078,-1.025802568982));
#5948 = CARTESIAN_POINT('',(3.590391604102,-1.025681942649));
#5949 = CARTESIAN_POINT('',(4.487989505129,-1.025676521389));
#5950 = CARTESIAN_POINT('',(5.385587406154,-1.025709097855));
#5951 = CARTESIAN_POINT('',(6.28318530718,-1.025742255816));
#5952 = ( GEOMETRIC_REPRESENTATION_CONTEXT(2) 
PARAMETRIC_REPRESENTATION_CONTEXT() REPRESENTATION_CONTEXT('2D SPACE',''
  ) );
#5953 = PCURVE('',#5954,#5959);
#5954 = PLANE('',#5955);
#5955 = AXIS2_PLACEMENT_3D('',#5956,#5957,#5958);
#5956 = CARTESIAN_POINT('',(-30.4,-64.07887607941,54.73961426242));
#5957 = DIRECTION('',(0.,0.996194698092,8.715574274766E-02));
#5958 = DIRECTION('',(0.,-8.715574274766E-02,0.996194698092));
#5959 = DEFINITIONAL_REPRESENTATION('',(#5960),#5964);
#5960 = ELLIPSE('',#5961,1.10000000062,1.1);
#5961 = AXIS2_PLACEMENT_2D('',#5962,#5963);
#5962 = CARTESIAN_POINT('',(6.991921115137,12.));
#5963 = DIRECTION('',(1.,0.));
#5964 = ( GEOMETRIC_REPRESENTATION_CONTEXT(2) 
PARAMETRIC_REPRESENTATION_CONTEXT() REPRESENTATION_CONTEXT('2D SPACE',''
  ) );
#5965 = ADVANCED_FACE('',(#5966),#3021,.F.);
#5966 = FACE_BOUND('',#5967,.F.);
#5967 = EDGE_LOOP('',(#5968,#5969,#5970,#5971));
#5968 = ORIENTED_EDGE('',*,*,#3091,.F.);
#5969 = ORIENTED_EDGE('',*,*,#3006,.F.);
#5970 = ORIENTED_EDGE('',*,*,#3616,.T.);
#5971 = ORIENTED_EDGE('',*,*,#5972,.F.);
#5972 = EDGE_CURVE('',#3092,#3617,#5973,.T.);
#5973 = SURFACE_CURVE('',#5974,(#5978,#5985),.PCURVE_S1.);
#5974 = LINE('',#5975,#5976);
#5975 = CARTESIAN_POINT('',(-30.4,-34.16654043342,57.349506981935));
#5976 = VECTOR('',#5977,1.);
#5977 = DIRECTION('',(1.,0.,0.));
#5978 = PCURVE('',#3021,#5979);
#5979 = DEFINITIONAL_REPRESENTATION('',(#5980),#5984);
#5980 = LINE('',#5981,#5982);
#5981 = CARTESIAN_POINT('',(26.,0.));
#5982 = VECTOR('',#5983,1.);
#5983 = DIRECTION('',(0.,-1.));
#5984 = ( GEOMETRIC_REPRESENTATION_CONTEXT(2) 
PARAMETRIC_REPRESENTATION_CONTEXT() REPRESENTATION_CONTEXT('2D SPACE',''
  ) );
#5985 = PCURVE('',#3135,#5986);
#5986 = DEFINITIONAL_REPRESENTATION('',(#5987),#5991);
#5987 = LINE('',#5988,#5989);
#5988 = CARTESIAN_POINT('',(0.,0.));
#5989 = VECTOR('',#5990,1.);
#5990 = DIRECTION('',(0.,1.));
#5991 = ( GEOMETRIC_REPRESENTATION_CONTEXT(2) 
PARAMETRIC_REPRESENTATION_CONTEXT() REPRESENTATION_CONTEXT('2D SPACE',''
  ) );
#5992 = ADVANCED_FACE('',(#5993),#3135,.T.);
#5993 = FACE_BOUND('',#5994,.T.);
#5994 = EDGE_LOOP('',(#5995,#5996,#5997,#5998));
#5995 = ORIENTED_EDGE('',*,*,#5972,.F.);
#5996 = ORIENTED_EDGE('',*,*,#3119,.T.);
#5997 = ORIENTED_EDGE('',*,*,#3282,.T.);
#5998 = ORIENTED_EDGE('',*,*,#3640,.F.);
#5999 = ADVANCED_FACE('',(#6000),#3219,.F.);
#6000 = FACE_BOUND('',#6001,.F.);
#6001 = EDGE_LOOP('',(#6002,#6003,#6004,#6005));
#6002 = ORIENTED_EDGE('',*,*,#3563,.T.);
#6003 = ORIENTED_EDGE('',*,*,#3510,.T.);
#6004 = ORIENTED_EDGE('',*,*,#3203,.T.);
#6005 = ORIENTED_EDGE('',*,*,#3590,.F.);
#6006 = ADVANCED_FACE('',(#6007),#3327,.F.);
#6007 = FACE_BOUND('',#6008,.T.);
#6008 = EDGE_LOOP('',(#6009,#6043,#6064,#6065));
#6009 = ORIENTED_EDGE('',*,*,#6010,.F.);
#6010 = EDGE_CURVE('',#6011,#6011,#6013,.T.);
#6011 = VERTEX_POINT('',#6012);
#6012 = CARTESIAN_POINT('',(-11.3,-32.33686816521,70.559340715482));
#6013 = SURFACE_CURVE('',#6014,(#6019,#6031),.PCURVE_S1.);
#6014 = ELLIPSE('',#6015,1.10000000062,1.1);
#6015 = AXIS2_PLACEMENT_3D('',#6016,#6017,#6018);
#6016 = CARTESIAN_POINT('',(-12.4,-32.33686816521,70.559340715482));
#6017 = DIRECTION('',(0.,0.996194698092,8.715574274766E-02));
#6018 = DIRECTION('',(0.,8.715574274766E-02,-0.996194698092));
#6019 = PCURVE('',#3327,#6020);
#6020 = DEFINITIONAL_REPRESENTATION('',(#6021),#6030);
#6021 = B_SPLINE_CURVE_WITH_KNOTS('',7,(#6022,#6023,#6024,#6025,#6026,
    #6027,#6028,#6029),.UNSPECIFIED.,.F.,.F.,(8,8),(4.712388980385,
    10.995574287564),.PIECEWISE_BEZIER_KNOTS.);
#6022 = CARTESIAN_POINT('',(0.,-2.974459257923));
#6023 = CARTESIAN_POINT('',(-0.897597901026,-2.974426099962));
#6024 = CARTESIAN_POINT('',(-1.795195802051,-2.974393523496));
#6025 = CARTESIAN_POINT('',(-2.692793703077,-2.974398944758));
#6026 = CARTESIAN_POINT('',(-3.590391604102,-2.97451957109));
#6027 = CARTESIAN_POINT('',(-4.487989505129,-2.974524992351));
#6028 = CARTESIAN_POINT('',(-5.385587406154,-2.974492415884));
#6029 = CARTESIAN_POINT('',(-6.28318530718,-2.974459257923));
#6030 = ( GEOMETRIC_REPRESENTATION_CONTEXT(2) 
PARAMETRIC_REPRESENTATION_CONTEXT() REPRESENTATION_CONTEXT('2D SPACE',''
  ) );
#6031 = PCURVE('',#6032,#6037);
#6032 = PLANE('',#6033);
#6033 = AXIS2_PLACEMENT_3D('',#6034,#6035,#6036);
#6034 = CARTESIAN_POINT('',(-30.4,-31.20445104239,57.615753773092));
#6035 = DIRECTION('',(0.,0.996194698092,8.715574274766E-02));
#6036 = DIRECTION('',(0.,-8.715574274766E-02,0.996194698092));
#6037 = DEFINITIONAL_REPRESENTATION('',(#6038),#6042);
#6038 = ELLIPSE('',#6039,1.10000000062,1.1);
#6039 = AXIS2_PLACEMENT_2D('',#6040,#6041);
#6040 = CARTESIAN_POINT('',(12.993029341738,18.));
#6041 = DIRECTION('',(-1.,0.));
#6042 = ( GEOMETRIC_REPRESENTATION_CONTEXT(2) 
PARAMETRIC_REPRESENTATION_CONTEXT() REPRESENTATION_CONTEXT('2D SPACE',''
  ) );
#6043 = ORIENTED_EDGE('',*,*,#6044,.T.);
#6044 = EDGE_CURVE('',#6011,#3307,#6045,.T.);
#6045 = SEAM_CURVE('',#6046,(#6050,#6057),.PCURVE_S1.);
#6046 = LINE('',#6047,#6048);
#6047 = CARTESIAN_POINT('',(-11.3,-35.3,70.3));
#6048 = VECTOR('',#6049,1.);
#6049 = DIRECTION('',(0.,0.99619177062,8.718919742862E-02));
#6050 = PCURVE('',#3327,#6051);
#6051 = DEFINITIONAL_REPRESENTATION('',(#6052),#6056);
#6052 = LINE('',#6053,#6054);
#6053 = CARTESIAN_POINT('',(-6.28318530718,0.));
#6054 = VECTOR('',#6055,1.);
#6055 = DIRECTION('',(-0.,-1.));
#6056 = ( GEOMETRIC_REPRESENTATION_CONTEXT(2) 
PARAMETRIC_REPRESENTATION_CONTEXT() REPRESENTATION_CONTEXT('2D SPACE',''
  ) );
#6057 = PCURVE('',#3327,#6058);
#6058 = DEFINITIONAL_REPRESENTATION('',(#6059),#6063);
#6059 = LINE('',#6060,#6061);
#6060 = CARTESIAN_POINT('',(-0.,0.));
#6061 = VECTOR('',#6062,1.);
#6062 = DIRECTION('',(-0.,-1.));
#6063 = ( GEOMETRIC_REPRESENTATION_CONTEXT(2) 
PARAMETRIC_REPRESENTATION_CONTEXT() REPRESENTATION_CONTEXT('2D SPACE',''
  ) );
#6064 = ORIENTED_EDGE('',*,*,#3306,.F.);
#6065 = ORIENTED_EDGE('',*,*,#6044,.F.);
#6066 = ADVANCED_FACE('',(#6067),#3362,.F.);
#6067 = FACE_BOUND('',#6068,.T.);
#6068 = EDGE_LOOP('',(#6069,#6103,#6124,#6125));
#6069 = ORIENTED_EDGE('',*,*,#6070,.F.);
#6070 = EDGE_CURVE('',#6071,#6071,#6073,.T.);
#6071 = VERTEX_POINT('',#6072);
#6072 = CARTESIAN_POINT('',(-17.3,-32.85980262199,76.536508907403));
#6073 = SURFACE_CURVE('',#6074,(#6079,#6091),.PCURVE_S1.);
#6074 = ELLIPSE('',#6075,1.10000000062,1.1);
#6075 = AXIS2_PLACEMENT_3D('',#6076,#6077,#6078);
#6076 = CARTESIAN_POINT('',(-18.4,-32.85980262199,76.536508907403));
#6077 = DIRECTION('',(0.,0.996194698092,8.715574274766E-02));
#6078 = DIRECTION('',(0.,8.715574274766E-02,-0.996194698092));
#6079 = PCURVE('',#3362,#6080);
#6080 = DEFINITIONAL_REPRESENTATION('',(#6081),#6090);
#6081 = B_SPLINE_CURVE_WITH_KNOTS('',7,(#6082,#6083,#6084,#6085,#6086,
    #6087,#6088,#6089),.UNSPECIFIED.,.F.,.F.,(8,8),(4.712388980385,
    10.995574287564),.PIECEWISE_BEZIER_KNOTS.);
#6082 = CARTESIAN_POINT('',(0.,-2.974660753054));
#6083 = CARTESIAN_POINT('',(-0.897597901026,-2.974627595093));
#6084 = CARTESIAN_POINT('',(-1.795195802051,-2.974595018627));
#6085 = CARTESIAN_POINT('',(-2.692793703077,-2.974600439887));
#6086 = CARTESIAN_POINT('',(-3.590391604103,-2.97472106622));
#6087 = CARTESIAN_POINT('',(-4.487989505128,-2.974726487481));
#6088 = CARTESIAN_POINT('',(-5.385587406154,-2.974693911015));
#6089 = CARTESIAN_POINT('',(-6.28318530718,-2.974660753054));
#6090 = ( GEOMETRIC_REPRESENTATION_CONTEXT(2) 
PARAMETRIC_REPRESENTATION_CONTEXT() REPRESENTATION_CONTEXT('2D SPACE',''
  ) );
#6091 = PCURVE('',#6092,#6097);
#6092 = PLANE('',#6093);
#6093 = AXIS2_PLACEMENT_3D('',#6094,#6095,#6096);
#6094 = CARTESIAN_POINT('',(-30.4,-31.20445104239,57.615753773092));
#6095 = DIRECTION('',(0.,0.996194698092,8.715574274766E-02));
#6096 = DIRECTION('',(0.,-8.715574274766E-02,0.996194698092));
#6097 = DEFINITIONAL_REPRESENTATION('',(#6098),#6102);
#6098 = ELLIPSE('',#6099,1.10000000062,1.1);
#6099 = AXIS2_PLACEMENT_2D('',#6100,#6101);
#6100 = CARTESIAN_POINT('',(18.993029345121,12.));
#6101 = DIRECTION('',(-1.,0.));
#6102 = ( GEOMETRIC_REPRESENTATION_CONTEXT(2) 
PARAMETRIC_REPRESENTATION_CONTEXT() REPRESENTATION_CONTEXT('2D SPACE',''
  ) );
#6103 = ORIENTED_EDGE('',*,*,#6104,.T.);
#6104 = EDGE_CURVE('',#6071,#3342,#6105,.T.);
#6105 = SEAM_CURVE('',#6106,(#6110,#6117),.PCURVE_S1.);
#6106 = LINE('',#6107,#6108);
#6107 = CARTESIAN_POINT('',(-17.3,-35.82313518457,76.277150623722));
#6108 = VECTOR('',#6109,1.);
#6109 = DIRECTION('',(0.,0.99619177062,8.718919742862E-02));
#6110 = PCURVE('',#3362,#6111);
#6111 = DEFINITIONAL_REPRESENTATION('',(#6112),#6116);
#6112 = LINE('',#6113,#6114);
#6113 = CARTESIAN_POINT('',(-6.28318530718,0.));
#6114 = VECTOR('',#6115,1.);
#6115 = DIRECTION('',(-0.,-1.));
#6116 = ( GEOMETRIC_REPRESENTATION_CONTEXT(2) 
PARAMETRIC_REPRESENTATION_CONTEXT() REPRESENTATION_CONTEXT('2D SPACE',''
  ) );
#6117 = PCURVE('',#3362,#6118);
#6118 = DEFINITIONAL_REPRESENTATION('',(#6119),#6123);
#6119 = LINE('',#6120,#6121);
#6120 = CARTESIAN_POINT('',(-0.,0.));
#6121 = VECTOR('',#6122,1.);
#6122 = DIRECTION('',(-0.,-1.));
#6123 = ( GEOMETRIC_REPRESENTATION_CONTEXT(2) 
PARAMETRIC_REPRESENTATION_CONTEXT() REPRESENTATION_CONTEXT('2D SPACE',''
  ) );
#6124 = ORIENTED_EDGE('',*,*,#3341,.F.);
#6125 = ORIENTED_EDGE('',*,*,#6104,.F.);
#6126 = ADVANCED_FACE('',(#6127),#3397,.F.);
#6127 = FACE_BOUND('',#6128,.T.);
#6128 = EDGE_LOOP('',(#6129,#6163,#6184,#6185));
#6129 = ORIENTED_EDGE('',*,*,#6130,.F.);
#6130 = EDGE_CURVE('',#6131,#6131,#6133,.T.);
#6131 = VERTEX_POINT('',#6132);
#6132 = CARTESIAN_POINT('',(-16.8,-32.33686816521,70.559340715482));
#6133 = SURFACE_CURVE('',#6134,(#6139,#6151),.PCURVE_S1.);
#6134 = ELLIPSE('',#6135,1.600000000902,1.6);
#6135 = AXIS2_PLACEMENT_3D('',#6136,#6137,#6138);
#6136 = CARTESIAN_POINT('',(-18.4,-32.33686816521,70.559340715482));
#6137 = DIRECTION('',(0.,0.996194698092,8.715574274766E-02));
#6138 = DIRECTION('',(0.,8.715574274766E-02,-0.996194698092));
#6139 = PCURVE('',#3397,#6140);
#6140 = DEFINITIONAL_REPRESENTATION('',(#6141),#6150);
#6141 = B_SPLINE_CURVE_WITH_KNOTS('',7,(#6142,#6143,#6144,#6145,#6146,
    #6147,#6148,#6149),.UNSPECIFIED.,.F.,.F.,(8,8),(4.712388980385,
    10.995574287564),.PIECEWISE_BEZIER_KNOTS.);
#6142 = CARTESIAN_POINT('',(0.,-2.974459257923));
#6143 = CARTESIAN_POINT('',(-0.897597901026,-2.974411028162));
#6144 = CARTESIAN_POINT('',(-1.795195802051,-2.974363644211));
#6145 = CARTESIAN_POINT('',(-2.692793703076,-2.974371529681));
#6146 = CARTESIAN_POINT('',(-3.590391604103,-2.974546986166));
#6147 = CARTESIAN_POINT('',(-4.487989505128,-2.974554871635));
#6148 = CARTESIAN_POINT('',(-5.385587406154,-2.974507487685));
#6149 = CARTESIAN_POINT('',(-6.28318530718,-2.974459257923));
#6150 = ( GEOMETRIC_REPRESENTATION_CONTEXT(2) 
PARAMETRIC_REPRESENTATION_CONTEXT() REPRESENTATION_CONTEXT('2D SPACE',''
  ) );
#6151 = PCURVE('',#6152,#6157);
#6152 = PLANE('',#6153);
#6153 = AXIS2_PLACEMENT_3D('',#6154,#6155,#6156);
#6154 = CARTESIAN_POINT('',(-30.4,-31.20445104239,57.615753773092));
#6155 = DIRECTION('',(0.,0.996194698092,8.715574274766E-02));
#6156 = DIRECTION('',(0.,-8.715574274766E-02,0.996194698092));
#6157 = DEFINITIONAL_REPRESENTATION('',(#6158),#6162);
#6158 = ELLIPSE('',#6159,1.600000000902,1.6);
#6159 = AXIS2_PLACEMENT_2D('',#6160,#6161);
#6160 = CARTESIAN_POINT('',(12.993029341738,12.));
#6161 = DIRECTION('',(-1.,0.));
#6162 = ( GEOMETRIC_REPRESENTATION_CONTEXT(2) 
PARAMETRIC_REPRESENTATION_CONTEXT() REPRESENTATION_CONTEXT('2D SPACE',''
  ) );
#6163 = ORIENTED_EDGE('',*,*,#6164,.T.);
#6164 = EDGE_CURVE('',#6131,#3377,#6165,.T.);
#6165 = SEAM_CURVE('',#6166,(#6170,#6177),.PCURVE_S1.);
#6166 = LINE('',#6167,#6168);
#6167 = CARTESIAN_POINT('',(-16.8,-35.3,70.3));
#6168 = VECTOR('',#6169,1.);
#6169 = DIRECTION('',(0.,0.99619177062,8.718919742862E-02));
#6170 = PCURVE('',#3397,#6171);
#6171 = DEFINITIONAL_REPRESENTATION('',(#6172),#6176);
#6172 = LINE('',#6173,#6174);
#6173 = CARTESIAN_POINT('',(-6.28318530718,0.));
#6174 = VECTOR('',#6175,1.);
#6175 = DIRECTION('',(-0.,-1.));
#6176 = ( GEOMETRIC_REPRESENTATION_CONTEXT(2) 
PARAMETRIC_REPRESENTATION_CONTEXT() REPRESENTATION_CONTEXT('2D SPACE',''
  ) );
#6177 = PCURVE('',#3397,#6178);
#6178 = DEFINITIONAL_REPRESENTATION('',(#6179),#6183);
#6179 = LINE('',#6180,#6181);
#6180 = CARTESIAN_POINT('',(-0.,0.));
#6181 = VECTOR('',#6182,1.);
#6182 = DIRECTION('',(-0.,-1.));
#6183 = ( GEOMETRIC_REPRESENTATION_CONTEXT(2) 
PARAMETRIC_REPRESENTATION_CONTEXT() REPRESENTATION_CONTEXT('2D SPACE',''
  ) );
#6184 = ORIENTED_EDGE('',*,*,#3376,.F.);
#6185 = ORIENTED_EDGE('',*,*,#6164,.F.);
#6186 = ADVANCED_FACE('',(#6187),#3432,.F.);
#6187 = FACE_BOUND('',#6188,.T.);
#6188 = EDGE_LOOP('',(#6189,#6223,#6244,#6245));
#6189 = ORIENTED_EDGE('',*,*,#6190,.F.);
#6190 = EDGE_CURVE('',#6191,#6191,#6193,.T.);
#6191 = VERTEX_POINT('',#6192);
#6192 = CARTESIAN_POINT('',(-23.3,-32.33686816521,70.559340715482));
#6193 = SURFACE_CURVE('',#6194,(#6199,#6211),.PCURVE_S1.);
#6194 = ELLIPSE('',#6195,1.10000000062,1.1);
#6195 = AXIS2_PLACEMENT_3D('',#6196,#6197,#6198);
#6196 = CARTESIAN_POINT('',(-24.4,-32.33686816521,70.559340715482));
#6197 = DIRECTION('',(0.,0.996194698092,8.715574274766E-02));
#6198 = DIRECTION('',(0.,8.715574274766E-02,-0.996194698092));
#6199 = PCURVE('',#3432,#6200);
#6200 = DEFINITIONAL_REPRESENTATION('',(#6201),#6210);
#6201 = B_SPLINE_CURVE_WITH_KNOTS('',7,(#6202,#6203,#6204,#6205,#6206,
    #6207,#6208,#6209),.UNSPECIFIED.,.F.,.F.,(8,8),(4.712388980385,
    10.995574287564),.PIECEWISE_BEZIER_KNOTS.);
#6202 = CARTESIAN_POINT('',(0.,-2.974459257923));
#6203 = CARTESIAN_POINT('',(-0.897597901026,-2.974426099962));
#6204 = CARTESIAN_POINT('',(-1.795195802051,-2.974393523496));
#6205 = CARTESIAN_POINT('',(-2.692793703077,-2.974398944758));
#6206 = CARTESIAN_POINT('',(-3.590391604102,-2.97451957109));
#6207 = CARTESIAN_POINT('',(-4.487989505129,-2.974524992351));
#6208 = CARTESIAN_POINT('',(-5.385587406154,-2.974492415884));
#6209 = CARTESIAN_POINT('',(-6.28318530718,-2.974459257923));
#6210 = ( GEOMETRIC_REPRESENTATION_CONTEXT(2) 
PARAMETRIC_REPRESENTATION_CONTEXT() REPRESENTATION_CONTEXT('2D SPACE',''
  ) );
#6211 = PCURVE('',#6212,#6217);
#6212 = PLANE('',#6213);
#6213 = AXIS2_PLACEMENT_3D('',#6214,#6215,#6216);
#6214 = CARTESIAN_POINT('',(-30.4,-31.20445104239,57.615753773092));
#6215 = DIRECTION('',(0.,0.996194698092,8.715574274766E-02));
#6216 = DIRECTION('',(0.,-8.715574274766E-02,0.996194698092));
#6217 = DEFINITIONAL_REPRESENTATION('',(#6218),#6222);
#6218 = ELLIPSE('',#6219,1.10000000062,1.1);
#6219 = AXIS2_PLACEMENT_2D('',#6220,#6221);
#6220 = CARTESIAN_POINT('',(12.993029341738,6.));
#6221 = DIRECTION('',(-1.,0.));
#6222 = ( GEOMETRIC_REPRESENTATION_CONTEXT(2) 
PARAMETRIC_REPRESENTATION_CONTEXT() REPRESENTATION_CONTEXT('2D SPACE',''
  ) );
#6223 = ORIENTED_EDGE('',*,*,#6224,.T.);
#6224 = EDGE_CURVE('',#6191,#3412,#6225,.T.);
#6225 = SEAM_CURVE('',#6226,(#6230,#6237),.PCURVE_S1.);
#6226 = LINE('',#6227,#6228);
#6227 = CARTESIAN_POINT('',(-23.3,-35.3,70.3));
#6228 = VECTOR('',#6229,1.);
#6229 = DIRECTION('',(0.,0.99619177062,8.718919742862E-02));
#6230 = PCURVE('',#3432,#6231);
#6231 = DEFINITIONAL_REPRESENTATION('',(#6232),#6236);
#6232 = LINE('',#6233,#6234);
#6233 = CARTESIAN_POINT('',(-6.28318530718,0.));
#6234 = VECTOR('',#6235,1.);
#6235 = DIRECTION('',(-0.,-1.));
#6236 = ( GEOMETRIC_REPRESENTATION_CONTEXT(2) 
PARAMETRIC_REPRESENTATION_CONTEXT() REPRESENTATION_CONTEXT('2D SPACE',''
  ) );
#6237 = PCURVE('',#3432,#6238);
#6238 = DEFINITIONAL_REPRESENTATION('',(#6239),#6243);
#6239 = LINE('',#6240,#6241);
#6240 = CARTESIAN_POINT('',(-0.,0.));
#6241 = VECTOR('',#6242,1.);
#6242 = DIRECTION('',(-0.,-1.));
#6243 = ( GEOMETRIC_REPRESENTATION_CONTEXT(2) 
PARAMETRIC_REPRESENTATION_CONTEXT() REPRESENTATION_CONTEXT('2D SPACE',''
  ) );
#6244 = ORIENTED_EDGE('',*,*,#3411,.F.);
#6245 = ORIENTED_EDGE('',*,*,#6224,.F.);
#6246 = ADVANCED_FACE('',(#6247),#3467,.F.);
#6247 = FACE_BOUND('',#6248,.T.);
#6248 = EDGE_LOOP('',(#6249,#6283,#6304,#6305));
#6249 = ORIENTED_EDGE('',*,*,#6250,.F.);
#6250 = EDGE_CURVE('',#6251,#6251,#6253,.T.);
#6251 = VERTEX_POINT('',#6252);
#6252 = CARTESIAN_POINT('',(-17.3,-31.81393370843,64.582172523562));
#6253 = SURFACE_CURVE('',#6254,(#6259,#6271),.PCURVE_S1.);
#6254 = ELLIPSE('',#6255,1.10000000062,1.1);
#6255 = AXIS2_PLACEMENT_3D('',#6256,#6257,#6258);
#6256 = CARTESIAN_POINT('',(-18.4,-31.81393370843,64.582172523562));
#6257 = DIRECTION('',(0.,0.996194698092,8.715574274766E-02));
#6258 = DIRECTION('',(0.,8.715574274766E-02,-0.996194698092));
#6259 = PCURVE('',#3467,#6260);
#6260 = DEFINITIONAL_REPRESENTATION('',(#6261),#6270);
#6261 = B_SPLINE_CURVE_WITH_KNOTS('',7,(#6262,#6263,#6264,#6265,#6266,
    #6267,#6268,#6269),.UNSPECIFIED.,.F.,.F.,(8,8),(4.712388980385,
    10.995574287564),.PIECEWISE_BEZIER_KNOTS.);
#6262 = CARTESIAN_POINT('',(0.,-2.974257762793));
#6263 = CARTESIAN_POINT('',(-0.897597901026,-2.974224604832));
#6264 = CARTESIAN_POINT('',(-1.795195802052,-2.974192028365));
#6265 = CARTESIAN_POINT('',(-2.692793703076,-2.974197449626));
#6266 = CARTESIAN_POINT('',(-3.590391604103,-2.974318075959));
#6267 = CARTESIAN_POINT('',(-4.487989505128,-2.97432349722));
#6268 = CARTESIAN_POINT('',(-5.385587406154,-2.974290920754));
#6269 = CARTESIAN_POINT('',(-6.28318530718,-2.974257762793));
#6270 = ( GEOMETRIC_REPRESENTATION_CONTEXT(2) 
PARAMETRIC_REPRESENTATION_CONTEXT() REPRESENTATION_CONTEXT('2D SPACE',''
  ) );
#6271 = PCURVE('',#6272,#6277);
#6272 = PLANE('',#6273);
#6273 = AXIS2_PLACEMENT_3D('',#6274,#6275,#6276);
#6274 = CARTESIAN_POINT('',(-30.4,-31.20445104239,57.615753773092));
#6275 = DIRECTION('',(0.,0.996194698092,8.715574274766E-02));
#6276 = DIRECTION('',(0.,-8.715574274766E-02,0.996194698092));
#6277 = DEFINITIONAL_REPRESENTATION('',(#6278),#6282);
#6278 = ELLIPSE('',#6279,1.10000000062,1.1);
#6279 = AXIS2_PLACEMENT_2D('',#6280,#6281);
#6280 = CARTESIAN_POINT('',(6.993029338355,12.));
#6281 = DIRECTION('',(-1.,0.));
#6282 = ( GEOMETRIC_REPRESENTATION_CONTEXT(2) 
PARAMETRIC_REPRESENTATION_CONTEXT() REPRESENTATION_CONTEXT('2D SPACE',''
  ) );
#6283 = ORIENTED_EDGE('',*,*,#6284,.T.);
#6284 = EDGE_CURVE('',#6251,#3447,#6285,.T.);
#6285 = SEAM_CURVE('',#6286,(#6290,#6297),.PCURVE_S1.);
#6286 = LINE('',#6287,#6288);
#6287 = CARTESIAN_POINT('',(-17.3,-34.77686481542,64.322849376278));
#6288 = VECTOR('',#6289,1.);
#6289 = DIRECTION('',(0.,0.99619177062,8.718919742862E-02));
#6290 = PCURVE('',#3467,#6291);
#6291 = DEFINITIONAL_REPRESENTATION('',(#6292),#6296);
#6292 = LINE('',#6293,#6294);
#6293 = CARTESIAN_POINT('',(-6.28318530718,0.));
#6294 = VECTOR('',#6295,1.);
#6295 = DIRECTION('',(-0.,-1.));
#6296 = ( GEOMETRIC_REPRESENTATION_CONTEXT(2) 
PARAMETRIC_REPRESENTATION_CONTEXT() REPRESENTATION_CONTEXT('2D SPACE',''
  ) );
#6297 = PCURVE('',#3467,#6298);
#6298 = DEFINITIONAL_REPRESENTATION('',(#6299),#6303);
#6299 = LINE('',#6300,#6301);
#6300 = CARTESIAN_POINT('',(-0.,0.));
#6301 = VECTOR('',#6302,1.);
#6302 = DIRECTION('',(-0.,-1.));
#6303 = ( GEOMETRIC_REPRESENTATION_CONTEXT(2) 
PARAMETRIC_REPRESENTATION_CONTEXT() REPRESENTATION_CONTEXT('2D SPACE',''
  ) );
#6304 = ORIENTED_EDGE('',*,*,#3446,.F.);
#6305 = ORIENTED_EDGE('',*,*,#6284,.F.);
#6306 = ADVANCED_FACE('',(#6307),#3866,.T.);
#6307 = FACE_BOUND('',#6308,.T.);
#6308 = EDGE_LOOP('',(#6309,#6331,#6350,#6351));
#6309 = ORIENTED_EDGE('',*,*,#6310,.F.);
#6310 = EDGE_CURVE('',#6311,#5446,#6313,.T.);
#6311 = VERTEX_POINT('',#6312);
#6312 = CARTESIAN_POINT('',(-7.872135955,-65.01839675229,111.37323767559
    ));
#6313 = SURFACE_CURVE('',#6314,(#6319,#6325),.PCURVE_S1.);
#6314 = CIRCLE('',#6315,6.);
#6315 = AXIS2_PLACEMENT_3D('',#6316,#6317,#6318);
#6316 = CARTESIAN_POINT('',(-3.4,-64.6697737813,107.38845888322));
#6317 = DIRECTION('',(-0.,-0.996194698092,-8.715574274766E-02));
#6318 = DIRECTION('',(-1.,0.,0.));
#6319 = PCURVE('',#3866,#6320);
#6320 = DEFINITIONAL_REPRESENTATION('',(#6321),#6324);
#6321 = B_SPLINE_CURVE_WITH_KNOTS('',1,(#6322,#6323),.UNSPECIFIED.,.F.,
  .F.,(2,2),(4.712388980385,6.28318530718),.PIECEWISE_BEZIER_KNOTS.);
#6322 = CARTESIAN_POINT('',(1.570796326795,6.));
#6323 = CARTESIAN_POINT('',(0.,6.));
#6324 = ( GEOMETRIC_REPRESENTATION_CONTEXT(2) 
PARAMETRIC_REPRESENTATION_CONTEXT() REPRESENTATION_CONTEXT('2D SPACE',''
  ) );
#6325 = PCURVE('',#4032,#6326);
#6326 = DEFINITIONAL_REPRESENTATION('',(#6327),#6330);
#6327 = B_SPLINE_CURVE_WITH_KNOTS('',1,(#6328,#6329),.UNSPECIFIED.,.F.,
  .F.,(2,2),(4.712388980385,6.28318530718),.PIECEWISE_BEZIER_KNOTS.);
#6328 = CARTESIAN_POINT('',(0.,-1.570796326795));
#6329 = CARTESIAN_POINT('',(0.,0.));
#6330 = ( GEOMETRIC_REPRESENTATION_CONTEXT(2) 
PARAMETRIC_REPRESENTATION_CONTEXT() REPRESENTATION_CONTEXT('2D SPACE',''
  ) );
#6331 = ORIENTED_EDGE('',*,*,#6332,.T.);
#6332 = EDGE_CURVE('',#6311,#3812,#6333,.T.);
#6333 = SURFACE_CURVE('',#6334,(#6338,#6344),.PCURVE_S1.);
#6334 = LINE('',#6335,#6336);
#6335 = CARTESIAN_POINT('',(-7.872135955,-70.99556494084,110.8503032191)
  );
#6336 = VECTOR('',#6337,1.);
#6337 = DIRECTION('',(0.,0.996194698092,8.715574274766E-02));
#6338 = PCURVE('',#3866,#6339);
#6339 = DEFINITIONAL_REPRESENTATION('',(#6340),#6343);
#6340 = B_SPLINE_CURVE_WITH_KNOTS('',1,(#6341,#6342),.UNSPECIFIED.,.F.,
  .F.,(2,2),(5.9999994,20.0000006),.PIECEWISE_BEZIER_KNOTS.);
#6341 = CARTESIAN_POINT('',(0.729727656227,5.9999994));
#6342 = CARTESIAN_POINT('',(0.729727656227,20.0000006));
#6343 = ( GEOMETRIC_REPRESENTATION_CONTEXT(2) 
PARAMETRIC_REPRESENTATION_CONTEXT() REPRESENTATION_CONTEXT('2D SPACE',''
  ) );
#6344 = PCURVE('',#3839,#6345);
#6345 = DEFINITIONAL_REPRESENTATION('',(#6346),#6349);
#6346 = B_SPLINE_CURVE_WITH_KNOTS('',1,(#6347,#6348),.UNSPECIFIED.,.F.,
  .F.,(2,2),(5.9999994,20.0000006),.PIECEWISE_BEZIER_KNOTS.);
#6347 = CARTESIAN_POINT('',(1.527864045,5.9999994));
#6348 = CARTESIAN_POINT('',(1.527864045,20.0000006));
#6349 = ( GEOMETRIC_REPRESENTATION_CONTEXT(2) 
PARAMETRIC_REPRESENTATION_CONTEXT() REPRESENTATION_CONTEXT('2D SPACE',''
  ) );
#6350 = ORIENTED_EDGE('',*,*,#3851,.F.);
#6351 = ORIENTED_EDGE('',*,*,#5498,.F.);
#6352 = ADVANCED_FACE('',(#6353),#3839,.F.);
#6353 = FACE_BOUND('',#6354,.F.);
#6354 = EDGE_LOOP('',(#6355,#6385,#6413,#6441,#6473,#6492,#6493,#6519,
    #6520,#6521,#6522,#6543));
#6355 = ORIENTED_EDGE('',*,*,#6356,.F.);
#6356 = EDGE_CURVE('',#6357,#6359,#6361,.T.);
#6357 = VERTEX_POINT('',#6358);
#6358 = CARTESIAN_POINT('',(-9.4,-45.09450279045,113.11635253054));
#6359 = VERTEX_POINT('',#6360);
#6360 = CARTESIAN_POINT('',(-8.108506959527E-02,-45.09450279045,
    113.11635253054));
#6361 = SURFACE_CURVE('',#6362,(#6366,#6373),.PCURVE_S1.);
#6362 = LINE('',#6363,#6364);
#6363 = CARTESIAN_POINT('',(-9.4,-45.09450279045,113.11635253054));
#6364 = VECTOR('',#6365,1.);
#6365 = DIRECTION('',(1.,0.,0.));
#6366 = PCURVE('',#3839,#6367);
#6367 = DEFINITIONAL_REPRESENTATION('',(#6368),#6372);
#6368 = LINE('',#6369,#6370);
#6369 = CARTESIAN_POINT('',(0.,26.));
#6370 = VECTOR('',#6371,1.);
#6371 = DIRECTION('',(1.,0.));
#6372 = ( GEOMETRIC_REPRESENTATION_CONTEXT(2) 
PARAMETRIC_REPRESENTATION_CONTEXT() REPRESENTATION_CONTEXT('2D SPACE',''
  ) );
#6373 = PCURVE('',#6374,#6379);
#6374 = PLANE('',#6375);
#6375 = AXIS2_PLACEMENT_3D('',#6376,#6377,#6378);
#6376 = CARTESIAN_POINT('',(-9.4,-45.09450279045,113.11635253054));
#6377 = DIRECTION('',(0.,0.996194698092,8.715574274766E-02));
#6378 = DIRECTION('',(0.,-8.715574274766E-02,0.996194698092));
#6379 = DEFINITIONAL_REPRESENTATION('',(#6380),#6384);
#6380 = LINE('',#6381,#6382);
#6381 = CARTESIAN_POINT('',(0.,0.));
#6382 = VECTOR('',#6383,1.);
#6383 = DIRECTION('',(0.,1.));
#6384 = ( GEOMETRIC_REPRESENTATION_CONTEXT(2) 
PARAMETRIC_REPRESENTATION_CONTEXT() REPRESENTATION_CONTEXT('2D SPACE',''
  ) );
#6385 = ORIENTED_EDGE('',*,*,#6386,.F.);
#6386 = EDGE_CURVE('',#6387,#6357,#6389,.T.);
#6387 = VERTEX_POINT('',#6388);
#6388 = CARTESIAN_POINT('',(-9.4,-70.99556494084,110.8503032191));
#6389 = SURFACE_CURVE('',#6390,(#6394,#6401),.PCURVE_S1.);
#6390 = LINE('',#6391,#6392);
#6391 = CARTESIAN_POINT('',(-9.4,-70.99556494084,110.8503032191));
#6392 = VECTOR('',#6393,1.);
#6393 = DIRECTION('',(0.,0.996194698092,8.715574274766E-02));
#6394 = PCURVE('',#3839,#6395);
#6395 = DEFINITIONAL_REPRESENTATION('',(#6396),#6400);
#6396 = LINE('',#6397,#6398);
#6397 = CARTESIAN_POINT('',(0.,0.));
#6398 = VECTOR('',#6399,1.);
#6399 = DIRECTION('',(0.,1.));
#6400 = ( GEOMETRIC_REPRESENTATION_CONTEXT(2) 
PARAMETRIC_REPRESENTATION_CONTEXT() REPRESENTATION_CONTEXT('2D SPACE',''
  ) );
#6401 = PCURVE('',#6402,#6407);
#6402 = PLANE('',#6403);
#6403 = AXIS2_PLACEMENT_3D('',#6404,#6405,#6406);
#6404 = CARTESIAN_POINT('',(-9.4,-70.99556494084,110.8503032191));
#6405 = DIRECTION('',(1.,0.,0.));
#6406 = DIRECTION('',(0.,-8.715574274766E-02,0.996194698092));
#6407 = DEFINITIONAL_REPRESENTATION('',(#6408),#6412);
#6408 = LINE('',#6409,#6410);
#6409 = CARTESIAN_POINT('',(0.,0.));
#6410 = VECTOR('',#6411,1.);
#6411 = DIRECTION('',(0.,-1.));
#6412 = ( GEOMETRIC_REPRESENTATION_CONTEXT(2) 
PARAMETRIC_REPRESENTATION_CONTEXT() REPRESENTATION_CONTEXT('2D SPACE',''
  ) );
#6413 = ORIENTED_EDGE('',*,*,#6414,.T.);
#6414 = EDGE_CURVE('',#6387,#6415,#6417,.T.);
#6415 = VERTEX_POINT('',#6416);
#6416 = CARTESIAN_POINT('',(-7.936841653802E-02,-70.99556494084,
    110.8503032191));
#6417 = SURFACE_CURVE('',#6418,(#6422,#6429),.PCURVE_S1.);
#6418 = LINE('',#6419,#6420);
#6419 = CARTESIAN_POINT('',(-9.4,-70.99556494084,110.8503032191));
#6420 = VECTOR('',#6421,1.);
#6421 = DIRECTION('',(1.,0.,0.));
#6422 = PCURVE('',#3839,#6423);
#6423 = DEFINITIONAL_REPRESENTATION('',(#6424),#6428);
#6424 = LINE('',#6425,#6426);
#6425 = CARTESIAN_POINT('',(0.,0.));
#6426 = VECTOR('',#6427,1.);
#6427 = DIRECTION('',(1.,0.));
#6428 = ( GEOMETRIC_REPRESENTATION_CONTEXT(2) 
PARAMETRIC_REPRESENTATION_CONTEXT() REPRESENTATION_CONTEXT('2D SPACE',''
  ) );
#6429 = PCURVE('',#6430,#6435);
#6430 = PLANE('',#6431);
#6431 = AXIS2_PLACEMENT_3D('',#6432,#6433,#6434);
#6432 = CARTESIAN_POINT('',(-9.4,-70.99556494084,110.8503032191));
#6433 = DIRECTION('',(0.,0.996194698092,8.715574274766E-02));
#6434 = DIRECTION('',(0.,-8.715574274766E-02,0.996194698092));
#6435 = DEFINITIONAL_REPRESENTATION('',(#6436),#6440);
#6436 = LINE('',#6437,#6438);
#6437 = CARTESIAN_POINT('',(0.,0.));
#6438 = VECTOR('',#6439,1.);
#6439 = DIRECTION('',(0.,1.));
#6440 = ( GEOMETRIC_REPRESENTATION_CONTEXT(2) 
PARAMETRIC_REPRESENTATION_CONTEXT() REPRESENTATION_CONTEXT('2D SPACE',''
  ) );
#6441 = ORIENTED_EDGE('',*,*,#6442,.F.);
#6442 = EDGE_CURVE('',#6443,#6415,#6445,.T.);
#6443 = VERTEX_POINT('',#6444);
#6444 = CARTESIAN_POINT('',(-7.943463942082E-02,-69.99664068151,
    110.93769776752));
#6445 = SURFACE_CURVE('',#6446,(#6451,#6458),.PCURVE_S1.);
#6446 = ELLIPSE('',#6447,2.67996550963E+05,9.);
#6447 = AXIS2_PLACEMENT_3D('',#6448,#6449,#6450);
#6448 = CARTESIAN_POINT('',(4.,2.379058660495E+05,2.093112787596E+04));
#6449 = DIRECTION('',(0.,-8.715574274766E-02,0.996194698092));
#6450 = DIRECTION('',(0.,0.996194698092,8.715574274766E-02));
#6451 = PCURVE('',#3839,#6452);
#6452 = DEFINITIONAL_REPRESENTATION('',(#6453),#6457);
#6453 = ELLIPSE('',#6454,2.67996550963E+05,9.);
#6454 = AXIS2_PLACEMENT_2D('',#6455,#6456);
#6455 = CARTESIAN_POINT('',(13.4,2.388858945649E+05));
#6456 = DIRECTION('',(0.,1.));
#6457 = ( GEOMETRIC_REPRESENTATION_CONTEXT(2) 
PARAMETRIC_REPRESENTATION_CONTEXT() REPRESENTATION_CONTEXT('2D SPACE',''
  ) );
#6458 = PCURVE('',#6459,#6464);
#6459 = CYLINDRICAL_SURFACE('',#6460,9.);
#6460 = AXIS2_PLACEMENT_3D('',#6461,#6462,#6463);
#6461 = CARTESIAN_POINT('',(4.,-69.29717780675,102.94589166942));
#6462 = DIRECTION('',(0.,0.99619177062,8.718919742862E-02));
#6463 = DIRECTION('',(1.,0.,0.));
#6464 = DEFINITIONAL_REPRESENTATION('',(#6465),#6472);
#6465 = B_SPLINE_CURVE_WITH_KNOTS('',5,(#6466,#6467,#6468,#6469,#6470,
    #6471),.UNSPECIFIED.,.F.,.F.,(6,6),(2.671161646566,2.671185932001),
  .PIECEWISE_BEZIER_KNOTS.);
#6466 = CARTESIAN_POINT('',(4.241957973361,6.000717434063E-07));
#6467 = CARTESIAN_POINT('',(4.241962830448,-0.590013729038));
#6468 = CARTESIAN_POINT('',(4.241967687535,-1.180021013562));
#6469 = CARTESIAN_POINT('',(4.241972544622,-1.770021253648));
#6470 = CARTESIAN_POINT('',(4.241977401709,-2.360014449208));
#6471 = CARTESIAN_POINT('',(4.241982258796,-2.950000600124));
#6472 = ( GEOMETRIC_REPRESENTATION_CONTEXT(2) 
PARAMETRIC_REPRESENTATION_CONTEXT() REPRESENTATION_CONTEXT('2D SPACE',''
  ) );
#6473 = ORIENTED_EDGE('',*,*,#6474,.T.);
#6474 = EDGE_CURVE('',#6443,#3967,#6475,.T.);
#6475 = SURFACE_CURVE('',#6476,(#6480,#6486),.PCURVE_S1.);
#6476 = LINE('',#6477,#6478);
#6477 = CARTESIAN_POINT('',(-7.95,-69.99664068151,110.93769776752));
#6478 = VECTOR('',#6479,1.);
#6479 = DIRECTION('',(-1.,0.,0.));
#6480 = PCURVE('',#3839,#6481);
#6481 = DEFINITIONAL_REPRESENTATION('',(#6482),#6485);
#6482 = B_SPLINE_CURVE_WITH_KNOTS('',1,(#6483,#6484),.UNSPECIFIED.,.F.,
  .F.,(2,2),(-22.45,-1.45),.PIECEWISE_BEZIER_KNOTS.);
#6483 = CARTESIAN_POINT('',(23.9,1.002739987715));
#6484 = CARTESIAN_POINT('',(2.9,1.002739987715));
#6485 = ( GEOMETRIC_REPRESENTATION_CONTEXT(2) 
PARAMETRIC_REPRESENTATION_CONTEXT() REPRESENTATION_CONTEXT('2D SPACE',''
  ) );
#6486 = PCURVE('',#3982,#6487);
#6487 = DEFINITIONAL_REPRESENTATION('',(#6488),#6491);
#6488 = B_SPLINE_CURVE_WITH_KNOTS('',1,(#6489,#6490),.UNSPECIFIED.,.F.,
  .F.,(2,2),(-22.45,-1.45),.PIECEWISE_BEZIER_KNOTS.);
#6489 = CARTESIAN_POINT('',(1.977642926004,-21.));
#6490 = CARTESIAN_POINT('',(1.977642926004,0.));
#6491 = ( GEOMETRIC_REPRESENTATION_CONTEXT(2) 
PARAMETRIC_REPRESENTATION_CONTEXT() REPRESENTATION_CONTEXT('2D SPACE',''
  ) );
#6492 = ORIENTED_EDGE('',*,*,#3994,.T.);
#6493 = ORIENTED_EDGE('',*,*,#6494,.T.);
#6494 = EDGE_CURVE('',#3995,#6311,#6495,.T.);
#6495 = SURFACE_CURVE('',#6496,(#6501,#6512),.PCURVE_S1.);
#6496 = CIRCLE('',#6497,4.472135955);
#6497 = AXIS2_PLACEMENT_3D('',#6498,#6499,#6500);
#6498 = CARTESIAN_POINT('',(-3.4,-65.01839675229,111.37323767559));
#6499 = DIRECTION('',(0.,8.715574274766E-02,-0.996194698092));
#6500 = DIRECTION('',(-1.,0.,0.));
#6501 = PCURVE('',#3839,#6502);
#6502 = DEFINITIONAL_REPRESENTATION('',(#6503),#6511);
#6503 = ( BOUNDED_CURVE() B_SPLINE_CURVE(2,(#6504,#6505,#6506,#6507,
#6508,#6509,#6510),.UNSPECIFIED.,.T.,.F.) B_SPLINE_CURVE_WITH_KNOTS((1,2
    ,2,2,2,1),(-2.094395102393,0.,2.094395102393,4.188790204786,
6.28318530718,8.377580409573),.UNSPECIFIED.) CURVE() 
GEOMETRIC_REPRESENTATION_ITEM() RATIONAL_B_SPLINE_CURVE((1.,0.5,1.,0.5,
1.,0.5,1.)) REPRESENTATION_ITEM('') );
#6504 = CARTESIAN_POINT('',(1.527864045,6.));
#6505 = CARTESIAN_POINT('',(1.527864045,13.745966692415));
#6506 = CARTESIAN_POINT('',(8.2360679775,9.872983346207));
#6507 = CARTESIAN_POINT('',(14.944271909999,6.));
#6508 = CARTESIAN_POINT('',(8.2360679775,2.127016653793));
#6509 = CARTESIAN_POINT('',(1.527864045,-1.745966692415));
#6510 = CARTESIAN_POINT('',(1.527864045,6.));
#6511 = ( GEOMETRIC_REPRESENTATION_CONTEXT(2) 
PARAMETRIC_REPRESENTATION_CONTEXT() REPRESENTATION_CONTEXT('2D SPACE',''
  ) );
#6512 = PCURVE('',#4032,#6513);
#6513 = DEFINITIONAL_REPRESENTATION('',(#6514),#6518);
#6514 = LINE('',#6515,#6516);
#6515 = CARTESIAN_POINT('',(-6.28318530718,-0.729727656227));
#6516 = VECTOR('',#6517,1.);
#6517 = DIRECTION('',(1.,-0.));
#6518 = ( GEOMETRIC_REPRESENTATION_CONTEXT(2) 
PARAMETRIC_REPRESENTATION_CONTEXT() REPRESENTATION_CONTEXT('2D SPACE',''
  ) );
#6519 = ORIENTED_EDGE('',*,*,#6332,.T.);
#6520 = ORIENTED_EDGE('',*,*,#3811,.F.);
#6521 = ORIENTED_EDGE('',*,*,#4126,.T.);
#6522 = ORIENTED_EDGE('',*,*,#6523,.F.);
#6523 = EDGE_CURVE('',#6524,#3911,#6526,.T.);
#6524 = VERTEX_POINT('',#6525);
#6525 = CARTESIAN_POINT('',(-8.101924214909E-02,-46.08796791383,
    113.02943559464));
#6526 = SURFACE_CURVE('',#6527,(#6531,#6537),.PCURVE_S1.);
#6527 = LINE('',#6528,#6529);
#6528 = CARTESIAN_POINT('',(-7.95,-46.08796791383,113.02943559464));
#6529 = VECTOR('',#6530,1.);
#6530 = DIRECTION('',(-1.,0.,0.));
#6531 = PCURVE('',#3839,#6532);
#6532 = DEFINITIONAL_REPRESENTATION('',(#6533),#6536);
#6533 = B_SPLINE_CURVE_WITH_KNOTS('',1,(#6534,#6535),.UNSPECIFIED.,.F.,
  .F.,(2,2),(-22.45,-1.45),.PIECEWISE_BEZIER_KNOTS.);
#6534 = CARTESIAN_POINT('',(23.9,25.002740001248));
#6535 = CARTESIAN_POINT('',(2.9,25.002740001248));
#6536 = ( GEOMETRIC_REPRESENTATION_CONTEXT(2) 
PARAMETRIC_REPRESENTATION_CONTEXT() REPRESENTATION_CONTEXT('2D SPACE',''
  ) );
#6537 = PCURVE('',#3926,#6538);
#6538 = DEFINITIONAL_REPRESENTATION('',(#6539),#6542);
#6539 = B_SPLINE_CURVE_WITH_KNOTS('',1,(#6540,#6541),.UNSPECIFIED.,.F.,
  .F.,(2,2),(-22.45,-1.45),.PIECEWISE_BEZIER_KNOTS.);
#6540 = CARTESIAN_POINT('',(1.978448906526,-21.));
#6541 = CARTESIAN_POINT('',(1.978448906526,0.));
#6542 = ( GEOMETRIC_REPRESENTATION_CONTEXT(2) 
PARAMETRIC_REPRESENTATION_CONTEXT() REPRESENTATION_CONTEXT('2D SPACE',''
  ) );
#6543 = ORIENTED_EDGE('',*,*,#6544,.F.);
#6544 = EDGE_CURVE('',#6359,#6524,#6545,.T.);
#6545 = SURFACE_CURVE('',#6546,(#6551,#6558),.PCURVE_S1.);
#6546 = ELLIPSE('',#6547,2.67996550963E+05,9.);
#6547 = AXIS2_PLACEMENT_3D('',#6548,#6549,#6550);
#6548 = CARTESIAN_POINT('',(4.,2.379058660495E+05,2.093112787596E+04));
#6549 = DIRECTION('',(0.,-8.715574274766E-02,0.996194698092));
#6550 = DIRECTION('',(0.,-0.996194698092,-8.715574274766E-02));
#6551 = PCURVE('',#3839,#6552);
#6552 = DEFINITIONAL_REPRESENTATION('',(#6553),#6557);
#6553 = ELLIPSE('',#6554,2.67996550963E+05,9.);
#6554 = AXIS2_PLACEMENT_2D('',#6555,#6556);
#6555 = CARTESIAN_POINT('',(13.4,2.388858945649E+05));
#6556 = DIRECTION('',(0.,-1.));
#6557 = ( GEOMETRIC_REPRESENTATION_CONTEXT(2) 
PARAMETRIC_REPRESENTATION_CONTEXT() REPRESENTATION_CONTEXT('2D SPACE',''
  ) );
#6558 = PCURVE('',#6559,#6564);
#6559 = CYLINDRICAL_SURFACE('',#6560,9.);
#6560 = AXIS2_PLACEMENT_3D('',#6561,#6562,#6563);
#6561 = CARTESIAN_POINT('',(4.,-45.38857531186,105.03843240771));
#6562 = DIRECTION('',(-0.,-0.99619177062,-8.718919742862E-02));
#6563 = DIRECTION('',(1.,0.,0.));
#6564 = DEFINITIONAL_REPRESENTATION('',(#6565),#6572);
#6565 = B_SPLINE_CURVE_WITH_KNOTS('',5,(#6566,#6567,#6568,#6569,#6570,
    #6571),.UNSPECIFIED.,.F.,.F.,(6,6),(5.812532492062,5.812556766908),
  .PIECEWISE_BEZIER_KNOTS.);
#6566 = CARTESIAN_POINT('',(-4.241736165267,-2.950000600298));
#6567 = CARTESIAN_POINT('',(-4.241741020236,-2.359986285018));
#6568 = CARTESIAN_POINT('',(-4.241745875206,-1.769979007423));
#6569 = CARTESIAN_POINT('',(-4.241750730174,-1.179978767248));
#6570 = CARTESIAN_POINT('',(-4.241755585144,-0.589985564699));
#6571 = CARTESIAN_POINT('',(-4.241760440113,6.001313721526E-07));
#6572 = ( GEOMETRIC_REPRESENTATION_CONTEXT(2) 
PARAMETRIC_REPRESENTATION_CONTEXT() REPRESENTATION_CONTEXT('2D SPACE',''
  ) );
#6573 = ADVANCED_FACE('',(#6574),#3926,.F.);
#6574 = FACE_BOUND('',#6575,.F.);
#6575 = EDGE_LOOP('',(#6576,#6577,#6598,#6599,#6620,#6642));
#6576 = ORIENTED_EDGE('',*,*,#3908,.F.);
#6577 = ORIENTED_EDGE('',*,*,#6578,.T.);
#6578 = EDGE_CURVE('',#3909,#4633,#6579,.T.);
#6579 = SURFACE_CURVE('',#6580,(#6584,#6591),.PCURVE_S1.);
#6580 = LINE('',#6581,#6582);
#6581 = CARTESIAN_POINT('',(-6.5,-46.26046728614,115.00035011391));
#6582 = VECTOR('',#6583,1.);
#6583 = DIRECTION('',(1.,0.,0.));
#6584 = PCURVE('',#3926,#6585);
#6585 = DEFINITIONAL_REPRESENTATION('',(#6586),#6590);
#6586 = LINE('',#6587,#6588);
#6587 = CARTESIAN_POINT('',(0.,0.));
#6588 = VECTOR('',#6589,1.);
#6589 = DIRECTION('',(0.,-1.));
#6590 = ( GEOMETRIC_REPRESENTATION_CONTEXT(2) 
PARAMETRIC_REPRESENTATION_CONTEXT() REPRESENTATION_CONTEXT('2D SPACE',''
  ) );
#6591 = PCURVE('',#3954,#6592);
#6592 = DEFINITIONAL_REPRESENTATION('',(#6593),#6597);
#6593 = LINE('',#6594,#6595);
#6594 = CARTESIAN_POINT('',(24.,0.));
#6595 = VECTOR('',#6596,1.);
#6596 = DIRECTION('',(0.,1.));
#6597 = ( GEOMETRIC_REPRESENTATION_CONTEXT(2) 
PARAMETRIC_REPRESENTATION_CONTEXT() REPRESENTATION_CONTEXT('2D SPACE',''
  ) );
#6598 = ORIENTED_EDGE('',*,*,#4632,.T.);
#6599 = ORIENTED_EDGE('',*,*,#6600,.T.);
#6600 = EDGE_CURVE('',#4635,#6601,#6603,.T.);
#6601 = VERTEX_POINT('',#6602);
#6602 = CARTESIAN_POINT('',(8.081019242149,-46.08796791383,
    113.02943559464));
#6603 = SURFACE_CURVE('',#6604,(#6608,#6614),.PCURVE_S1.);
#6604 = LINE('',#6605,#6606);
#6605 = CARTESIAN_POINT('',(-7.95,-46.08796791383,113.02943559464));
#6606 = VECTOR('',#6607,1.);
#6607 = DIRECTION('',(-1.,0.,0.));
#6608 = PCURVE('',#3926,#6609);
#6609 = DEFINITIONAL_REPRESENTATION('',(#6610),#6613);
#6610 = B_SPLINE_CURVE_WITH_KNOTS('',1,(#6611,#6612),.UNSPECIFIED.,.F.,
  .F.,(2,2),(-22.45,-1.45),.PIECEWISE_BEZIER_KNOTS.);
#6611 = CARTESIAN_POINT('',(1.978448906526,-21.));
#6612 = CARTESIAN_POINT('',(1.978448906526,0.));
#6613 = ( GEOMETRIC_REPRESENTATION_CONTEXT(2) 
PARAMETRIC_REPRESENTATION_CONTEXT() REPRESENTATION_CONTEXT('2D SPACE',''
  ) );
#6614 = PCURVE('',#4718,#6615);
#6615 = DEFINITIONAL_REPRESENTATION('',(#6616),#6619);
#6616 = B_SPLINE_CURVE_WITH_KNOTS('',1,(#6617,#6618),.UNSPECIFIED.,.F.,
  .F.,(2,2),(-22.45,-1.45),.PIECEWISE_BEZIER_KNOTS.);
#6617 = CARTESIAN_POINT('',(23.9,25.002740001248));
#6618 = CARTESIAN_POINT('',(2.9,25.002740001248));
#6619 = ( GEOMETRIC_REPRESENTATION_CONTEXT(2) 
PARAMETRIC_REPRESENTATION_CONTEXT() REPRESENTATION_CONTEXT('2D SPACE',''
  ) );
#6620 = ORIENTED_EDGE('',*,*,#6621,.F.);
#6621 = EDGE_CURVE('',#6524,#6601,#6622,.T.);
#6622 = SURFACE_CURVE('',#6623,(#6628,#6635),.PCURVE_S1.);
#6623 = CIRCLE('',#6624,9.);
#6624 = AXIS2_PLACEMENT_3D('',#6625,#6626,#6627);
#6625 = CARTESIAN_POINT('',(4.,-45.38857531186,105.03843240771));
#6626 = DIRECTION('',(-0.,0.99619177062,8.718919742862E-02));
#6627 = DIRECTION('',(1.,0.,0.));
#6628 = PCURVE('',#3926,#6629);
#6629 = DEFINITIONAL_REPRESENTATION('',(#6630),#6634);
#6630 = CIRCLE('',#6631,9.);
#6631 = AXIS2_PLACEMENT_2D('',#6632,#6633);
#6632 = CARTESIAN_POINT('',(10.,-10.5));
#6633 = DIRECTION('',(0.,-1.));
#6634 = ( GEOMETRIC_REPRESENTATION_CONTEXT(2) 
PARAMETRIC_REPRESENTATION_CONTEXT() REPRESENTATION_CONTEXT('2D SPACE',''
  ) );
#6635 = PCURVE('',#6559,#6636);
#6636 = DEFINITIONAL_REPRESENTATION('',(#6637),#6641);
#6637 = LINE('',#6638,#6639);
#6638 = CARTESIAN_POINT('',(-0.,0.));
#6639 = VECTOR('',#6640,1.);
#6640 = DIRECTION('',(-1.,0.));
#6641 = ( GEOMETRIC_REPRESENTATION_CONTEXT(2) 
PARAMETRIC_REPRESENTATION_CONTEXT() REPRESENTATION_CONTEXT('2D SPACE',''
  ) );
#6642 = ORIENTED_EDGE('',*,*,#6523,.T.);
#6643 = ADVANCED_FACE('',(#6644),#4089,.F.);
#6644 = FACE_BOUND('',#6645,.F.);
#6645 = EDGE_LOOP('',(#6646,#6647,#6648,#6649));
#6646 = ORIENTED_EDGE('',*,*,#4608,.F.);
#6647 = ORIENTED_EDGE('',*,*,#4073,.T.);
#6648 = ORIENTED_EDGE('',*,*,#5250,.T.);
#6649 = ORIENTED_EDGE('',*,*,#4820,.F.);
#6650 = ADVANCED_FACE('',(#6651),#4032,.T.);
#6651 = FACE_BOUND('',#6652,.F.);
#6652 = EDGE_LOOP('',(#6653,#6654,#6655,#6656,#6657,#6658));
#6653 = ORIENTED_EDGE('',*,*,#6310,.F.);
#6654 = ORIENTED_EDGE('',*,*,#6494,.F.);
#6655 = ORIENTED_EDGE('',*,*,#4015,.T.);
#6656 = ORIENTED_EDGE('',*,*,#4558,.T.);
#6657 = ORIENTED_EDGE('',*,*,#4362,.T.);
#6658 = ORIENTED_EDGE('',*,*,#5470,.F.);
#6659 = ADVANCED_FACE('',(#6660),#3982,.T.);
#6660 = FACE_BOUND('',#6661,.T.);
#6661 = EDGE_LOOP('',(#6662,#6663,#6684,#6685,#6706,#6728));
#6662 = ORIENTED_EDGE('',*,*,#3966,.F.);
#6663 = ORIENTED_EDGE('',*,*,#6664,.T.);
#6664 = EDGE_CURVE('',#3939,#4658,#6665,.T.);
#6665 = SURFACE_CURVE('',#6666,(#6670,#6677),.PCURVE_S1.);
#6666 = LINE('',#6667,#6668);
#6667 = CARTESIAN_POINT('',(-6.5,-70.16906978103,112.90780937563));
#6668 = VECTOR('',#6669,1.);
#6669 = DIRECTION('',(1.,0.,0.));
#6670 = PCURVE('',#3982,#6671);
#6671 = DEFINITIONAL_REPRESENTATION('',(#6672),#6676);
#6672 = LINE('',#6673,#6674);
#6673 = CARTESIAN_POINT('',(0.,0.));
#6674 = VECTOR('',#6675,1.);
#6675 = DIRECTION('',(0.,-1.));
#6676 = ( GEOMETRIC_REPRESENTATION_CONTEXT(2) 
PARAMETRIC_REPRESENTATION_CONTEXT() REPRESENTATION_CONTEXT('2D SPACE',''
  ) );
#6677 = PCURVE('',#3954,#6678);
#6678 = DEFINITIONAL_REPRESENTATION('',(#6679),#6683);
#6679 = LINE('',#6680,#6681);
#6680 = CARTESIAN_POINT('',(0.,0.));
#6681 = VECTOR('',#6682,1.);
#6682 = DIRECTION('',(0.,1.));
#6683 = ( GEOMETRIC_REPRESENTATION_CONTEXT(2) 
PARAMETRIC_REPRESENTATION_CONTEXT() REPRESENTATION_CONTEXT('2D SPACE',''
  ) );
#6684 = ORIENTED_EDGE('',*,*,#4680,.T.);
#6685 = ORIENTED_EDGE('',*,*,#6686,.T.);
#6686 = EDGE_CURVE('',#4681,#6687,#6689,.T.);
#6687 = VERTEX_POINT('',#6688);
#6688 = CARTESIAN_POINT('',(8.079434639421,-69.99664068151,
    110.93769776752));
#6689 = SURFACE_CURVE('',#6690,(#6694,#6700),.PCURVE_S1.);
#6690 = LINE('',#6691,#6692);
#6691 = CARTESIAN_POINT('',(-7.95,-69.99664068151,110.93769776752));
#6692 = VECTOR('',#6693,1.);
#6693 = DIRECTION('',(-1.,0.,0.));
#6694 = PCURVE('',#3982,#6695);
#6695 = DEFINITIONAL_REPRESENTATION('',(#6696),#6699);
#6696 = B_SPLINE_CURVE_WITH_KNOTS('',1,(#6697,#6698),.UNSPECIFIED.,.F.,
  .F.,(2,2),(-22.45,-1.45),.PIECEWISE_BEZIER_KNOTS.);
#6697 = CARTESIAN_POINT('',(1.977642926004,-21.));
#6698 = CARTESIAN_POINT('',(1.977642926004,0.));
#6699 = ( GEOMETRIC_REPRESENTATION_CONTEXT(2) 
PARAMETRIC_REPRESENTATION_CONTEXT() REPRESENTATION_CONTEXT('2D SPACE',''
  ) );
#6700 = PCURVE('',#4718,#6701);
#6701 = DEFINITIONAL_REPRESENTATION('',(#6702),#6705);
#6702 = B_SPLINE_CURVE_WITH_KNOTS('',1,(#6703,#6704),.UNSPECIFIED.,.F.,
  .F.,(2,2),(-22.45,-1.45),.PIECEWISE_BEZIER_KNOTS.);
#6703 = CARTESIAN_POINT('',(23.9,1.002739987715));
#6704 = CARTESIAN_POINT('',(2.9,1.002739987715));
#6705 = ( GEOMETRIC_REPRESENTATION_CONTEXT(2) 
PARAMETRIC_REPRESENTATION_CONTEXT() REPRESENTATION_CONTEXT('2D SPACE',''
  ) );
#6706 = ORIENTED_EDGE('',*,*,#6707,.F.);
#6707 = EDGE_CURVE('',#6443,#6687,#6708,.T.);
#6708 = SURFACE_CURVE('',#6709,(#6714,#6721),.PCURVE_S1.);
#6709 = CIRCLE('',#6710,9.);
#6710 = AXIS2_PLACEMENT_3D('',#6711,#6712,#6713);
#6711 = CARTESIAN_POINT('',(4.,-69.29717780675,102.94589166942));
#6712 = DIRECTION('',(-0.,0.99619177062,8.718919742862E-02));
#6713 = DIRECTION('',(1.,0.,0.));
#6714 = PCURVE('',#3982,#6715);
#6715 = DEFINITIONAL_REPRESENTATION('',(#6716),#6720);
#6716 = CIRCLE('',#6717,9.);
#6717 = AXIS2_PLACEMENT_2D('',#6718,#6719);
#6718 = CARTESIAN_POINT('',(10.,-10.5));
#6719 = DIRECTION('',(0.,-1.));
#6720 = ( GEOMETRIC_REPRESENTATION_CONTEXT(2) 
PARAMETRIC_REPRESENTATION_CONTEXT() REPRESENTATION_CONTEXT('2D SPACE',''
  ) );
#6721 = PCURVE('',#6459,#6722);
#6722 = DEFINITIONAL_REPRESENTATION('',(#6723),#6727);
#6723 = LINE('',#6724,#6725);
#6724 = CARTESIAN_POINT('',(0.,0.));
#6725 = VECTOR('',#6726,1.);
#6726 = DIRECTION('',(1.,0.));
#6727 = ( GEOMETRIC_REPRESENTATION_CONTEXT(2) 
PARAMETRIC_REPRESENTATION_CONTEXT() REPRESENTATION_CONTEXT('2D SPACE',''
  ) );
#6728 = ORIENTED_EDGE('',*,*,#6474,.T.);
#6729 = ADVANCED_FACE('',(#6730),#3954,.T.);
#6730 = FACE_BOUND('',#6731,.T.);
#6731 = EDGE_LOOP('',(#6732,#6733,#6734,#6735));
#6732 = ORIENTED_EDGE('',*,*,#6664,.F.);
#6733 = ORIENTED_EDGE('',*,*,#3938,.T.);
#6734 = ORIENTED_EDGE('',*,*,#6578,.T.);
#6735 = ORIENTED_EDGE('',*,*,#4657,.F.);
#6736 = ADVANCED_FACE('',(#6737),#4188,.F.);
#6737 = FACE_BOUND('',#6738,.F.);
#6738 = EDGE_LOOP('',(#6739,#6740,#6741,#6742));
#6739 = ORIENTED_EDGE('',*,*,#5299,.F.);
#6740 = ORIENTED_EDGE('',*,*,#5325,.T.);
#6741 = ORIENTED_EDGE('',*,*,#5422,.T.);
#6742 = ORIENTED_EDGE('',*,*,#4173,.F.);
#6743 = ADVANCED_FACE('',(#6744),#4520,.T.);
#6744 = FACE_BOUND('',#6745,.T.);
#6745 = EDGE_LOOP('',(#6746,#6747,#6748));
#6746 = ORIENTED_EDGE('',*,*,#4504,.F.);
#6747 = ORIENTED_EDGE('',*,*,#5639,.F.);
#6748 = ORIENTED_EDGE('',*,*,#5399,.F.);
#6749 = ADVANCED_FACE('',(#6750),#4718,.F.);
#6750 = FACE_BOUND('',#6751,.F.);
#6751 = EDGE_LOOP('',(#6752,#6777,#6802,#6803,#6804,#6839,#6865,#6891,
    #6892,#6893,#6920,#6943));
#6752 = ORIENTED_EDGE('',*,*,#6753,.F.);
#6753 = EDGE_CURVE('',#6754,#6756,#6758,.T.);
#6754 = VERTEX_POINT('',#6755);
#6755 = CARTESIAN_POINT('',(8.081085069595,-45.09450279045,
    113.11635253054));
#6756 = VERTEX_POINT('',#6757);
#6757 = CARTESIAN_POINT('',(17.4,-45.09450279045,113.11635253054));
#6758 = SURFACE_CURVE('',#6759,(#6763,#6770),.PCURVE_S1.);
#6759 = LINE('',#6760,#6761);
#6760 = CARTESIAN_POINT('',(-9.4,-45.09450279045,113.11635253054));
#6761 = VECTOR('',#6762,1.);
#6762 = DIRECTION('',(1.,0.,0.));
#6763 = PCURVE('',#4718,#6764);
#6764 = DEFINITIONAL_REPRESENTATION('',(#6765),#6769);
#6765 = LINE('',#6766,#6767);
#6766 = CARTESIAN_POINT('',(0.,26.));
#6767 = VECTOR('',#6768,1.);
#6768 = DIRECTION('',(1.,0.));
#6769 = ( GEOMETRIC_REPRESENTATION_CONTEXT(2) 
PARAMETRIC_REPRESENTATION_CONTEXT() REPRESENTATION_CONTEXT('2D SPACE',''
  ) );
#6770 = PCURVE('',#6374,#6771);
#6771 = DEFINITIONAL_REPRESENTATION('',(#6772),#6776);
#6772 = LINE('',#6773,#6774);
#6773 = CARTESIAN_POINT('',(0.,0.));
#6774 = VECTOR('',#6775,1.);
#6775 = DIRECTION('',(0.,1.));
#6776 = ( GEOMETRIC_REPRESENTATION_CONTEXT(2) 
PARAMETRIC_REPRESENTATION_CONTEXT() REPRESENTATION_CONTEXT('2D SPACE',''
  ) );
#6777 = ORIENTED_EDGE('',*,*,#6778,.F.);
#6778 = EDGE_CURVE('',#6601,#6754,#6779,.T.);
#6779 = SURFACE_CURVE('',#6780,(#6785,#6792),.PCURVE_S1.);
#6780 = ELLIPSE('',#6781,2.67996550963E+05,9.);
#6781 = AXIS2_PLACEMENT_3D('',#6782,#6783,#6784);
#6782 = CARTESIAN_POINT('',(4.,2.379058660495E+05,2.093112787596E+04));
#6783 = DIRECTION('',(0.,-8.715574274766E-02,0.996194698092));
#6784 = DIRECTION('',(0.,-0.996194698092,-8.715574274766E-02));
#6785 = PCURVE('',#4718,#6786);
#6786 = DEFINITIONAL_REPRESENTATION('',(#6787),#6791);
#6787 = ELLIPSE('',#6788,2.67996550963E+05,9.);
#6788 = AXIS2_PLACEMENT_2D('',#6789,#6790);
#6789 = CARTESIAN_POINT('',(13.4,2.388858945649E+05));
#6790 = DIRECTION('',(0.,-1.));
#6791 = ( GEOMETRIC_REPRESENTATION_CONTEXT(2) 
PARAMETRIC_REPRESENTATION_CONTEXT() REPRESENTATION_CONTEXT('2D SPACE',''
  ) );
#6792 = PCURVE('',#6559,#6793);
#6793 = DEFINITIONAL_REPRESENTATION('',(#6794),#6801);
#6794 = B_SPLINE_CURVE_WITH_KNOTS('',5,(#6795,#6796,#6797,#6798,#6799,
    #6800),.UNSPECIFIED.,.F.,.F.,(6,6),(0.470628540271,0.470652815118),
  .PIECEWISE_BEZIER_KNOTS.);
#6795 = CARTESIAN_POINT('',(-5.183017520656,6.001313721526E-07));
#6796 = CARTESIAN_POINT('',(-5.183022375625,-0.589985564681));
#6797 = CARTESIAN_POINT('',(-5.183027230595,-1.179978767026));
#6798 = CARTESIAN_POINT('',(-5.183032085564,-1.769979007257));
#6799 = CARTESIAN_POINT('',(-5.183036940533,-2.359986284918));
#6800 = CARTESIAN_POINT('',(-5.183041795503,-2.950000600181));
#6801 = ( GEOMETRIC_REPRESENTATION_CONTEXT(2) 
PARAMETRIC_REPRESENTATION_CONTEXT() REPRESENTATION_CONTEXT('2D SPACE',''
  ) );
#6802 = ORIENTED_EDGE('',*,*,#6600,.F.);
#6803 = ORIENTED_EDGE('',*,*,#4963,.F.);
#6804 = ORIENTED_EDGE('',*,*,#6805,.F.);
#6805 = EDGE_CURVE('',#6806,#4922,#6808,.T.);
#6806 = VERTEX_POINT('',#6807);
#6807 = CARTESIAN_POINT('',(15.872135955,-51.071670979,112.59341807406)
  );
#6808 = SURFACE_CURVE('',#6809,(#6814,#6821),.PCURVE_S1.);
#6809 = CIRCLE('',#6810,4.472135955);
#6810 = AXIS2_PLACEMENT_3D('',#6811,#6812,#6813);
#6811 = CARTESIAN_POINT('',(11.4,-51.071670979,112.59341807406));
#6812 = DIRECTION('',(0.,-8.715574274766E-02,0.996194698092));
#6813 = DIRECTION('',(0.,-0.996194698092,-8.715574274766E-02));
#6814 = PCURVE('',#4718,#6815);
#6815 = DEFINITIONAL_REPRESENTATION('',(#6816),#6820);
#6816 = CIRCLE('',#6817,4.472135955);
#6817 = AXIS2_PLACEMENT_2D('',#6818,#6819);
#6818 = CARTESIAN_POINT('',(20.8,20.));
#6819 = DIRECTION('',(0.,-1.));
#6820 = ( GEOMETRIC_REPRESENTATION_CONTEXT(2) 
PARAMETRIC_REPRESENTATION_CONTEXT() REPRESENTATION_CONTEXT('2D SPACE',''
  ) );
#6821 = PCURVE('',#4938,#6822);
#6822 = DEFINITIONAL_REPRESENTATION('',(#6823),#6838);
#6823 = B_SPLINE_CURVE_WITH_KNOTS('',7,(#6824,#6825,#6826,#6827,#6828,
    #6829,#6830,#6831,#6832,#6833,#6834,#6835,#6836,#6837),
  .UNSPECIFIED.,.F.,.F.,(8,6,8),(1.570796326795,2.084874939068,
    2.59895355134),.UNSPECIFIED.);
#6824 = CARTESIAN_POINT('',(0.729727656227,0.));
#6825 = CARTESIAN_POINT('',(0.729727656227,-5.473879632478E-02));
#6826 = CARTESIAN_POINT('',(0.732854152715,-0.109477552874));
#6827 = CARTESIAN_POINT('',(0.739108112633,-0.164002194827));
#6828 = CARTESIAN_POINT('',(0.748583837051,-0.218097789941));
#6829 = CARTESIAN_POINT('',(0.761475974389,-0.271532054087));
#6830 = CARTESIAN_POINT('',(0.778083841256,-0.324033128128));
#6831 = CARTESIAN_POINT('',(0.819542260573,-0.426490124108));
#6832 = CARTESIAN_POINT('',(0.844392560449,-0.476445939422));
#6833 = CARTESIAN_POINT('',(0.87376817613,-0.524790114522));
#6834 = CARTESIAN_POINT('',(0.908174198019,-0.571112762348));
#6835 = CARTESIAN_POINT('',(0.948198610455,-0.614915152734));
#6836 = CARTESIAN_POINT('',(0.994462608456,-0.655548110733));
#6837 = CARTESIAN_POINT('',(1.047197551197,-0.692268011609));
#6838 = ( GEOMETRIC_REPRESENTATION_CONTEXT(2) 
PARAMETRIC_REPRESENTATION_CONTEXT() REPRESENTATION_CONTEXT('2D SPACE',''
  ) );
#6839 = ORIENTED_EDGE('',*,*,#6840,.F.);
#6840 = EDGE_CURVE('',#6841,#6806,#6843,.T.);
#6841 = VERTEX_POINT('',#6842);
#6842 = CARTESIAN_POINT('',(15.872135955,-65.01839675229,111.37323767559
    ));
#6843 = SURFACE_CURVE('',#6844,(#6848,#6854),.PCURVE_S1.);
#6844 = LINE('',#6845,#6846);
#6845 = CARTESIAN_POINT('',(15.872135955,-70.99556494084,110.8503032191)
  );
#6846 = VECTOR('',#6847,1.);
#6847 = DIRECTION('',(0.,0.996194698092,8.715574274766E-02));
#6848 = PCURVE('',#4718,#6849);
#6849 = DEFINITIONAL_REPRESENTATION('',(#6850),#6853);
#6850 = B_SPLINE_CURVE_WITH_KNOTS('',1,(#6851,#6852),.UNSPECIFIED.,.F.,
  .F.,(2,2),(5.9999994,20.0000006),.PIECEWISE_BEZIER_KNOTS.);
#6851 = CARTESIAN_POINT('',(25.272135955,5.9999994));
#6852 = CARTESIAN_POINT('',(25.272135955,20.0000006));
#6853 = ( GEOMETRIC_REPRESENTATION_CONTEXT(2) 
PARAMETRIC_REPRESENTATION_CONTEXT() REPRESENTATION_CONTEXT('2D SPACE',''
  ) );
#6854 = PCURVE('',#6855,#6860);
#6855 = CYLINDRICAL_SURFACE('',#6856,6.);
#6856 = AXIS2_PLACEMENT_3D('',#6857,#6858,#6859);
#6857 = CARTESIAN_POINT('',(11.4,-70.64694196985,106.86552442674));
#6858 = DIRECTION('',(0.,0.996194698092,8.715574274766E-02));
#6859 = DIRECTION('',(1.,0.,0.));
#6860 = DEFINITIONAL_REPRESENTATION('',(#6861),#6864);
#6861 = B_SPLINE_CURVE_WITH_KNOTS('',1,(#6862,#6863),.UNSPECIFIED.,.F.,
  .F.,(2,2),(5.9999994,20.0000006),.PIECEWISE_BEZIER_KNOTS.);
#6862 = CARTESIAN_POINT('',(-0.729727656227,5.9999994));
#6863 = CARTESIAN_POINT('',(-0.729727656227,20.0000006));
#6864 = ( GEOMETRIC_REPRESENTATION_CONTEXT(2) 
PARAMETRIC_REPRESENTATION_CONTEXT() REPRESENTATION_CONTEXT('2D SPACE',''
  ) );
#6865 = ORIENTED_EDGE('',*,*,#6866,.T.);
#6866 = EDGE_CURVE('',#6841,#4704,#6867,.T.);
#6867 = SURFACE_CURVE('',#6868,(#6873,#6884),.PCURVE_S1.);
#6868 = CIRCLE('',#6869,4.472135955);
#6869 = AXIS2_PLACEMENT_3D('',#6870,#6871,#6872);
#6870 = CARTESIAN_POINT('',(11.4,-65.01839675229,111.37323767559));
#6871 = DIRECTION('',(0.,8.715574274766E-02,-0.996194698092));
#6872 = DIRECTION('',(1.,0.,0.));
#6873 = PCURVE('',#4718,#6874);
#6874 = DEFINITIONAL_REPRESENTATION('',(#6875),#6883);
#6875 = ( BOUNDED_CURVE() B_SPLINE_CURVE(2,(#6876,#6877,#6878,#6879,
#6880,#6881,#6882),.UNSPECIFIED.,.T.,.F.) B_SPLINE_CURVE_WITH_KNOTS((1,2
    ,2,2,2,1),(-2.094395102393,0.,2.094395102393,4.188790204786,
6.28318530718,8.377580409573),.UNSPECIFIED.) CURVE() 
GEOMETRIC_REPRESENTATION_ITEM() RATIONAL_B_SPLINE_CURVE((1.,0.5,1.,0.5,
1.,0.5,1.)) REPRESENTATION_ITEM('') );
#6876 = CARTESIAN_POINT('',(25.272135955,6.));
#6877 = CARTESIAN_POINT('',(25.272135955,-1.745966692415));
#6878 = CARTESIAN_POINT('',(18.5639320225,2.127016653793));
#6879 = CARTESIAN_POINT('',(11.855728090001,6.));
#6880 = CARTESIAN_POINT('',(18.5639320225,9.872983346207));
#6881 = CARTESIAN_POINT('',(25.272135955,13.745966692415));
#6882 = CARTESIAN_POINT('',(25.272135955,6.));
#6883 = ( GEOMETRIC_REPRESENTATION_CONTEXT(2) 
PARAMETRIC_REPRESENTATION_CONTEXT() REPRESENTATION_CONTEXT('2D SPACE',''
  ) );
#6884 = PCURVE('',#4746,#6885);
#6885 = DEFINITIONAL_REPRESENTATION('',(#6886),#6890);
#6886 = LINE('',#6887,#6888);
#6887 = CARTESIAN_POINT('',(0.,-0.729727656227));
#6888 = VECTOR('',#6889,1.);
#6889 = DIRECTION('',(1.,0.));
#6890 = ( GEOMETRIC_REPRESENTATION_CONTEXT(2) 
PARAMETRIC_REPRESENTATION_CONTEXT() REPRESENTATION_CONTEXT('2D SPACE',''
  ) );
#6891 = ORIENTED_EDGE('',*,*,#4703,.F.);
#6892 = ORIENTED_EDGE('',*,*,#6686,.T.);
#6893 = ORIENTED_EDGE('',*,*,#6894,.F.);
#6894 = EDGE_CURVE('',#6895,#6687,#6897,.T.);
#6895 = VERTEX_POINT('',#6896);
#6896 = CARTESIAN_POINT('',(8.079368416538,-70.99556494084,
    110.8503032191));
#6897 = SURFACE_CURVE('',#6898,(#6903,#6910),.PCURVE_S1.);
#6898 = ELLIPSE('',#6899,2.67996550963E+05,9.);
#6899 = AXIS2_PLACEMENT_3D('',#6900,#6901,#6902);
#6900 = CARTESIAN_POINT('',(4.,2.379058660495E+05,2.093112787596E+04));
#6901 = DIRECTION('',(0.,-8.715574274766E-02,0.996194698092));
#6902 = DIRECTION('',(0.,0.996194698092,8.715574274766E-02));
#6903 = PCURVE('',#4718,#6904);
#6904 = DEFINITIONAL_REPRESENTATION('',(#6905),#6909);
#6905 = ELLIPSE('',#6906,2.67996550963E+05,9.);
#6906 = AXIS2_PLACEMENT_2D('',#6907,#6908);
#6907 = CARTESIAN_POINT('',(13.4,2.388858945649E+05));
#6908 = DIRECTION('',(0.,1.));
#6909 = ( GEOMETRIC_REPRESENTATION_CONTEXT(2) 
PARAMETRIC_REPRESENTATION_CONTEXT() REPRESENTATION_CONTEXT('2D SPACE',''
  ) );
#6910 = PCURVE('',#6459,#6911);
#6911 = DEFINITIONAL_REPRESENTATION('',(#6912),#6919);
#6912 = B_SPLINE_CURVE_WITH_KNOTS('',5,(#6913,#6914,#6915,#6916,#6917,
    #6918),.UNSPECIFIED.,.F.,.F.,(6,6),(3.611999375178,3.612023660613),
  .PIECEWISE_BEZIER_KNOTS.);
#6913 = CARTESIAN_POINT('',(5.182795701973,-2.950000600241));
#6914 = CARTESIAN_POINT('',(5.18280055906,-2.360014449314));
#6915 = CARTESIAN_POINT('',(5.182805416147,-1.770021253914));
#6916 = CARTESIAN_POINT('',(5.182810273235,-1.180021013659));
#6917 = CARTESIAN_POINT('',(5.182815130321,-0.590013729136));
#6918 = CARTESIAN_POINT('',(5.182819987408,5.999841263815E-07));
#6919 = ( GEOMETRIC_REPRESENTATION_CONTEXT(2) 
PARAMETRIC_REPRESENTATION_CONTEXT() REPRESENTATION_CONTEXT('2D SPACE',''
  ) );
#6920 = ORIENTED_EDGE('',*,*,#6921,.T.);
#6921 = EDGE_CURVE('',#6895,#6922,#6924,.T.);
#6922 = VERTEX_POINT('',#6923);
#6923 = CARTESIAN_POINT('',(17.4,-70.99556494084,110.8503032191));
#6924 = SURFACE_CURVE('',#6925,(#6929,#6936),.PCURVE_S1.);
#6925 = LINE('',#6926,#6927);
#6926 = CARTESIAN_POINT('',(-9.4,-70.99556494084,110.8503032191));
#6927 = VECTOR('',#6928,1.);
#6928 = DIRECTION('',(1.,0.,0.));
#6929 = PCURVE('',#4718,#6930);
#6930 = DEFINITIONAL_REPRESENTATION('',(#6931),#6935);
#6931 = LINE('',#6932,#6933);
#6932 = CARTESIAN_POINT('',(0.,0.));
#6933 = VECTOR('',#6934,1.);
#6934 = DIRECTION('',(1.,0.));
#6935 = ( GEOMETRIC_REPRESENTATION_CONTEXT(2) 
PARAMETRIC_REPRESENTATION_CONTEXT() REPRESENTATION_CONTEXT('2D SPACE',''
  ) );
#6936 = PCURVE('',#6430,#6937);
#6937 = DEFINITIONAL_REPRESENTATION('',(#6938),#6942);
#6938 = LINE('',#6939,#6940);
#6939 = CARTESIAN_POINT('',(0.,0.));
#6940 = VECTOR('',#6941,1.);
#6941 = DIRECTION('',(0.,1.));
#6942 = ( GEOMETRIC_REPRESENTATION_CONTEXT(2) 
PARAMETRIC_REPRESENTATION_CONTEXT() REPRESENTATION_CONTEXT('2D SPACE',''
  ) );
#6943 = ORIENTED_EDGE('',*,*,#6944,.T.);
#6944 = EDGE_CURVE('',#6922,#6756,#6945,.T.);
#6945 = SURFACE_CURVE('',#6946,(#6950,#6957),.PCURVE_S1.);
#6946 = LINE('',#6947,#6948);
#6947 = CARTESIAN_POINT('',(17.4,-70.99556494084,110.8503032191));
#6948 = VECTOR('',#6949,1.);
#6949 = DIRECTION('',(0.,0.996194698092,8.715574274766E-02));
#6950 = PCURVE('',#4718,#6951);
#6951 = DEFINITIONAL_REPRESENTATION('',(#6952),#6956);
#6952 = LINE('',#6953,#6954);
#6953 = CARTESIAN_POINT('',(26.8,0.));
#6954 = VECTOR('',#6955,1.);
#6955 = DIRECTION('',(0.,1.));
#6956 = ( GEOMETRIC_REPRESENTATION_CONTEXT(2) 
PARAMETRIC_REPRESENTATION_CONTEXT() REPRESENTATION_CONTEXT('2D SPACE',''
  ) );
#6957 = PCURVE('',#6958,#6963);
#6958 = PLANE('',#6959);
#6959 = AXIS2_PLACEMENT_3D('',#6960,#6961,#6962);
#6960 = CARTESIAN_POINT('',(17.4,-70.99556494084,110.8503032191));
#6961 = DIRECTION('',(1.,0.,0.));
#6962 = DIRECTION('',(0.,-8.715574274766E-02,0.996194698092));
#6963 = DEFINITIONAL_REPRESENTATION('',(#6964),#6968);
#6964 = LINE('',#6965,#6966);
#6965 = CARTESIAN_POINT('',(0.,0.));
#6966 = VECTOR('',#6967,1.);
#6967 = DIRECTION('',(0.,-1.));
#6968 = ( GEOMETRIC_REPRESENTATION_CONTEXT(2) 
PARAMETRIC_REPRESENTATION_CONTEXT() REPRESENTATION_CONTEXT('2D SPACE',''
  ) );
#6969 = ADVANCED_FACE('',(#6970),#4938,.T.);
#6970 = FACE_BOUND('',#6971,.T.);
#6971 = EDGE_LOOP('',(#6972,#6996,#7047,#7072,#7073,#7074));
#6972 = ORIENTED_EDGE('',*,*,#6973,.F.);
#6973 = EDGE_CURVE('',#6974,#6976,#6978,.T.);
#6974 = VERTEX_POINT('',#6975);
#6975 = CARTESIAN_POINT('',(14.4,-45.54666851404,109.06151380552));
#6976 = VERTEX_POINT('',#6977);
#6977 = CARTESIAN_POINT('',(17.4,-50.72304800801,108.60863928169));
#6978 = SURFACE_CURVE('',#6979,(#6984,#6990),.PCURVE_S1.);
#6979 = CIRCLE('',#6980,6.);
#6980 = AXIS2_PLACEMENT_3D('',#6981,#6982,#6983);
#6981 = CARTESIAN_POINT('',(11.4,-50.72304800801,108.60863928169));
#6982 = DIRECTION('',(1.480297366167E-16,8.715574274766E-02,
    -0.996194698092));
#6983 = DIRECTION('',(1.,-1.290164164357E-17,1.474664387775E-16));
#6984 = PCURVE('',#4938,#6985);
#6985 = DEFINITIONAL_REPRESENTATION('',(#6986),#6989);
#6986 = B_SPLINE_CURVE_WITH_KNOTS('',1,(#6987,#6988),.UNSPECIFIED.,.F.,
  .F.,(2,2),(4.712388980385,6.28318530718),.PIECEWISE_BEZIER_KNOTS.);
#6987 = CARTESIAN_POINT('',(0.,-1.570796326795));
#6988 = CARTESIAN_POINT('',(0.,0.));
#6989 = ( GEOMETRIC_REPRESENTATION_CONTEXT(2) 
PARAMETRIC_REPRESENTATION_CONTEXT() REPRESENTATION_CONTEXT('2D SPACE',''
  ) );
#6990 = PCURVE('',#5232,#6991);
#6991 = DEFINITIONAL_REPRESENTATION('',(#6992),#6995);
#6992 = B_SPLINE_CURVE_WITH_KNOTS('',1,(#6993,#6994),.UNSPECIFIED.,.F.,
  .F.,(2,2),(4.712388980385,6.28318530718),.PIECEWISE_BEZIER_KNOTS.);
#6993 = CARTESIAN_POINT('',(1.570796326795,32.2));
#6994 = CARTESIAN_POINT('',(0.,32.2));
#6995 = ( GEOMETRIC_REPRESENTATION_CONTEXT(2) 
PARAMETRIC_REPRESENTATION_CONTEXT() REPRESENTATION_CONTEXT('2D SPACE',''
  ) );
#6996 = ORIENTED_EDGE('',*,*,#6997,.T.);
#6997 = EDGE_CURVE('',#6974,#6998,#7000,.T.);
#6998 = VERTEX_POINT('',#6999);
#6999 = CARTESIAN_POINT('',(14.4,-45.86164041336,110.44350063849));
#7000 = SURFACE_CURVE('',#7001,(#7006,#7040),.PCURVE_S1.);
#7001 = CIRCLE('',#7002,5.196152422707);
#7002 = AXIS2_PLACEMENT_3D('',#7003,#7004,#7005);
#7003 = CARTESIAN_POINT('',(14.4,-50.72304800801,108.60863928169));
#7004 = DIRECTION('',(1.,0.,0.));
#7005 = DIRECTION('',(-0.,0.,1.));
#7006 = PCURVE('',#4938,#7007);
#7007 = DEFINITIONAL_REPRESENTATION('',(#7008),#7039);
#7008 = B_SPLINE_CURVE_WITH_KNOTS('',8,(#7009,#7010,#7011,#7012,#7013,
    #7014,#7015,#7016,#7017,#7018,#7019,#7020,#7021,#7022,#7023,#7024,
    #7025,#7026,#7027,#7028,#7029,#7030,#7031,#7032,#7033,#7034,#7035,
    #7036,#7037,#7038),.UNSPECIFIED.,.F.,.F.,(9,7,7,7,9),(4.799655442984
    ,4.996004983834,5.33961668032,5.85503422505,6.370451769779),
  .UNSPECIFIED.);
#7009 = CARTESIAN_POINT('',(0.,-1.047197551197));
#7010 = CARTESIAN_POINT('',(4.251092259924E-02,-1.047197551197));
#7011 = CARTESIAN_POINT('',(8.502171821784E-02,-1.046005166097));
#7012 = CARTESIAN_POINT('',(0.127259908503,-1.043620188793));
#7013 = CARTESIAN_POINT('',(0.168950911812,-1.040058286449));
#7014 = CARTESIAN_POINT('',(0.209843782657,-1.035349994544));
#7015 = CARTESIAN_POINT('',(0.249727715119,-1.029538454881));
#7016 = CARTESIAN_POINT('',(0.288439310249,-1.022675897585));
#7017 = CARTESIAN_POINT('',(0.391347877515,-1.001069063656));
#7018 = CARTESIAN_POINT('',(0.452883442513,-0.984273848543));
#7019 = CARTESIAN_POINT('',(0.509833382491,-0.964737286158));
#7020 = CARTESIAN_POINT('',(0.561986404007,-0.942810824053));
#7021 = CARTESIAN_POINT('',(0.609513983,-0.918830815638));
#7022 = CARTESIAN_POINT('',(0.652709102069,-0.893086953194));
#7023 = CARTESIAN_POINT('',(0.691924625235,-0.865828307769));
#7024 = CARTESIAN_POINT('',(0.78090028793,-0.794419812214));
#7025 = CARTESIAN_POINT('',(0.826128879497,-0.748639022923));
#7026 = CARTESIAN_POINT('',(0.864399181267,-0.700632252378));
#7027 = CARTESIAN_POINT('',(0.896926739621,-0.650913508702));
#7028 = CARTESIAN_POINT('',(0.924607793937,-0.599844274463));
#7029 = CARTESIAN_POINT('',(0.948162811196,-0.547703079423));
#7030 = CARTESIAN_POINT('',(0.968136710355,-0.494703940899));
#7031 = CARTESIAN_POINT('',(1.001765872971,-0.387336647217));
#7032 = CARTESIAN_POINT('',(1.015421110905,-0.332968589433));
#7033 = CARTESIAN_POINT('',(1.026337589223,-0.278088679614));
#7034 = CARTESIAN_POINT('',(1.034809046702,-0.222829459378));
#7035 = CARTESIAN_POINT('',(1.041035251937,-0.167298727092));
#7036 = CARTESIAN_POINT('',(1.045143331463,-0.111591060213));
#7037 = CARTESIAN_POINT('',(1.047197551197,-5.57955859115E-02));
#7038 = CARTESIAN_POINT('',(1.047197551197,0.));
#7039 = ( GEOMETRIC_REPRESENTATION_CONTEXT(2) 
PARAMETRIC_REPRESENTATION_CONTEXT() REPRESENTATION_CONTEXT('2D SPACE',''
  ) );
#7040 = PCURVE('',#5205,#7041);
#7041 = DEFINITIONAL_REPRESENTATION('',(#7042),#7046);
#7042 = CIRCLE('',#7043,5.196152422707);
#7043 = AXIS2_PLACEMENT_2D('',#7044,#7045);
#7044 = CARTESIAN_POINT('',(28.9,-21.));
#7045 = DIRECTION('',(0.996194698092,-8.715574274766E-02));
#7046 = ( GEOMETRIC_REPRESENTATION_CONTEXT(2) 
PARAMETRIC_REPRESENTATION_CONTEXT() REPRESENTATION_CONTEXT('2D SPACE',''
  ) );
#7047 = ORIENTED_EDGE('',*,*,#7048,.T.);
#7048 = EDGE_CURVE('',#6998,#4894,#7049,.T.);
#7049 = SURFACE_CURVE('',#7050,(#7055,#7065),.PCURVE_S1.);
#7050 = CIRCLE('',#7051,3.312287495537);
#7051 = AXIS2_PLACEMENT_3D('',#7052,#7053,#7054);
#7052 = CARTESIAN_POINT('',(11.4,-45.7392257725,109.04483587923));
#7053 = DIRECTION('',(0.,0.99619177062,8.718919742862E-02));
#7054 = DIRECTION('',(0.,-8.718919742862E-02,0.99619177062));
#7055 = PCURVE('',#4938,#7056);
#7056 = DEFINITIONAL_REPRESENTATION('',(#7057),#7064);
#7057 = B_SPLINE_CURVE_WITH_KNOTS('',5,(#7058,#7059,#7060,#7061,#7062,
    #7063),.UNSPECIFIED.,.F.,.F.,(6,6),(0.643531538268,1.210831169555),
  .PIECEWISE_BEZIER_KNOTS.);
#7058 = CARTESIAN_POINT('',(0.927295222052,-0.985951127272));
#7059 = CARTESIAN_POINT('',(0.813839899612,-0.985953413434));
#7060 = CARTESIAN_POINT('',(0.700384087564,-0.98595613187));
#7061 = CARTESIAN_POINT('',(0.58692766219,-0.985959221418));
#7062 = CARTESIAN_POINT('',(0.473470527147,-0.985962597071));
#7063 = CARTESIAN_POINT('',(0.360012628317,-0.985966163074));
#7064 = ( GEOMETRIC_REPRESENTATION_CONTEXT(2) 
PARAMETRIC_REPRESENTATION_CONTEXT() REPRESENTATION_CONTEXT('2D SPACE',''
  ) );
#7065 = PCURVE('',#4909,#7066);
#7066 = DEFINITIONAL_REPRESENTATION('',(#7067),#7071);
#7067 = CIRCLE('',#7068,3.312287495537);
#7068 = AXIS2_PLACEMENT_2D('',#7069,#7070);
#7069 = CARTESIAN_POINT('',(5.978280899646,-17.9));
#7070 = DIRECTION('',(-1.,0.));
#7071 = ( GEOMETRIC_REPRESENTATION_CONTEXT(2) 
PARAMETRIC_REPRESENTATION_CONTEXT() REPRESENTATION_CONTEXT('2D SPACE',''
  ) );
#7072 = ORIENTED_EDGE('',*,*,#4921,.T.);
#7073 = ORIENTED_EDGE('',*,*,#6805,.F.);
#7074 = ORIENTED_EDGE('',*,*,#7075,.F.);
#7075 = EDGE_CURVE('',#6976,#6806,#7076,.T.);
#7076 = SURFACE_CURVE('',#7077,(#7082,#7089),.PCURVE_S1.);
#7077 = CIRCLE('',#7078,6.);
#7078 = AXIS2_PLACEMENT_3D('',#7079,#7080,#7081);
#7079 = CARTESIAN_POINT('',(11.4,-50.72304800801,108.60863928169));
#7080 = DIRECTION('',(-8.635570835319E-34,-0.996194698092,
    -8.715574274766E-02));
#7081 = DIRECTION('',(1.,-1.290164164357E-17,1.474664387775E-16));
#7082 = PCURVE('',#4938,#7083);
#7083 = DEFINITIONAL_REPRESENTATION('',(#7084),#7088);
#7084 = LINE('',#7085,#7086);
#7085 = CARTESIAN_POINT('',(0.,0.));
#7086 = VECTOR('',#7087,1.);
#7087 = DIRECTION('',(1.,0.));
#7088 = ( GEOMETRIC_REPRESENTATION_CONTEXT(2) 
PARAMETRIC_REPRESENTATION_CONTEXT() REPRESENTATION_CONTEXT('2D SPACE',''
  ) );
#7089 = PCURVE('',#6855,#7090);
#7090 = DEFINITIONAL_REPRESENTATION('',(#7091),#7095);
#7091 = LINE('',#7092,#7093);
#7092 = CARTESIAN_POINT('',(-0.,20.));
#7093 = VECTOR('',#7094,1.);
#7094 = DIRECTION('',(-1.,0.));
#7095 = ( GEOMETRIC_REPRESENTATION_CONTEXT(2) 
PARAMETRIC_REPRESENTATION_CONTEXT() REPRESENTATION_CONTEXT('2D SPACE',''
  ) );
#7096 = ADVANCED_FACE('',(#7097),#4909,.F.);
#7097 = FACE_BOUND('',#7098,.F.);
#7098 = EDGE_LOOP('',(#7099,#7100,#7101,#7102));
#7099 = ORIENTED_EDGE('',*,*,#7048,.T.);
#7100 = ORIENTED_EDGE('',*,*,#4893,.T.);
#7101 = ORIENTED_EDGE('',*,*,#5156,.T.);
#7102 = ORIENTED_EDGE('',*,*,#7103,.T.);
#7103 = EDGE_CURVE('',#5157,#6998,#7104,.T.);
#7104 = SURFACE_CURVE('',#7105,(#7109,#7115),.PCURVE_S1.);
#7105 = LINE('',#7106,#7107);
#7106 = CARTESIAN_POINT('',(14.4,-44.73999337154,97.627973192862));
#7107 = VECTOR('',#7108,1.);
#7108 = DIRECTION('',(0.,-8.718919742862E-02,0.99619177062));
#7109 = PCURVE('',#4909,#7110);
#7110 = DEFINITIONAL_REPRESENTATION('',(#7111),#7114);
#7111 = B_SPLINE_CURVE_WITH_KNOTS('',1,(#7112,#7113),.UNSPECIFIED.,.F.,
  .F.,(2,2),(-17.43966109988,15.46033891867),.PIECEWISE_BEZIER_KNOTS.);
#7112 = CARTESIAN_POINT('',(34.878448925078,-20.9));
#7113 = CARTESIAN_POINT('',(1.978448906526,-20.9));
#7114 = ( GEOMETRIC_REPRESENTATION_CONTEXT(2) 
PARAMETRIC_REPRESENTATION_CONTEXT() REPRESENTATION_CONTEXT('2D SPACE',''
  ) );
#7115 = PCURVE('',#5205,#7116);
#7116 = DEFINITIONAL_REPRESENTATION('',(#7117),#7120);
#7117 = B_SPLINE_CURVE_WITH_KNOTS('',1,(#7118,#7119),.UNSPECIFIED.,.F.,
  .F.,(2,2),(-17.43966109988,15.46033891867),.PIECEWISE_BEZIER_KNOTS.);
#7118 = CARTESIAN_POINT('',(-4.624144338822E-14,-26.00384486621));
#7119 = CARTESIAN_POINT('',(32.9,-26.00274000124));
#7120 = ( GEOMETRIC_REPRESENTATION_CONTEXT(2) 
PARAMETRIC_REPRESENTATION_CONTEXT() REPRESENTATION_CONTEXT('2D SPACE',''
  ) );
#7121 = ADVANCED_FACE('',(#7122),#4780,.T.);
#7122 = FACE_BOUND('',#7123,.T.);
#7123 = EDGE_LOOP('',(#7124,#7151,#7152,#7153));
#7124 = ORIENTED_EDGE('',*,*,#7125,.T.);
#7125 = EDGE_CURVE('',#7126,#4730,#7128,.T.);
#7126 = VERTEX_POINT('',#7127);
#7127 = CARTESIAN_POINT('',(14.4,-69.77205603082,108.37167597328));
#7128 = SURFACE_CURVE('',#7129,(#7134,#7141),.PCURVE_S1.);
#7129 = CIRCLE('',#7130,3.320953920861);
#7130 = AXIS2_PLACEMENT_3D('',#7131,#7132,#7133);
#7131 = CARTESIAN_POINT('',(11.4,-69.64786925985,106.95276350579));
#7132 = DIRECTION('',(0.,0.99619177062,8.718919742862E-02));
#7133 = DIRECTION('',(0.,-8.718919742862E-02,0.99619177062));
#7134 = PCURVE('',#4780,#7135);
#7135 = DEFINITIONAL_REPRESENTATION('',(#7136),#7140);
#7136 = CIRCLE('',#7137,3.320953920861);
#7137 = AXIS2_PLACEMENT_2D('',#7138,#7139);
#7138 = CARTESIAN_POINT('',(5.977810744341,-17.9));
#7139 = DIRECTION('',(-1.,0.));
#7140 = ( GEOMETRIC_REPRESENTATION_CONTEXT(2) 
PARAMETRIC_REPRESENTATION_CONTEXT() REPRESENTATION_CONTEXT('2D SPACE',''
  ) );
#7141 = PCURVE('',#4746,#7142);
#7142 = DEFINITIONAL_REPRESENTATION('',(#7143),#7150);
#7143 = B_SPLINE_CURVE_WITH_KNOTS('',5,(#7144,#7145,#7146,#7147,#7148,
    #7149),.UNSPECIFIED.,.F.,.F.,(6,6),(1.052700107606,1.2039600555),
  .PIECEWISE_BEZIER_KNOTS.);
#7144 = CARTESIAN_POINT('',(1.047197551197,-0.277629224708));
#7145 = CARTESIAN_POINT('',(1.039730104043,-0.262503229927));
#7146 = CARTESIAN_POINT('',(1.032838486574,-0.247132684949));
#7147 = CARTESIAN_POINT('',(1.026515566908,-0.231544495294));
#7148 = CARTESIAN_POINT('',(1.020753847162,-0.215764321964));
#7149 = CARTESIAN_POINT('',(1.0155466266,-0.199816819157));
#7150 = ( GEOMETRIC_REPRESENTATION_CONTEXT(2) 
PARAMETRIC_REPRESENTATION_CONTEXT() REPRESENTATION_CONTEXT('2D SPACE',''
  ) );
#7151 = ORIENTED_EDGE('',*,*,#4764,.T.);
#7152 = ORIENTED_EDGE('',*,*,#5009,.T.);
#7153 = ORIENTED_EDGE('',*,*,#7154,.T.);
#7154 = EDGE_CURVE('',#5010,#7126,#7155,.T.);
#7155 = SURFACE_CURVE('',#7156,(#7160,#7166),.PCURVE_S1.);
#7156 = LINE('',#7157,#7158);
#7157 = CARTESIAN_POINT('',(14.4,-68.64859586642,95.535432454576));
#7158 = VECTOR('',#7159,1.);
#7159 = DIRECTION('',(0.,-8.718919742862E-02,0.99619177062));
#7160 = PCURVE('',#4780,#7161);
#7161 = DEFINITIONAL_REPRESENTATION('',(#7162),#7165);
#7162 = B_SPLINE_CURVE_WITH_KNOTS('',1,(#7163,#7164),.UNSPECIFIED.,.F.,
  .F.,(2,2),(-17.43885511936,15.461144899192),.PIECEWISE_BEZIER_KNOTS.);
#7163 = CARTESIAN_POINT('',(34.877642944556,-20.9));
#7164 = CARTESIAN_POINT('',(1.977642926004,-20.9));
#7165 = ( GEOMETRIC_REPRESENTATION_CONTEXT(2) 
PARAMETRIC_REPRESENTATION_CONTEXT() REPRESENTATION_CONTEXT('2D SPACE',''
  ) );
#7166 = PCURVE('',#5058,#7167);
#7167 = DEFINITIONAL_REPRESENTATION('',(#7168),#7171);
#7168 = B_SPLINE_CURVE_WITH_KNOTS('',1,(#7169,#7170),.UNSPECIFIED.,.F.,
  .F.,(2,2),(-17.43885511936,15.461144899192),.PIECEWISE_BEZIER_KNOTS.);
#7169 = CARTESIAN_POINT('',(-4.598072315992E-14,-2.003844852681));
#7170 = CARTESIAN_POINT('',(32.9,-2.002739987715));
#7171 = ( GEOMETRIC_REPRESENTATION_CONTEXT(2) 
PARAMETRIC_REPRESENTATION_CONTEXT() REPRESENTATION_CONTEXT('2D SPACE',''
  ) );
#7172 = ADVANCED_FACE('',(#7173),#4746,.T.);
#7173 = FACE_BOUND('',#7174,.T.);
#7174 = EDGE_LOOP('',(#7175,#7197,#7198,#7199,#7200,#7251));
#7175 = ORIENTED_EDGE('',*,*,#7176,.F.);
#7176 = EDGE_CURVE('',#6841,#7177,#7179,.T.);
#7177 = VERTEX_POINT('',#7178);
#7178 = CARTESIAN_POINT('',(17.4,-64.6697737813,107.38845888322));
#7179 = SURFACE_CURVE('',#7180,(#7185,#7191),.PCURVE_S1.);
#7180 = CIRCLE('',#7181,6.);
#7181 = AXIS2_PLACEMENT_3D('',#7182,#7183,#7184);
#7182 = CARTESIAN_POINT('',(11.4,-64.6697737813,107.38845888322));
#7183 = DIRECTION('',(-0.,0.996194698092,8.715574274766E-02));
#7184 = DIRECTION('',(1.,0.,0.));
#7185 = PCURVE('',#4746,#7186);
#7186 = DEFINITIONAL_REPRESENTATION('',(#7187),#7190);
#7187 = B_SPLINE_CURVE_WITH_KNOTS('',1,(#7188,#7189),.UNSPECIFIED.,.F.,
  .F.,(2,2),(4.712388980385,6.28318530718),.PIECEWISE_BEZIER_KNOTS.);
#7188 = CARTESIAN_POINT('',(0.,-1.570796326795));
#7189 = CARTESIAN_POINT('',(0.,0.));
#7190 = ( GEOMETRIC_REPRESENTATION_CONTEXT(2) 
PARAMETRIC_REPRESENTATION_CONTEXT() REPRESENTATION_CONTEXT('2D SPACE',''
  ) );
#7191 = PCURVE('',#6855,#7192);
#7192 = DEFINITIONAL_REPRESENTATION('',(#7193),#7196);
#7193 = B_SPLINE_CURVE_WITH_KNOTS('',1,(#7194,#7195),.UNSPECIFIED.,.F.,
  .F.,(2,2),(4.712388980385,6.28318530718),.PIECEWISE_BEZIER_KNOTS.);
#7194 = CARTESIAN_POINT('',(-1.570796326795,6.));
#7195 = CARTESIAN_POINT('',(0.,6.));
#7196 = ( GEOMETRIC_REPRESENTATION_CONTEXT(2) 
PARAMETRIC_REPRESENTATION_CONTEXT() REPRESENTATION_CONTEXT('2D SPACE',''
  ) );
#7197 = ORIENTED_EDGE('',*,*,#6866,.T.);
#7198 = ORIENTED_EDGE('',*,*,#4729,.T.);
#7199 = ORIENTED_EDGE('',*,*,#7125,.F.);
#7200 = ORIENTED_EDGE('',*,*,#7201,.T.);
#7201 = EDGE_CURVE('',#7126,#7202,#7204,.T.);
#7202 = VERTEX_POINT('',#7203);
#7203 = CARTESIAN_POINT('',(14.4,-69.84615327528,106.93558435939));
#7204 = SURFACE_CURVE('',#7205,(#7210,#7244),.PCURVE_S1.);
#7205 = CIRCLE('',#7206,5.196152422707);
#7206 = AXIS2_PLACEMENT_3D('',#7207,#7208,#7209);
#7207 = CARTESIAN_POINT('',(14.4,-64.6697737813,107.38845888322));
#7208 = DIRECTION('',(1.,0.,0.));
#7209 = DIRECTION('',(-0.,0.,1.));
#7210 = PCURVE('',#4746,#7211);
#7211 = DEFINITIONAL_REPRESENTATION('',(#7212),#7243);
#7212 = B_SPLINE_CURVE_WITH_KNOTS('',8,(#7213,#7214,#7215,#7216,#7217,
    #7218,#7219,#7220,#7221,#7222,#7223,#7224,#7225,#7226,#7227,#7228,
    #7229,#7230,#7231,#7232,#7233,#7234,#7235,#7236,#7237,#7238,#7239,
    #7240,#7241,#7242),.UNSPECIFIED.,.F.,.F.,(9,7,7,7,9),(
    8.726646259972E-02,0.283616003449,0.627227699935,1.142645244665,
    1.658062789395),.UNSPECIFIED.);
#7213 = CARTESIAN_POINT('',(-2.6645352591E-15,-1.047197551197));
#7214 = CARTESIAN_POINT('',(4.251092259924E-02,-1.047197551197));
#7215 = CARTESIAN_POINT('',(8.502171821785E-02,-1.046005166097));
#7216 = CARTESIAN_POINT('',(0.127259908503,-1.043620188793));
#7217 = CARTESIAN_POINT('',(0.168950911812,-1.040058286449));
#7218 = CARTESIAN_POINT('',(0.209843782657,-1.035349994544));
#7219 = CARTESIAN_POINT('',(0.249727715119,-1.029538454881));
#7220 = CARTESIAN_POINT('',(0.288439310249,-1.022675897585));
#7221 = CARTESIAN_POINT('',(0.391347877515,-1.001069063656));
#7222 = CARTESIAN_POINT('',(0.452883442512,-0.984273848543));
#7223 = CARTESIAN_POINT('',(0.509833382494,-0.964737286156));
#7224 = CARTESIAN_POINT('',(0.561986404003,-0.942810824056));
#7225 = CARTESIAN_POINT('',(0.609513983003,-0.918830815636));
#7226 = CARTESIAN_POINT('',(0.652709102068,-0.893086953194));
#7227 = CARTESIAN_POINT('',(0.691924625235,-0.865828307769));
#7228 = CARTESIAN_POINT('',(0.78090028793,-0.794419812214));
#7229 = CARTESIAN_POINT('',(0.826128879497,-0.748639022922));
#7230 = CARTESIAN_POINT('',(0.864399181266,-0.700632252379));
#7231 = CARTESIAN_POINT('',(0.896926739623,-0.650913508699));
#7232 = CARTESIAN_POINT('',(0.924607793936,-0.599844274464));
#7233 = CARTESIAN_POINT('',(0.948162811196,-0.547703079423));
#7234 = CARTESIAN_POINT('',(0.968136710355,-0.494703940899));
#7235 = CARTESIAN_POINT('',(1.001765872971,-0.387336647217));
#7236 = CARTESIAN_POINT('',(1.015421110905,-0.332968589433));
#7237 = CARTESIAN_POINT('',(1.026337589223,-0.278088679614));
#7238 = CARTESIAN_POINT('',(1.034809046702,-0.222829459378));
#7239 = CARTESIAN_POINT('',(1.041035251937,-0.167298727092));
#7240 = CARTESIAN_POINT('',(1.045143331463,-0.111591060213));
#7241 = CARTESIAN_POINT('',(1.047197551197,-5.57955859115E-02));
#7242 = CARTESIAN_POINT('',(1.047197551197,0.));
#7243 = ( GEOMETRIC_REPRESENTATION_CONTEXT(2) 
PARAMETRIC_REPRESENTATION_CONTEXT() REPRESENTATION_CONTEXT('2D SPACE',''
  ) );
#7244 = PCURVE('',#5058,#7245);
#7245 = DEFINITIONAL_REPRESENTATION('',(#7246),#7250);
#7246 = CIRCLE('',#7247,5.196152422707);
#7247 = AXIS2_PLACEMENT_2D('',#7248,#7249);
#7248 = CARTESIAN_POINT('',(28.9,-7.));
#7249 = DIRECTION('',(0.996194698092,-8.715574274766E-02));
#7250 = ( GEOMETRIC_REPRESENTATION_CONTEXT(2) 
PARAMETRIC_REPRESENTATION_CONTEXT() REPRESENTATION_CONTEXT('2D SPACE',''
  ) );
#7251 = ORIENTED_EDGE('',*,*,#7252,.F.);
#7252 = EDGE_CURVE('',#7177,#7202,#7253,.T.);
#7253 = SURFACE_CURVE('',#7254,(#7259,#7266),.PCURVE_S1.);
#7254 = CIRCLE('',#7255,6.);
#7255 = AXIS2_PLACEMENT_3D('',#7256,#7257,#7258);
#7256 = CARTESIAN_POINT('',(11.4,-64.6697737813,107.38845888322));
#7257 = DIRECTION('',(0.,8.715574274766E-02,-0.996194698092));
#7258 = DIRECTION('',(1.,0.,0.));
#7259 = PCURVE('',#4746,#7260);
#7260 = DEFINITIONAL_REPRESENTATION('',(#7261),#7265);
#7261 = LINE('',#7262,#7263);
#7262 = CARTESIAN_POINT('',(0.,0.));
#7263 = VECTOR('',#7264,1.);
#7264 = DIRECTION('',(1.,0.));
#7265 = ( GEOMETRIC_REPRESENTATION_CONTEXT(2) 
PARAMETRIC_REPRESENTATION_CONTEXT() REPRESENTATION_CONTEXT('2D SPACE',''
  ) );
#7266 = PCURVE('',#5085,#7267);
#7267 = DEFINITIONAL_REPRESENTATION('',(#7268),#7272);
#7268 = LINE('',#7269,#7270);
#7269 = CARTESIAN_POINT('',(-0.,32.2));
#7270 = VECTOR('',#7271,1.);
#7271 = DIRECTION('',(-1.,0.));
#7272 = ( GEOMETRIC_REPRESENTATION_CONTEXT(2) 
PARAMETRIC_REPRESENTATION_CONTEXT() REPRESENTATION_CONTEXT('2D SPACE',''
  ) );
#7273 = ADVANCED_FACE('',(#7274),#5085,.T.);
#7274 = FACE_BOUND('',#7275,.F.);
#7275 = EDGE_LOOP('',(#7276,#7297,#7298,#7317));
#7276 = ORIENTED_EDGE('',*,*,#7277,.F.);
#7277 = EDGE_CURVE('',#4986,#7177,#7278,.T.);
#7278 = SURFACE_CURVE('',#7279,(#7283,#7290),.PCURVE_S1.);
#7279 = LINE('',#7280,#7281);
#7280 = CARTESIAN_POINT('',(17.4,-61.86335886482,75.310989604673));
#7281 = VECTOR('',#7282,1.);
#7282 = DIRECTION('',(0.,-8.715574274766E-02,0.996194698092));
#7283 = PCURVE('',#5085,#7284);
#7284 = DEFINITIONAL_REPRESENTATION('',(#7285),#7289);
#7285 = LINE('',#7286,#7287);
#7286 = CARTESIAN_POINT('',(-0.,0.));
#7287 = VECTOR('',#7288,1.);
#7288 = DIRECTION('',(-0.,1.));
#7289 = ( GEOMETRIC_REPRESENTATION_CONTEXT(2) 
PARAMETRIC_REPRESENTATION_CONTEXT() REPRESENTATION_CONTEXT('2D SPACE',''
  ) );
#7290 = PCURVE('',#5138,#7291);
#7291 = DEFINITIONAL_REPRESENTATION('',(#7292),#7296);
#7292 = LINE('',#7293,#7294);
#7293 = CARTESIAN_POINT('',(0.,-6.));
#7294 = VECTOR('',#7295,1.);
#7295 = DIRECTION('',(1.,0.));
#7296 = ( GEOMETRIC_REPRESENTATION_CONTEXT(2) 
PARAMETRIC_REPRESENTATION_CONTEXT() REPRESENTATION_CONTEXT('2D SPACE',''
  ) );
#7297 = ORIENTED_EDGE('',*,*,#5070,.T.);
#7298 = ORIENTED_EDGE('',*,*,#7299,.T.);
#7299 = EDGE_CURVE('',#5037,#7202,#7300,.T.);
#7300 = SURFACE_CURVE('',#7301,(#7305,#7311),.PCURVE_S1.);
#7301 = LINE('',#7302,#7303);
#7302 = CARTESIAN_POINT('',(14.4,-67.0397383588,74.858115080842));
#7303 = VECTOR('',#7304,1.);
#7304 = DIRECTION('',(0.,-8.715574274766E-02,0.996194698092));
#7305 = PCURVE('',#5085,#7306);
#7306 = DEFINITIONAL_REPRESENTATION('',(#7307),#7310);
#7307 = B_SPLINE_CURVE_WITH_KNOTS('',1,(#7308,#7309),.UNSPECIFIED.,.F.,
  .F.,(2,2),(5.9999994,32.2000006),.PIECEWISE_BEZIER_KNOTS.);
#7308 = CARTESIAN_POINT('',(-1.047197551197,5.9999994));
#7309 = CARTESIAN_POINT('',(-1.047197551197,32.2000006));
#7310 = ( GEOMETRIC_REPRESENTATION_CONTEXT(2) 
PARAMETRIC_REPRESENTATION_CONTEXT() REPRESENTATION_CONTEXT('2D SPACE',''
  ) );
#7311 = PCURVE('',#5058,#7312);
#7312 = DEFINITIONAL_REPRESENTATION('',(#7313),#7316);
#7313 = B_SPLINE_CURVE_WITH_KNOTS('',1,(#7314,#7315),.UNSPECIFIED.,.F.,
  .F.,(2,2),(5.9999994,32.2000006),.PIECEWISE_BEZIER_KNOTS.);
#7314 = CARTESIAN_POINT('',(2.6999994,-1.803847577293));
#7315 = CARTESIAN_POINT('',(28.9000006,-1.803847577293));
#7316 = ( GEOMETRIC_REPRESENTATION_CONTEXT(2) 
PARAMETRIC_REPRESENTATION_CONTEXT() REPRESENTATION_CONTEXT('2D SPACE',''
  ) );
#7317 = ORIENTED_EDGE('',*,*,#7252,.F.);
#7318 = ADVANCED_FACE('',(#7319),#5058,.F.);
#7319 = FACE_BOUND('',#7320,.F.);
#7320 = EDGE_LOOP('',(#7321,#7322,#7323,#7324));
#7321 = ORIENTED_EDGE('',*,*,#7299,.F.);
#7322 = ORIENTED_EDGE('',*,*,#5036,.T.);
#7323 = ORIENTED_EDGE('',*,*,#7154,.T.);
#7324 = ORIENTED_EDGE('',*,*,#7201,.T.);
#7325 = ADVANCED_FACE('',(#7326),#5138,.T.);
#7326 = FACE_BOUND('',#7327,.T.);
#7327 = EDGE_LOOP('',(#7328,#7329,#7330,#7351));
#7328 = ORIENTED_EDGE('',*,*,#7277,.F.);
#7329 = ORIENTED_EDGE('',*,*,#5124,.T.);
#7330 = ORIENTED_EDGE('',*,*,#7331,.T.);
#7331 = EDGE_CURVE('',#5103,#6976,#7332,.T.);
#7332 = SURFACE_CURVE('',#7333,(#7337,#7344),.PCURVE_S1.);
#7333 = LINE('',#7334,#7335);
#7334 = CARTESIAN_POINT('',(17.4,-47.91663309154,76.53117000314));
#7335 = VECTOR('',#7336,1.);
#7336 = DIRECTION('',(0.,-8.715574274766E-02,0.996194698092));
#7337 = PCURVE('',#5138,#7338);
#7338 = DEFINITIONAL_REPRESENTATION('',(#7339),#7343);
#7339 = LINE('',#7340,#7341);
#7340 = CARTESIAN_POINT('',(0.,-20.));
#7341 = VECTOR('',#7342,1.);
#7342 = DIRECTION('',(1.,0.));
#7343 = ( GEOMETRIC_REPRESENTATION_CONTEXT(2) 
PARAMETRIC_REPRESENTATION_CONTEXT() REPRESENTATION_CONTEXT('2D SPACE',''
  ) );
#7344 = PCURVE('',#5232,#7345);
#7345 = DEFINITIONAL_REPRESENTATION('',(#7346),#7350);
#7346 = LINE('',#7347,#7348);
#7347 = CARTESIAN_POINT('',(0.,0.));
#7348 = VECTOR('',#7349,1.);
#7349 = DIRECTION('',(0.,1.));
#7350 = ( GEOMETRIC_REPRESENTATION_CONTEXT(2) 
PARAMETRIC_REPRESENTATION_CONTEXT() REPRESENTATION_CONTEXT('2D SPACE',''
  ) );
#7351 = ORIENTED_EDGE('',*,*,#7352,.F.);
#7352 = EDGE_CURVE('',#7177,#6976,#7353,.T.);
#7353 = SURFACE_CURVE('',#7354,(#7358,#7365),.PCURVE_S1.);
#7354 = LINE('',#7355,#7356);
#7355 = CARTESIAN_POINT('',(17.4,-70.64694196985,106.86552442674));
#7356 = VECTOR('',#7357,1.);
#7357 = DIRECTION('',(0.,0.996194698092,8.715574274766E-02));
#7358 = PCURVE('',#5138,#7359);
#7359 = DEFINITIONAL_REPRESENTATION('',(#7360),#7364);
#7360 = LINE('',#7361,#7362);
#7361 = CARTESIAN_POINT('',(32.2,0.));
#7362 = VECTOR('',#7363,1.);
#7363 = DIRECTION('',(0.,-1.));
#7364 = ( GEOMETRIC_REPRESENTATION_CONTEXT(2) 
PARAMETRIC_REPRESENTATION_CONTEXT() REPRESENTATION_CONTEXT('2D SPACE',''
  ) );
#7365 = PCURVE('',#6855,#7366);
#7366 = DEFINITIONAL_REPRESENTATION('',(#7367),#7371);
#7367 = LINE('',#7368,#7369);
#7368 = CARTESIAN_POINT('',(-0.,0.));
#7369 = VECTOR('',#7370,1.);
#7370 = DIRECTION('',(-0.,1.));
#7371 = ( GEOMETRIC_REPRESENTATION_CONTEXT(2) 
PARAMETRIC_REPRESENTATION_CONTEXT() REPRESENTATION_CONTEXT('2D SPACE',''
  ) );
#7372 = ADVANCED_FACE('',(#7373),#5232,.T.);
#7373 = FACE_BOUND('',#7374,.T.);
#7374 = EDGE_LOOP('',(#7375,#7376,#7377,#7396));
#7375 = ORIENTED_EDGE('',*,*,#7331,.F.);
#7376 = ORIENTED_EDGE('',*,*,#5217,.T.);
#7377 = ORIENTED_EDGE('',*,*,#7378,.T.);
#7378 = EDGE_CURVE('',#5184,#6974,#7379,.T.);
#7379 = SURFACE_CURVE('',#7380,(#7384,#7390),.PCURVE_S1.);
#7380 = LINE('',#7381,#7382);
#7381 = CARTESIAN_POINT('',(14.4,-42.74025359756,76.984044526971));
#7382 = VECTOR('',#7383,1.);
#7383 = DIRECTION('',(0.,-8.715574274766E-02,0.996194698092));
#7384 = PCURVE('',#5232,#7385);
#7385 = DEFINITIONAL_REPRESENTATION('',(#7386),#7389);
#7386 = B_SPLINE_CURVE_WITH_KNOTS('',1,(#7387,#7388),.UNSPECIFIED.,.F.,
  .F.,(2,2),(5.9999994,32.2000006),.PIECEWISE_BEZIER_KNOTS.);
#7387 = CARTESIAN_POINT('',(1.047197551197,5.9999994));
#7388 = CARTESIAN_POINT('',(1.047197551197,32.2000006));
#7389 = ( GEOMETRIC_REPRESENTATION_CONTEXT(2) 
PARAMETRIC_REPRESENTATION_CONTEXT() REPRESENTATION_CONTEXT('2D SPACE',''
  ) );
#7390 = PCURVE('',#5205,#7391);
#7391 = DEFINITIONAL_REPRESENTATION('',(#7392),#7395);
#7392 = B_SPLINE_CURVE_WITH_KNOTS('',1,(#7393,#7394),.UNSPECIFIED.,.F.,
  .F.,(2,2),(5.9999994,32.2000006),.PIECEWISE_BEZIER_KNOTS.);
#7393 = CARTESIAN_POINT('',(2.6999994,-26.1961524227));
#7394 = CARTESIAN_POINT('',(28.9000006,-26.1961524227));
#7395 = ( GEOMETRIC_REPRESENTATION_CONTEXT(2) 
PARAMETRIC_REPRESENTATION_CONTEXT() REPRESENTATION_CONTEXT('2D SPACE',''
  ) );
#7396 = ORIENTED_EDGE('',*,*,#6973,.T.);
#7397 = ADVANCED_FACE('',(#7398),#5205,.F.);
#7398 = FACE_BOUND('',#7399,.F.);
#7399 = EDGE_LOOP('',(#7400,#7401,#7402,#7403));
#7400 = ORIENTED_EDGE('',*,*,#7103,.F.);
#7401 = ORIENTED_EDGE('',*,*,#5183,.T.);
#7402 = ORIENTED_EDGE('',*,*,#7378,.T.);
#7403 = ORIENTED_EDGE('',*,*,#6997,.T.);
#7404 = ADVANCED_FACE('',(#7405),#5714,.T.);
#7405 = FACE_BOUND('',#7406,.T.);
#7406 = EDGE_LOOP('',(#7407));
#7407 = ORIENTED_EDGE('',*,*,#5694,.T.);
#7408 = ADVANCED_FACE('',(#7409),#5774,.T.);
#7409 = FACE_BOUND('',#7410,.T.);
#7410 = EDGE_LOOP('',(#7411));
#7411 = ORIENTED_EDGE('',*,*,#5754,.T.);
#7412 = ADVANCED_FACE('',(#7413),#5834,.T.);
#7413 = FACE_BOUND('',#7414,.T.);
#7414 = EDGE_LOOP('',(#7415));
#7415 = ORIENTED_EDGE('',*,*,#5814,.T.);
#7416 = ADVANCED_FACE('',(#7417),#5894,.T.);
#7417 = FACE_BOUND('',#7418,.T.);
#7418 = EDGE_LOOP('',(#7419));
#7419 = ORIENTED_EDGE('',*,*,#5874,.T.);
#7420 = ADVANCED_FACE('',(#7421),#5954,.T.);
#7421 = FACE_BOUND('',#7422,.T.);
#7422 = EDGE_LOOP('',(#7423));
#7423 = ORIENTED_EDGE('',*,*,#5934,.T.);
#7424 = ADVANCED_FACE('',(#7425),#6032,.T.);
#7425 = FACE_BOUND('',#7426,.T.);
#7426 = EDGE_LOOP('',(#7427));
#7427 = ORIENTED_EDGE('',*,*,#6010,.T.);
#7428 = ADVANCED_FACE('',(#7429),#6092,.T.);
#7429 = FACE_BOUND('',#7430,.T.);
#7430 = EDGE_LOOP('',(#7431));
#7431 = ORIENTED_EDGE('',*,*,#6070,.T.);
#7432 = ADVANCED_FACE('',(#7433),#6152,.T.);
#7433 = FACE_BOUND('',#7434,.T.);
#7434 = EDGE_LOOP('',(#7435));
#7435 = ORIENTED_EDGE('',*,*,#6130,.T.);
#7436 = ADVANCED_FACE('',(#7437),#6212,.T.);
#7437 = FACE_BOUND('',#7438,.T.);
#7438 = EDGE_LOOP('',(#7439));
#7439 = ORIENTED_EDGE('',*,*,#6190,.T.);
#7440 = ADVANCED_FACE('',(#7441),#6272,.T.);
#7441 = FACE_BOUND('',#7442,.T.);
#7442 = EDGE_LOOP('',(#7443));
#7443 = ORIENTED_EDGE('',*,*,#6250,.T.);
#7444 = ADVANCED_FACE('',(#7445),#6374,.T.);
#7445 = FACE_BOUND('',#7446,.T.);
#7446 = EDGE_LOOP('',(#7447,#7448,#7471,#7499,#7520,#7521));
#7447 = ORIENTED_EDGE('',*,*,#6356,.F.);
#7448 = ORIENTED_EDGE('',*,*,#7449,.T.);
#7449 = EDGE_CURVE('',#6357,#7450,#7452,.T.);
#7450 = VERTEX_POINT('',#7451);
#7451 = CARTESIAN_POINT('',(-9.4,-45.48670363282,117.59922867196));
#7452 = SURFACE_CURVE('',#7453,(#7457,#7464),.PCURVE_S1.);
#7453 = LINE('',#7454,#7455);
#7454 = CARTESIAN_POINT('',(-9.4,-45.09450279045,113.11635253054));
#7455 = VECTOR('',#7456,1.);
#7456 = DIRECTION('',(0.,-8.715574274766E-02,0.996194698092));
#7457 = PCURVE('',#6374,#7458);
#7458 = DEFINITIONAL_REPRESENTATION('',(#7459),#7463);
#7459 = LINE('',#7460,#7461);
#7460 = CARTESIAN_POINT('',(0.,0.));
#7461 = VECTOR('',#7462,1.);
#7462 = DIRECTION('',(1.,0.));
#7463 = ( GEOMETRIC_REPRESENTATION_CONTEXT(2) 
PARAMETRIC_REPRESENTATION_CONTEXT() REPRESENTATION_CONTEXT('2D SPACE',''
  ) );
#7464 = PCURVE('',#6402,#7465);
#7465 = DEFINITIONAL_REPRESENTATION('',(#7466),#7470);
#7466 = LINE('',#7467,#7468);
#7467 = CARTESIAN_POINT('',(0.,-26.));
#7468 = VECTOR('',#7469,1.);
#7469 = DIRECTION('',(1.,0.));
#7470 = ( GEOMETRIC_REPRESENTATION_CONTEXT(2) 
PARAMETRIC_REPRESENTATION_CONTEXT() REPRESENTATION_CONTEXT('2D SPACE',''
  ) );
#7471 = ORIENTED_EDGE('',*,*,#7472,.T.);
#7472 = EDGE_CURVE('',#7450,#7473,#7475,.T.);
#7473 = VERTEX_POINT('',#7474);
#7474 = CARTESIAN_POINT('',(17.4,-45.48670363282,117.59922867196));
#7475 = SURFACE_CURVE('',#7476,(#7480,#7487),.PCURVE_S1.);
#7476 = LINE('',#7477,#7478);
#7477 = CARTESIAN_POINT('',(-9.4,-45.48670363282,117.59922867196));
#7478 = VECTOR('',#7479,1.);
#7479 = DIRECTION('',(1.,0.,0.));
#7480 = PCURVE('',#6374,#7481);
#7481 = DEFINITIONAL_REPRESENTATION('',(#7482),#7486);
#7482 = LINE('',#7483,#7484);
#7483 = CARTESIAN_POINT('',(4.5,0.));
#7484 = VECTOR('',#7485,1.);
#7485 = DIRECTION('',(0.,1.));
#7486 = ( GEOMETRIC_REPRESENTATION_CONTEXT(2) 
PARAMETRIC_REPRESENTATION_CONTEXT() REPRESENTATION_CONTEXT('2D SPACE',''
  ) );
#7487 = PCURVE('',#7488,#7493);
#7488 = PLANE('',#7489);
#7489 = AXIS2_PLACEMENT_3D('',#7490,#7491,#7492);
#7490 = CARTESIAN_POINT('',(-9.4,-71.3877657832,115.33317936052));
#7491 = DIRECTION('',(0.,-8.715574274766E-02,0.996194698092));
#7492 = DIRECTION('',(1.,0.,0.));
#7493 = DEFINITIONAL_REPRESENTATION('',(#7494),#7498);
#7494 = LINE('',#7495,#7496);
#7495 = CARTESIAN_POINT('',(0.,26.));
#7496 = VECTOR('',#7497,1.);
#7497 = DIRECTION('',(1.,0.));
#7498 = ( GEOMETRIC_REPRESENTATION_CONTEXT(2) 
PARAMETRIC_REPRESENTATION_CONTEXT() REPRESENTATION_CONTEXT('2D SPACE',''
  ) );
#7499 = ORIENTED_EDGE('',*,*,#7500,.F.);
#7500 = EDGE_CURVE('',#6756,#7473,#7501,.T.);
#7501 = SURFACE_CURVE('',#7502,(#7506,#7513),.PCURVE_S1.);
#7502 = LINE('',#7503,#7504);
#7503 = CARTESIAN_POINT('',(17.4,-45.09450279045,113.11635253054));
#7504 = VECTOR('',#7505,1.);
#7505 = DIRECTION('',(0.,-8.715574274766E-02,0.996194698092));
#7506 = PCURVE('',#6374,#7507);
#7507 = DEFINITIONAL_REPRESENTATION('',(#7508),#7512);
#7508 = LINE('',#7509,#7510);
#7509 = CARTESIAN_POINT('',(0.,26.8));
#7510 = VECTOR('',#7511,1.);
#7511 = DIRECTION('',(1.,0.));
#7512 = ( GEOMETRIC_REPRESENTATION_CONTEXT(2) 
PARAMETRIC_REPRESENTATION_CONTEXT() REPRESENTATION_CONTEXT('2D SPACE',''
  ) );
#7513 = PCURVE('',#6958,#7514);
#7514 = DEFINITIONAL_REPRESENTATION('',(#7515),#7519);
#7515 = LINE('',#7516,#7517);
#7516 = CARTESIAN_POINT('',(0.,-26.));
#7517 = VECTOR('',#7518,1.);
#7518 = DIRECTION('',(1.,0.));
#7519 = ( GEOMETRIC_REPRESENTATION_CONTEXT(2) 
PARAMETRIC_REPRESENTATION_CONTEXT() REPRESENTATION_CONTEXT('2D SPACE',''
  ) );
#7520 = ORIENTED_EDGE('',*,*,#6753,.F.);
#7521 = ORIENTED_EDGE('',*,*,#7522,.F.);
#7522 = EDGE_CURVE('',#6359,#6754,#7523,.T.);
#7523 = SURFACE_CURVE('',#7524,(#7529,#7536),.PCURVE_S1.);
#7524 = ELLIPSE('',#7525,9.000000005075,9.);
#7525 = AXIS2_PLACEMENT_3D('',#7526,#7527,#7528);
#7526 = CARTESIAN_POINT('',(4.,-44.39538146541,105.12535921931));
#7527 = DIRECTION('',(0.,0.996194698092,8.715574274766E-02));
#7528 = DIRECTION('',(0.,8.715574274766E-02,-0.996194698092));
#7529 = PCURVE('',#6374,#7530);
#7530 = DEFINITIONAL_REPRESENTATION('',(#7531),#7535);
#7531 = ELLIPSE('',#7532,9.000000005075,9.);
#7532 = AXIS2_PLACEMENT_2D('',#7533,#7534);
#7533 = CARTESIAN_POINT('',(-8.021517607491,13.4));
#7534 = DIRECTION('',(-1.,0.));
#7535 = ( GEOMETRIC_REPRESENTATION_CONTEXT(2) 
PARAMETRIC_REPRESENTATION_CONTEXT() REPRESENTATION_CONTEXT('2D SPACE',''
  ) );
#7536 = PCURVE('',#6559,#7537);
#7537 = DEFINITIONAL_REPRESENTATION('',(#7538),#7545);
#7538 = B_SPLINE_CURVE_WITH_KNOTS('',5,(#7539,#7540,#7541,#7542,#7543,
    #7544),.UNSPECIFIED.,.F.,.F.,(6,6),(2.570442453729,3.712742853451),
  .PIECEWISE_BEZIER_KNOTS.);
#7539 = CARTESIAN_POINT('',(-4.141238780524,-0.997244886055));
#7540 = CARTESIAN_POINT('',(-4.369698860468,-0.997282214699));
#7541 = CARTESIAN_POINT('',(-4.598158940413,-0.997302974137));
#7542 = CARTESIAN_POINT('',(-4.826619020357,-0.997302974137));
#7543 = CARTESIAN_POINT('',(-5.055079100301,-0.997282214699));
#7544 = CARTESIAN_POINT('',(-5.283539180245,-0.997244886055));
#7545 = ( GEOMETRIC_REPRESENTATION_CONTEXT(2) 
PARAMETRIC_REPRESENTATION_CONTEXT() REPRESENTATION_CONTEXT('2D SPACE',''
  ) );
#7546 = ADVANCED_FACE('',(#7547),#6559,.F.);
#7547 = FACE_BOUND('',#7548,.T.);
#7548 = EDGE_LOOP('',(#7549,#7550,#7551,#7552));
#7549 = ORIENTED_EDGE('',*,*,#6621,.F.);
#7550 = ORIENTED_EDGE('',*,*,#6544,.F.);
#7551 = ORIENTED_EDGE('',*,*,#7522,.T.);
#7552 = ORIENTED_EDGE('',*,*,#6778,.F.);
#7553 = ADVANCED_FACE('',(#7554),#6459,.F.);
#7554 = FACE_BOUND('',#7555,.F.);
#7555 = EDGE_LOOP('',(#7556,#7557,#7558,#7583));
#7556 = ORIENTED_EDGE('',*,*,#6707,.F.);
#7557 = ORIENTED_EDGE('',*,*,#6442,.T.);
#7558 = ORIENTED_EDGE('',*,*,#7559,.T.);
#7559 = EDGE_CURVE('',#6415,#6895,#7560,.T.);
#7560 = SURFACE_CURVE('',#7561,(#7566,#7576),.PCURVE_S1.);
#7561 = ELLIPSE('',#7562,9.000000005075,9.);
#7562 = AXIS2_PLACEMENT_3D('',#7563,#7564,#7565);
#7563 = CARTESIAN_POINT('',(4.,-70.29636751614,102.85844008489));
#7564 = DIRECTION('',(0.,0.996194698092,8.715574274766E-02));
#7565 = DIRECTION('',(0.,-8.715574274766E-02,0.996194698092));
#7566 = PCURVE('',#6459,#7567);
#7567 = DEFINITIONAL_REPRESENTATION('',(#7568),#7575);
#7568 = B_SPLINE_CURVE_WITH_KNOTS('',5,(#7569,#7570,#7571,#7572,#7573,
    #7574),.UNSPECIFIED.,.F.,.F.,(6,6),(5.712214592552,6.854156021807),
  .PIECEWISE_BEZIER_KNOTS.);
#7569 = CARTESIAN_POINT('',(4.141418265757,-1.002755099284));
#7570 = CARTESIAN_POINT('',(4.369806551608,-1.002717792794));
#7571 = CARTESIAN_POINT('',(4.598194837459,-1.002697047035));
#7572 = CARTESIAN_POINT('',(4.82658312331,-1.002697047035));
#7573 = CARTESIAN_POINT('',(5.054971409161,-1.002717792794));
#7574 = CARTESIAN_POINT('',(5.283359695012,-1.002755099284));
#7575 = ( GEOMETRIC_REPRESENTATION_CONTEXT(2) 
PARAMETRIC_REPRESENTATION_CONTEXT() REPRESENTATION_CONTEXT('2D SPACE',''
  ) );
#7576 = PCURVE('',#6430,#7577);
#7577 = DEFINITIONAL_REPRESENTATION('',(#7578),#7582);
#7578 = ELLIPSE('',#7579,9.000000005075,9.);
#7579 = AXIS2_PLACEMENT_2D('',#7580,#7581);
#7580 = CARTESIAN_POINT('',(-8.022390753057,13.4));
#7581 = DIRECTION('',(1.,0.));
#7582 = ( GEOMETRIC_REPRESENTATION_CONTEXT(2) 
PARAMETRIC_REPRESENTATION_CONTEXT() REPRESENTATION_CONTEXT('2D SPACE',''
  ) );
#7583 = ORIENTED_EDGE('',*,*,#6894,.T.);
#7584 = ADVANCED_FACE('',(#7585),#6430,.F.);
#7585 = FACE_BOUND('',#7586,.F.);
#7586 = EDGE_LOOP('',(#7587,#7588,#7611,#7634,#7655,#7656));
#7587 = ORIENTED_EDGE('',*,*,#6414,.F.);
#7588 = ORIENTED_EDGE('',*,*,#7589,.T.);
#7589 = EDGE_CURVE('',#6387,#7590,#7592,.T.);
#7590 = VERTEX_POINT('',#7591);
#7591 = CARTESIAN_POINT('',(-9.4,-71.3877657832,115.33317936052));
#7592 = SURFACE_CURVE('',#7593,(#7597,#7604),.PCURVE_S1.);
#7593 = LINE('',#7594,#7595);
#7594 = CARTESIAN_POINT('',(-9.4,-70.99556494084,110.8503032191));
#7595 = VECTOR('',#7596,1.);
#7596 = DIRECTION('',(0.,-8.715574274766E-02,0.996194698092));
#7597 = PCURVE('',#6430,#7598);
#7598 = DEFINITIONAL_REPRESENTATION('',(#7599),#7603);
#7599 = LINE('',#7600,#7601);
#7600 = CARTESIAN_POINT('',(0.,0.));
#7601 = VECTOR('',#7602,1.);
#7602 = DIRECTION('',(1.,0.));
#7603 = ( GEOMETRIC_REPRESENTATION_CONTEXT(2) 
PARAMETRIC_REPRESENTATION_CONTEXT() REPRESENTATION_CONTEXT('2D SPACE',''
  ) );
#7604 = PCURVE('',#6402,#7605);
#7605 = DEFINITIONAL_REPRESENTATION('',(#7606),#7610);
#7606 = LINE('',#7607,#7608);
#7607 = CARTESIAN_POINT('',(0.,0.));
#7608 = VECTOR('',#7609,1.);
#7609 = DIRECTION('',(1.,0.));
#7610 = ( GEOMETRIC_REPRESENTATION_CONTEXT(2) 
PARAMETRIC_REPRESENTATION_CONTEXT() REPRESENTATION_CONTEXT('2D SPACE',''
  ) );
#7611 = ORIENTED_EDGE('',*,*,#7612,.T.);
#7612 = EDGE_CURVE('',#7590,#7613,#7615,.T.);
#7613 = VERTEX_POINT('',#7614);
#7614 = CARTESIAN_POINT('',(17.4,-71.3877657832,115.33317936052));
#7615 = SURFACE_CURVE('',#7616,(#7620,#7627),.PCURVE_S1.);
#7616 = LINE('',#7617,#7618);
#7617 = CARTESIAN_POINT('',(-9.4,-71.3877657832,115.33317936052));
#7618 = VECTOR('',#7619,1.);
#7619 = DIRECTION('',(1.,0.,0.));
#7620 = PCURVE('',#6430,#7621);
#7621 = DEFINITIONAL_REPRESENTATION('',(#7622),#7626);
#7622 = LINE('',#7623,#7624);
#7623 = CARTESIAN_POINT('',(4.5,0.));
#7624 = VECTOR('',#7625,1.);
#7625 = DIRECTION('',(0.,1.));
#7626 = ( GEOMETRIC_REPRESENTATION_CONTEXT(2) 
PARAMETRIC_REPRESENTATION_CONTEXT() REPRESENTATION_CONTEXT('2D SPACE',''
  ) );
#7627 = PCURVE('',#7488,#7628);
#7628 = DEFINITIONAL_REPRESENTATION('',(#7629),#7633);
#7629 = LINE('',#7630,#7631);
#7630 = CARTESIAN_POINT('',(0.,0.));
#7631 = VECTOR('',#7632,1.);
#7632 = DIRECTION('',(1.,0.));
#7633 = ( GEOMETRIC_REPRESENTATION_CONTEXT(2) 
PARAMETRIC_REPRESENTATION_CONTEXT() REPRESENTATION_CONTEXT('2D SPACE',''
  ) );
#7634 = ORIENTED_EDGE('',*,*,#7635,.F.);
#7635 = EDGE_CURVE('',#6922,#7613,#7636,.T.);
#7636 = SURFACE_CURVE('',#7637,(#7641,#7648),.PCURVE_S1.);
#7637 = LINE('',#7638,#7639);
#7638 = CARTESIAN_POINT('',(17.4,-70.99556494084,110.8503032191));
#7639 = VECTOR('',#7640,1.);
#7640 = DIRECTION('',(0.,-8.715574274766E-02,0.996194698092));
#7641 = PCURVE('',#6430,#7642);
#7642 = DEFINITIONAL_REPRESENTATION('',(#7643),#7647);
#7643 = LINE('',#7644,#7645);
#7644 = CARTESIAN_POINT('',(0.,26.8));
#7645 = VECTOR('',#7646,1.);
#7646 = DIRECTION('',(1.,0.));
#7647 = ( GEOMETRIC_REPRESENTATION_CONTEXT(2) 
PARAMETRIC_REPRESENTATION_CONTEXT() REPRESENTATION_CONTEXT('2D SPACE',''
  ) );
#7648 = PCURVE('',#6958,#7649);
#7649 = DEFINITIONAL_REPRESENTATION('',(#7650),#7654);
#7650 = LINE('',#7651,#7652);
#7651 = CARTESIAN_POINT('',(0.,0.));
#7652 = VECTOR('',#7653,1.);
#7653 = DIRECTION('',(1.,0.));
#7654 = ( GEOMETRIC_REPRESENTATION_CONTEXT(2) 
PARAMETRIC_REPRESENTATION_CONTEXT() REPRESENTATION_CONTEXT('2D SPACE',''
  ) );
#7655 = ORIENTED_EDGE('',*,*,#6921,.F.);
#7656 = ORIENTED_EDGE('',*,*,#7559,.F.);
#7657 = ADVANCED_FACE('',(#7658),#6402,.F.);
#7658 = FACE_BOUND('',#7659,.F.);
#7659 = EDGE_LOOP('',(#7660,#7661,#7662,#7663));
#7660 = ORIENTED_EDGE('',*,*,#7589,.F.);
#7661 = ORIENTED_EDGE('',*,*,#6386,.T.);
#7662 = ORIENTED_EDGE('',*,*,#7449,.T.);
#7663 = ORIENTED_EDGE('',*,*,#7664,.F.);
#7664 = EDGE_CURVE('',#7590,#7450,#7665,.T.);
#7665 = SURFACE_CURVE('',#7666,(#7670,#7677),.PCURVE_S1.);
#7666 = LINE('',#7667,#7668);
#7667 = CARTESIAN_POINT('',(-9.4,-71.3877657832,115.33317936052));
#7668 = VECTOR('',#7669,1.);
#7669 = DIRECTION('',(0.,0.996194698092,8.715574274766E-02));
#7670 = PCURVE('',#6402,#7671);
#7671 = DEFINITIONAL_REPRESENTATION('',(#7672),#7676);
#7672 = LINE('',#7673,#7674);
#7673 = CARTESIAN_POINT('',(4.5,0.));
#7674 = VECTOR('',#7675,1.);
#7675 = DIRECTION('',(0.,-1.));
#7676 = ( GEOMETRIC_REPRESENTATION_CONTEXT(2) 
PARAMETRIC_REPRESENTATION_CONTEXT() REPRESENTATION_CONTEXT('2D SPACE',''
  ) );
#7677 = PCURVE('',#7488,#7678);
#7678 = DEFINITIONAL_REPRESENTATION('',(#7679),#7683);
#7679 = LINE('',#7680,#7681);
#7680 = CARTESIAN_POINT('',(0.,0.));
#7681 = VECTOR('',#7682,1.);
#7682 = DIRECTION('',(0.,1.));
#7683 = ( GEOMETRIC_REPRESENTATION_CONTEXT(2) 
PARAMETRIC_REPRESENTATION_CONTEXT() REPRESENTATION_CONTEXT('2D SPACE',''
  ) );
#7684 = ADVANCED_FACE('',(#7685),#6958,.T.);
#7685 = FACE_BOUND('',#7686,.T.);
#7686 = EDGE_LOOP('',(#7687,#7688,#7689,#7690));
#7687 = ORIENTED_EDGE('',*,*,#7635,.F.);
#7688 = ORIENTED_EDGE('',*,*,#6944,.T.);
#7689 = ORIENTED_EDGE('',*,*,#7500,.T.);
#7690 = ORIENTED_EDGE('',*,*,#7691,.F.);
#7691 = EDGE_CURVE('',#7613,#7473,#7692,.T.);
#7692 = SURFACE_CURVE('',#7693,(#7697,#7704),.PCURVE_S1.);
#7693 = LINE('',#7694,#7695);
#7694 = CARTESIAN_POINT('',(17.4,-71.3877657832,115.33317936052));
#7695 = VECTOR('',#7696,1.);
#7696 = DIRECTION('',(0.,0.996194698092,8.715574274766E-02));
#7697 = PCURVE('',#6958,#7698);
#7698 = DEFINITIONAL_REPRESENTATION('',(#7699),#7703);
#7699 = LINE('',#7700,#7701);
#7700 = CARTESIAN_POINT('',(4.5,0.));
#7701 = VECTOR('',#7702,1.);
#7702 = DIRECTION('',(0.,-1.));
#7703 = ( GEOMETRIC_REPRESENTATION_CONTEXT(2) 
PARAMETRIC_REPRESENTATION_CONTEXT() REPRESENTATION_CONTEXT('2D SPACE',''
  ) );
#7704 = PCURVE('',#7488,#7705);
#7705 = DEFINITIONAL_REPRESENTATION('',(#7706),#7710);
#7706 = LINE('',#7707,#7708);
#7707 = CARTESIAN_POINT('',(26.8,0.));
#7708 = VECTOR('',#7709,1.);
#7709 = DIRECTION('',(0.,1.));
#7710 = ( GEOMETRIC_REPRESENTATION_CONTEXT(2) 
PARAMETRIC_REPRESENTATION_CONTEXT() REPRESENTATION_CONTEXT('2D SPACE',''
  ) );
#7711 = ADVANCED_FACE('',(#7712),#6855,.T.);
#7712 = FACE_BOUND('',#7713,.F.);
#7713 = EDGE_LOOP('',(#7714,#7715,#7716,#7717));
#7714 = ORIENTED_EDGE('',*,*,#7176,.F.);
#7715 = ORIENTED_EDGE('',*,*,#6840,.T.);
#7716 = ORIENTED_EDGE('',*,*,#7075,.F.);
#7717 = ORIENTED_EDGE('',*,*,#7352,.F.);
#7718 = ADVANCED_FACE('',(#7719),#7488,.T.);
#7719 = FACE_BOUND('',#7720,.T.);
#7720 = EDGE_LOOP('',(#7721,#7722,#7723,#7724));
#7721 = ORIENTED_EDGE('',*,*,#7664,.F.);
#7722 = ORIENTED_EDGE('',*,*,#7612,.T.);
#7723 = ORIENTED_EDGE('',*,*,#7691,.T.);
#7724 = ORIENTED_EDGE('',*,*,#7472,.F.);
#7725 = ( GEOMETRIC_REPRESENTATION_CONTEXT(3) 
GLOBAL_UNCERTAINTY_ASSIGNED_CONTEXT((#7729)) 
GLOBAL_UNIT_ASSIGNED_CONTEXT((#7726,#7727,#7728)) REPRESENTATION_CONTEXT
('Context #1','3D Context with UNIT and UNCERTAINTY') );
#7726 = ( LENGTH_UNIT() NAMED_UNIT(*) SI_UNIT(.MILLI.,.METRE.) );
#7727 = ( NAMED_UNIT(*) PLANE_ANGLE_UNIT() SI_UNIT($,.RADIAN.) );
#7728 = ( NAMED_UNIT(*) SI_UNIT($,.STERADIAN.) SOLID_ANGLE_UNIT() );
#7729 = UNCERTAINTY_MEASURE_WITH_UNIT(LENGTH_MEASURE(1.E-07),#7726,
  'distance_accuracy_value','confusion accuracy');
#7730 = PRODUCT_RELATED_PRODUCT_CATEGORY('part',$,(#7));
ENDSEC;
END-ISO-10303-21;
