ISO-10303-21;
HEADER;
FILE_DESCRIPTION(('Open CASCADE Model'),'2;1');
FILE_NAME('Open CASCADE Shape Model','2026-09-16T15:24:07',('Author'),(
    'Open CASCADE'),'Open CASCADE STEP processor 7.9','Open CASCADE 7.9'
  ,'Unknown');
FILE_SCHEMA(('AUTOMOTIVE_DESIGN { 1 0 10303 214 1 1 1 1 }'));
ENDSEC;
DATA;
#1 = APPLICATION_PROTOCOL_DEFINITION('international standard',
  'automotive_design',2000,#2);
#2 = APPLICATION_CONTEXT(
  'core data for automotive mechanical design processes');
#3 = SHAPE_DEFINITION_REPRESENTATION(#4,#10);
#4 = PRODUCT_DEFINITION_SHAPE('','',#5);
#5 = PRODUCT_DEFINITION('design','',#6,#9);
#6 = PRODUCT_DEFINITION_FORMATION('','',#7);
#7 = PRODUCT('Open CASCADE STEP translator 7.9 7',
  'Open CASCADE STEP translator 7.9 7','',(#8));
#8 = PRODUCT_CONTEXT('',#2,'mechanical');
#9 = PRODUCT_DEFINITION_CONTEXT('part definition',#2,'design');
#10 = ADVANCED_BREP_SHAPE_REPRESENTATION('',(#11,#15),#2126);
#11 = AXIS2_PLACEMENT_3D('',#12,#13,#14);
#12 = CARTESIAN_POINT('',(0.,0.,0.));
#13 = DIRECTION('',(0.,0.,1.));
#14 = DIRECTION('',(1.,0.,-0.));
#15 = MANIFOLD_SOLID_BREP('',#16);
#16 = CLOSED_SHELL('',(#17,#526,#585,#620,#679,#947,#1002,#1036,#1091,
    #1125,#1180,#1214,#1241,#1268,#1295,#1342,#1369,#1538,#1592,#1646,
    #1700,#1769,#1845,#1920,#1947,#1974,#2010,#2036,#2063,#2094,#2119));
#17 = ADVANCED_FACE('',(#18,#386,#421,#456,#491),#32,.F.);
#18 = FACE_BOUND('',#19,.F.);
#19 = EDGE_LOOP('',(#20,#55,#81,#107,#135,#163,#191,#219,#247,#275,#304,
    #332,#365));
#20 = ORIENTED_EDGE('',*,*,#21,.F.);
#21 = EDGE_CURVE('',#22,#24,#26,.T.);
#22 = VERTEX_POINT('',#23);
#23 = CARTESIAN_POINT('',(22.5,-4.5,110.5291117678));
#24 = VERTEX_POINT('',#25);
#25 = CARTESIAN_POINT('',(22.5,-4.5,89.5));
#26 = SURFACE_CURVE('',#27,(#31,#43),.PCURVE_S1.);
#27 = LINE('',#28,#29);
#28 = CARTESIAN_POINT('',(22.5,-4.5,115.5));
#29 = VECTOR('',#30,1.);
#30 = DIRECTION('',(0.,0.,-1.));
#31 = PCURVE('',#32,#37);
#32 = PLANE('',#33);
#33 = AXIS2_PLACEMENT_3D('',#34,#35,#36);
#34 = CARTESIAN_POINT('',(22.5,-4.5,117.5));
#35 = DIRECTION('',(1.,0.,0.));
#36 = DIRECTION('',(0.,0.,-1.));
#37 = DEFINITIONAL_REPRESENTATION('',(#38),#42);
#38 = LINE('',#39,#40);
#39 = CARTESIAN_POINT('',(2.,0.));
#40 = VECTOR('',#41,1.);
#41 = DIRECTION('',(1.,0.));
#42 = ( GEOMETRIC_REPRESENTATION_CONTEXT(2) 
PARAMETRIC_REPRESENTATION_CONTEXT() REPRESENTATION_CONTEXT('2D SPACE',''
  ) );
#43 = PCURVE('',#44,#49);
#44 = PLANE('',#45);
#45 = AXIS2_PLACEMENT_3D('',#46,#47,#48);
#46 = CARTESIAN_POINT('',(22.5,-4.5,117.5));
#47 = DIRECTION('',(0.,-1.,0.));
#48 = DIRECTION('',(0.,0.,-1.));
#49 = DEFINITIONAL_REPRESENTATION('',(#50),#54);
#50 = LINE('',#51,#52);
#51 = CARTESIAN_POINT('',(2.,0.));
#52 = VECTOR('',#53,1.);
#53 = DIRECTION('',(1.,0.));
#54 = ( GEOMETRIC_REPRESENTATION_CONTEXT(2) 
PARAMETRIC_REPRESENTATION_CONTEXT() REPRESENTATION_CONTEXT('2D SPACE',''
  ) );
#55 = ORIENTED_EDGE('',*,*,#56,.T.);
#56 = EDGE_CURVE('',#22,#57,#59,.T.);
#57 = VERTEX_POINT('',#58);
#58 = CARTESIAN_POINT('',(22.5,-17.5,115.2744822006));
#59 = SURFACE_CURVE('',#60,(#64,#70),.PCURVE_S1.);
#60 = LINE('',#61,#62);
#61 = CARTESIAN_POINT('',(22.5,-30.026975677,119.84718527675));
#62 = VECTOR('',#63,1.);
#63 = DIRECTION('',(0.,-0.939372712847,0.342897807455));
#64 = PCURVE('',#32,#65);
#65 = DEFINITIONAL_REPRESENTATION('',(#66),#69);
#66 = B_SPLINE_CURVE_WITH_KNOTS('',1,(#67,#68),.UNSPECIFIED.,.F.,.F.,(2,
    2),(-27.17449136842,-8.867283906415),.PIECEWISE_BEZIER_KNOTS.);
#67 = CARTESIAN_POINT('',(6.970888232194,6.961820075545E-15));
#68 = CARTESIAN_POINT('',(0.693386932837,-17.19729113825));
#69 = ( GEOMETRIC_REPRESENTATION_CONTEXT(2) 
PARAMETRIC_REPRESENTATION_CONTEXT() REPRESENTATION_CONTEXT('2D SPACE',''
  ) );
#70 = PCURVE('',#71,#76);
#71 = PLANE('',#72);
#72 = AXIS2_PLACEMENT_3D('',#73,#74,#75);
#73 = CARTESIAN_POINT('',(-60.,-53.30856660654,128.34562937102));
#74 = DIRECTION('',(0.,0.342897807455,0.939372712847));
#75 = DIRECTION('',(1.,0.,0.));
#76 = DEFINITIONAL_REPRESENTATION('',(#77),#80);
#77 = B_SPLINE_CURVE_WITH_KNOTS('',1,(#78,#79),.UNSPECIFIED.,.F.,.F.,(2,
    2),(-27.17449136842,-8.867283906415),.PIECEWISE_BEZIER_KNOTS.);
#78 = CARTESIAN_POINT('',(82.5,51.95868044602));
#79 = CARTESIAN_POINT('',(82.5,33.651472984007));
#80 = ( GEOMETRIC_REPRESENTATION_CONTEXT(2) 
PARAMETRIC_REPRESENTATION_CONTEXT() REPRESENTATION_CONTEXT('2D SPACE',''
  ) );
#81 = ORIENTED_EDGE('',*,*,#82,.T.);
#82 = EDGE_CURVE('',#57,#83,#85,.T.);
#83 = VERTEX_POINT('',#84);
#84 = CARTESIAN_POINT('',(22.5,-39.5,107.24385531433));
#85 = SURFACE_CURVE('',#86,(#90,#96),.PCURVE_S1.);
#86 = LINE('',#87,#88);
#87 = CARTESIAN_POINT('',(22.5,-33.42489040165,109.46144342694));
#88 = VECTOR('',#89,1.);
#89 = DIRECTION('',(0.,-0.939372712847,-0.342897807455));
#90 = PCURVE('',#32,#91);
#91 = DEFINITIONAL_REPRESENTATION('',(#92),#95);
#92 = B_SPLINE_CURVE_WITH_KNOTS('',1,(#93,#94),.UNSPECIFIED.,.F.,.F.,(2,
    2),(-26.35933032096,9.767272854384),.PIECEWISE_BEZIER_KNOTS.);
#93 = CARTESIAN_POINT('',(-1.,-4.163654769208));
#94 = CARTESIAN_POINT('',(11.387733019642,-38.1));
#95 = ( GEOMETRIC_REPRESENTATION_CONTEXT(2) 
PARAMETRIC_REPRESENTATION_CONTEXT() REPRESENTATION_CONTEXT('2D SPACE',''
  ) );
#96 = PCURVE('',#97,#102);
#97 = PLANE('',#98);
#98 = AXIS2_PLACEMENT_3D('',#99,#100,#101);
#99 = CARTESIAN_POINT('',(-60.,-61.53811398547,99.199315737312));
#100 = DIRECTION('',(0.,-0.342897807455,0.939372712847));
#101 = DIRECTION('',(1.,0.,0.));
#102 = DEFINITIONAL_REPRESENTATION('',(#103),#106);
#103 = B_SPLINE_CURVE_WITH_KNOTS('',1,(#104,#105),.UNSPECIFIED.,.F.,.F.,
  (2,2),(-26.35933032096,9.767272854384),.PIECEWISE_BEZIER_KNOTS.);
#104 = CARTESIAN_POINT('',(82.5,56.286986510392));
#105 = CARTESIAN_POINT('',(82.5,20.160383335039));
#106 = ( GEOMETRIC_REPRESENTATION_CONTEXT(2) 
PARAMETRIC_REPRESENTATION_CONTEXT() REPRESENTATION_CONTEXT('2D SPACE',''
  ) );
#107 = ORIENTED_EDGE('',*,*,#108,.F.);
#108 = EDGE_CURVE('',#109,#83,#111,.T.);
#109 = VERTEX_POINT('',#110);
#110 = CARTESIAN_POINT('',(22.5,-39.5,89.5));
#111 = SURFACE_CURVE('',#112,(#116,#123),.PCURVE_S1.);
#112 = LINE('',#113,#114);
#113 = CARTESIAN_POINT('',(22.5,-39.5,103.5));
#114 = VECTOR('',#115,1.);
#115 = DIRECTION('',(0.,0.,1.));
#116 = PCURVE('',#32,#117);
#117 = DEFINITIONAL_REPRESENTATION('',(#118),#122);
#118 = LINE('',#119,#120);
#119 = CARTESIAN_POINT('',(14.,-35.));
#120 = VECTOR('',#121,1.);
#121 = DIRECTION('',(-1.,0.));
#122 = ( GEOMETRIC_REPRESENTATION_CONTEXT(2) 
PARAMETRIC_REPRESENTATION_CONTEXT() REPRESENTATION_CONTEXT('2D SPACE',''
  ) );
#123 = PCURVE('',#124,#129);
#124 = PLANE('',#125);
#125 = AXIS2_PLACEMENT_3D('',#126,#127,#128);
#126 = CARTESIAN_POINT('',(-7.,-39.5,89.5));
#127 = DIRECTION('',(0.,1.,0.));
#128 = DIRECTION('',(0.,0.,1.));
#129 = DEFINITIONAL_REPRESENTATION('',(#130),#134);
#130 = LINE('',#131,#132);
#131 = CARTESIAN_POINT('',(14.,29.5));
#132 = VECTOR('',#133,1.);
#133 = DIRECTION('',(1.,0.));
#134 = ( GEOMETRIC_REPRESENTATION_CONTEXT(2) 
PARAMETRIC_REPRESENTATION_CONTEXT() REPRESENTATION_CONTEXT('2D SPACE',''
  ) );
#135 = ORIENTED_EDGE('',*,*,#136,.F.);
#136 = EDGE_CURVE('',#137,#109,#139,.T.);
#137 = VERTEX_POINT('',#138);
#138 = CARTESIAN_POINT('',(22.5,-42.6,89.5));
#139 = SURFACE_CURVE('',#140,(#144,#151),.PCURVE_S1.);
#140 = LINE('',#141,#142);
#141 = CARTESIAN_POINT('',(22.5,-42.6,89.5));
#142 = VECTOR('',#143,1.);
#143 = DIRECTION('',(0.,1.,0.));
#144 = PCURVE('',#32,#145);
#145 = DEFINITIONAL_REPRESENTATION('',(#146),#150);
#146 = LINE('',#147,#148);
#147 = CARTESIAN_POINT('',(28.,-38.1));
#148 = VECTOR('',#149,1.);
#149 = DIRECTION('',(0.,1.));
#150 = ( GEOMETRIC_REPRESENTATION_CONTEXT(2) 
PARAMETRIC_REPRESENTATION_CONTEXT() REPRESENTATION_CONTEXT('2D SPACE',''
  ) );
#151 = PCURVE('',#152,#157);
#152 = PLANE('',#153);
#153 = AXIS2_PLACEMENT_3D('',#154,#155,#156);
#154 = CARTESIAN_POINT('',(22.5,-42.6,89.5));
#155 = DIRECTION('',(0.,0.,1.));
#156 = DIRECTION('',(1.,0.,0.));
#157 = DEFINITIONAL_REPRESENTATION('',(#158),#162);
#158 = LINE('',#159,#160);
#159 = CARTESIAN_POINT('',(0.,7.105427357601E-15));
#160 = VECTOR('',#161,1.);
#161 = DIRECTION('',(0.,1.));
#162 = ( GEOMETRIC_REPRESENTATION_CONTEXT(2) 
PARAMETRIC_REPRESENTATION_CONTEXT() REPRESENTATION_CONTEXT('2D SPACE',''
  ) );
#163 = ORIENTED_EDGE('',*,*,#164,.F.);
#164 = EDGE_CURVE('',#165,#137,#167,.T.);
#165 = VERTEX_POINT('',#166);
#166 = CARTESIAN_POINT('',(22.5,-42.6,86.));
#167 = SURFACE_CURVE('',#168,(#172,#179),.PCURVE_S1.);
#168 = LINE('',#169,#170);
#169 = CARTESIAN_POINT('',(22.5,-42.6,86.));
#170 = VECTOR('',#171,1.);
#171 = DIRECTION('',(0.,0.,1.));
#172 = PCURVE('',#32,#173);
#173 = DEFINITIONAL_REPRESENTATION('',(#174),#178);
#174 = LINE('',#175,#176);
#175 = CARTESIAN_POINT('',(31.5,-38.1));
#176 = VECTOR('',#177,1.);
#177 = DIRECTION('',(-1.,0.));
#178 = ( GEOMETRIC_REPRESENTATION_CONTEXT(2) 
PARAMETRIC_REPRESENTATION_CONTEXT() REPRESENTATION_CONTEXT('2D SPACE',''
  ) );
#179 = PCURVE('',#180,#185);
#180 = PLANE('',#181);
#181 = AXIS2_PLACEMENT_3D('',#182,#183,#184);
#182 = CARTESIAN_POINT('',(22.5,-42.6,86.));
#183 = DIRECTION('',(0.,1.,0.));
#184 = DIRECTION('',(0.,0.,1.));
#185 = DEFINITIONAL_REPRESENTATION('',(#186),#190);
#186 = LINE('',#187,#188);
#187 = CARTESIAN_POINT('',(0.,0.));
#188 = VECTOR('',#189,1.);
#189 = DIRECTION('',(1.,0.));
#190 = ( GEOMETRIC_REPRESENTATION_CONTEXT(2) 
PARAMETRIC_REPRESENTATION_CONTEXT() REPRESENTATION_CONTEXT('2D SPACE',''
  ) );
#191 = ORIENTED_EDGE('',*,*,#192,.T.);
#192 = EDGE_CURVE('',#165,#193,#195,.T.);
#193 = VERTEX_POINT('',#194);
#194 = CARTESIAN_POINT('',(22.5,-26.5,86.));
#195 = SURFACE_CURVE('',#196,(#200,#207),.PCURVE_S1.);
#196 = LINE('',#197,#198);
#197 = CARTESIAN_POINT('',(22.5,-42.6,86.));
#198 = VECTOR('',#199,1.);
#199 = DIRECTION('',(0.,1.,0.));
#200 = PCURVE('',#32,#201);
#201 = DEFINITIONAL_REPRESENTATION('',(#202),#206);
#202 = LINE('',#203,#204);
#203 = CARTESIAN_POINT('',(31.5,-38.1));
#204 = VECTOR('',#205,1.);
#205 = DIRECTION('',(0.,1.));
#206 = ( GEOMETRIC_REPRESENTATION_CONTEXT(2) 
PARAMETRIC_REPRESENTATION_CONTEXT() REPRESENTATION_CONTEXT('2D SPACE',''
  ) );
#207 = PCURVE('',#208,#213);
#208 = PLANE('',#209);
#209 = AXIS2_PLACEMENT_3D('',#210,#211,#212);
#210 = CARTESIAN_POINT('',(22.5,-42.6,86.));
#211 = DIRECTION('',(0.,0.,1.));
#212 = DIRECTION('',(1.,0.,0.));
#213 = DEFINITIONAL_REPRESENTATION('',(#214),#218);
#214 = LINE('',#215,#216);
#215 = CARTESIAN_POINT('',(0.,0.));
#216 = VECTOR('',#217,1.);
#217 = DIRECTION('',(0.,1.));
#218 = ( GEOMETRIC_REPRESENTATION_CONTEXT(2) 
PARAMETRIC_REPRESENTATION_CONTEXT() REPRESENTATION_CONTEXT('2D SPACE',''
  ) );
#219 = ORIENTED_EDGE('',*,*,#220,.T.);
#220 = EDGE_CURVE('',#193,#221,#223,.T.);
#221 = VERTEX_POINT('',#222);
#222 = CARTESIAN_POINT('',(22.5,-26.5,89.5));
#223 = SURFACE_CURVE('',#224,(#228,#235),.PCURVE_S1.);
#224 = LINE('',#225,#226);
#225 = CARTESIAN_POINT('',(22.5,-26.5,86.));
#226 = VECTOR('',#227,1.);
#227 = DIRECTION('',(0.,0.,1.));
#228 = PCURVE('',#32,#229);
#229 = DEFINITIONAL_REPRESENTATION('',(#230),#234);
#230 = LINE('',#231,#232);
#231 = CARTESIAN_POINT('',(31.5,-22.));
#232 = VECTOR('',#233,1.);
#233 = DIRECTION('',(-1.,0.));
#234 = ( GEOMETRIC_REPRESENTATION_CONTEXT(2) 
PARAMETRIC_REPRESENTATION_CONTEXT() REPRESENTATION_CONTEXT('2D SPACE',''
  ) );
#235 = PCURVE('',#236,#241);
#236 = PLANE('',#237);
#237 = AXIS2_PLACEMENT_3D('',#238,#239,#240);
#238 = CARTESIAN_POINT('',(22.5,-26.5,86.));
#239 = DIRECTION('',(0.,1.,0.));
#240 = DIRECTION('',(0.,0.,1.));
#241 = DEFINITIONAL_REPRESENTATION('',(#242),#246);
#242 = LINE('',#243,#244);
#243 = CARTESIAN_POINT('',(0.,0.));
#244 = VECTOR('',#245,1.);
#245 = DIRECTION('',(1.,0.));
#246 = ( GEOMETRIC_REPRESENTATION_CONTEXT(2) 
PARAMETRIC_REPRESENTATION_CONTEXT() REPRESENTATION_CONTEXT('2D SPACE',''
  ) );
#247 = ORIENTED_EDGE('',*,*,#248,.T.);
#248 = EDGE_CURVE('',#221,#249,#251,.T.);
#249 = VERTEX_POINT('',#250);
#250 = CARTESIAN_POINT('',(22.5,-24.43531587727,89.5));
#251 = SURFACE_CURVE('',#252,(#256,#263),.PCURVE_S1.);
#252 = LINE('',#253,#254);
#253 = CARTESIAN_POINT('',(22.5,-42.6,89.5));
#254 = VECTOR('',#255,1.);
#255 = DIRECTION('',(0.,1.,0.));
#256 = PCURVE('',#32,#257);
#257 = DEFINITIONAL_REPRESENTATION('',(#258),#262);
#258 = LINE('',#259,#260);
#259 = CARTESIAN_POINT('',(28.,-38.1));
#260 = VECTOR('',#261,1.);
#261 = DIRECTION('',(0.,1.));
#262 = ( GEOMETRIC_REPRESENTATION_CONTEXT(2) 
PARAMETRIC_REPRESENTATION_CONTEXT() REPRESENTATION_CONTEXT('2D SPACE',''
  ) );
#263 = PCURVE('',#264,#269);
#264 = PLANE('',#265);
#265 = AXIS2_PLACEMENT_3D('',#266,#267,#268);
#266 = CARTESIAN_POINT('',(22.5,-42.6,89.5));
#267 = DIRECTION('',(0.,0.,1.));
#268 = DIRECTION('',(1.,0.,0.));
#269 = DEFINITIONAL_REPRESENTATION('',(#270),#274);
#270 = LINE('',#271,#272);
#271 = CARTESIAN_POINT('',(0.,0.));
#272 = VECTOR('',#273,1.);
#273 = DIRECTION('',(0.,1.));
#274 = ( GEOMETRIC_REPRESENTATION_CONTEXT(2) 
PARAMETRIC_REPRESENTATION_CONTEXT() REPRESENTATION_CONTEXT('2D SPACE',''
  ) );
#275 = ORIENTED_EDGE('',*,*,#276,.T.);
#276 = EDGE_CURVE('',#249,#277,#279,.T.);
#277 = VERTEX_POINT('',#278);
#278 = CARTESIAN_POINT('',(22.5,-17.51,87.5));
#279 = SURFACE_CURVE('',#280,(#285,#292),.PCURVE_S1.);
#280 = CIRCLE('',#281,12.99);
#281 = AXIS2_PLACEMENT_3D('',#282,#283,#284);
#282 = CARTESIAN_POINT('',(22.5,-17.51,100.49));
#283 = DIRECTION('',(1.,-0.,0.));
#284 = DIRECTION('',(0.,0.,-1.));
#285 = PCURVE('',#32,#286);
#286 = DEFINITIONAL_REPRESENTATION('',(#287),#291);
#287 = CIRCLE('',#288,12.99);
#288 = AXIS2_PLACEMENT_2D('',#289,#290);
#289 = CARTESIAN_POINT('',(17.01,-13.01));
#290 = DIRECTION('',(1.,0.));
#291 = ( GEOMETRIC_REPRESENTATION_CONTEXT(2) 
PARAMETRIC_REPRESENTATION_CONTEXT() REPRESENTATION_CONTEXT('2D SPACE',''
  ) );
#292 = PCURVE('',#293,#298);
#293 = CYLINDRICAL_SURFACE('',#294,12.99);
#294 = AXIS2_PLACEMENT_3D('',#295,#296,#297);
#295 = CARTESIAN_POINT('',(22.5,-17.51,100.49));
#296 = DIRECTION('',(1.,0.,0.));
#297 = DIRECTION('',(0.,-1.,0.));
#298 = DEFINITIONAL_REPRESENTATION('',(#299),#303);
#299 = LINE('',#300,#301);
#300 = CARTESIAN_POINT('',(-4.712388980385,0.));
#301 = VECTOR('',#302,1.);
#302 = DIRECTION('',(1.,0.));
#303 = ( GEOMETRIC_REPRESENTATION_CONTEXT(2) 
PARAMETRIC_REPRESENTATION_CONTEXT() REPRESENTATION_CONTEXT('2D SPACE',''
  ) );
#304 = ORIENTED_EDGE('',*,*,#305,.F.);
#305 = EDGE_CURVE('',#306,#277,#308,.T.);
#306 = VERTEX_POINT('',#307);
#307 = CARTESIAN_POINT('',(22.5,-17.49,87.5));
#308 = SURFACE_CURVE('',#309,(#313,#320),.PCURVE_S1.);
#309 = LINE('',#310,#311);
#310 = CARTESIAN_POINT('',(22.5,-4.5,87.5));
#311 = VECTOR('',#312,1.);
#312 = DIRECTION('',(0.,-1.,0.));
#313 = PCURVE('',#32,#314);
#314 = DEFINITIONAL_REPRESENTATION('',(#315),#319);
#315 = LINE('',#316,#317);
#316 = CARTESIAN_POINT('',(30.,0.));
#317 = VECTOR('',#318,1.);
#318 = DIRECTION('',(0.,-1.));
#319 = ( GEOMETRIC_REPRESENTATION_CONTEXT(2) 
PARAMETRIC_REPRESENTATION_CONTEXT() REPRESENTATION_CONTEXT('2D SPACE',''
  ) );
#320 = PCURVE('',#321,#326);
#321 = PLANE('',#322);
#322 = AXIS2_PLACEMENT_3D('',#323,#324,#325);
#323 = CARTESIAN_POINT('',(22.5,-4.5,87.5));
#324 = DIRECTION('',(0.,0.,-1.));
#325 = DIRECTION('',(1.,0.,0.));
#326 = DEFINITIONAL_REPRESENTATION('',(#327),#331);
#327 = LINE('',#328,#329);
#328 = CARTESIAN_POINT('',(0.,0.));
#329 = VECTOR('',#330,1.);
#330 = DIRECTION('',(0.,1.));
#331 = ( GEOMETRIC_REPRESENTATION_CONTEXT(2) 
PARAMETRIC_REPRESENTATION_CONTEXT() REPRESENTATION_CONTEXT('2D SPACE',''
  ) );
#332 = ORIENTED_EDGE('',*,*,#333,.F.);
#333 = EDGE_CURVE('',#334,#306,#336,.T.);
#334 = VERTEX_POINT('',#335);
#335 = CARTESIAN_POINT('',(22.5,-10.56468412272,89.5));
#336 = SURFACE_CURVE('',#337,(#342,#353),.PCURVE_S1.);
#337 = CIRCLE('',#338,12.99);
#338 = AXIS2_PLACEMENT_3D('',#339,#340,#341);
#339 = CARTESIAN_POINT('',(22.5,-17.49,100.49));
#340 = DIRECTION('',(-1.,-0.,-0.));
#341 = DIRECTION('',(0.,0.,-1.));
#342 = PCURVE('',#32,#343);
#343 = DEFINITIONAL_REPRESENTATION('',(#344),#352);
#344 = ( BOUNDED_CURVE() B_SPLINE_CURVE(2,(#345,#346,#347,#348,#349,#350
,#351),.UNSPECIFIED.,.T.,.F.) B_SPLINE_CURVE_WITH_KNOTS((1,2,2,2,2,1),(
    -2.094395102393,0.,2.094395102393,4.188790204786,6.28318530718,
8.377580409573),.UNSPECIFIED.) CURVE() GEOMETRIC_REPRESENTATION_ITEM() 
RATIONAL_B_SPLINE_CURVE((1.,0.5,1.,0.5,1.,0.5,1.)) REPRESENTATION_ITEM(
  '') );
#345 = CARTESIAN_POINT('',(30.,-12.99));
#346 = CARTESIAN_POINT('',(30.,-35.48933999032));
#347 = CARTESIAN_POINT('',(10.515,-24.23966999516));
#348 = CARTESIAN_POINT('',(-8.97,-12.99));
#349 = CARTESIAN_POINT('',(10.515,-1.74033000484));
#350 = CARTESIAN_POINT('',(30.,9.50933999032));
#351 = CARTESIAN_POINT('',(30.,-12.99));
#352 = ( GEOMETRIC_REPRESENTATION_CONTEXT(2) 
PARAMETRIC_REPRESENTATION_CONTEXT() REPRESENTATION_CONTEXT('2D SPACE',''
  ) );
#353 = PCURVE('',#354,#359);
#354 = CYLINDRICAL_SURFACE('',#355,12.99);
#355 = AXIS2_PLACEMENT_3D('',#356,#357,#358);
#356 = CARTESIAN_POINT('',(22.5,-17.49,100.49));
#357 = DIRECTION('',(1.,0.,0.));
#358 = DIRECTION('',(0.,1.,0.));
#359 = DEFINITIONAL_REPRESENTATION('',(#360),#364);
#360 = LINE('',#361,#362);
#361 = CARTESIAN_POINT('',(4.712388980385,-0.));
#362 = VECTOR('',#363,1.);
#363 = DIRECTION('',(-1.,0.));
#364 = ( GEOMETRIC_REPRESENTATION_CONTEXT(2) 
PARAMETRIC_REPRESENTATION_CONTEXT() REPRESENTATION_CONTEXT('2D SPACE',''
  ) );
#365 = ORIENTED_EDGE('',*,*,#366,.T.);
#366 = EDGE_CURVE('',#334,#24,#367,.T.);
#367 = SURFACE_CURVE('',#368,(#372,#379),.PCURVE_S1.);
#368 = LINE('',#369,#370);
#369 = CARTESIAN_POINT('',(22.5,-42.6,89.5));
#370 = VECTOR('',#371,1.);
#371 = DIRECTION('',(0.,1.,0.));
#372 = PCURVE('',#32,#373);
#373 = DEFINITIONAL_REPRESENTATION('',(#374),#378);
#374 = LINE('',#375,#376);
#375 = CARTESIAN_POINT('',(28.,-38.1));
#376 = VECTOR('',#377,1.);
#377 = DIRECTION('',(0.,1.));
#378 = ( GEOMETRIC_REPRESENTATION_CONTEXT(2) 
PARAMETRIC_REPRESENTATION_CONTEXT() REPRESENTATION_CONTEXT('2D SPACE',''
  ) );
#379 = PCURVE('',#264,#380);
#380 = DEFINITIONAL_REPRESENTATION('',(#381),#385);
#381 = LINE('',#382,#383);
#382 = CARTESIAN_POINT('',(0.,0.));
#383 = VECTOR('',#384,1.);
#384 = DIRECTION('',(0.,1.));
#385 = ( GEOMETRIC_REPRESENTATION_CONTEXT(2) 
PARAMETRIC_REPRESENTATION_CONTEXT() REPRESENTATION_CONTEXT('2D SPACE',''
  ) );
#386 = FACE_BOUND('',#387,.F.);
#387 = EDGE_LOOP('',(#388));
#388 = ORIENTED_EDGE('',*,*,#389,.T.);
#389 = EDGE_CURVE('',#390,#390,#392,.T.);
#390 = VERTEX_POINT('',#391);
#391 = CARTESIAN_POINT('',(22.5,-24.6,102.5));
#392 = SURFACE_CURVE('',#393,(#398,#409),.PCURVE_S1.);
#393 = CIRCLE('',#394,1.1);
#394 = AXIS2_PLACEMENT_3D('',#395,#396,#397);
#395 = CARTESIAN_POINT('',(22.5,-23.5,102.5));
#396 = DIRECTION('',(-1.,0.,0.));
#397 = DIRECTION('',(0.,-1.,0.));
#398 = PCURVE('',#32,#399);
#399 = DEFINITIONAL_REPRESENTATION('',(#400),#408);
#400 = ( BOUNDED_CURVE() B_SPLINE_CURVE(2,(#401,#402,#403,#404,#405,#406
,#407),.UNSPECIFIED.,.T.,.F.) B_SPLINE_CURVE_WITH_KNOTS((1,2,2,2,2,1),(
    -2.094395102393,0.,2.094395102393,4.188790204786,6.28318530718,
8.377580409573),.UNSPECIFIED.) CURVE() GEOMETRIC_REPRESENTATION_ITEM() 
RATIONAL_B_SPLINE_CURVE((1.,0.5,1.,0.5,1.,0.5,1.)) REPRESENTATION_ITEM(
  '') );
#401 = CARTESIAN_POINT('',(15.,-20.1));
#402 = CARTESIAN_POINT('',(13.094744111674,-20.1));
#403 = CARTESIAN_POINT('',(14.047372055837,-18.45));
#404 = CARTESIAN_POINT('',(15.,-16.8));
#405 = CARTESIAN_POINT('',(15.952627944163,-18.45));
#406 = CARTESIAN_POINT('',(16.905255888326,-20.1));
#407 = CARTESIAN_POINT('',(15.,-20.1));
#408 = ( GEOMETRIC_REPRESENTATION_CONTEXT(2) 
PARAMETRIC_REPRESENTATION_CONTEXT() REPRESENTATION_CONTEXT('2D SPACE',''
  ) );
#409 = PCURVE('',#410,#415);
#410 = CYLINDRICAL_SURFACE('',#411,1.1);
#411 = AXIS2_PLACEMENT_3D('',#412,#413,#414);
#412 = CARTESIAN_POINT('',(22.4,-23.5,102.5));
#413 = DIRECTION('',(-1.,0.,0.));
#414 = DIRECTION('',(0.,-1.,0.));
#415 = DEFINITIONAL_REPRESENTATION('',(#416),#420);
#416 = LINE('',#417,#418);
#417 = CARTESIAN_POINT('',(-6.28318530718,-0.1));
#418 = VECTOR('',#419,1.);
#419 = DIRECTION('',(1.,-0.));
#420 = ( GEOMETRIC_REPRESENTATION_CONTEXT(2) 
PARAMETRIC_REPRESENTATION_CONTEXT() REPRESENTATION_CONTEXT('2D SPACE',''
  ) );
#421 = FACE_BOUND('',#422,.F.);
#422 = EDGE_LOOP('',(#423));
#423 = ORIENTED_EDGE('',*,*,#424,.T.);
#424 = EDGE_CURVE('',#425,#425,#427,.T.);
#425 = VERTEX_POINT('',#426);
#426 = CARTESIAN_POINT('',(22.5,-18.6,108.5));
#427 = SURFACE_CURVE('',#428,(#433,#444),.PCURVE_S1.);
#428 = CIRCLE('',#429,1.1);
#429 = AXIS2_PLACEMENT_3D('',#430,#431,#432);
#430 = CARTESIAN_POINT('',(22.5,-17.5,108.5));
#431 = DIRECTION('',(-1.,0.,0.));
#432 = DIRECTION('',(0.,-1.,0.));
#433 = PCURVE('',#32,#434);
#434 = DEFINITIONAL_REPRESENTATION('',(#435),#443);
#435 = ( BOUNDED_CURVE() B_SPLINE_CURVE(2,(#436,#437,#438,#439,#440,#441
,#442),.UNSPECIFIED.,.T.,.F.) B_SPLINE_CURVE_WITH_KNOTS((1,2,2,2,2,1),(
    -2.094395102393,0.,2.094395102393,4.188790204786,6.28318530718,
8.377580409573),.UNSPECIFIED.) CURVE() GEOMETRIC_REPRESENTATION_ITEM() 
RATIONAL_B_SPLINE_CURVE((1.,0.5,1.,0.5,1.,0.5,1.)) REPRESENTATION_ITEM(
  '') );
#436 = CARTESIAN_POINT('',(9.,-14.1));
#437 = CARTESIAN_POINT('',(7.094744111674,-14.1));
#438 = CARTESIAN_POINT('',(8.047372055837,-12.45));
#439 = CARTESIAN_POINT('',(9.,-10.8));
#440 = CARTESIAN_POINT('',(9.952627944163,-12.45));
#441 = CARTESIAN_POINT('',(10.905255888326,-14.1));
#442 = CARTESIAN_POINT('',(9.,-14.1));
#443 = ( GEOMETRIC_REPRESENTATION_CONTEXT(2) 
PARAMETRIC_REPRESENTATION_CONTEXT() REPRESENTATION_CONTEXT('2D SPACE',''
  ) );
#444 = PCURVE('',#445,#450);
#445 = CYLINDRICAL_SURFACE('',#446,1.1);
#446 = AXIS2_PLACEMENT_3D('',#447,#448,#449);
#447 = CARTESIAN_POINT('',(22.4,-17.5,108.5));
#448 = DIRECTION('',(-1.,0.,0.));
#449 = DIRECTION('',(0.,-1.,0.));
#450 = DEFINITIONAL_REPRESENTATION('',(#451),#455);
#451 = LINE('',#452,#453);
#452 = CARTESIAN_POINT('',(-6.28318530718,-0.1));
#453 = VECTOR('',#454,1.);
#454 = DIRECTION('',(1.,-0.));
#455 = ( GEOMETRIC_REPRESENTATION_CONTEXT(2) 
PARAMETRIC_REPRESENTATION_CONTEXT() REPRESENTATION_CONTEXT('2D SPACE',''
  ) );
#456 = FACE_BOUND('',#457,.F.);
#457 = EDGE_LOOP('',(#458));
#458 = ORIENTED_EDGE('',*,*,#459,.T.);
#459 = EDGE_CURVE('',#460,#460,#462,.T.);
#460 = VERTEX_POINT('',#461);
#461 = CARTESIAN_POINT('',(22.5,-12.6,102.5));
#462 = SURFACE_CURVE('',#463,(#468,#479),.PCURVE_S1.);
#463 = CIRCLE('',#464,1.1);
#464 = AXIS2_PLACEMENT_3D('',#465,#466,#467);
#465 = CARTESIAN_POINT('',(22.5,-11.5,102.5));
#466 = DIRECTION('',(-1.,0.,0.));
#467 = DIRECTION('',(0.,-1.,0.));
#468 = PCURVE('',#32,#469);
#469 = DEFINITIONAL_REPRESENTATION('',(#470),#478);
#470 = ( BOUNDED_CURVE() B_SPLINE_CURVE(2,(#471,#472,#473,#474,#475,#476
,#477),.UNSPECIFIED.,.T.,.F.) B_SPLINE_CURVE_WITH_KNOTS((1,2,2,2,2,1),(
    -2.094395102393,0.,2.094395102393,4.188790204786,6.28318530718,
8.377580409573),.UNSPECIFIED.) CURVE() GEOMETRIC_REPRESENTATION_ITEM() 
RATIONAL_B_SPLINE_CURVE((1.,0.5,1.,0.5,1.,0.5,1.)) REPRESENTATION_ITEM(
  '') );
#471 = CARTESIAN_POINT('',(15.,-8.1));
#472 = CARTESIAN_POINT('',(13.094744111674,-8.1));
#473 = CARTESIAN_POINT('',(14.047372055837,-6.45));
#474 = CARTESIAN_POINT('',(15.,-4.8));
#475 = CARTESIAN_POINT('',(15.952627944163,-6.45));
#476 = CARTESIAN_POINT('',(16.905255888326,-8.1));
#477 = CARTESIAN_POINT('',(15.,-8.1));
#478 = ( GEOMETRIC_REPRESENTATION_CONTEXT(2) 
PARAMETRIC_REPRESENTATION_CONTEXT() REPRESENTATION_CONTEXT('2D SPACE',''
  ) );
#479 = PCURVE('',#480,#485);
#480 = CYLINDRICAL_SURFACE('',#481,1.1);
#481 = AXIS2_PLACEMENT_3D('',#482,#483,#484);
#482 = CARTESIAN_POINT('',(22.4,-11.5,102.5));
#483 = DIRECTION('',(-1.,0.,0.));
#484 = DIRECTION('',(0.,-1.,0.));
#485 = DEFINITIONAL_REPRESENTATION('',(#486),#490);
#486 = LINE('',#487,#488);
#487 = CARTESIAN_POINT('',(-6.28318530718,-0.1));
#488 = VECTOR('',#489,1.);
#489 = DIRECTION('',(1.,-0.));
#490 = ( GEOMETRIC_REPRESENTATION_CONTEXT(2) 
PARAMETRIC_REPRESENTATION_CONTEXT() REPRESENTATION_CONTEXT('2D SPACE',''
  ) );
#491 = FACE_BOUND('',#492,.F.);
#492 = EDGE_LOOP('',(#493));
#493 = ORIENTED_EDGE('',*,*,#494,.T.);
#494 = EDGE_CURVE('',#495,#495,#497,.T.);
#495 = VERTEX_POINT('',#496);
#496 = CARTESIAN_POINT('',(22.5,-18.6,96.5));
#497 = SURFACE_CURVE('',#498,(#503,#514),.PCURVE_S1.);
#498 = CIRCLE('',#499,1.1);
#499 = AXIS2_PLACEMENT_3D('',#500,#501,#502);
#500 = CARTESIAN_POINT('',(22.5,-17.5,96.5));
#501 = DIRECTION('',(-1.,0.,0.));
#502 = DIRECTION('',(0.,-1.,0.));
#503 = PCURVE('',#32,#504);
#504 = DEFINITIONAL_REPRESENTATION('',(#505),#513);
#505 = ( BOUNDED_CURVE() B_SPLINE_CURVE(2,(#506,#507,#508,#509,#510,#511
,#512),.UNSPECIFIED.,.T.,.F.) B_SPLINE_CURVE_WITH_KNOTS((1,2,2,2,2,1),(
    -2.094395102393,0.,2.094395102393,4.188790204786,6.28318530718,
8.377580409573),.UNSPECIFIED.) CURVE() GEOMETRIC_REPRESENTATION_ITEM() 
RATIONAL_B_SPLINE_CURVE((1.,0.5,1.,0.5,1.,0.5,1.)) REPRESENTATION_ITEM(
  '') );
#506 = CARTESIAN_POINT('',(21.,-14.1));
#507 = CARTESIAN_POINT('',(19.094744111674,-14.1));
#508 = CARTESIAN_POINT('',(20.047372055837,-12.45));
#509 = CARTESIAN_POINT('',(21.,-10.8));
#510 = CARTESIAN_POINT('',(21.952627944163,-12.45));
#511 = CARTESIAN_POINT('',(22.905255888326,-14.1));
#512 = CARTESIAN_POINT('',(21.,-14.1));
#513 = ( GEOMETRIC_REPRESENTATION_CONTEXT(2) 
PARAMETRIC_REPRESENTATION_CONTEXT() REPRESENTATION_CONTEXT('2D SPACE',''
  ) );
#514 = PCURVE('',#515,#520);
#515 = CYLINDRICAL_SURFACE('',#516,1.1);
#516 = AXIS2_PLACEMENT_3D('',#517,#518,#519);
#517 = CARTESIAN_POINT('',(22.4,-17.5,96.5));
#518 = DIRECTION('',(-1.,0.,0.));
#519 = DIRECTION('',(0.,-1.,0.));
#520 = DEFINITIONAL_REPRESENTATION('',(#521),#525);
#521 = LINE('',#522,#523);
#522 = CARTESIAN_POINT('',(-6.28318530718,-0.1));
#523 = VECTOR('',#524,1.);
#524 = DIRECTION('',(1.,-0.));
#525 = ( GEOMETRIC_REPRESENTATION_CONTEXT(2) 
PARAMETRIC_REPRESENTATION_CONTEXT() REPRESENTATION_CONTEXT('2D SPACE',''
  ) );
#526 = ADVANCED_FACE('',(#527),#515,.F.);
#527 = FACE_BOUND('',#528,.T.);
#528 = EDGE_LOOP('',(#529,#530,#553,#584));
#529 = ORIENTED_EDGE('',*,*,#494,.T.);
#530 = ORIENTED_EDGE('',*,*,#531,.T.);
#531 = EDGE_CURVE('',#495,#532,#534,.T.);
#532 = VERTEX_POINT('',#533);
#533 = CARTESIAN_POINT('',(25.5,-18.6,96.5));
#534 = SEAM_CURVE('',#535,(#539,#546),.PCURVE_S1.);
#535 = LINE('',#536,#537);
#536 = CARTESIAN_POINT('',(22.4,-18.6,96.5));
#537 = VECTOR('',#538,1.);
#538 = DIRECTION('',(1.,0.,0.));
#539 = PCURVE('',#515,#540);
#540 = DEFINITIONAL_REPRESENTATION('',(#541),#545);
#541 = LINE('',#542,#543);
#542 = CARTESIAN_POINT('',(-6.28318530718,0.));
#543 = VECTOR('',#544,1.);
#544 = DIRECTION('',(-0.,-1.));
#545 = ( GEOMETRIC_REPRESENTATION_CONTEXT(2) 
PARAMETRIC_REPRESENTATION_CONTEXT() REPRESENTATION_CONTEXT('2D SPACE',''
  ) );
#546 = PCURVE('',#515,#547);
#547 = DEFINITIONAL_REPRESENTATION('',(#548),#552);
#548 = LINE('',#549,#550);
#549 = CARTESIAN_POINT('',(-0.,0.));
#550 = VECTOR('',#551,1.);
#551 = DIRECTION('',(-0.,-1.));
#552 = ( GEOMETRIC_REPRESENTATION_CONTEXT(2) 
PARAMETRIC_REPRESENTATION_CONTEXT() REPRESENTATION_CONTEXT('2D SPACE',''
  ) );
#553 = ORIENTED_EDGE('',*,*,#554,.F.);
#554 = EDGE_CURVE('',#532,#532,#555,.T.);
#555 = SURFACE_CURVE('',#556,(#561,#568),.PCURVE_S1.);
#556 = CIRCLE('',#557,1.1);
#557 = AXIS2_PLACEMENT_3D('',#558,#559,#560);
#558 = CARTESIAN_POINT('',(25.5,-17.5,96.5));
#559 = DIRECTION('',(-1.,0.,0.));
#560 = DIRECTION('',(0.,-1.,0.));
#561 = PCURVE('',#515,#562);
#562 = DEFINITIONAL_REPRESENTATION('',(#563),#567);
#563 = LINE('',#564,#565);
#564 = CARTESIAN_POINT('',(-6.28318530718,-3.1));
#565 = VECTOR('',#566,1.);
#566 = DIRECTION('',(1.,-0.));
#567 = ( GEOMETRIC_REPRESENTATION_CONTEXT(2) 
PARAMETRIC_REPRESENTATION_CONTEXT() REPRESENTATION_CONTEXT('2D SPACE',''
  ) );
#568 = PCURVE('',#569,#574);
#569 = PLANE('',#570);
#570 = AXIS2_PLACEMENT_3D('',#571,#572,#573);
#571 = CARTESIAN_POINT('',(25.5,-17.5,96.5));
#572 = DIRECTION('',(1.,0.,0.));
#573 = DIRECTION('',(0.,0.,-1.));
#574 = DEFINITIONAL_REPRESENTATION('',(#575),#583);
#575 = ( BOUNDED_CURVE() B_SPLINE_CURVE(2,(#576,#577,#578,#579,#580,#581
,#582),.UNSPECIFIED.,.T.,.F.) B_SPLINE_CURVE_WITH_KNOTS((1,2,2,2,2,1),(
    -2.094395102393,0.,2.094395102393,4.188790204786,6.28318530718,
8.377580409573),.UNSPECIFIED.) CURVE() GEOMETRIC_REPRESENTATION_ITEM() 
RATIONAL_B_SPLINE_CURVE((1.,0.5,1.,0.5,1.,0.5,1.)) REPRESENTATION_ITEM(
  '') );
#576 = CARTESIAN_POINT('',(8.881784197001E-16,-1.1));
#577 = CARTESIAN_POINT('',(-1.905255888326,-1.1));
#578 = CARTESIAN_POINT('',(-0.952627944163,0.55));
#579 = CARTESIAN_POINT('',(6.187561238877E-16,2.2));
#580 = CARTESIAN_POINT('',(0.952627944163,0.55));
#581 = CARTESIAN_POINT('',(1.905255888326,-1.1));
#582 = CARTESIAN_POINT('',(8.881784197001E-16,-1.1));
#583 = ( GEOMETRIC_REPRESENTATION_CONTEXT(2) 
PARAMETRIC_REPRESENTATION_CONTEXT() REPRESENTATION_CONTEXT('2D SPACE',''
  ) );
#584 = ORIENTED_EDGE('',*,*,#531,.F.);
#585 = ADVANCED_FACE('',(#586,#617),#569,.T.);
#586 = FACE_BOUND('',#587,.T.);
#587 = EDGE_LOOP('',(#588));
#588 = ORIENTED_EDGE('',*,*,#589,.T.);
#589 = EDGE_CURVE('',#590,#590,#592,.T.);
#590 = VERTEX_POINT('',#591);
#591 = CARTESIAN_POINT('',(25.5,-19.6,96.5));
#592 = SURFACE_CURVE('',#593,(#598,#605),.PCURVE_S1.);
#593 = CIRCLE('',#594,2.1);
#594 = AXIS2_PLACEMENT_3D('',#595,#596,#597);
#595 = CARTESIAN_POINT('',(25.5,-17.5,96.5));
#596 = DIRECTION('',(1.,0.,0.));
#597 = DIRECTION('',(0.,-1.,0.));
#598 = PCURVE('',#569,#599);
#599 = DEFINITIONAL_REPRESENTATION('',(#600),#604);
#600 = CIRCLE('',#601,2.1);
#601 = AXIS2_PLACEMENT_2D('',#602,#603);
#602 = CARTESIAN_POINT('',(8.881784197001E-16,-1.115432814003E-18));
#603 = DIRECTION('',(0.,-1.));
#604 = ( GEOMETRIC_REPRESENTATION_CONTEXT(2) 
PARAMETRIC_REPRESENTATION_CONTEXT() REPRESENTATION_CONTEXT('2D SPACE',''
  ) );
#605 = PCURVE('',#606,#611);
#606 = CYLINDRICAL_SURFACE('',#607,2.1);
#607 = AXIS2_PLACEMENT_3D('',#608,#609,#610);
#608 = CARTESIAN_POINT('',(25.5,-17.5,96.5));
#609 = DIRECTION('',(-1.,0.,0.));
#610 = DIRECTION('',(0.,-1.,0.));
#611 = DEFINITIONAL_REPRESENTATION('',(#612),#616);
#612 = LINE('',#613,#614);
#613 = CARTESIAN_POINT('',(-0.,0.));
#614 = VECTOR('',#615,1.);
#615 = DIRECTION('',(-1.,0.));
#616 = ( GEOMETRIC_REPRESENTATION_CONTEXT(2) 
PARAMETRIC_REPRESENTATION_CONTEXT() REPRESENTATION_CONTEXT('2D SPACE',''
  ) );
#617 = FACE_BOUND('',#618,.T.);
#618 = EDGE_LOOP('',(#619));
#619 = ORIENTED_EDGE('',*,*,#554,.T.);
#620 = ADVANCED_FACE('',(#621),#606,.F.);
#621 = FACE_BOUND('',#622,.T.);
#622 = EDGE_LOOP('',(#623,#624,#647,#678));
#623 = ORIENTED_EDGE('',*,*,#589,.F.);
#624 = ORIENTED_EDGE('',*,*,#625,.T.);
#625 = EDGE_CURVE('',#590,#626,#628,.T.);
#626 = VERTEX_POINT('',#627);
#627 = CARTESIAN_POINT('',(26.5,-19.6,96.5));
#628 = SEAM_CURVE('',#629,(#633,#640),.PCURVE_S1.);
#629 = LINE('',#630,#631);
#630 = CARTESIAN_POINT('',(25.5,-19.6,96.5));
#631 = VECTOR('',#632,1.);
#632 = DIRECTION('',(1.,0.,0.));
#633 = PCURVE('',#606,#634);
#634 = DEFINITIONAL_REPRESENTATION('',(#635),#639);
#635 = LINE('',#636,#637);
#636 = CARTESIAN_POINT('',(-6.28318530718,0.));
#637 = VECTOR('',#638,1.);
#638 = DIRECTION('',(-0.,-1.));
#639 = ( GEOMETRIC_REPRESENTATION_CONTEXT(2) 
PARAMETRIC_REPRESENTATION_CONTEXT() REPRESENTATION_CONTEXT('2D SPACE',''
  ) );
#640 = PCURVE('',#606,#641);
#641 = DEFINITIONAL_REPRESENTATION('',(#642),#646);
#642 = LINE('',#643,#644);
#643 = CARTESIAN_POINT('',(-0.,0.));
#644 = VECTOR('',#645,1.);
#645 = DIRECTION('',(-0.,-1.));
#646 = ( GEOMETRIC_REPRESENTATION_CONTEXT(2) 
PARAMETRIC_REPRESENTATION_CONTEXT() REPRESENTATION_CONTEXT('2D SPACE',''
  ) );
#647 = ORIENTED_EDGE('',*,*,#648,.F.);
#648 = EDGE_CURVE('',#626,#626,#649,.T.);
#649 = SURFACE_CURVE('',#650,(#655,#662),.PCURVE_S1.);
#650 = CIRCLE('',#651,2.1);
#651 = AXIS2_PLACEMENT_3D('',#652,#653,#654);
#652 = CARTESIAN_POINT('',(26.5,-17.5,96.5));
#653 = DIRECTION('',(-1.,0.,0.));
#654 = DIRECTION('',(0.,-1.,0.));
#655 = PCURVE('',#606,#656);
#656 = DEFINITIONAL_REPRESENTATION('',(#657),#661);
#657 = LINE('',#658,#659);
#658 = CARTESIAN_POINT('',(-6.28318530718,-1.));
#659 = VECTOR('',#660,1.);
#660 = DIRECTION('',(1.,-0.));
#661 = ( GEOMETRIC_REPRESENTATION_CONTEXT(2) 
PARAMETRIC_REPRESENTATION_CONTEXT() REPRESENTATION_CONTEXT('2D SPACE',''
  ) );
#662 = PCURVE('',#663,#668);
#663 = PLANE('',#664);
#664 = AXIS2_PLACEMENT_3D('',#665,#666,#667);
#665 = CARTESIAN_POINT('',(26.5,-42.6,89.5));
#666 = DIRECTION('',(1.,0.,0.));
#667 = DIRECTION('',(0.,0.,1.));
#668 = DEFINITIONAL_REPRESENTATION('',(#669),#677);
#669 = ( BOUNDED_CURVE() B_SPLINE_CURVE(2,(#670,#671,#672,#673,#674,#675
,#676),.UNSPECIFIED.,.T.,.F.) B_SPLINE_CURVE_WITH_KNOTS((1,2,2,2,2,1),(
    -2.094395102393,0.,2.094395102393,4.188790204786,6.28318530718,
8.377580409573),.UNSPECIFIED.) CURVE() GEOMETRIC_REPRESENTATION_ITEM() 
RATIONAL_B_SPLINE_CURVE((1.,0.5,1.,0.5,1.,0.5,1.)) REPRESENTATION_ITEM(
  '') );
#670 = CARTESIAN_POINT('',(7.,-23.));
#671 = CARTESIAN_POINT('',(10.637306695895,-23.));
#672 = CARTESIAN_POINT('',(8.818653347947,-26.15));
#673 = CARTESIAN_POINT('',(7.,-29.3));
#674 = CARTESIAN_POINT('',(5.181346652053,-26.15));
#675 = CARTESIAN_POINT('',(3.362693304105,-23.));
#676 = CARTESIAN_POINT('',(7.,-23.));
#677 = ( GEOMETRIC_REPRESENTATION_CONTEXT(2) 
PARAMETRIC_REPRESENTATION_CONTEXT() REPRESENTATION_CONTEXT('2D SPACE',''
  ) );
#678 = ORIENTED_EDGE('',*,*,#625,.F.);
#679 = ADVANCED_FACE('',(#680,#839,#874,#877,#912),#663,.T.);
#680 = FACE_BOUND('',#681,.T.);
#681 = EDGE_LOOP('',(#682,#705,#726,#749,#772,#795,#818));
#682 = ORIENTED_EDGE('',*,*,#683,.T.);
#683 = EDGE_CURVE('',#684,#686,#688,.T.);
#684 = VERTEX_POINT('',#685);
#685 = CARTESIAN_POINT('',(26.5,-4.5,110.5291117678));
#686 = VERTEX_POINT('',#687);
#687 = CARTESIAN_POINT('',(26.5,-17.5,115.2744822006));
#688 = SURFACE_CURVE('',#689,(#693,#699),.PCURVE_S1.);
#689 = LINE('',#690,#691);
#690 = CARTESIAN_POINT('',(26.5,-42.32757370022,124.33725405868));
#691 = VECTOR('',#692,1.);
#692 = DIRECTION('',(0.,-0.939372712847,0.342897807455));
#693 = PCURVE('',#663,#694);
#694 = DEFINITIONAL_REPRESENTATION('',(#695),#698);
#695 = B_SPLINE_CURVE_WITH_KNOTS('',1,(#696,#697),.UNSPECIFIED.,.F.,.F.,
  (2,2),(-40.26897224379,-25.77226761601),.PIECEWISE_BEZIER_KNOTS.);
#696 = CARTESIAN_POINT('',(21.029111767806,-38.1));
#697 = CARTESIAN_POINT('',(26.,-24.48219124645));
#698 = ( GEOMETRIC_REPRESENTATION_CONTEXT(2) 
PARAMETRIC_REPRESENTATION_CONTEXT() REPRESENTATION_CONTEXT('2D SPACE',''
  ) );
#699 = PCURVE('',#71,#700);
#700 = DEFINITIONAL_REPRESENTATION('',(#701),#704);
#701 = B_SPLINE_CURVE_WITH_KNOTS('',1,(#702,#703),.UNSPECIFIED.,.F.,.F.,
  (2,2),(-40.26897224379,-25.77226761601),.PIECEWISE_BEZIER_KNOTS.);
#702 = CARTESIAN_POINT('',(86.5,51.95868044602));
#703 = CARTESIAN_POINT('',(86.5,37.461975818245));
#704 = ( GEOMETRIC_REPRESENTATION_CONTEXT(2) 
PARAMETRIC_REPRESENTATION_CONTEXT() REPRESENTATION_CONTEXT('2D SPACE',''
  ) );
#705 = ORIENTED_EDGE('',*,*,#706,.T.);
#706 = EDGE_CURVE('',#686,#707,#709,.T.);
#707 = VERTEX_POINT('',#708);
#708 = CARTESIAN_POINT('',(26.5,-42.6,106.11226698035));
#709 = SURFACE_CURVE('',#710,(#714,#720),.PCURVE_S1.);
#710 = LINE('',#711,#712);
#711 = CARTESIAN_POINT('',(26.5,-54.7445360462,101.67916526699));
#712 = VECTOR('',#713,1.);
#713 = DIRECTION('',(0.,-0.939372712847,-0.342897807455));
#714 = PCURVE('',#663,#715);
#715 = DEFINITIONAL_REPRESENTATION('',(#716),#719);
#716 = B_SPLINE_CURVE_WITH_KNOTS('',1,(#717,#718),.UNSPECIFIED.,.F.,.F.,
  (2,2),(-49.05494980508,-12.92834662973),.PIECEWISE_BEZIER_KNOTS.);
#717 = CARTESIAN_POINT('',(29.,-33.93634523079));
#718 = CARTESIAN_POINT('',(16.612266980358,-9.604271809713E-15));
#719 = ( GEOMETRIC_REPRESENTATION_CONTEXT(2) 
PARAMETRIC_REPRESENTATION_CONTEXT() REPRESENTATION_CONTEXT('2D SPACE',''
  ) );
#720 = PCURVE('',#97,#721);
#721 = DEFINITIONAL_REPRESENTATION('',(#722),#725);
#722 = B_SPLINE_CURVE_WITH_KNOTS('',1,(#723,#724),.UNSPECIFIED.,.F.,.F.,
  (2,2),(-49.05494980508,-12.92834662973),.PIECEWISE_BEZIER_KNOTS.);
#723 = CARTESIAN_POINT('',(86.5,56.286986510392));
#724 = CARTESIAN_POINT('',(86.5,20.160383335039));
#725 = ( GEOMETRIC_REPRESENTATION_CONTEXT(2) 
PARAMETRIC_REPRESENTATION_CONTEXT() REPRESENTATION_CONTEXT('2D SPACE',''
  ) );
#726 = ORIENTED_EDGE('',*,*,#727,.F.);
#727 = EDGE_CURVE('',#728,#707,#730,.T.);
#728 = VERTEX_POINT('',#729);
#729 = CARTESIAN_POINT('',(26.5,-42.6,86.));
#730 = SURFACE_CURVE('',#731,(#735,#742),.PCURVE_S1.);
#731 = LINE('',#732,#733);
#732 = CARTESIAN_POINT('',(26.5,-42.6,86.));
#733 = VECTOR('',#734,1.);
#734 = DIRECTION('',(0.,0.,1.));
#735 = PCURVE('',#663,#736);
#736 = DEFINITIONAL_REPRESENTATION('',(#737),#741);
#737 = LINE('',#738,#739);
#738 = CARTESIAN_POINT('',(-3.5,-7.105427357601E-15));
#739 = VECTOR('',#740,1.);
#740 = DIRECTION('',(1.,0.));
#741 = ( GEOMETRIC_REPRESENTATION_CONTEXT(2) 
PARAMETRIC_REPRESENTATION_CONTEXT() REPRESENTATION_CONTEXT('2D SPACE',''
  ) );
#742 = PCURVE('',#180,#743);
#743 = DEFINITIONAL_REPRESENTATION('',(#744),#748);
#744 = LINE('',#745,#746);
#745 = CARTESIAN_POINT('',(0.,4.));
#746 = VECTOR('',#747,1.);
#747 = DIRECTION('',(1.,0.));
#748 = ( GEOMETRIC_REPRESENTATION_CONTEXT(2) 
PARAMETRIC_REPRESENTATION_CONTEXT() REPRESENTATION_CONTEXT('2D SPACE',''
  ) );
#749 = ORIENTED_EDGE('',*,*,#750,.T.);
#750 = EDGE_CURVE('',#728,#751,#753,.T.);
#751 = VERTEX_POINT('',#752);
#752 = CARTESIAN_POINT('',(26.5,-26.5,86.));
#753 = SURFACE_CURVE('',#754,(#758,#765),.PCURVE_S1.);
#754 = LINE('',#755,#756);
#755 = CARTESIAN_POINT('',(26.5,-42.6,86.));
#756 = VECTOR('',#757,1.);
#757 = DIRECTION('',(0.,1.,0.));
#758 = PCURVE('',#663,#759);
#759 = DEFINITIONAL_REPRESENTATION('',(#760),#764);
#760 = LINE('',#761,#762);
#761 = CARTESIAN_POINT('',(-3.5,-7.105427357601E-15));
#762 = VECTOR('',#763,1.);
#763 = DIRECTION('',(0.,-1.));
#764 = ( GEOMETRIC_REPRESENTATION_CONTEXT(2) 
PARAMETRIC_REPRESENTATION_CONTEXT() REPRESENTATION_CONTEXT('2D SPACE',''
  ) );
#765 = PCURVE('',#208,#766);
#766 = DEFINITIONAL_REPRESENTATION('',(#767),#771);
#767 = LINE('',#768,#769);
#768 = CARTESIAN_POINT('',(4.,0.));
#769 = VECTOR('',#770,1.);
#770 = DIRECTION('',(0.,1.));
#771 = ( GEOMETRIC_REPRESENTATION_CONTEXT(2) 
PARAMETRIC_REPRESENTATION_CONTEXT() REPRESENTATION_CONTEXT('2D SPACE',''
  ) );
#772 = ORIENTED_EDGE('',*,*,#773,.T.);
#773 = EDGE_CURVE('',#751,#774,#776,.T.);
#774 = VERTEX_POINT('',#775);
#775 = CARTESIAN_POINT('',(26.5,-26.5,89.5));
#776 = SURFACE_CURVE('',#777,(#781,#788),.PCURVE_S1.);
#777 = LINE('',#778,#779);
#778 = CARTESIAN_POINT('',(26.5,-26.5,86.));
#779 = VECTOR('',#780,1.);
#780 = DIRECTION('',(0.,0.,1.));
#781 = PCURVE('',#663,#782);
#782 = DEFINITIONAL_REPRESENTATION('',(#783),#787);
#783 = LINE('',#784,#785);
#784 = CARTESIAN_POINT('',(-3.5,-16.1));
#785 = VECTOR('',#786,1.);
#786 = DIRECTION('',(1.,0.));
#787 = ( GEOMETRIC_REPRESENTATION_CONTEXT(2) 
PARAMETRIC_REPRESENTATION_CONTEXT() REPRESENTATION_CONTEXT('2D SPACE',''
  ) );
#788 = PCURVE('',#236,#789);
#789 = DEFINITIONAL_REPRESENTATION('',(#790),#794);
#790 = LINE('',#791,#792);
#791 = CARTESIAN_POINT('',(0.,4.));
#792 = VECTOR('',#793,1.);
#793 = DIRECTION('',(1.,0.));
#794 = ( GEOMETRIC_REPRESENTATION_CONTEXT(2) 
PARAMETRIC_REPRESENTATION_CONTEXT() REPRESENTATION_CONTEXT('2D SPACE',''
  ) );
#795 = ORIENTED_EDGE('',*,*,#796,.F.);
#796 = EDGE_CURVE('',#797,#774,#799,.T.);
#797 = VERTEX_POINT('',#798);
#798 = CARTESIAN_POINT('',(26.5,-4.5,89.5));
#799 = SURFACE_CURVE('',#800,(#804,#811),.PCURVE_S1.);
#800 = LINE('',#801,#802);
#801 = CARTESIAN_POINT('',(26.5,-4.5,89.5));
#802 = VECTOR('',#803,1.);
#803 = DIRECTION('',(0.,-1.,0.));
#804 = PCURVE('',#663,#805);
#805 = DEFINITIONAL_REPRESENTATION('',(#806),#810);
#806 = LINE('',#807,#808);
#807 = CARTESIAN_POINT('',(0.,-38.1));
#808 = VECTOR('',#809,1.);
#809 = DIRECTION('',(0.,1.));
#810 = ( GEOMETRIC_REPRESENTATION_CONTEXT(2) 
PARAMETRIC_REPRESENTATION_CONTEXT() REPRESENTATION_CONTEXT('2D SPACE',''
  ) );
#811 = PCURVE('',#264,#812);
#812 = DEFINITIONAL_REPRESENTATION('',(#813),#817);
#813 = LINE('',#814,#815);
#814 = CARTESIAN_POINT('',(4.,38.1));
#815 = VECTOR('',#816,1.);
#816 = DIRECTION('',(0.,-1.));
#817 = ( GEOMETRIC_REPRESENTATION_CONTEXT(2) 
PARAMETRIC_REPRESENTATION_CONTEXT() REPRESENTATION_CONTEXT('2D SPACE',''
  ) );
#818 = ORIENTED_EDGE('',*,*,#819,.T.);
#819 = EDGE_CURVE('',#797,#684,#820,.T.);
#820 = SURFACE_CURVE('',#821,(#825,#832),.PCURVE_S1.);
#821 = LINE('',#822,#823);
#822 = CARTESIAN_POINT('',(26.5,-4.5,89.5));
#823 = VECTOR('',#824,1.);
#824 = DIRECTION('',(0.,0.,1.));
#825 = PCURVE('',#663,#826);
#826 = DEFINITIONAL_REPRESENTATION('',(#827),#831);
#827 = LINE('',#828,#829);
#828 = CARTESIAN_POINT('',(0.,-38.1));
#829 = VECTOR('',#830,1.);
#830 = DIRECTION('',(1.,0.));
#831 = ( GEOMETRIC_REPRESENTATION_CONTEXT(2) 
PARAMETRIC_REPRESENTATION_CONTEXT() REPRESENTATION_CONTEXT('2D SPACE',''
  ) );
#832 = PCURVE('',#44,#833);
#833 = DEFINITIONAL_REPRESENTATION('',(#834),#838);
#834 = LINE('',#835,#836);
#835 = CARTESIAN_POINT('',(28.,4.));
#836 = VECTOR('',#837,1.);
#837 = DIRECTION('',(-1.,0.));
#838 = ( GEOMETRIC_REPRESENTATION_CONTEXT(2) 
PARAMETRIC_REPRESENTATION_CONTEXT() REPRESENTATION_CONTEXT('2D SPACE',''
  ) );
#839 = FACE_BOUND('',#840,.T.);
#840 = EDGE_LOOP('',(#841));
#841 = ORIENTED_EDGE('',*,*,#842,.T.);
#842 = EDGE_CURVE('',#843,#843,#845,.T.);
#843 = VERTEX_POINT('',#844);
#844 = CARTESIAN_POINT('',(26.5,-13.6,102.5));
#845 = SURFACE_CURVE('',#846,(#851,#862),.PCURVE_S1.);
#846 = CIRCLE('',#847,2.1);
#847 = AXIS2_PLACEMENT_3D('',#848,#849,#850);
#848 = CARTESIAN_POINT('',(26.5,-11.5,102.5));
#849 = DIRECTION('',(-1.,0.,0.));
#850 = DIRECTION('',(0.,-1.,0.));
#851 = PCURVE('',#663,#852);
#852 = DEFINITIONAL_REPRESENTATION('',(#853),#861);
#853 = ( BOUNDED_CURVE() B_SPLINE_CURVE(2,(#854,#855,#856,#857,#858,#859
,#860),.UNSPECIFIED.,.T.,.F.) B_SPLINE_CURVE_WITH_KNOTS((1,2,2,2,2,1),(
    -2.094395102393,0.,2.094395102393,4.188790204786,6.28318530718,
8.377580409573),.UNSPECIFIED.) CURVE() GEOMETRIC_REPRESENTATION_ITEM() 
RATIONAL_B_SPLINE_CURVE((1.,0.5,1.,0.5,1.,0.5,1.)) REPRESENTATION_ITEM(
  '') );
#854 = CARTESIAN_POINT('',(13.,-29.));
#855 = CARTESIAN_POINT('',(16.637306695895,-29.));
#856 = CARTESIAN_POINT('',(14.818653347947,-32.15));
#857 = CARTESIAN_POINT('',(13.,-35.3));
#858 = CARTESIAN_POINT('',(11.181346652053,-32.15));
#859 = CARTESIAN_POINT('',(9.362693304105,-29.));
#860 = CARTESIAN_POINT('',(13.,-29.));
#861 = ( GEOMETRIC_REPRESENTATION_CONTEXT(2) 
PARAMETRIC_REPRESENTATION_CONTEXT() REPRESENTATION_CONTEXT('2D SPACE',''
  ) );
#862 = PCURVE('',#863,#868);
#863 = CYLINDRICAL_SURFACE('',#864,2.1);
#864 = AXIS2_PLACEMENT_3D('',#865,#866,#867);
#865 = CARTESIAN_POINT('',(25.5,-11.5,102.5));
#866 = DIRECTION('',(-1.,0.,0.));
#867 = DIRECTION('',(0.,-1.,0.));
#868 = DEFINITIONAL_REPRESENTATION('',(#869),#873);
#869 = LINE('',#870,#871);
#870 = CARTESIAN_POINT('',(-6.28318530718,-1.));
#871 = VECTOR('',#872,1.);
#872 = DIRECTION('',(1.,-0.));
#873 = ( GEOMETRIC_REPRESENTATION_CONTEXT(2) 
PARAMETRIC_REPRESENTATION_CONTEXT() REPRESENTATION_CONTEXT('2D SPACE',''
  ) );
#874 = FACE_BOUND('',#875,.T.);
#875 = EDGE_LOOP('',(#876));
#876 = ORIENTED_EDGE('',*,*,#648,.T.);
#877 = FACE_BOUND('',#878,.T.);
#878 = EDGE_LOOP('',(#879));
#879 = ORIENTED_EDGE('',*,*,#880,.T.);
#880 = EDGE_CURVE('',#881,#881,#883,.T.);
#881 = VERTEX_POINT('',#882);
#882 = CARTESIAN_POINT('',(26.5,-25.6,102.5));
#883 = SURFACE_CURVE('',#884,(#889,#900),.PCURVE_S1.);
#884 = CIRCLE('',#885,2.1);
#885 = AXIS2_PLACEMENT_3D('',#886,#887,#888);
#886 = CARTESIAN_POINT('',(26.5,-23.5,102.5));
#887 = DIRECTION('',(-1.,0.,0.));
#888 = DIRECTION('',(0.,-1.,0.));
#889 = PCURVE('',#663,#890);
#890 = DEFINITIONAL_REPRESENTATION('',(#891),#899);
#891 = ( BOUNDED_CURVE() B_SPLINE_CURVE(2,(#892,#893,#894,#895,#896,#897
,#898),.UNSPECIFIED.,.T.,.F.) B_SPLINE_CURVE_WITH_KNOTS((1,2,2,2,2,1),(
    -2.094395102393,0.,2.094395102393,4.188790204786,6.28318530718,
8.377580409573),.UNSPECIFIED.) CURVE() GEOMETRIC_REPRESENTATION_ITEM() 
RATIONAL_B_SPLINE_CURVE((1.,0.5,1.,0.5,1.,0.5,1.)) REPRESENTATION_ITEM(
  '') );
#892 = CARTESIAN_POINT('',(13.,-17.));
#893 = CARTESIAN_POINT('',(16.637306695895,-17.));
#894 = CARTESIAN_POINT('',(14.818653347947,-20.15));
#895 = CARTESIAN_POINT('',(13.,-23.3));
#896 = CARTESIAN_POINT('',(11.181346652053,-20.15));
#897 = CARTESIAN_POINT('',(9.362693304105,-17.));
#898 = CARTESIAN_POINT('',(13.,-17.));
#899 = ( GEOMETRIC_REPRESENTATION_CONTEXT(2) 
PARAMETRIC_REPRESENTATION_CONTEXT() REPRESENTATION_CONTEXT('2D SPACE',''
  ) );
#900 = PCURVE('',#901,#906);
#901 = CYLINDRICAL_SURFACE('',#902,2.1);
#902 = AXIS2_PLACEMENT_3D('',#903,#904,#905);
#903 = CARTESIAN_POINT('',(25.5,-23.5,102.5));
#904 = DIRECTION('',(-1.,0.,0.));
#905 = DIRECTION('',(0.,-1.,0.));
#906 = DEFINITIONAL_REPRESENTATION('',(#907),#911);
#907 = LINE('',#908,#909);
#908 = CARTESIAN_POINT('',(-6.28318530718,-1.));
#909 = VECTOR('',#910,1.);
#910 = DIRECTION('',(1.,-0.));
#911 = ( GEOMETRIC_REPRESENTATION_CONTEXT(2) 
PARAMETRIC_REPRESENTATION_CONTEXT() REPRESENTATION_CONTEXT('2D SPACE',''
  ) );
#912 = FACE_BOUND('',#913,.T.);
#913 = EDGE_LOOP('',(#914));
#914 = ORIENTED_EDGE('',*,*,#915,.T.);
#915 = EDGE_CURVE('',#916,#916,#918,.T.);
#916 = VERTEX_POINT('',#917);
#917 = CARTESIAN_POINT('',(26.5,-19.6,108.5));
#918 = SURFACE_CURVE('',#919,(#924,#935),.PCURVE_S1.);
#919 = CIRCLE('',#920,2.1);
#920 = AXIS2_PLACEMENT_3D('',#921,#922,#923);
#921 = CARTESIAN_POINT('',(26.5,-17.5,108.5));
#922 = DIRECTION('',(-1.,0.,0.));
#923 = DIRECTION('',(0.,-1.,0.));
#924 = PCURVE('',#663,#925);
#925 = DEFINITIONAL_REPRESENTATION('',(#926),#934);
#926 = ( BOUNDED_CURVE() B_SPLINE_CURVE(2,(#927,#928,#929,#930,#931,#932
,#933),.UNSPECIFIED.,.T.,.F.) B_SPLINE_CURVE_WITH_KNOTS((1,2,2,2,2,1),(
    -2.094395102393,0.,2.094395102393,4.188790204786,6.28318530718,
8.377580409573),.UNSPECIFIED.) CURVE() GEOMETRIC_REPRESENTATION_ITEM() 
RATIONAL_B_SPLINE_CURVE((1.,0.5,1.,0.5,1.,0.5,1.)) REPRESENTATION_ITEM(
  '') );
#927 = CARTESIAN_POINT('',(19.,-23.));
#928 = CARTESIAN_POINT('',(22.637306695895,-23.));
#929 = CARTESIAN_POINT('',(20.818653347947,-26.15));
#930 = CARTESIAN_POINT('',(19.,-29.3));
#931 = CARTESIAN_POINT('',(17.181346652053,-26.15));
#932 = CARTESIAN_POINT('',(15.362693304105,-23.));
#933 = CARTESIAN_POINT('',(19.,-23.));
#934 = ( GEOMETRIC_REPRESENTATION_CONTEXT(2) 
PARAMETRIC_REPRESENTATION_CONTEXT() REPRESENTATION_CONTEXT('2D SPACE',''
  ) );
#935 = PCURVE('',#936,#941);
#936 = CYLINDRICAL_SURFACE('',#937,2.1);
#937 = AXIS2_PLACEMENT_3D('',#938,#939,#940);
#938 = CARTESIAN_POINT('',(25.5,-17.5,108.5));
#939 = DIRECTION('',(-1.,0.,0.));
#940 = DIRECTION('',(0.,-1.,0.));
#941 = DEFINITIONAL_REPRESENTATION('',(#942),#946);
#942 = LINE('',#943,#944);
#943 = CARTESIAN_POINT('',(-6.28318530718,-1.));
#944 = VECTOR('',#945,1.);
#945 = DIRECTION('',(1.,-0.));
#946 = ( GEOMETRIC_REPRESENTATION_CONTEXT(2) 
PARAMETRIC_REPRESENTATION_CONTEXT() REPRESENTATION_CONTEXT('2D SPACE',''
  ) );
#947 = ADVANCED_FACE('',(#948),#936,.F.);
#948 = FACE_BOUND('',#949,.T.);
#949 = EDGE_LOOP('',(#950,#979,#1000,#1001));
#950 = ORIENTED_EDGE('',*,*,#951,.F.);
#951 = EDGE_CURVE('',#952,#952,#954,.T.);
#952 = VERTEX_POINT('',#953);
#953 = CARTESIAN_POINT('',(25.5,-19.6,108.5));
#954 = SURFACE_CURVE('',#955,(#960,#967),.PCURVE_S1.);
#955 = CIRCLE('',#956,2.1);
#956 = AXIS2_PLACEMENT_3D('',#957,#958,#959);
#957 = CARTESIAN_POINT('',(25.5,-17.5,108.5));
#958 = DIRECTION('',(1.,0.,0.));
#959 = DIRECTION('',(0.,-1.,0.));
#960 = PCURVE('',#936,#961);
#961 = DEFINITIONAL_REPRESENTATION('',(#962),#966);
#962 = LINE('',#963,#964);
#963 = CARTESIAN_POINT('',(-0.,0.));
#964 = VECTOR('',#965,1.);
#965 = DIRECTION('',(-1.,0.));
#966 = ( GEOMETRIC_REPRESENTATION_CONTEXT(2) 
PARAMETRIC_REPRESENTATION_CONTEXT() REPRESENTATION_CONTEXT('2D SPACE',''
  ) );
#967 = PCURVE('',#968,#973);
#968 = PLANE('',#969);
#969 = AXIS2_PLACEMENT_3D('',#970,#971,#972);
#970 = CARTESIAN_POINT('',(25.5,-17.5,108.5));
#971 = DIRECTION('',(1.,0.,0.));
#972 = DIRECTION('',(0.,0.,-1.));
#973 = DEFINITIONAL_REPRESENTATION('',(#974),#978);
#974 = CIRCLE('',#975,2.1);
#975 = AXIS2_PLACEMENT_2D('',#976,#977);
#976 = CARTESIAN_POINT('',(-8.881784197001E-16,3.34629844201E-18));
#977 = DIRECTION('',(0.,-1.));
#978 = ( GEOMETRIC_REPRESENTATION_CONTEXT(2) 
PARAMETRIC_REPRESENTATION_CONTEXT() REPRESENTATION_CONTEXT('2D SPACE',''
  ) );
#979 = ORIENTED_EDGE('',*,*,#980,.T.);
#980 = EDGE_CURVE('',#952,#916,#981,.T.);
#981 = SEAM_CURVE('',#982,(#986,#993),.PCURVE_S1.);
#982 = LINE('',#983,#984);
#983 = CARTESIAN_POINT('',(25.5,-19.6,108.5));
#984 = VECTOR('',#985,1.);
#985 = DIRECTION('',(1.,0.,0.));
#986 = PCURVE('',#936,#987);
#987 = DEFINITIONAL_REPRESENTATION('',(#988),#992);
#988 = LINE('',#989,#990);
#989 = CARTESIAN_POINT('',(-6.28318530718,0.));
#990 = VECTOR('',#991,1.);
#991 = DIRECTION('',(-0.,-1.));
#992 = ( GEOMETRIC_REPRESENTATION_CONTEXT(2) 
PARAMETRIC_REPRESENTATION_CONTEXT() REPRESENTATION_CONTEXT('2D SPACE',''
  ) );
#993 = PCURVE('',#936,#994);
#994 = DEFINITIONAL_REPRESENTATION('',(#995),#999);
#995 = LINE('',#996,#997);
#996 = CARTESIAN_POINT('',(-0.,0.));
#997 = VECTOR('',#998,1.);
#998 = DIRECTION('',(-0.,-1.));
#999 = ( GEOMETRIC_REPRESENTATION_CONTEXT(2) 
PARAMETRIC_REPRESENTATION_CONTEXT() REPRESENTATION_CONTEXT('2D SPACE',''
  ) );
#1000 = ORIENTED_EDGE('',*,*,#915,.F.);
#1001 = ORIENTED_EDGE('',*,*,#980,.F.);
#1002 = ADVANCED_FACE('',(#1003,#1006),#968,.T.);
#1003 = FACE_BOUND('',#1004,.T.);
#1004 = EDGE_LOOP('',(#1005));
#1005 = ORIENTED_EDGE('',*,*,#951,.T.);
#1006 = FACE_BOUND('',#1007,.T.);
#1007 = EDGE_LOOP('',(#1008));
#1008 = ORIENTED_EDGE('',*,*,#1009,.T.);
#1009 = EDGE_CURVE('',#1010,#1010,#1012,.T.);
#1010 = VERTEX_POINT('',#1011);
#1011 = CARTESIAN_POINT('',(25.5,-18.6,108.5));
#1012 = SURFACE_CURVE('',#1013,(#1018,#1029),.PCURVE_S1.);
#1013 = CIRCLE('',#1014,1.1);
#1014 = AXIS2_PLACEMENT_3D('',#1015,#1016,#1017);
#1015 = CARTESIAN_POINT('',(25.5,-17.5,108.5));
#1016 = DIRECTION('',(-1.,0.,0.));
#1017 = DIRECTION('',(0.,-1.,0.));
#1018 = PCURVE('',#968,#1019);
#1019 = DEFINITIONAL_REPRESENTATION('',(#1020),#1028);
#1020 = ( BOUNDED_CURVE() B_SPLINE_CURVE(2,(#1021,#1022,#1023,#1024,
#1025,#1026,#1027),.UNSPECIFIED.,.T.,.F.) B_SPLINE_CURVE_WITH_KNOTS((1,2
    ,2,2,2,1),(-2.094395102393,0.,2.094395102393,4.188790204786,
6.28318530718,8.377580409573),.UNSPECIFIED.) CURVE() 
GEOMETRIC_REPRESENTATION_ITEM() RATIONAL_B_SPLINE_CURVE((1.,0.5,1.,0.5,
1.,0.5,1.)) REPRESENTATION_ITEM('') );
#1021 = CARTESIAN_POINT('',(-8.881784197001E-16,-1.1));
#1022 = CARTESIAN_POINT('',(-1.905255888326,-1.1));
#1023 = CARTESIAN_POINT('',(-0.952627944163,0.55));
#1024 = CARTESIAN_POINT('',(-1.157600715513E-15,2.2));
#1025 = CARTESIAN_POINT('',(0.952627944163,0.55));
#1026 = CARTESIAN_POINT('',(1.905255888326,-1.1));
#1027 = CARTESIAN_POINT('',(-8.881784197001E-16,-1.1));
#1028 = ( GEOMETRIC_REPRESENTATION_CONTEXT(2) 
PARAMETRIC_REPRESENTATION_CONTEXT() REPRESENTATION_CONTEXT('2D SPACE',''
  ) );
#1029 = PCURVE('',#445,#1030);
#1030 = DEFINITIONAL_REPRESENTATION('',(#1031),#1035);
#1031 = LINE('',#1032,#1033);
#1032 = CARTESIAN_POINT('',(-6.28318530718,-3.1));
#1033 = VECTOR('',#1034,1.);
#1034 = DIRECTION('',(1.,-0.));
#1035 = ( GEOMETRIC_REPRESENTATION_CONTEXT(2) 
PARAMETRIC_REPRESENTATION_CONTEXT() REPRESENTATION_CONTEXT('2D SPACE',''
  ) );
#1036 = ADVANCED_FACE('',(#1037),#901,.F.);
#1037 = FACE_BOUND('',#1038,.T.);
#1038 = EDGE_LOOP('',(#1039,#1068,#1089,#1090));
#1039 = ORIENTED_EDGE('',*,*,#1040,.F.);
#1040 = EDGE_CURVE('',#1041,#1041,#1043,.T.);
#1041 = VERTEX_POINT('',#1042);
#1042 = CARTESIAN_POINT('',(25.5,-25.6,102.5));
#1043 = SURFACE_CURVE('',#1044,(#1049,#1056),.PCURVE_S1.);
#1044 = CIRCLE('',#1045,2.1);
#1045 = AXIS2_PLACEMENT_3D('',#1046,#1047,#1048);
#1046 = CARTESIAN_POINT('',(25.5,-23.5,102.5));
#1047 = DIRECTION('',(1.,0.,0.));
#1048 = DIRECTION('',(0.,-1.,0.));
#1049 = PCURVE('',#901,#1050);
#1050 = DEFINITIONAL_REPRESENTATION('',(#1051),#1055);
#1051 = LINE('',#1052,#1053);
#1052 = CARTESIAN_POINT('',(-0.,0.));
#1053 = VECTOR('',#1054,1.);
#1054 = DIRECTION('',(-1.,0.));
#1055 = ( GEOMETRIC_REPRESENTATION_CONTEXT(2) 
PARAMETRIC_REPRESENTATION_CONTEXT() REPRESENTATION_CONTEXT('2D SPACE',''
  ) );
#1056 = PCURVE('',#1057,#1062);
#1057 = PLANE('',#1058);
#1058 = AXIS2_PLACEMENT_3D('',#1059,#1060,#1061);
#1059 = CARTESIAN_POINT('',(25.5,-23.5,102.5));
#1060 = DIRECTION('',(1.,0.,0.));
#1061 = DIRECTION('',(0.,0.,-1.));
#1062 = DEFINITIONAL_REPRESENTATION('',(#1063),#1067);
#1063 = CIRCLE('',#1064,2.1);
#1064 = AXIS2_PLACEMENT_2D('',#1065,#1066);
#1065 = CARTESIAN_POINT('',(-1.584604620132E-16,-8.881784197001E-16));
#1066 = DIRECTION('',(0.,-1.));
#1067 = ( GEOMETRIC_REPRESENTATION_CONTEXT(2) 
PARAMETRIC_REPRESENTATION_CONTEXT() REPRESENTATION_CONTEXT('2D SPACE',''
  ) );
#1068 = ORIENTED_EDGE('',*,*,#1069,.T.);
#1069 = EDGE_CURVE('',#1041,#881,#1070,.T.);
#1070 = SEAM_CURVE('',#1071,(#1075,#1082),.PCURVE_S1.);
#1071 = LINE('',#1072,#1073);
#1072 = CARTESIAN_POINT('',(25.5,-25.6,102.5));
#1073 = VECTOR('',#1074,1.);
#1074 = DIRECTION('',(1.,0.,0.));
#1075 = PCURVE('',#901,#1076);
#1076 = DEFINITIONAL_REPRESENTATION('',(#1077),#1081);
#1077 = LINE('',#1078,#1079);
#1078 = CARTESIAN_POINT('',(-6.28318530718,0.));
#1079 = VECTOR('',#1080,1.);
#1080 = DIRECTION('',(-0.,-1.));
#1081 = ( GEOMETRIC_REPRESENTATION_CONTEXT(2) 
PARAMETRIC_REPRESENTATION_CONTEXT() REPRESENTATION_CONTEXT('2D SPACE',''
  ) );
#1082 = PCURVE('',#901,#1083);
#1083 = DEFINITIONAL_REPRESENTATION('',(#1084),#1088);
#1084 = LINE('',#1085,#1086);
#1085 = CARTESIAN_POINT('',(-0.,0.));
#1086 = VECTOR('',#1087,1.);
#1087 = DIRECTION('',(-0.,-1.));
#1088 = ( GEOMETRIC_REPRESENTATION_CONTEXT(2) 
PARAMETRIC_REPRESENTATION_CONTEXT() REPRESENTATION_CONTEXT('2D SPACE',''
  ) );
#1089 = ORIENTED_EDGE('',*,*,#880,.F.);
#1090 = ORIENTED_EDGE('',*,*,#1069,.F.);
#1091 = ADVANCED_FACE('',(#1092,#1095),#1057,.T.);
#1092 = FACE_BOUND('',#1093,.T.);
#1093 = EDGE_LOOP('',(#1094));
#1094 = ORIENTED_EDGE('',*,*,#1040,.T.);
#1095 = FACE_BOUND('',#1096,.T.);
#1096 = EDGE_LOOP('',(#1097));
#1097 = ORIENTED_EDGE('',*,*,#1098,.T.);
#1098 = EDGE_CURVE('',#1099,#1099,#1101,.T.);
#1099 = VERTEX_POINT('',#1100);
#1100 = CARTESIAN_POINT('',(25.5,-24.6,102.5));
#1101 = SURFACE_CURVE('',#1102,(#1107,#1118),.PCURVE_S1.);
#1102 = CIRCLE('',#1103,1.1);
#1103 = AXIS2_PLACEMENT_3D('',#1104,#1105,#1106);
#1104 = CARTESIAN_POINT('',(25.5,-23.5,102.5));
#1105 = DIRECTION('',(-1.,0.,0.));
#1106 = DIRECTION('',(0.,-1.,0.));
#1107 = PCURVE('',#1057,#1108);
#1108 = DEFINITIONAL_REPRESENTATION('',(#1109),#1117);
#1109 = ( BOUNDED_CURVE() B_SPLINE_CURVE(2,(#1110,#1111,#1112,#1113,
#1114,#1115,#1116),.UNSPECIFIED.,.T.,.F.) B_SPLINE_CURVE_WITH_KNOTS((1,2
    ,2,2,2,1),(-2.094395102393,0.,2.094395102393,4.188790204786,
6.28318530718,8.377580409573),.UNSPECIFIED.) CURVE() 
GEOMETRIC_REPRESENTATION_ITEM() RATIONAL_B_SPLINE_CURVE((1.,0.5,1.,0.5,
1.,0.5,1.)) REPRESENTATION_ITEM('') );
#1110 = CARTESIAN_POINT('',(-1.584604620132E-16,-1.1));
#1111 = CARTESIAN_POINT('',(-1.905255888326,-1.1));
#1112 = CARTESIAN_POINT('',(-0.952627944163,0.55));
#1113 = CARTESIAN_POINT('',(-4.278827578256E-16,2.2));
#1114 = CARTESIAN_POINT('',(0.952627944163,0.55));
#1115 = CARTESIAN_POINT('',(1.905255888326,-1.1));
#1116 = CARTESIAN_POINT('',(-1.584604620132E-16,-1.1));
#1117 = ( GEOMETRIC_REPRESENTATION_CONTEXT(2) 
PARAMETRIC_REPRESENTATION_CONTEXT() REPRESENTATION_CONTEXT('2D SPACE',''
  ) );
#1118 = PCURVE('',#410,#1119);
#1119 = DEFINITIONAL_REPRESENTATION('',(#1120),#1124);
#1120 = LINE('',#1121,#1122);
#1121 = CARTESIAN_POINT('',(-6.28318530718,-3.1));
#1122 = VECTOR('',#1123,1.);
#1123 = DIRECTION('',(1.,-0.));
#1124 = ( GEOMETRIC_REPRESENTATION_CONTEXT(2) 
PARAMETRIC_REPRESENTATION_CONTEXT() REPRESENTATION_CONTEXT('2D SPACE',''
  ) );
#1125 = ADVANCED_FACE('',(#1126),#863,.F.);
#1126 = FACE_BOUND('',#1127,.T.);
#1127 = EDGE_LOOP('',(#1128,#1157,#1178,#1179));
#1128 = ORIENTED_EDGE('',*,*,#1129,.F.);
#1129 = EDGE_CURVE('',#1130,#1130,#1132,.T.);
#1130 = VERTEX_POINT('',#1131);
#1131 = CARTESIAN_POINT('',(25.5,-13.6,102.5));
#1132 = SURFACE_CURVE('',#1133,(#1138,#1145),.PCURVE_S1.);
#1133 = CIRCLE('',#1134,2.1);
#1134 = AXIS2_PLACEMENT_3D('',#1135,#1136,#1137);
#1135 = CARTESIAN_POINT('',(25.5,-11.5,102.5));
#1136 = DIRECTION('',(1.,0.,0.));
#1137 = DIRECTION('',(0.,-1.,0.));
#1138 = PCURVE('',#863,#1139);
#1139 = DEFINITIONAL_REPRESENTATION('',(#1140),#1144);
#1140 = LINE('',#1141,#1142);
#1141 = CARTESIAN_POINT('',(-0.,0.));
#1142 = VECTOR('',#1143,1.);
#1143 = DIRECTION('',(-1.,0.));
#1144 = ( GEOMETRIC_REPRESENTATION_CONTEXT(2) 
PARAMETRIC_REPRESENTATION_CONTEXT() REPRESENTATION_CONTEXT('2D SPACE',''
  ) );
#1145 = PCURVE('',#1146,#1151);
#1146 = PLANE('',#1147);
#1147 = AXIS2_PLACEMENT_3D('',#1148,#1149,#1150);
#1148 = CARTESIAN_POINT('',(25.5,-11.5,102.5));
#1149 = DIRECTION('',(1.,0.,0.));
#1150 = DIRECTION('',(0.,0.,-1.));
#1151 = DEFINITIONAL_REPRESENTATION('',(#1152),#1156);
#1152 = CIRCLE('',#1153,2.1);
#1153 = AXIS2_PLACEMENT_2D('',#1154,#1155);
#1154 = CARTESIAN_POINT('',(-1.159037843309E-16,8.881784197001E-16));
#1155 = DIRECTION('',(0.,-1.));
#1156 = ( GEOMETRIC_REPRESENTATION_CONTEXT(2) 
PARAMETRIC_REPRESENTATION_CONTEXT() REPRESENTATION_CONTEXT('2D SPACE',''
  ) );
#1157 = ORIENTED_EDGE('',*,*,#1158,.T.);
#1158 = EDGE_CURVE('',#1130,#843,#1159,.T.);
#1159 = SEAM_CURVE('',#1160,(#1164,#1171),.PCURVE_S1.);
#1160 = LINE('',#1161,#1162);
#1161 = CARTESIAN_POINT('',(25.5,-13.6,102.5));
#1162 = VECTOR('',#1163,1.);
#1163 = DIRECTION('',(1.,0.,0.));
#1164 = PCURVE('',#863,#1165);
#1165 = DEFINITIONAL_REPRESENTATION('',(#1166),#1170);
#1166 = LINE('',#1167,#1168);
#1167 = CARTESIAN_POINT('',(-6.28318530718,0.));
#1168 = VECTOR('',#1169,1.);
#1169 = DIRECTION('',(-0.,-1.));
#1170 = ( GEOMETRIC_REPRESENTATION_CONTEXT(2) 
PARAMETRIC_REPRESENTATION_CONTEXT() REPRESENTATION_CONTEXT('2D SPACE',''
  ) );
#1171 = PCURVE('',#863,#1172);
#1172 = DEFINITIONAL_REPRESENTATION('',(#1173),#1177);
#1173 = LINE('',#1174,#1175);
#1174 = CARTESIAN_POINT('',(-0.,0.));
#1175 = VECTOR('',#1176,1.);
#1176 = DIRECTION('',(-0.,-1.));
#1177 = ( GEOMETRIC_REPRESENTATION_CONTEXT(2) 
PARAMETRIC_REPRESENTATION_CONTEXT() REPRESENTATION_CONTEXT('2D SPACE',''
  ) );
#1178 = ORIENTED_EDGE('',*,*,#842,.F.);
#1179 = ORIENTED_EDGE('',*,*,#1158,.F.);
#1180 = ADVANCED_FACE('',(#1181,#1184),#1146,.T.);
#1181 = FACE_BOUND('',#1182,.T.);
#1182 = EDGE_LOOP('',(#1183));
#1183 = ORIENTED_EDGE('',*,*,#1129,.T.);
#1184 = FACE_BOUND('',#1185,.T.);
#1185 = EDGE_LOOP('',(#1186));
#1186 = ORIENTED_EDGE('',*,*,#1187,.T.);
#1187 = EDGE_CURVE('',#1188,#1188,#1190,.T.);
#1188 = VERTEX_POINT('',#1189);
#1189 = CARTESIAN_POINT('',(25.5,-12.6,102.5));
#1190 = SURFACE_CURVE('',#1191,(#1196,#1207),.PCURVE_S1.);
#1191 = CIRCLE('',#1192,1.1);
#1192 = AXIS2_PLACEMENT_3D('',#1193,#1194,#1195);
#1193 = CARTESIAN_POINT('',(25.5,-11.5,102.5));
#1194 = DIRECTION('',(-1.,0.,0.));
#1195 = DIRECTION('',(0.,-1.,0.));
#1196 = PCURVE('',#1146,#1197);
#1197 = DEFINITIONAL_REPRESENTATION('',(#1198),#1206);
#1198 = ( BOUNDED_CURVE() B_SPLINE_CURVE(2,(#1199,#1200,#1201,#1202,
#1203,#1204,#1205),.UNSPECIFIED.,.T.,.F.) B_SPLINE_CURVE_WITH_KNOTS((1,2
    ,2,2,2,1),(-2.094395102393,0.,2.094395102393,4.188790204786,
6.28318530718,8.377580409573),.UNSPECIFIED.) CURVE() 
GEOMETRIC_REPRESENTATION_ITEM() RATIONAL_B_SPLINE_CURVE((1.,0.5,1.,0.5,
1.,0.5,1.)) REPRESENTATION_ITEM('') );
#1199 = CARTESIAN_POINT('',(-1.159037843309E-16,-1.1));
#1200 = CARTESIAN_POINT('',(-1.905255888326,-1.1));
#1201 = CARTESIAN_POINT('',(-0.952627944163,0.55));
#1202 = CARTESIAN_POINT('',(-3.853260801433E-16,2.2));
#1203 = CARTESIAN_POINT('',(0.952627944163,0.55));
#1204 = CARTESIAN_POINT('',(1.905255888326,-1.1));
#1205 = CARTESIAN_POINT('',(-1.159037843309E-16,-1.1));
#1206 = ( GEOMETRIC_REPRESENTATION_CONTEXT(2) 
PARAMETRIC_REPRESENTATION_CONTEXT() REPRESENTATION_CONTEXT('2D SPACE',''
  ) );
#1207 = PCURVE('',#480,#1208);
#1208 = DEFINITIONAL_REPRESENTATION('',(#1209),#1213);
#1209 = LINE('',#1210,#1211);
#1210 = CARTESIAN_POINT('',(-6.28318530718,-3.1));
#1211 = VECTOR('',#1212,1.);
#1212 = DIRECTION('',(1.,-0.));
#1213 = ( GEOMETRIC_REPRESENTATION_CONTEXT(2) 
PARAMETRIC_REPRESENTATION_CONTEXT() REPRESENTATION_CONTEXT('2D SPACE',''
  ) );
#1214 = ADVANCED_FACE('',(#1215),#480,.F.);
#1215 = FACE_BOUND('',#1216,.T.);
#1216 = EDGE_LOOP('',(#1217,#1218,#1239,#1240));
#1217 = ORIENTED_EDGE('',*,*,#459,.T.);
#1218 = ORIENTED_EDGE('',*,*,#1219,.T.);
#1219 = EDGE_CURVE('',#460,#1188,#1220,.T.);
#1220 = SEAM_CURVE('',#1221,(#1225,#1232),.PCURVE_S1.);
#1221 = LINE('',#1222,#1223);
#1222 = CARTESIAN_POINT('',(22.4,-12.6,102.5));
#1223 = VECTOR('',#1224,1.);
#1224 = DIRECTION('',(1.,0.,0.));
#1225 = PCURVE('',#480,#1226);
#1226 = DEFINITIONAL_REPRESENTATION('',(#1227),#1231);
#1227 = LINE('',#1228,#1229);
#1228 = CARTESIAN_POINT('',(-6.28318530718,0.));
#1229 = VECTOR('',#1230,1.);
#1230 = DIRECTION('',(-0.,-1.));
#1231 = ( GEOMETRIC_REPRESENTATION_CONTEXT(2) 
PARAMETRIC_REPRESENTATION_CONTEXT() REPRESENTATION_CONTEXT('2D SPACE',''
  ) );
#1232 = PCURVE('',#480,#1233);
#1233 = DEFINITIONAL_REPRESENTATION('',(#1234),#1238);
#1234 = LINE('',#1235,#1236);
#1235 = CARTESIAN_POINT('',(-0.,0.));
#1236 = VECTOR('',#1237,1.);
#1237 = DIRECTION('',(-0.,-1.));
#1238 = ( GEOMETRIC_REPRESENTATION_CONTEXT(2) 
PARAMETRIC_REPRESENTATION_CONTEXT() REPRESENTATION_CONTEXT('2D SPACE',''
  ) );
#1239 = ORIENTED_EDGE('',*,*,#1187,.F.);
#1240 = ORIENTED_EDGE('',*,*,#1219,.F.);
#1241 = ADVANCED_FACE('',(#1242),#445,.F.);
#1242 = FACE_BOUND('',#1243,.T.);
#1243 = EDGE_LOOP('',(#1244,#1245,#1266,#1267));
#1244 = ORIENTED_EDGE('',*,*,#424,.T.);
#1245 = ORIENTED_EDGE('',*,*,#1246,.T.);
#1246 = EDGE_CURVE('',#425,#1010,#1247,.T.);
#1247 = SEAM_CURVE('',#1248,(#1252,#1259),.PCURVE_S1.);
#1248 = LINE('',#1249,#1250);
#1249 = CARTESIAN_POINT('',(22.4,-18.6,108.5));
#1250 = VECTOR('',#1251,1.);
#1251 = DIRECTION('',(1.,0.,0.));
#1252 = PCURVE('',#445,#1253);
#1253 = DEFINITIONAL_REPRESENTATION('',(#1254),#1258);
#1254 = LINE('',#1255,#1256);
#1255 = CARTESIAN_POINT('',(-6.28318530718,0.));
#1256 = VECTOR('',#1257,1.);
#1257 = DIRECTION('',(-0.,-1.));
#1258 = ( GEOMETRIC_REPRESENTATION_CONTEXT(2) 
PARAMETRIC_REPRESENTATION_CONTEXT() REPRESENTATION_CONTEXT('2D SPACE',''
  ) );
#1259 = PCURVE('',#445,#1260);
#1260 = DEFINITIONAL_REPRESENTATION('',(#1261),#1265);
#1261 = LINE('',#1262,#1263);
#1262 = CARTESIAN_POINT('',(-0.,0.));
#1263 = VECTOR('',#1264,1.);
#1264 = DIRECTION('',(-0.,-1.));
#1265 = ( GEOMETRIC_REPRESENTATION_CONTEXT(2) 
PARAMETRIC_REPRESENTATION_CONTEXT() REPRESENTATION_CONTEXT('2D SPACE',''
  ) );
#1266 = ORIENTED_EDGE('',*,*,#1009,.F.);
#1267 = ORIENTED_EDGE('',*,*,#1246,.F.);
#1268 = ADVANCED_FACE('',(#1269),#410,.F.);
#1269 = FACE_BOUND('',#1270,.T.);
#1270 = EDGE_LOOP('',(#1271,#1272,#1293,#1294));
#1271 = ORIENTED_EDGE('',*,*,#389,.T.);
#1272 = ORIENTED_EDGE('',*,*,#1273,.T.);
#1273 = EDGE_CURVE('',#390,#1099,#1274,.T.);
#1274 = SEAM_CURVE('',#1275,(#1279,#1286),.PCURVE_S1.);
#1275 = LINE('',#1276,#1277);
#1276 = CARTESIAN_POINT('',(22.4,-24.6,102.5));
#1277 = VECTOR('',#1278,1.);
#1278 = DIRECTION('',(1.,0.,0.));
#1279 = PCURVE('',#410,#1280);
#1280 = DEFINITIONAL_REPRESENTATION('',(#1281),#1285);
#1281 = LINE('',#1282,#1283);
#1282 = CARTESIAN_POINT('',(-6.28318530718,0.));
#1283 = VECTOR('',#1284,1.);
#1284 = DIRECTION('',(-0.,-1.));
#1285 = ( GEOMETRIC_REPRESENTATION_CONTEXT(2) 
PARAMETRIC_REPRESENTATION_CONTEXT() REPRESENTATION_CONTEXT('2D SPACE',''
  ) );
#1286 = PCURVE('',#410,#1287);
#1287 = DEFINITIONAL_REPRESENTATION('',(#1288),#1292);
#1288 = LINE('',#1289,#1290);
#1289 = CARTESIAN_POINT('',(-0.,0.));
#1290 = VECTOR('',#1291,1.);
#1291 = DIRECTION('',(-0.,-1.));
#1292 = ( GEOMETRIC_REPRESENTATION_CONTEXT(2) 
PARAMETRIC_REPRESENTATION_CONTEXT() REPRESENTATION_CONTEXT('2D SPACE',''
  ) );
#1293 = ORIENTED_EDGE('',*,*,#1098,.F.);
#1294 = ORIENTED_EDGE('',*,*,#1273,.F.);
#1295 = ADVANCED_FACE('',(#1296),#236,.T.);
#1296 = FACE_BOUND('',#1297,.T.);
#1297 = EDGE_LOOP('',(#1298,#1319,#1320,#1341));
#1298 = ORIENTED_EDGE('',*,*,#1299,.F.);
#1299 = EDGE_CURVE('',#193,#751,#1300,.T.);
#1300 = SURFACE_CURVE('',#1301,(#1305,#1312),.PCURVE_S1.);
#1301 = LINE('',#1302,#1303);
#1302 = CARTESIAN_POINT('',(22.5,-26.5,86.));
#1303 = VECTOR('',#1304,1.);
#1304 = DIRECTION('',(1.,0.,0.));
#1305 = PCURVE('',#236,#1306);
#1306 = DEFINITIONAL_REPRESENTATION('',(#1307),#1311);
#1307 = LINE('',#1308,#1309);
#1308 = CARTESIAN_POINT('',(0.,0.));
#1309 = VECTOR('',#1310,1.);
#1310 = DIRECTION('',(0.,1.));
#1311 = ( GEOMETRIC_REPRESENTATION_CONTEXT(2) 
PARAMETRIC_REPRESENTATION_CONTEXT() REPRESENTATION_CONTEXT('2D SPACE',''
  ) );
#1312 = PCURVE('',#208,#1313);
#1313 = DEFINITIONAL_REPRESENTATION('',(#1314),#1318);
#1314 = LINE('',#1315,#1316);
#1315 = CARTESIAN_POINT('',(0.,16.1));
#1316 = VECTOR('',#1317,1.);
#1317 = DIRECTION('',(1.,0.));
#1318 = ( GEOMETRIC_REPRESENTATION_CONTEXT(2) 
PARAMETRIC_REPRESENTATION_CONTEXT() REPRESENTATION_CONTEXT('2D SPACE',''
  ) );
#1319 = ORIENTED_EDGE('',*,*,#220,.T.);
#1320 = ORIENTED_EDGE('',*,*,#1321,.T.);
#1321 = EDGE_CURVE('',#221,#774,#1322,.T.);
#1322 = SURFACE_CURVE('',#1323,(#1327,#1334),.PCURVE_S1.);
#1323 = LINE('',#1324,#1325);
#1324 = CARTESIAN_POINT('',(22.5,-26.5,89.5));
#1325 = VECTOR('',#1326,1.);
#1326 = DIRECTION('',(1.,0.,0.));
#1327 = PCURVE('',#236,#1328);
#1328 = DEFINITIONAL_REPRESENTATION('',(#1329),#1333);
#1329 = LINE('',#1330,#1331);
#1330 = CARTESIAN_POINT('',(3.5,0.));
#1331 = VECTOR('',#1332,1.);
#1332 = DIRECTION('',(0.,1.));
#1333 = ( GEOMETRIC_REPRESENTATION_CONTEXT(2) 
PARAMETRIC_REPRESENTATION_CONTEXT() REPRESENTATION_CONTEXT('2D SPACE',''
  ) );
#1334 = PCURVE('',#264,#1335);
#1335 = DEFINITIONAL_REPRESENTATION('',(#1336),#1340);
#1336 = LINE('',#1337,#1338);
#1337 = CARTESIAN_POINT('',(0.,16.1));
#1338 = VECTOR('',#1339,1.);
#1339 = DIRECTION('',(1.,0.));
#1340 = ( GEOMETRIC_REPRESENTATION_CONTEXT(2) 
PARAMETRIC_REPRESENTATION_CONTEXT() REPRESENTATION_CONTEXT('2D SPACE',''
  ) );
#1341 = ORIENTED_EDGE('',*,*,#773,.F.);
#1342 = ADVANCED_FACE('',(#1343),#208,.F.);
#1343 = FACE_BOUND('',#1344,.F.);
#1344 = EDGE_LOOP('',(#1345,#1346,#1367,#1368));
#1345 = ORIENTED_EDGE('',*,*,#192,.F.);
#1346 = ORIENTED_EDGE('',*,*,#1347,.T.);
#1347 = EDGE_CURVE('',#165,#728,#1348,.T.);
#1348 = SURFACE_CURVE('',#1349,(#1353,#1360),.PCURVE_S1.);
#1349 = LINE('',#1350,#1351);
#1350 = CARTESIAN_POINT('',(22.5,-42.6,86.));
#1351 = VECTOR('',#1352,1.);
#1352 = DIRECTION('',(1.,0.,0.));
#1353 = PCURVE('',#208,#1354);
#1354 = DEFINITIONAL_REPRESENTATION('',(#1355),#1359);
#1355 = LINE('',#1356,#1357);
#1356 = CARTESIAN_POINT('',(0.,0.));
#1357 = VECTOR('',#1358,1.);
#1358 = DIRECTION('',(1.,0.));
#1359 = ( GEOMETRIC_REPRESENTATION_CONTEXT(2) 
PARAMETRIC_REPRESENTATION_CONTEXT() REPRESENTATION_CONTEXT('2D SPACE',''
  ) );
#1360 = PCURVE('',#180,#1361);
#1361 = DEFINITIONAL_REPRESENTATION('',(#1362),#1366);
#1362 = LINE('',#1363,#1364);
#1363 = CARTESIAN_POINT('',(0.,0.));
#1364 = VECTOR('',#1365,1.);
#1365 = DIRECTION('',(0.,1.));
#1366 = ( GEOMETRIC_REPRESENTATION_CONTEXT(2) 
PARAMETRIC_REPRESENTATION_CONTEXT() REPRESENTATION_CONTEXT('2D SPACE',''
  ) );
#1367 = ORIENTED_EDGE('',*,*,#750,.T.);
#1368 = ORIENTED_EDGE('',*,*,#1299,.F.);
#1369 = ADVANCED_FACE('',(#1370,#1445,#1476,#1507),#180,.F.);
#1370 = FACE_BOUND('',#1371,.F.);
#1371 = EDGE_LOOP('',(#1372,#1373,#1374,#1375,#1398,#1426));
#1372 = ORIENTED_EDGE('',*,*,#727,.F.);
#1373 = ORIENTED_EDGE('',*,*,#1347,.F.);
#1374 = ORIENTED_EDGE('',*,*,#164,.T.);
#1375 = ORIENTED_EDGE('',*,*,#1376,.T.);
#1376 = EDGE_CURVE('',#137,#1377,#1379,.T.);
#1377 = VERTEX_POINT('',#1378);
#1378 = CARTESIAN_POINT('',(-7.,-42.6,89.5));
#1379 = SURFACE_CURVE('',#1380,(#1384,#1391),.PCURVE_S1.);
#1380 = LINE('',#1381,#1382);
#1381 = CARTESIAN_POINT('',(26.5,-42.6,89.5));
#1382 = VECTOR('',#1383,1.);
#1383 = DIRECTION('',(-1.,0.,0.));
#1384 = PCURVE('',#180,#1385);
#1385 = DEFINITIONAL_REPRESENTATION('',(#1386),#1390);
#1386 = LINE('',#1387,#1388);
#1387 = CARTESIAN_POINT('',(3.5,4.));
#1388 = VECTOR('',#1389,1.);
#1389 = DIRECTION('',(0.,-1.));
#1390 = ( GEOMETRIC_REPRESENTATION_CONTEXT(2) 
PARAMETRIC_REPRESENTATION_CONTEXT() REPRESENTATION_CONTEXT('2D SPACE',''
  ) );
#1391 = PCURVE('',#152,#1392);
#1392 = DEFINITIONAL_REPRESENTATION('',(#1393),#1397);
#1393 = LINE('',#1394,#1395);
#1394 = CARTESIAN_POINT('',(4.,7.105427357601E-15));
#1395 = VECTOR('',#1396,1.);
#1396 = DIRECTION('',(-1.,0.));
#1397 = ( GEOMETRIC_REPRESENTATION_CONTEXT(2) 
PARAMETRIC_REPRESENTATION_CONTEXT() REPRESENTATION_CONTEXT('2D SPACE',''
  ) );
#1398 = ORIENTED_EDGE('',*,*,#1399,.T.);
#1399 = EDGE_CURVE('',#1377,#1400,#1402,.T.);
#1400 = VERTEX_POINT('',#1401);
#1401 = CARTESIAN_POINT('',(-7.,-42.6,106.11226698035));
#1402 = SURFACE_CURVE('',#1403,(#1407,#1414),.PCURVE_S1.);
#1403 = LINE('',#1404,#1405);
#1404 = CARTESIAN_POINT('',(-7.,-42.6,89.5));
#1405 = VECTOR('',#1406,1.);
#1406 = DIRECTION('',(0.,0.,1.));
#1407 = PCURVE('',#180,#1408);
#1408 = DEFINITIONAL_REPRESENTATION('',(#1409),#1413);
#1409 = LINE('',#1410,#1411);
#1410 = CARTESIAN_POINT('',(3.5,-29.5));
#1411 = VECTOR('',#1412,1.);
#1412 = DIRECTION('',(1.,0.));
#1413 = ( GEOMETRIC_REPRESENTATION_CONTEXT(2) 
PARAMETRIC_REPRESENTATION_CONTEXT() REPRESENTATION_CONTEXT('2D SPACE',''
  ) );
#1414 = PCURVE('',#1415,#1420);
#1415 = PLANE('',#1416);
#1416 = AXIS2_PLACEMENT_3D('',#1417,#1418,#1419);
#1417 = CARTESIAN_POINT('',(-7.,-42.6,89.5));
#1418 = DIRECTION('',(1.,0.,0.));
#1419 = DIRECTION('',(0.,0.,1.));
#1420 = DEFINITIONAL_REPRESENTATION('',(#1421),#1425);
#1421 = LINE('',#1422,#1423);
#1422 = CARTESIAN_POINT('',(0.,0.));
#1423 = VECTOR('',#1424,1.);
#1424 = DIRECTION('',(1.,0.));
#1425 = ( GEOMETRIC_REPRESENTATION_CONTEXT(2) 
PARAMETRIC_REPRESENTATION_CONTEXT() REPRESENTATION_CONTEXT('2D SPACE',''
  ) );
#1426 = ORIENTED_EDGE('',*,*,#1427,.T.);
#1427 = EDGE_CURVE('',#1400,#707,#1428,.T.);
#1428 = SURFACE_CURVE('',#1429,(#1433,#1439),.PCURVE_S1.);
#1429 = LINE('',#1430,#1431);
#1430 = CARTESIAN_POINT('',(-18.75,-42.6,106.11226698035));
#1431 = VECTOR('',#1432,1.);
#1432 = DIRECTION('',(1.,0.,-0.));
#1433 = PCURVE('',#180,#1434);
#1434 = DEFINITIONAL_REPRESENTATION('',(#1435),#1438);
#1435 = B_SPLINE_CURVE_WITH_KNOTS('',1,(#1436,#1437),.UNSPECIFIED.,.F.,
  .F.,(2,2),(11.75,45.25),.PIECEWISE_BEZIER_KNOTS.);
#1436 = CARTESIAN_POINT('',(20.112266980358,-29.5));
#1437 = CARTESIAN_POINT('',(20.112266980358,4.));
#1438 = ( GEOMETRIC_REPRESENTATION_CONTEXT(2) 
PARAMETRIC_REPRESENTATION_CONTEXT() REPRESENTATION_CONTEXT('2D SPACE',''
  ) );
#1439 = PCURVE('',#97,#1440);
#1440 = DEFINITIONAL_REPRESENTATION('',(#1441),#1444);
#1441 = B_SPLINE_CURVE_WITH_KNOTS('',1,(#1442,#1443),.UNSPECIFIED.,.F.,
  .F.,(2,2),(11.75,45.25),.PIECEWISE_BEZIER_KNOTS.);
#1442 = CARTESIAN_POINT('',(53.,20.160383335039));
#1443 = CARTESIAN_POINT('',(86.5,20.160383335039));
#1444 = ( GEOMETRIC_REPRESENTATION_CONTEXT(2) 
PARAMETRIC_REPRESENTATION_CONTEXT() REPRESENTATION_CONTEXT('2D SPACE',''
  ) );
#1445 = FACE_BOUND('',#1446,.F.);
#1446 = EDGE_LOOP('',(#1447));
#1447 = ORIENTED_EDGE('',*,*,#1448,.F.);
#1448 = EDGE_CURVE('',#1449,#1449,#1451,.T.);
#1449 = VERTEX_POINT('',#1450);
#1450 = CARTESIAN_POINT('',(-2.,-42.6,101.4));
#1451 = SURFACE_CURVE('',#1452,(#1457,#1464),.PCURVE_S1.);
#1452 = CIRCLE('',#1453,1.1);
#1453 = AXIS2_PLACEMENT_3D('',#1454,#1455,#1456);
#1454 = CARTESIAN_POINT('',(-2.,-42.6,102.5));
#1455 = DIRECTION('',(0.,1.,0.));
#1456 = DIRECTION('',(0.,0.,-1.));
#1457 = PCURVE('',#180,#1458);
#1458 = DEFINITIONAL_REPRESENTATION('',(#1459),#1463);
#1459 = CIRCLE('',#1460,1.1);
#1460 = AXIS2_PLACEMENT_2D('',#1461,#1462);
#1461 = CARTESIAN_POINT('',(16.5,-24.5));
#1462 = DIRECTION('',(-1.,0.));
#1463 = ( GEOMETRIC_REPRESENTATION_CONTEXT(2) 
PARAMETRIC_REPRESENTATION_CONTEXT() REPRESENTATION_CONTEXT('2D SPACE',''
  ) );
#1464 = PCURVE('',#1465,#1470);
#1465 = CYLINDRICAL_SURFACE('',#1466,1.1);
#1466 = AXIS2_PLACEMENT_3D('',#1467,#1468,#1469);
#1467 = CARTESIAN_POINT('',(-2.,-42.6,102.5));
#1468 = DIRECTION('',(0.,-1.,0.));
#1469 = DIRECTION('',(0.,0.,-1.));
#1470 = DEFINITIONAL_REPRESENTATION('',(#1471),#1475);
#1471 = LINE('',#1472,#1473);
#1472 = CARTESIAN_POINT('',(-0.,0.));
#1473 = VECTOR('',#1474,1.);
#1474 = DIRECTION('',(-1.,0.));
#1475 = ( GEOMETRIC_REPRESENTATION_CONTEXT(2) 
PARAMETRIC_REPRESENTATION_CONTEXT() REPRESENTATION_CONTEXT('2D SPACE',''
  ) );
#1476 = FACE_BOUND('',#1477,.F.);
#1477 = EDGE_LOOP('',(#1478));
#1478 = ORIENTED_EDGE('',*,*,#1479,.F.);
#1479 = EDGE_CURVE('',#1480,#1480,#1482,.T.);
#1480 = VERTEX_POINT('',#1481);
#1481 = CARTESIAN_POINT('',(4.,-42.6,95.4));
#1482 = SURFACE_CURVE('',#1483,(#1488,#1495),.PCURVE_S1.);
#1483 = CIRCLE('',#1484,1.1);
#1484 = AXIS2_PLACEMENT_3D('',#1485,#1486,#1487);
#1485 = CARTESIAN_POINT('',(4.,-42.6,96.5));
#1486 = DIRECTION('',(0.,1.,0.));
#1487 = DIRECTION('',(0.,0.,-1.));
#1488 = PCURVE('',#180,#1489);
#1489 = DEFINITIONAL_REPRESENTATION('',(#1490),#1494);
#1490 = CIRCLE('',#1491,1.1);
#1491 = AXIS2_PLACEMENT_2D('',#1492,#1493);
#1492 = CARTESIAN_POINT('',(10.5,-18.5));
#1493 = DIRECTION('',(-1.,0.));
#1494 = ( GEOMETRIC_REPRESENTATION_CONTEXT(2) 
PARAMETRIC_REPRESENTATION_CONTEXT() REPRESENTATION_CONTEXT('2D SPACE',''
  ) );
#1495 = PCURVE('',#1496,#1501);
#1496 = CYLINDRICAL_SURFACE('',#1497,1.1);
#1497 = AXIS2_PLACEMENT_3D('',#1498,#1499,#1500);
#1498 = CARTESIAN_POINT('',(4.,-42.6,96.5));
#1499 = DIRECTION('',(0.,-1.,0.));
#1500 = DIRECTION('',(0.,0.,-1.));
#1501 = DEFINITIONAL_REPRESENTATION('',(#1502),#1506);
#1502 = LINE('',#1503,#1504);
#1503 = CARTESIAN_POINT('',(-0.,0.));
#1504 = VECTOR('',#1505,1.);
#1505 = DIRECTION('',(-1.,0.));
#1506 = ( GEOMETRIC_REPRESENTATION_CONTEXT(2) 
PARAMETRIC_REPRESENTATION_CONTEXT() REPRESENTATION_CONTEXT('2D SPACE',''
  ) );
#1507 = FACE_BOUND('',#1508,.F.);
#1508 = EDGE_LOOP('',(#1509));
#1509 = ORIENTED_EDGE('',*,*,#1510,.F.);
#1510 = EDGE_CURVE('',#1511,#1511,#1513,.T.);
#1511 = VERTEX_POINT('',#1512);
#1512 = CARTESIAN_POINT('',(10.,-42.6,101.4));
#1513 = SURFACE_CURVE('',#1514,(#1519,#1526),.PCURVE_S1.);
#1514 = CIRCLE('',#1515,1.1);
#1515 = AXIS2_PLACEMENT_3D('',#1516,#1517,#1518);
#1516 = CARTESIAN_POINT('',(10.,-42.6,102.5));
#1517 = DIRECTION('',(0.,1.,0.));
#1518 = DIRECTION('',(0.,0.,-1.));
#1519 = PCURVE('',#180,#1520);
#1520 = DEFINITIONAL_REPRESENTATION('',(#1521),#1525);
#1521 = CIRCLE('',#1522,1.1);
#1522 = AXIS2_PLACEMENT_2D('',#1523,#1524);
#1523 = CARTESIAN_POINT('',(16.5,-12.5));
#1524 = DIRECTION('',(-1.,0.));
#1525 = ( GEOMETRIC_REPRESENTATION_CONTEXT(2) 
PARAMETRIC_REPRESENTATION_CONTEXT() REPRESENTATION_CONTEXT('2D SPACE',''
  ) );
#1526 = PCURVE('',#1527,#1532);
#1527 = CYLINDRICAL_SURFACE('',#1528,1.1);
#1528 = AXIS2_PLACEMENT_3D('',#1529,#1530,#1531);
#1529 = CARTESIAN_POINT('',(10.,-42.6,102.5));
#1530 = DIRECTION('',(0.,-1.,0.));
#1531 = DIRECTION('',(0.,0.,-1.));
#1532 = DEFINITIONAL_REPRESENTATION('',(#1533),#1537);
#1533 = LINE('',#1534,#1535);
#1534 = CARTESIAN_POINT('',(-0.,0.));
#1535 = VECTOR('',#1536,1.);
#1536 = DIRECTION('',(-1.,0.));
#1537 = ( GEOMETRIC_REPRESENTATION_CONTEXT(2) 
PARAMETRIC_REPRESENTATION_CONTEXT() REPRESENTATION_CONTEXT('2D SPACE',''
  ) );
#1538 = ADVANCED_FACE('',(#1539),#1527,.F.);
#1539 = FACE_BOUND('',#1540,.T.);
#1540 = EDGE_LOOP('',(#1541,#1542,#1565,#1591));
#1541 = ORIENTED_EDGE('',*,*,#1510,.F.);
#1542 = ORIENTED_EDGE('',*,*,#1543,.T.);
#1543 = EDGE_CURVE('',#1511,#1544,#1546,.T.);
#1544 = VERTEX_POINT('',#1545);
#1545 = CARTESIAN_POINT('',(10.,-39.5,101.4));
#1546 = SEAM_CURVE('',#1547,(#1551,#1558),.PCURVE_S1.);
#1547 = LINE('',#1548,#1549);
#1548 = CARTESIAN_POINT('',(10.,-42.6,101.4));
#1549 = VECTOR('',#1550,1.);
#1550 = DIRECTION('',(0.,1.,0.));
#1551 = PCURVE('',#1527,#1552);
#1552 = DEFINITIONAL_REPRESENTATION('',(#1553),#1557);
#1553 = LINE('',#1554,#1555);
#1554 = CARTESIAN_POINT('',(-6.28318530718,0.));
#1555 = VECTOR('',#1556,1.);
#1556 = DIRECTION('',(-0.,-1.));
#1557 = ( GEOMETRIC_REPRESENTATION_CONTEXT(2) 
PARAMETRIC_REPRESENTATION_CONTEXT() REPRESENTATION_CONTEXT('2D SPACE',''
  ) );
#1558 = PCURVE('',#1527,#1559);
#1559 = DEFINITIONAL_REPRESENTATION('',(#1560),#1564);
#1560 = LINE('',#1561,#1562);
#1561 = CARTESIAN_POINT('',(-0.,0.));
#1562 = VECTOR('',#1563,1.);
#1563 = DIRECTION('',(-0.,-1.));
#1564 = ( GEOMETRIC_REPRESENTATION_CONTEXT(2) 
PARAMETRIC_REPRESENTATION_CONTEXT() REPRESENTATION_CONTEXT('2D SPACE',''
  ) );
#1565 = ORIENTED_EDGE('',*,*,#1566,.F.);
#1566 = EDGE_CURVE('',#1544,#1544,#1567,.T.);
#1567 = SURFACE_CURVE('',#1568,(#1573,#1580),.PCURVE_S1.);
#1568 = CIRCLE('',#1569,1.1);
#1569 = AXIS2_PLACEMENT_3D('',#1570,#1571,#1572);
#1570 = CARTESIAN_POINT('',(10.,-39.5,102.5));
#1571 = DIRECTION('',(0.,-1.,0.));
#1572 = DIRECTION('',(0.,0.,-1.));
#1573 = PCURVE('',#1527,#1574);
#1574 = DEFINITIONAL_REPRESENTATION('',(#1575),#1579);
#1575 = LINE('',#1576,#1577);
#1576 = CARTESIAN_POINT('',(-6.28318530718,-3.1));
#1577 = VECTOR('',#1578,1.);
#1578 = DIRECTION('',(1.,-0.));
#1579 = ( GEOMETRIC_REPRESENTATION_CONTEXT(2) 
PARAMETRIC_REPRESENTATION_CONTEXT() REPRESENTATION_CONTEXT('2D SPACE',''
  ) );
#1580 = PCURVE('',#124,#1581);
#1581 = DEFINITIONAL_REPRESENTATION('',(#1582),#1590);
#1582 = ( BOUNDED_CURVE() B_SPLINE_CURVE(2,(#1583,#1584,#1585,#1586,
#1587,#1588,#1589),.UNSPECIFIED.,.T.,.F.) B_SPLINE_CURVE_WITH_KNOTS((1,2
    ,2,2,2,1),(-2.094395102393,0.,2.094395102393,4.188790204786,
6.28318530718,8.377580409573),.UNSPECIFIED.) CURVE() 
GEOMETRIC_REPRESENTATION_ITEM() RATIONAL_B_SPLINE_CURVE((1.,0.5,1.,0.5,
1.,0.5,1.)) REPRESENTATION_ITEM('') );
#1583 = CARTESIAN_POINT('',(11.9,17.));
#1584 = CARTESIAN_POINT('',(11.9,18.905255888326));
#1585 = CARTESIAN_POINT('',(13.55,17.952627944163));
#1586 = CARTESIAN_POINT('',(15.2,17.));
#1587 = CARTESIAN_POINT('',(13.55,16.047372055837));
#1588 = CARTESIAN_POINT('',(11.9,15.094744111674));
#1589 = CARTESIAN_POINT('',(11.9,17.));
#1590 = ( GEOMETRIC_REPRESENTATION_CONTEXT(2) 
PARAMETRIC_REPRESENTATION_CONTEXT() REPRESENTATION_CONTEXT('2D SPACE',''
  ) );
#1591 = ORIENTED_EDGE('',*,*,#1543,.F.);
#1592 = ADVANCED_FACE('',(#1593),#1496,.F.);
#1593 = FACE_BOUND('',#1594,.T.);
#1594 = EDGE_LOOP('',(#1595,#1596,#1619,#1645));
#1595 = ORIENTED_EDGE('',*,*,#1479,.F.);
#1596 = ORIENTED_EDGE('',*,*,#1597,.T.);
#1597 = EDGE_CURVE('',#1480,#1598,#1600,.T.);
#1598 = VERTEX_POINT('',#1599);
#1599 = CARTESIAN_POINT('',(4.,-39.5,95.4));
#1600 = SEAM_CURVE('',#1601,(#1605,#1612),.PCURVE_S1.);
#1601 = LINE('',#1602,#1603);
#1602 = CARTESIAN_POINT('',(4.,-42.6,95.4));
#1603 = VECTOR('',#1604,1.);
#1604 = DIRECTION('',(0.,1.,0.));
#1605 = PCURVE('',#1496,#1606);
#1606 = DEFINITIONAL_REPRESENTATION('',(#1607),#1611);
#1607 = LINE('',#1608,#1609);
#1608 = CARTESIAN_POINT('',(-6.28318530718,0.));
#1609 = VECTOR('',#1610,1.);
#1610 = DIRECTION('',(-0.,-1.));
#1611 = ( GEOMETRIC_REPRESENTATION_CONTEXT(2) 
PARAMETRIC_REPRESENTATION_CONTEXT() REPRESENTATION_CONTEXT('2D SPACE',''
  ) );
#1612 = PCURVE('',#1496,#1613);
#1613 = DEFINITIONAL_REPRESENTATION('',(#1614),#1618);
#1614 = LINE('',#1615,#1616);
#1615 = CARTESIAN_POINT('',(-0.,0.));
#1616 = VECTOR('',#1617,1.);
#1617 = DIRECTION('',(-0.,-1.));
#1618 = ( GEOMETRIC_REPRESENTATION_CONTEXT(2) 
PARAMETRIC_REPRESENTATION_CONTEXT() REPRESENTATION_CONTEXT('2D SPACE',''
  ) );
#1619 = ORIENTED_EDGE('',*,*,#1620,.F.);
#1620 = EDGE_CURVE('',#1598,#1598,#1621,.T.);
#1621 = SURFACE_CURVE('',#1622,(#1627,#1634),.PCURVE_S1.);
#1622 = CIRCLE('',#1623,1.1);
#1623 = AXIS2_PLACEMENT_3D('',#1624,#1625,#1626);
#1624 = CARTESIAN_POINT('',(4.,-39.5,96.5));
#1625 = DIRECTION('',(0.,-1.,0.));
#1626 = DIRECTION('',(0.,0.,-1.));
#1627 = PCURVE('',#1496,#1628);
#1628 = DEFINITIONAL_REPRESENTATION('',(#1629),#1633);
#1629 = LINE('',#1630,#1631);
#1630 = CARTESIAN_POINT('',(-6.28318530718,-3.1));
#1631 = VECTOR('',#1632,1.);
#1632 = DIRECTION('',(1.,-0.));
#1633 = ( GEOMETRIC_REPRESENTATION_CONTEXT(2) 
PARAMETRIC_REPRESENTATION_CONTEXT() REPRESENTATION_CONTEXT('2D SPACE',''
  ) );
#1634 = PCURVE('',#124,#1635);
#1635 = DEFINITIONAL_REPRESENTATION('',(#1636),#1644);
#1636 = ( BOUNDED_CURVE() B_SPLINE_CURVE(2,(#1637,#1638,#1639,#1640,
#1641,#1642,#1643),.UNSPECIFIED.,.T.,.F.) B_SPLINE_CURVE_WITH_KNOTS((1,2
    ,2,2,2,1),(-2.094395102393,0.,2.094395102393,4.188790204786,
6.28318530718,8.377580409573),.UNSPECIFIED.) CURVE() 
GEOMETRIC_REPRESENTATION_ITEM() RATIONAL_B_SPLINE_CURVE((1.,0.5,1.,0.5,
1.,0.5,1.)) REPRESENTATION_ITEM('') );
#1637 = CARTESIAN_POINT('',(5.9,11.));
#1638 = CARTESIAN_POINT('',(5.9,12.905255888326));
#1639 = CARTESIAN_POINT('',(7.55,11.952627944163));
#1640 = CARTESIAN_POINT('',(9.2,11.));
#1641 = CARTESIAN_POINT('',(7.55,10.047372055837));
#1642 = CARTESIAN_POINT('',(5.9,9.094744111674));
#1643 = CARTESIAN_POINT('',(5.9,11.));
#1644 = ( GEOMETRIC_REPRESENTATION_CONTEXT(2) 
PARAMETRIC_REPRESENTATION_CONTEXT() REPRESENTATION_CONTEXT('2D SPACE',''
  ) );
#1645 = ORIENTED_EDGE('',*,*,#1597,.F.);
#1646 = ADVANCED_FACE('',(#1647),#1465,.F.);
#1647 = FACE_BOUND('',#1648,.T.);
#1648 = EDGE_LOOP('',(#1649,#1650,#1673,#1699));
#1649 = ORIENTED_EDGE('',*,*,#1448,.F.);
#1650 = ORIENTED_EDGE('',*,*,#1651,.T.);
#1651 = EDGE_CURVE('',#1449,#1652,#1654,.T.);
#1652 = VERTEX_POINT('',#1653);
#1653 = CARTESIAN_POINT('',(-2.,-39.5,101.4));
#1654 = SEAM_CURVE('',#1655,(#1659,#1666),.PCURVE_S1.);
#1655 = LINE('',#1656,#1657);
#1656 = CARTESIAN_POINT('',(-2.,-42.6,101.4));
#1657 = VECTOR('',#1658,1.);
#1658 = DIRECTION('',(0.,1.,0.));
#1659 = PCURVE('',#1465,#1660);
#1660 = DEFINITIONAL_REPRESENTATION('',(#1661),#1665);
#1661 = LINE('',#1662,#1663);
#1662 = CARTESIAN_POINT('',(-6.28318530718,0.));
#1663 = VECTOR('',#1664,1.);
#1664 = DIRECTION('',(-0.,-1.));
#1665 = ( GEOMETRIC_REPRESENTATION_CONTEXT(2) 
PARAMETRIC_REPRESENTATION_CONTEXT() REPRESENTATION_CONTEXT('2D SPACE',''
  ) );
#1666 = PCURVE('',#1465,#1667);
#1667 = DEFINITIONAL_REPRESENTATION('',(#1668),#1672);
#1668 = LINE('',#1669,#1670);
#1669 = CARTESIAN_POINT('',(-0.,0.));
#1670 = VECTOR('',#1671,1.);
#1671 = DIRECTION('',(-0.,-1.));
#1672 = ( GEOMETRIC_REPRESENTATION_CONTEXT(2) 
PARAMETRIC_REPRESENTATION_CONTEXT() REPRESENTATION_CONTEXT('2D SPACE',''
  ) );
#1673 = ORIENTED_EDGE('',*,*,#1674,.F.);
#1674 = EDGE_CURVE('',#1652,#1652,#1675,.T.);
#1675 = SURFACE_CURVE('',#1676,(#1681,#1688),.PCURVE_S1.);
#1676 = CIRCLE('',#1677,1.1);
#1677 = AXIS2_PLACEMENT_3D('',#1678,#1679,#1680);
#1678 = CARTESIAN_POINT('',(-2.,-39.5,102.5));
#1679 = DIRECTION('',(0.,-1.,0.));
#1680 = DIRECTION('',(0.,0.,-1.));
#1681 = PCURVE('',#1465,#1682);
#1682 = DEFINITIONAL_REPRESENTATION('',(#1683),#1687);
#1683 = LINE('',#1684,#1685);
#1684 = CARTESIAN_POINT('',(-6.28318530718,-3.1));
#1685 = VECTOR('',#1686,1.);
#1686 = DIRECTION('',(1.,-0.));
#1687 = ( GEOMETRIC_REPRESENTATION_CONTEXT(2) 
PARAMETRIC_REPRESENTATION_CONTEXT() REPRESENTATION_CONTEXT('2D SPACE',''
  ) );
#1688 = PCURVE('',#124,#1689);
#1689 = DEFINITIONAL_REPRESENTATION('',(#1690),#1698);
#1690 = ( BOUNDED_CURVE() B_SPLINE_CURVE(2,(#1691,#1692,#1693,#1694,
#1695,#1696,#1697),.UNSPECIFIED.,.T.,.F.) B_SPLINE_CURVE_WITH_KNOTS((1,2
    ,2,2,2,1),(-2.094395102393,0.,2.094395102393,4.188790204786,
6.28318530718,8.377580409573),.UNSPECIFIED.) CURVE() 
GEOMETRIC_REPRESENTATION_ITEM() RATIONAL_B_SPLINE_CURVE((1.,0.5,1.,0.5,
1.,0.5,1.)) REPRESENTATION_ITEM('') );
#1691 = CARTESIAN_POINT('',(11.9,5.));
#1692 = CARTESIAN_POINT('',(11.9,6.905255888326));
#1693 = CARTESIAN_POINT('',(13.55,5.952627944163));
#1694 = CARTESIAN_POINT('',(15.2,5.));
#1695 = CARTESIAN_POINT('',(13.55,4.047372055837));
#1696 = CARTESIAN_POINT('',(11.9,3.094744111674));
#1697 = CARTESIAN_POINT('',(11.9,5.));
#1698 = ( GEOMETRIC_REPRESENTATION_CONTEXT(2) 
PARAMETRIC_REPRESENTATION_CONTEXT() REPRESENTATION_CONTEXT('2D SPACE',''
  ) );
#1699 = ORIENTED_EDGE('',*,*,#1651,.F.);
#1700 = ADVANCED_FACE('',(#1701),#1415,.F.);
#1701 = FACE_BOUND('',#1702,.F.);
#1702 = EDGE_LOOP('',(#1703,#1728,#1747,#1748));
#1703 = ORIENTED_EDGE('',*,*,#1704,.T.);
#1704 = EDGE_CURVE('',#1705,#1707,#1709,.T.);
#1705 = VERTEX_POINT('',#1706);
#1706 = CARTESIAN_POINT('',(-7.,-39.5,89.5));
#1707 = VERTEX_POINT('',#1708);
#1708 = CARTESIAN_POINT('',(-7.,-39.5,107.24385531433));
#1709 = SURFACE_CURVE('',#1710,(#1714,#1721),.PCURVE_S1.);
#1710 = LINE('',#1711,#1712);
#1711 = CARTESIAN_POINT('',(-7.,-39.5,89.5));
#1712 = VECTOR('',#1713,1.);
#1713 = DIRECTION('',(0.,0.,1.));
#1714 = PCURVE('',#1415,#1715);
#1715 = DEFINITIONAL_REPRESENTATION('',(#1716),#1720);
#1716 = LINE('',#1717,#1718);
#1717 = CARTESIAN_POINT('',(0.,-3.1));
#1718 = VECTOR('',#1719,1.);
#1719 = DIRECTION('',(1.,0.));
#1720 = ( GEOMETRIC_REPRESENTATION_CONTEXT(2) 
PARAMETRIC_REPRESENTATION_CONTEXT() REPRESENTATION_CONTEXT('2D SPACE',''
  ) );
#1721 = PCURVE('',#124,#1722);
#1722 = DEFINITIONAL_REPRESENTATION('',(#1723),#1727);
#1723 = LINE('',#1724,#1725);
#1724 = CARTESIAN_POINT('',(0.,0.));
#1725 = VECTOR('',#1726,1.);
#1726 = DIRECTION('',(1.,0.));
#1727 = ( GEOMETRIC_REPRESENTATION_CONTEXT(2) 
PARAMETRIC_REPRESENTATION_CONTEXT() REPRESENTATION_CONTEXT('2D SPACE',''
  ) );
#1728 = ORIENTED_EDGE('',*,*,#1729,.T.);
#1729 = EDGE_CURVE('',#1707,#1400,#1730,.T.);
#1730 = SURFACE_CURVE('',#1731,(#1735,#1741),.PCURVE_S1.);
#1731 = LINE('',#1732,#1733);
#1732 = CARTESIAN_POINT('',(-7.,-54.7445360462,101.67916526699));
#1733 = VECTOR('',#1734,1.);
#1734 = DIRECTION('',(0.,-0.939372712847,-0.342897807455));
#1735 = PCURVE('',#1415,#1736);
#1736 = DEFINITIONAL_REPRESENTATION('',(#1737),#1740);
#1737 = B_SPLINE_CURVE_WITH_KNOTS('',1,(#1738,#1739),.UNSPECIFIED.,.F.,
  .F.,(2,2),(-16.22842119822,-12.92834662973),.PIECEWISE_BEZIER_KNOTS.);
#1738 = CARTESIAN_POINT('',(17.743855314333,-3.1));
#1739 = CARTESIAN_POINT('',(16.612266980358,-2.929627236863E-15));
#1740 = ( GEOMETRIC_REPRESENTATION_CONTEXT(2) 
PARAMETRIC_REPRESENTATION_CONTEXT() REPRESENTATION_CONTEXT('2D SPACE',''
  ) );
#1741 = PCURVE('',#97,#1742);
#1742 = DEFINITIONAL_REPRESENTATION('',(#1743),#1746);
#1743 = B_SPLINE_CURVE_WITH_KNOTS('',1,(#1744,#1745),.UNSPECIFIED.,.F.,
  .F.,(2,2),(-16.22842119822,-12.92834662973),.PIECEWISE_BEZIER_KNOTS.);
#1744 = CARTESIAN_POINT('',(53.,23.460457903528));
#1745 = CARTESIAN_POINT('',(53.,20.160383335039));
#1746 = ( GEOMETRIC_REPRESENTATION_CONTEXT(2) 
PARAMETRIC_REPRESENTATION_CONTEXT() REPRESENTATION_CONTEXT('2D SPACE',''
  ) );
#1747 = ORIENTED_EDGE('',*,*,#1399,.F.);
#1748 = ORIENTED_EDGE('',*,*,#1749,.T.);
#1749 = EDGE_CURVE('',#1377,#1705,#1750,.T.);
#1750 = SURFACE_CURVE('',#1751,(#1755,#1762),.PCURVE_S1.);
#1751 = LINE('',#1752,#1753);
#1752 = CARTESIAN_POINT('',(-7.,-42.6,89.5));
#1753 = VECTOR('',#1754,1.);
#1754 = DIRECTION('',(0.,1.,0.));
#1755 = PCURVE('',#1415,#1756);
#1756 = DEFINITIONAL_REPRESENTATION('',(#1757),#1761);
#1757 = LINE('',#1758,#1759);
#1758 = CARTESIAN_POINT('',(0.,0.));
#1759 = VECTOR('',#1760,1.);
#1760 = DIRECTION('',(0.,-1.));
#1761 = ( GEOMETRIC_REPRESENTATION_CONTEXT(2) 
PARAMETRIC_REPRESENTATION_CONTEXT() REPRESENTATION_CONTEXT('2D SPACE',''
  ) );
#1762 = PCURVE('',#152,#1763);
#1763 = DEFINITIONAL_REPRESENTATION('',(#1764),#1768);
#1764 = LINE('',#1765,#1766);
#1765 = CARTESIAN_POINT('',(-29.5,7.105427357601E-15));
#1766 = VECTOR('',#1767,1.);
#1767 = DIRECTION('',(0.,1.));
#1768 = ( GEOMETRIC_REPRESENTATION_CONTEXT(2) 
PARAMETRIC_REPRESENTATION_CONTEXT() REPRESENTATION_CONTEXT('2D SPACE',''
  ) );
#1769 = ADVANCED_FACE('',(#1770),#293,.T.);
#1770 = FACE_BOUND('',#1771,.T.);
#1771 = EDGE_LOOP('',(#1772,#1794,#1795,#1818));
#1772 = ORIENTED_EDGE('',*,*,#1773,.F.);
#1773 = EDGE_CURVE('',#249,#1774,#1776,.T.);
#1774 = VERTEX_POINT('',#1775);
#1775 = CARTESIAN_POINT('',(25.5,-24.43531587727,89.5));
#1776 = SURFACE_CURVE('',#1777,(#1781,#1787),.PCURVE_S1.);
#1777 = LINE('',#1778,#1779);
#1778 = CARTESIAN_POINT('',(22.5,-24.43531587727,89.5));
#1779 = VECTOR('',#1780,1.);
#1780 = DIRECTION('',(1.,0.,0.));
#1781 = PCURVE('',#293,#1782);
#1782 = DEFINITIONAL_REPRESENTATION('',(#1783),#1786);
#1783 = B_SPLINE_CURVE_WITH_KNOTS('',1,(#1784,#1785),.UNSPECIFIED.,.F.,
  .F.,(2,2),(-5.999999999062E-07,3.0000006),.PIECEWISE_BEZIER_KNOTS.);
#1784 = CARTESIAN_POINT('',(1.008504334238,-5.999999999062E-07));
#1785 = CARTESIAN_POINT('',(1.008504334238,3.0000006));
#1786 = ( GEOMETRIC_REPRESENTATION_CONTEXT(2) 
PARAMETRIC_REPRESENTATION_CONTEXT() REPRESENTATION_CONTEXT('2D SPACE',''
  ) );
#1787 = PCURVE('',#264,#1788);
#1788 = DEFINITIONAL_REPRESENTATION('',(#1789),#1793);
#1789 = LINE('',#1790,#1791);
#1790 = CARTESIAN_POINT('',(0.,18.164684122728));
#1791 = VECTOR('',#1792,1.);
#1792 = DIRECTION('',(1.,0.));
#1793 = ( GEOMETRIC_REPRESENTATION_CONTEXT(2) 
PARAMETRIC_REPRESENTATION_CONTEXT() REPRESENTATION_CONTEXT('2D SPACE',''
  ) );
#1794 = ORIENTED_EDGE('',*,*,#276,.T.);
#1795 = ORIENTED_EDGE('',*,*,#1796,.T.);
#1796 = EDGE_CURVE('',#277,#1797,#1799,.T.);
#1797 = VERTEX_POINT('',#1798);
#1798 = CARTESIAN_POINT('',(25.5,-17.51,87.5));
#1799 = SURFACE_CURVE('',#1800,(#1804,#1811),.PCURVE_S1.);
#1800 = LINE('',#1801,#1802);
#1801 = CARTESIAN_POINT('',(22.5,-17.51,87.5));
#1802 = VECTOR('',#1803,1.);
#1803 = DIRECTION('',(1.,0.,0.));
#1804 = PCURVE('',#293,#1805);
#1805 = DEFINITIONAL_REPRESENTATION('',(#1806),#1810);
#1806 = LINE('',#1807,#1808);
#1807 = CARTESIAN_POINT('',(1.570796326795,0.));
#1808 = VECTOR('',#1809,1.);
#1809 = DIRECTION('',(0.,1.));
#1810 = ( GEOMETRIC_REPRESENTATION_CONTEXT(2) 
PARAMETRIC_REPRESENTATION_CONTEXT() REPRESENTATION_CONTEXT('2D SPACE',''
  ) );
#1811 = PCURVE('',#321,#1812);
#1812 = DEFINITIONAL_REPRESENTATION('',(#1813),#1817);
#1813 = LINE('',#1814,#1815);
#1814 = CARTESIAN_POINT('',(0.,13.01));
#1815 = VECTOR('',#1816,1.);
#1816 = DIRECTION('',(1.,0.));
#1817 = ( GEOMETRIC_REPRESENTATION_CONTEXT(2) 
PARAMETRIC_REPRESENTATION_CONTEXT() REPRESENTATION_CONTEXT('2D SPACE',''
  ) );
#1818 = ORIENTED_EDGE('',*,*,#1819,.F.);
#1819 = EDGE_CURVE('',#1774,#1797,#1820,.T.);
#1820 = SURFACE_CURVE('',#1821,(#1826,#1833),.PCURVE_S1.);
#1821 = CIRCLE('',#1822,12.99);
#1822 = AXIS2_PLACEMENT_3D('',#1823,#1824,#1825);
#1823 = CARTESIAN_POINT('',(25.5,-17.51,100.49));
#1824 = DIRECTION('',(1.,-0.,0.));
#1825 = DIRECTION('',(0.,0.,-1.));
#1826 = PCURVE('',#293,#1827);
#1827 = DEFINITIONAL_REPRESENTATION('',(#1828),#1832);
#1828 = LINE('',#1829,#1830);
#1829 = CARTESIAN_POINT('',(-4.712388980385,3.));
#1830 = VECTOR('',#1831,1.);
#1831 = DIRECTION('',(1.,0.));
#1832 = ( GEOMETRIC_REPRESENTATION_CONTEXT(2) 
PARAMETRIC_REPRESENTATION_CONTEXT() REPRESENTATION_CONTEXT('2D SPACE',''
  ) );
#1833 = PCURVE('',#1834,#1839);
#1834 = PLANE('',#1835);
#1835 = AXIS2_PLACEMENT_3D('',#1836,#1837,#1838);
#1836 = CARTESIAN_POINT('',(25.5,-4.5,117.5));
#1837 = DIRECTION('',(1.,0.,0.));
#1838 = DIRECTION('',(0.,0.,-1.));
#1839 = DEFINITIONAL_REPRESENTATION('',(#1840),#1844);
#1840 = CIRCLE('',#1841,12.99);
#1841 = AXIS2_PLACEMENT_2D('',#1842,#1843);
#1842 = CARTESIAN_POINT('',(17.01,-13.01));
#1843 = DIRECTION('',(1.,0.));
#1844 = ( GEOMETRIC_REPRESENTATION_CONTEXT(2) 
PARAMETRIC_REPRESENTATION_CONTEXT() REPRESENTATION_CONTEXT('2D SPACE',''
  ) );
#1845 = ADVANCED_FACE('',(#1846),#1834,.T.);
#1846 = FACE_BOUND('',#1847,.T.);
#1847 = EDGE_LOOP('',(#1848,#1878,#1898,#1899));
#1848 = ORIENTED_EDGE('',*,*,#1849,.F.);
#1849 = EDGE_CURVE('',#1850,#1852,#1854,.T.);
#1850 = VERTEX_POINT('',#1851);
#1851 = CARTESIAN_POINT('',(25.5,-10.56468412272,89.5));
#1852 = VERTEX_POINT('',#1853);
#1853 = CARTESIAN_POINT('',(25.5,-17.49,87.5));
#1854 = SURFACE_CURVE('',#1855,(#1860,#1871),.PCURVE_S1.);
#1855 = CIRCLE('',#1856,12.99);
#1856 = AXIS2_PLACEMENT_3D('',#1857,#1858,#1859);
#1857 = CARTESIAN_POINT('',(25.5,-17.49,100.49));
#1858 = DIRECTION('',(-1.,-0.,-0.));
#1859 = DIRECTION('',(0.,0.,-1.));
#1860 = PCURVE('',#1834,#1861);
#1861 = DEFINITIONAL_REPRESENTATION('',(#1862),#1870);
#1862 = ( BOUNDED_CURVE() B_SPLINE_CURVE(2,(#1863,#1864,#1865,#1866,
#1867,#1868,#1869),.UNSPECIFIED.,.T.,.F.) B_SPLINE_CURVE_WITH_KNOTS((1,2
    ,2,2,2,1),(-2.094395102393,0.,2.094395102393,4.188790204786,
6.28318530718,8.377580409573),.UNSPECIFIED.) CURVE() 
GEOMETRIC_REPRESENTATION_ITEM() RATIONAL_B_SPLINE_CURVE((1.,0.5,1.,0.5,
1.,0.5,1.)) REPRESENTATION_ITEM('') );
#1863 = CARTESIAN_POINT('',(30.,-12.99));
#1864 = CARTESIAN_POINT('',(30.,-35.48933999032));
#1865 = CARTESIAN_POINT('',(10.515,-24.23966999516));
#1866 = CARTESIAN_POINT('',(-8.97,-12.99));
#1867 = CARTESIAN_POINT('',(10.515,-1.74033000484));
#1868 = CARTESIAN_POINT('',(30.,9.50933999032));
#1869 = CARTESIAN_POINT('',(30.,-12.99));
#1870 = ( GEOMETRIC_REPRESENTATION_CONTEXT(2) 
PARAMETRIC_REPRESENTATION_CONTEXT() REPRESENTATION_CONTEXT('2D SPACE',''
  ) );
#1871 = PCURVE('',#354,#1872);
#1872 = DEFINITIONAL_REPRESENTATION('',(#1873),#1877);
#1873 = LINE('',#1874,#1875);
#1874 = CARTESIAN_POINT('',(4.712388980385,3.));
#1875 = VECTOR('',#1876,1.);
#1876 = DIRECTION('',(-1.,0.));
#1877 = ( GEOMETRIC_REPRESENTATION_CONTEXT(2) 
PARAMETRIC_REPRESENTATION_CONTEXT() REPRESENTATION_CONTEXT('2D SPACE',''
  ) );
#1878 = ORIENTED_EDGE('',*,*,#1879,.T.);
#1879 = EDGE_CURVE('',#1850,#1774,#1880,.T.);
#1880 = SURFACE_CURVE('',#1881,(#1885,#1891),.PCURVE_S1.);
#1881 = LINE('',#1882,#1883);
#1882 = CARTESIAN_POINT('',(25.5,-23.55,89.5));
#1883 = VECTOR('',#1884,1.);
#1884 = DIRECTION('',(0.,-1.,0.));
#1885 = PCURVE('',#1834,#1886);
#1886 = DEFINITIONAL_REPRESENTATION('',(#1887),#1890);
#1887 = B_SPLINE_CURVE_WITH_KNOTS('',1,(#1888,#1889),.UNSPECIFIED.,.F.,
  .F.,(2,2),(-19.05,6.95),.PIECEWISE_BEZIER_KNOTS.);
#1888 = CARTESIAN_POINT('',(28.,0.));
#1889 = CARTESIAN_POINT('',(28.,-26.));
#1890 = ( GEOMETRIC_REPRESENTATION_CONTEXT(2) 
PARAMETRIC_REPRESENTATION_CONTEXT() REPRESENTATION_CONTEXT('2D SPACE',''
  ) );
#1891 = PCURVE('',#264,#1892);
#1892 = DEFINITIONAL_REPRESENTATION('',(#1893),#1897);
#1893 = LINE('',#1894,#1895);
#1894 = CARTESIAN_POINT('',(3.,19.05));
#1895 = VECTOR('',#1896,1.);
#1896 = DIRECTION('',(0.,-1.));
#1897 = ( GEOMETRIC_REPRESENTATION_CONTEXT(2) 
PARAMETRIC_REPRESENTATION_CONTEXT() REPRESENTATION_CONTEXT('2D SPACE',''
  ) );
#1898 = ORIENTED_EDGE('',*,*,#1819,.T.);
#1899 = ORIENTED_EDGE('',*,*,#1900,.F.);
#1900 = EDGE_CURVE('',#1852,#1797,#1901,.T.);
#1901 = SURFACE_CURVE('',#1902,(#1906,#1913),.PCURVE_S1.);
#1902 = LINE('',#1903,#1904);
#1903 = CARTESIAN_POINT('',(25.5,-4.5,87.5));
#1904 = VECTOR('',#1905,1.);
#1905 = DIRECTION('',(0.,-1.,0.));
#1906 = PCURVE('',#1834,#1907);
#1907 = DEFINITIONAL_REPRESENTATION('',(#1908),#1912);
#1908 = LINE('',#1909,#1910);
#1909 = CARTESIAN_POINT('',(30.,0.));
#1910 = VECTOR('',#1911,1.);
#1911 = DIRECTION('',(0.,-1.));
#1912 = ( GEOMETRIC_REPRESENTATION_CONTEXT(2) 
PARAMETRIC_REPRESENTATION_CONTEXT() REPRESENTATION_CONTEXT('2D SPACE',''
  ) );
#1913 = PCURVE('',#321,#1914);
#1914 = DEFINITIONAL_REPRESENTATION('',(#1915),#1919);
#1915 = LINE('',#1916,#1917);
#1916 = CARTESIAN_POINT('',(3.,0.));
#1917 = VECTOR('',#1918,1.);
#1918 = DIRECTION('',(0.,1.));
#1919 = ( GEOMETRIC_REPRESENTATION_CONTEXT(2) 
PARAMETRIC_REPRESENTATION_CONTEXT() REPRESENTATION_CONTEXT('2D SPACE',''
  ) );
#1920 = ADVANCED_FACE('',(#1921),#152,.F.);
#1921 = FACE_BOUND('',#1922,.F.);
#1922 = EDGE_LOOP('',(#1923,#1924,#1945,#1946));
#1923 = ORIENTED_EDGE('',*,*,#136,.T.);
#1924 = ORIENTED_EDGE('',*,*,#1925,.F.);
#1925 = EDGE_CURVE('',#1705,#109,#1926,.T.);
#1926 = SURFACE_CURVE('',#1927,(#1931,#1938),.PCURVE_S1.);
#1927 = LINE('',#1928,#1929);
#1928 = CARTESIAN_POINT('',(-7.,-39.5,89.5));
#1929 = VECTOR('',#1930,1.);
#1930 = DIRECTION('',(1.,0.,0.));
#1931 = PCURVE('',#152,#1932);
#1932 = DEFINITIONAL_REPRESENTATION('',(#1933),#1937);
#1933 = LINE('',#1934,#1935);
#1934 = CARTESIAN_POINT('',(-29.5,3.1));
#1935 = VECTOR('',#1936,1.);
#1936 = DIRECTION('',(1.,0.));
#1937 = ( GEOMETRIC_REPRESENTATION_CONTEXT(2) 
PARAMETRIC_REPRESENTATION_CONTEXT() REPRESENTATION_CONTEXT('2D SPACE',''
  ) );
#1938 = PCURVE('',#124,#1939);
#1939 = DEFINITIONAL_REPRESENTATION('',(#1940),#1944);
#1940 = LINE('',#1941,#1942);
#1941 = CARTESIAN_POINT('',(0.,0.));
#1942 = VECTOR('',#1943,1.);
#1943 = DIRECTION('',(0.,1.));
#1944 = ( GEOMETRIC_REPRESENTATION_CONTEXT(2) 
PARAMETRIC_REPRESENTATION_CONTEXT() REPRESENTATION_CONTEXT('2D SPACE',''
  ) );
#1945 = ORIENTED_EDGE('',*,*,#1749,.F.);
#1946 = ORIENTED_EDGE('',*,*,#1376,.F.);
#1947 = ADVANCED_FACE('',(#1948),#321,.T.);
#1948 = FACE_BOUND('',#1949,.T.);
#1949 = EDGE_LOOP('',(#1950,#1951,#1972,#1973));
#1950 = ORIENTED_EDGE('',*,*,#305,.F.);
#1951 = ORIENTED_EDGE('',*,*,#1952,.T.);
#1952 = EDGE_CURVE('',#306,#1852,#1953,.T.);
#1953 = SURFACE_CURVE('',#1954,(#1958,#1965),.PCURVE_S1.);
#1954 = LINE('',#1955,#1956);
#1955 = CARTESIAN_POINT('',(22.5,-17.49,87.5));
#1956 = VECTOR('',#1957,1.);
#1957 = DIRECTION('',(1.,0.,0.));
#1958 = PCURVE('',#321,#1959);
#1959 = DEFINITIONAL_REPRESENTATION('',(#1960),#1964);
#1960 = LINE('',#1961,#1962);
#1961 = CARTESIAN_POINT('',(0.,12.99));
#1962 = VECTOR('',#1963,1.);
#1963 = DIRECTION('',(1.,0.));
#1964 = ( GEOMETRIC_REPRESENTATION_CONTEXT(2) 
PARAMETRIC_REPRESENTATION_CONTEXT() REPRESENTATION_CONTEXT('2D SPACE',''
  ) );
#1965 = PCURVE('',#354,#1966);
#1966 = DEFINITIONAL_REPRESENTATION('',(#1967),#1971);
#1967 = LINE('',#1968,#1969);
#1968 = CARTESIAN_POINT('',(-1.570796326795,0.));
#1969 = VECTOR('',#1970,1.);
#1970 = DIRECTION('',(-0.,1.));
#1971 = ( GEOMETRIC_REPRESENTATION_CONTEXT(2) 
PARAMETRIC_REPRESENTATION_CONTEXT() REPRESENTATION_CONTEXT('2D SPACE',''
  ) );
#1972 = ORIENTED_EDGE('',*,*,#1900,.T.);
#1973 = ORIENTED_EDGE('',*,*,#1796,.F.);
#1974 = ADVANCED_FACE('',(#1975,#2001,#2004,#2007),#124,.T.);
#1975 = FACE_BOUND('',#1976,.T.);
#1976 = EDGE_LOOP('',(#1977,#1978,#1979,#2000));
#1977 = ORIENTED_EDGE('',*,*,#1925,.F.);
#1978 = ORIENTED_EDGE('',*,*,#1704,.T.);
#1979 = ORIENTED_EDGE('',*,*,#1980,.F.);
#1980 = EDGE_CURVE('',#83,#1707,#1981,.T.);
#1981 = SURFACE_CURVE('',#1982,(#1986,#1993),.PCURVE_S1.);
#1982 = LINE('',#1983,#1984);
#1983 = CARTESIAN_POINT('',(22.5,-39.5,107.24385531433));
#1984 = VECTOR('',#1985,1.);
#1985 = DIRECTION('',(-1.,0.,4.817238886509E-16));
#1986 = PCURVE('',#124,#1987);
#1987 = DEFINITIONAL_REPRESENTATION('',(#1988),#1992);
#1988 = LINE('',#1989,#1990);
#1989 = CARTESIAN_POINT('',(17.743855314333,29.5));
#1990 = VECTOR('',#1991,1.);
#1991 = DIRECTION('',(4.817238886509E-16,-1.));
#1992 = ( GEOMETRIC_REPRESENTATION_CONTEXT(2) 
PARAMETRIC_REPRESENTATION_CONTEXT() REPRESENTATION_CONTEXT('2D SPACE',''
  ) );
#1993 = PCURVE('',#97,#1994);
#1994 = DEFINITIONAL_REPRESENTATION('',(#1995),#1999);
#1995 = LINE('',#1996,#1997);
#1996 = CARTESIAN_POINT('',(82.5,23.460457903528));
#1997 = VECTOR('',#1998,1.);
#1998 = DIRECTION('',(-1.,1.651820652173E-16));
#1999 = ( GEOMETRIC_REPRESENTATION_CONTEXT(2) 
PARAMETRIC_REPRESENTATION_CONTEXT() REPRESENTATION_CONTEXT('2D SPACE',''
  ) );
#2000 = ORIENTED_EDGE('',*,*,#108,.F.);
#2001 = FACE_BOUND('',#2002,.T.);
#2002 = EDGE_LOOP('',(#2003));
#2003 = ORIENTED_EDGE('',*,*,#1674,.T.);
#2004 = FACE_BOUND('',#2005,.T.);
#2005 = EDGE_LOOP('',(#2006));
#2006 = ORIENTED_EDGE('',*,*,#1620,.T.);
#2007 = FACE_BOUND('',#2008,.T.);
#2008 = EDGE_LOOP('',(#2009));
#2009 = ORIENTED_EDGE('',*,*,#1566,.T.);
#2010 = ADVANCED_FACE('',(#2011),#354,.T.);
#2011 = FACE_BOUND('',#2012,.F.);
#2012 = EDGE_LOOP('',(#2013,#2033,#2034,#2035));
#2013 = ORIENTED_EDGE('',*,*,#2014,.F.);
#2014 = EDGE_CURVE('',#334,#1850,#2015,.T.);
#2015 = SURFACE_CURVE('',#2016,(#2020,#2026),.PCURVE_S1.);
#2016 = LINE('',#2017,#2018);
#2017 = CARTESIAN_POINT('',(22.5,-10.56468412272,89.5));
#2018 = VECTOR('',#2019,1.);
#2019 = DIRECTION('',(1.,0.,0.));
#2020 = PCURVE('',#354,#2021);
#2021 = DEFINITIONAL_REPRESENTATION('',(#2022),#2025);
#2022 = B_SPLINE_CURVE_WITH_KNOTS('',1,(#2023,#2024),.UNSPECIFIED.,.F.,
  .F.,(2,2),(-5.999999999062E-07,3.0000006),.PIECEWISE_BEZIER_KNOTS.);
#2023 = CARTESIAN_POINT('',(-1.008504334238,-5.999999999062E-07));
#2024 = CARTESIAN_POINT('',(-1.008504334238,3.0000006));
#2025 = ( GEOMETRIC_REPRESENTATION_CONTEXT(2) 
PARAMETRIC_REPRESENTATION_CONTEXT() REPRESENTATION_CONTEXT('2D SPACE',''
  ) );
#2026 = PCURVE('',#264,#2027);
#2027 = DEFINITIONAL_REPRESENTATION('',(#2028),#2032);
#2028 = LINE('',#2029,#2030);
#2029 = CARTESIAN_POINT('',(0.,32.035315877272));
#2030 = VECTOR('',#2031,1.);
#2031 = DIRECTION('',(1.,0.));
#2032 = ( GEOMETRIC_REPRESENTATION_CONTEXT(2) 
PARAMETRIC_REPRESENTATION_CONTEXT() REPRESENTATION_CONTEXT('2D SPACE',''
  ) );
#2033 = ORIENTED_EDGE('',*,*,#333,.T.);
#2034 = ORIENTED_EDGE('',*,*,#1952,.T.);
#2035 = ORIENTED_EDGE('',*,*,#1849,.F.);
#2036 = ADVANCED_FACE('',(#2037),#97,.T.);
#2037 = FACE_BOUND('',#2038,.T.);
#2038 = EDGE_LOOP('',(#2039,#2058,#2059,#2060,#2061,#2062));
#2039 = ORIENTED_EDGE('',*,*,#2040,.T.);
#2040 = EDGE_CURVE('',#686,#57,#2041,.T.);
#2041 = SURFACE_CURVE('',#2042,(#2046,#2052),.PCURVE_S1.);
#2042 = LINE('',#2043,#2044);
#2043 = CARTESIAN_POINT('',(-60.,-17.5,115.2744822006));
#2044 = VECTOR('',#2045,1.);
#2045 = DIRECTION('',(-1.,0.,0.));
#2046 = PCURVE('',#97,#2047);
#2047 = DEFINITIONAL_REPRESENTATION('',(#2048),#2051);
#2048 = B_SPLINE_CURVE_WITH_KNOTS('',1,(#2049,#2050),.UNSPECIFIED.,.F.,
  .F.,(2,2),(-86.5,-53.),.PIECEWISE_BEZIER_KNOTS.);
#2049 = CARTESIAN_POINT('',(86.5,46.880341937965));
#2050 = CARTESIAN_POINT('',(53.,46.880341937965));
#2051 = ( GEOMETRIC_REPRESENTATION_CONTEXT(2) 
PARAMETRIC_REPRESENTATION_CONTEXT() REPRESENTATION_CONTEXT('2D SPACE',''
  ) );
#2052 = PCURVE('',#71,#2053);
#2053 = DEFINITIONAL_REPRESENTATION('',(#2054),#2057);
#2054 = B_SPLINE_CURVE_WITH_KNOTS('',1,(#2055,#2056),.UNSPECIFIED.,.F.,
  .F.,(2,2),(-86.5,-53.),.PIECEWISE_BEZIER_KNOTS.);
#2055 = CARTESIAN_POINT('',(86.5,38.119658062035));
#2056 = CARTESIAN_POINT('',(53.,38.119658062035));
#2057 = ( GEOMETRIC_REPRESENTATION_CONTEXT(2) 
PARAMETRIC_REPRESENTATION_CONTEXT() REPRESENTATION_CONTEXT('2D SPACE',''
  ) );
#2058 = ORIENTED_EDGE('',*,*,#82,.T.);
#2059 = ORIENTED_EDGE('',*,*,#1980,.T.);
#2060 = ORIENTED_EDGE('',*,*,#1729,.T.);
#2061 = ORIENTED_EDGE('',*,*,#1427,.T.);
#2062 = ORIENTED_EDGE('',*,*,#706,.F.);
#2063 = ADVANCED_FACE('',(#2064),#264,.F.);
#2064 = FACE_BOUND('',#2065,.F.);
#2065 = EDGE_LOOP('',(#2066,#2067,#2068,#2069,#2090,#2091,#2092,#2093));
#2066 = ORIENTED_EDGE('',*,*,#248,.F.);
#2067 = ORIENTED_EDGE('',*,*,#1321,.T.);
#2068 = ORIENTED_EDGE('',*,*,#796,.F.);
#2069 = ORIENTED_EDGE('',*,*,#2070,.F.);
#2070 = EDGE_CURVE('',#24,#797,#2071,.T.);
#2071 = SURFACE_CURVE('',#2072,(#2076,#2083),.PCURVE_S1.);
#2072 = LINE('',#2073,#2074);
#2073 = CARTESIAN_POINT('',(22.5,-4.5,89.5));
#2074 = VECTOR('',#2075,1.);
#2075 = DIRECTION('',(1.,0.,0.));
#2076 = PCURVE('',#264,#2077);
#2077 = DEFINITIONAL_REPRESENTATION('',(#2078),#2082);
#2078 = LINE('',#2079,#2080);
#2079 = CARTESIAN_POINT('',(0.,38.1));
#2080 = VECTOR('',#2081,1.);
#2081 = DIRECTION('',(1.,0.));
#2082 = ( GEOMETRIC_REPRESENTATION_CONTEXT(2) 
PARAMETRIC_REPRESENTATION_CONTEXT() REPRESENTATION_CONTEXT('2D SPACE',''
  ) );
#2083 = PCURVE('',#44,#2084);
#2084 = DEFINITIONAL_REPRESENTATION('',(#2085),#2089);
#2085 = LINE('',#2086,#2087);
#2086 = CARTESIAN_POINT('',(28.,0.));
#2087 = VECTOR('',#2088,1.);
#2088 = DIRECTION('',(0.,1.));
#2089 = ( GEOMETRIC_REPRESENTATION_CONTEXT(2) 
PARAMETRIC_REPRESENTATION_CONTEXT() REPRESENTATION_CONTEXT('2D SPACE',''
  ) );
#2090 = ORIENTED_EDGE('',*,*,#366,.F.);
#2091 = ORIENTED_EDGE('',*,*,#2014,.T.);
#2092 = ORIENTED_EDGE('',*,*,#1879,.T.);
#2093 = ORIENTED_EDGE('',*,*,#1773,.F.);
#2094 = ADVANCED_FACE('',(#2095),#71,.T.);
#2095 = FACE_BOUND('',#2096,.T.);
#2096 = EDGE_LOOP('',(#2097,#2116,#2117,#2118));
#2097 = ORIENTED_EDGE('',*,*,#2098,.T.);
#2098 = EDGE_CURVE('',#684,#22,#2099,.T.);
#2099 = SURFACE_CURVE('',#2100,(#2104,#2110),.PCURVE_S1.);
#2100 = LINE('',#2101,#2102);
#2101 = CARTESIAN_POINT('',(-18.75,-4.5,110.5291117678));
#2102 = VECTOR('',#2103,1.);
#2103 = DIRECTION('',(-1.,0.,0.));
#2104 = PCURVE('',#71,#2105);
#2105 = DEFINITIONAL_REPRESENTATION('',(#2106),#2109);
#2106 = B_SPLINE_CURVE_WITH_KNOTS('',1,(#2107,#2108),.UNSPECIFIED.,.F.,
  .F.,(2,2),(-45.25,-41.25),.PIECEWISE_BEZIER_KNOTS.);
#2107 = CARTESIAN_POINT('',(86.5,51.95868044602));
#2108 = CARTESIAN_POINT('',(82.5,51.95868044602));
#2109 = ( GEOMETRIC_REPRESENTATION_CONTEXT(2) 
PARAMETRIC_REPRESENTATION_CONTEXT() REPRESENTATION_CONTEXT('2D SPACE',''
  ) );
#2110 = PCURVE('',#44,#2111);
#2111 = DEFINITIONAL_REPRESENTATION('',(#2112),#2115);
#2112 = B_SPLINE_CURVE_WITH_KNOTS('',1,(#2113,#2114),.UNSPECIFIED.,.F.,
  .F.,(2,2),(-45.25,-41.25),.PIECEWISE_BEZIER_KNOTS.);
#2113 = CARTESIAN_POINT('',(6.970888232194,4.));
#2114 = CARTESIAN_POINT('',(6.970888232194,0.));
#2115 = ( GEOMETRIC_REPRESENTATION_CONTEXT(2) 
PARAMETRIC_REPRESENTATION_CONTEXT() REPRESENTATION_CONTEXT('2D SPACE',''
  ) );
#2116 = ORIENTED_EDGE('',*,*,#56,.T.);
#2117 = ORIENTED_EDGE('',*,*,#2040,.F.);
#2118 = ORIENTED_EDGE('',*,*,#683,.F.);
#2119 = ADVANCED_FACE('',(#2120),#44,.F.);
#2120 = FACE_BOUND('',#2121,.F.);
#2121 = EDGE_LOOP('',(#2122,#2123,#2124,#2125));
#2122 = ORIENTED_EDGE('',*,*,#2070,.T.);
#2123 = ORIENTED_EDGE('',*,*,#819,.T.);
#2124 = ORIENTED_EDGE('',*,*,#2098,.T.);
#2125 = ORIENTED_EDGE('',*,*,#21,.T.);
#2126 = ( GEOMETRIC_REPRESENTATION_CONTEXT(3) 
GLOBAL_UNCERTAINTY_ASSIGNED_CONTEXT((#2130)) 
GLOBAL_UNIT_ASSIGNED_CONTEXT((#2127,#2128,#2129)) REPRESENTATION_CONTEXT
('Context #1','3D Context with UNIT and UNCERTAINTY') );
#2127 = ( LENGTH_UNIT() NAMED_UNIT(*) SI_UNIT(.MILLI.,.METRE.) );
#2128 = ( NAMED_UNIT(*) PLANE_ANGLE_UNIT() SI_UNIT($,.RADIAN.) );
#2129 = ( NAMED_UNIT(*) SI_UNIT($,.STERADIAN.) SOLID_ANGLE_UNIT() );
#2130 = UNCERTAINTY_MEASURE_WITH_UNIT(LENGTH_MEASURE(1.E-07),#2127,
  'distance_accuracy_value','confusion accuracy');
#2131 = PRODUCT_RELATED_PRODUCT_CATEGORY('part',$,(#7));
ENDSEC;
END-ISO-10303-21;
