ISO-10303-21;
HEADER;
FILE_DESCRIPTION(('Open CASCADE Model'),'2;1');
FILE_NAME('Open CASCADE Shape Model','2026-09-13T12:03:12',('Author'),(
    'Open CASCADE'),'Open CASCADE STEP processor 7.9','Open CASCADE 7.9'
  ,'Unknown');
FILE_SCHEMA(('AUTOMOTIVE_DESIGN { 1 0 10303 214 1 1 1 1 }'));
ENDSEC;
DATA;
#1 = APPLICATION_PROTOCOL_DEFINITION('international standard',
  'automotive_design',2000,#2);
#2 = APPLICATION_CONTEXT(
  'core data for automotive mechanical design processes');
#3 = SHAPE_DEFINITION_REPRESENTATION(#4,#10);
#4 = PRODUCT_DEFINITION_SHAPE('','',#5);
#5 = PRODUCT_DEFINITION('design','',#6,#9);
#6 = PRODUCT_DEFINITION_FORMATION('','',#7);
#7 = PRODUCT('Open CASCADE STEP translator 7.9 9',
  'Open CASCADE STEP translator 7.9 9','',(#8));
#8 = PRODUCT_CONTEXT('',#2,'mechanical');
#9 = PRODUCT_DEFINITION_CONTEXT('part definition',#2,'design');
#10 = ADVANCED_BREP_SHAPE_REPRESENTATION('',(#11,#15),#4033);
#11 = AXIS2_PLACEMENT_3D('',#12,#13,#14);
#12 = CARTESIAN_POINT('',(0.,0.,0.));
#13 = DIRECTION('',(0.,0.,1.));
#14 = DIRECTION('',(1.,0.,-0.));
#15 = MANIFOLD_SOLID_BREP('',#16);
#16 = CLOSED_SHELL('',(#17,#247,#323,#476,#581,#736,#1001,#1028,#1056,
    #1218,#1245,#1270,#1297,#1495,#1665,#1712,#1737,#1905,#1974,#2023,
    #2052,#2099,#2396,#2441,#2618,#2666,#2672,#2720,#2836,#2928,#2977,
    #3004,#3029,#3036,#3061,#3097,#3104,#3129,#3177,#3233,#3280,#3458,
    #3594,#3620,#3651,#3657,#3775,#3850,#3937,#3944,#3950,#3999,#4026));
#17 = ADVANCED_FACE('',(#18),#32,.F.);
#18 = FACE_BOUND('',#19,.F.);
#19 = EDGE_LOOP('',(#20,#55,#81,#109,#137,#165,#193,#221));
#20 = ORIENTED_EDGE('',*,*,#21,.F.);
#21 = EDGE_CURVE('',#22,#24,#26,.T.);
#22 = VERTEX_POINT('',#23);
#23 = CARTESIAN_POINT('',(-31.8,-52.89065235652,30.121051145809));
#24 = VERTEX_POINT('',#25);
#25 = CARTESIAN_POINT('',(-31.8,-53.84936552675,41.079192824818));
#26 = SURFACE_CURVE('',#27,(#31,#43),.PCURVE_S1.);
#27 = LINE('',#28,#29);
#28 = CARTESIAN_POINT('',(-31.8,-51.84478344355,18.166714768708));
#29 = VECTOR('',#30,1.);
#30 = DIRECTION('',(0.,-8.715574274766E-02,0.996194698092));
#31 = PCURVE('',#32,#37);
#32 = PLANE('',#33);
#33 = AXIS2_PLACEMENT_3D('',#34,#35,#36);
#34 = CARTESIAN_POINT('',(-31.8,-58.81814633019,17.556624569475));
#35 = DIRECTION('',(1.,0.,0.));
#36 = DIRECTION('',(0.,-8.715574274766E-02,0.996194698092));
#37 = DEFINITIONAL_REPRESENTATION('',(#38),#42);
#38 = LINE('',#39,#40);
#39 = CARTESIAN_POINT('',(3.125809939384E-15,-7.));
#40 = VECTOR('',#41,1.);
#41 = DIRECTION('',(1.,-2.298214621924E-18));
#42 = ( GEOMETRIC_REPRESENTATION_CONTEXT(2) 
PARAMETRIC_REPRESENTATION_CONTEXT() REPRESENTATION_CONTEXT('2D SPACE',''
  ) );
#43 = PCURVE('',#44,#49);
#44 = CYLINDRICAL_SURFACE('',#45,7.);
#45 = AXIS2_PLACEMENT_3D('',#46,#47,#48);
#46 = CARTESIAN_POINT('',(-24.8,-51.84478344355,18.166714768708));
#47 = DIRECTION('',(0.,-8.715574274766E-02,0.996194698092));
#48 = DIRECTION('',(-1.,-0.,0.));
#49 = DEFINITIONAL_REPRESENTATION('',(#50),#54);
#50 = LINE('',#51,#52);
#51 = CARTESIAN_POINT('',(0.,0.));
#52 = VECTOR('',#53,1.);
#53 = DIRECTION('',(0.,1.));
#54 = ( GEOMETRIC_REPRESENTATION_CONTEXT(2) 
PARAMETRIC_REPRESENTATION_CONTEXT() REPRESENTATION_CONTEXT('2D SPACE',''
  ) );
#55 = ORIENTED_EDGE('',*,*,#56,.F.);
#56 = EDGE_CURVE('',#57,#22,#59,.T.);
#57 = VERTEX_POINT('',#58);
#58 = CARTESIAN_POINT('',(-31.8,-39.44202393228,31.297653672903));
#59 = SURFACE_CURVE('',#60,(#64,#70),.PCURVE_S1.);
#60 = LINE('',#61,#62);
#61 = CARTESIAN_POINT('',(-31.8,-60.36211259221,29.467383075202));
#62 = VECTOR('',#63,1.);
#63 = DIRECTION('',(0.,-0.996194698092,-8.715574274766E-02));
#64 = PCURVE('',#32,#65);
#65 = DEFINITIONAL_REPRESENTATION('',(#66),#69);
#66 = B_SPLINE_CURVE_WITH_KNOTS('',1,(#67,#68),.UNSPECIFIED.,.F.,.F.,(2,
    2),(-28.,-0.5),.PIECEWISE_BEZIER_KNOTS.);
#67 = CARTESIAN_POINT('',(12.,-27.5));
#68 = CARTESIAN_POINT('',(12.,-1.7763568394E-15));
#69 = ( GEOMETRIC_REPRESENTATION_CONTEXT(2) 
PARAMETRIC_REPRESENTATION_CONTEXT() REPRESENTATION_CONTEXT('2D SPACE',''
  ) );
#70 = PCURVE('',#71,#76);
#71 = PLANE('',#72);
#72 = AXIS2_PLACEMENT_3D('',#73,#74,#75);
#73 = CARTESIAN_POINT('',(-37.5,-60.86020994126,29.423805203828));
#74 = DIRECTION('',(0.,-8.715574274766E-02,0.996194698092));
#75 = DIRECTION('',(1.,0.,0.));
#76 = DEFINITIONAL_REPRESENTATION('',(#77),#80);
#77 = B_SPLINE_CURVE_WITH_KNOTS('',1,(#78,#79),.UNSPECIFIED.,.F.,.F.,(2,
    2),(-28.,-0.5),.PIECEWISE_BEZIER_KNOTS.);
#78 = CARTESIAN_POINT('',(5.7,28.5));
#79 = CARTESIAN_POINT('',(5.7,1.));
#80 = ( GEOMETRIC_REPRESENTATION_CONTEXT(2) 
PARAMETRIC_REPRESENTATION_CONTEXT() REPRESENTATION_CONTEXT('2D SPACE',''
  ) );
#81 = ORIENTED_EDGE('',*,*,#82,.T.);
#82 = EDGE_CURVE('',#57,#83,#85,.T.);
#83 = VERTEX_POINT('',#84);
#84 = CARTESIAN_POINT('',(-31.8,-40.40073710251,42.255795351912));
#85 = SURFACE_CURVE('',#86,(#90,#97),.PCURVE_S1.);
#86 = LINE('',#87,#88);
#87 = CARTESIAN_POINT('',(-31.8,-38.39615501931,19.343317295802));
#88 = VECTOR('',#89,1.);
#89 = DIRECTION('',(0.,-8.715574274766E-02,0.996194698092));
#90 = PCURVE('',#32,#91);
#91 = DEFINITIONAL_REPRESENTATION('',(#92),#96);
#92 = LINE('',#93,#94);
#93 = CARTESIAN_POINT('',(-3.059525212965E-15,-20.5));
#94 = VECTOR('',#95,1.);
#95 = DIRECTION('',(1.,-2.298214621924E-18));
#96 = ( GEOMETRIC_REPRESENTATION_CONTEXT(2) 
PARAMETRIC_REPRESENTATION_CONTEXT() REPRESENTATION_CONTEXT('2D SPACE',''
  ) );
#97 = PCURVE('',#98,#103);
#98 = CYLINDRICAL_SURFACE('',#99,7.);
#99 = AXIS2_PLACEMENT_3D('',#100,#101,#102);
#100 = CARTESIAN_POINT('',(-24.8,-38.39615501931,19.343317295802));
#101 = DIRECTION('',(0.,-8.715574274766E-02,0.996194698092));
#102 = DIRECTION('',(-1.,-0.,0.));
#103 = DEFINITIONAL_REPRESENTATION('',(#104),#108);
#104 = LINE('',#105,#106);
#105 = CARTESIAN_POINT('',(-0.,0.));
#106 = VECTOR('',#107,1.);
#107 = DIRECTION('',(-0.,1.));
#108 = ( GEOMETRIC_REPRESENTATION_CONTEXT(2) 
PARAMETRIC_REPRESENTATION_CONTEXT() REPRESENTATION_CONTEXT('2D SPACE',''
  ) );
#109 = ORIENTED_EDGE('',*,*,#110,.T.);
#110 = EDGE_CURVE('',#83,#111,#113,.T.);
#111 = VERTEX_POINT('',#112);
#112 = CARTESIAN_POINT('',(-31.8,-33.42737421587,42.865885551145));
#113 = SURFACE_CURVE('',#114,(#118,#125),.PCURVE_S1.);
#114 = LINE('',#115,#116);
#115 = CARTESIAN_POINT('',(-31.8,-60.82272841339,40.469102625585));
#116 = VECTOR('',#117,1.);
#117 = DIRECTION('',(0.,0.996194698092,8.715574274766E-02));
#118 = PCURVE('',#32,#119);
#119 = DEFINITIONAL_REPRESENTATION('',(#120),#124);
#120 = LINE('',#121,#122);
#121 = CARTESIAN_POINT('',(23.,-4.122361404815E-15));
#122 = VECTOR('',#123,1.);
#123 = DIRECTION('',(2.298214621924E-18,-1.));
#124 = ( GEOMETRIC_REPRESENTATION_CONTEXT(2) 
PARAMETRIC_REPRESENTATION_CONTEXT() REPRESENTATION_CONTEXT('2D SPACE',''
  ) );
#125 = PCURVE('',#126,#131);
#126 = PLANE('',#127);
#127 = AXIS2_PLACEMENT_3D('',#128,#129,#130);
#128 = CARTESIAN_POINT('',(-31.8,-60.82272841339,40.469102625585));
#129 = DIRECTION('',(0.,-8.715574274766E-02,0.996194698092));
#130 = DIRECTION('',(1.,0.,0.));
#131 = DEFINITIONAL_REPRESENTATION('',(#132),#136);
#132 = LINE('',#133,#134);
#133 = CARTESIAN_POINT('',(0.,0.));
#134 = VECTOR('',#135,1.);
#135 = DIRECTION('',(0.,1.));
#136 = ( GEOMETRIC_REPRESENTATION_CONTEXT(2) 
PARAMETRIC_REPRESENTATION_CONTEXT() REPRESENTATION_CONTEXT('2D SPACE',''
  ) );
#137 = ORIENTED_EDGE('',*,*,#138,.F.);
#138 = EDGE_CURVE('',#139,#111,#141,.T.);
#139 = VERTEX_POINT('',#140);
#140 = CARTESIAN_POINT('',(-31.8,-36.30351372654,75.740310588173));
#141 = SURFACE_CURVE('',#142,(#146,#153),.PCURVE_S1.);
#142 = LINE('',#143,#144);
#143 = CARTESIAN_POINT('',(-31.8,-36.30351372654,75.740310588173));
#144 = VECTOR('',#145,1.);
#145 = DIRECTION('',(0.,8.715574274766E-02,-0.996194698092));
#146 = PCURVE('',#32,#147);
#147 = DEFINITIONAL_REPRESENTATION('',(#148),#152);
#148 = LINE('',#149,#150);
#149 = CARTESIAN_POINT('',(56.,-27.5));
#150 = VECTOR('',#151,1.);
#151 = DIRECTION('',(-1.,-1.087240878406E-16));
#152 = ( GEOMETRIC_REPRESENTATION_CONTEXT(2) 
PARAMETRIC_REPRESENTATION_CONTEXT() REPRESENTATION_CONTEXT('2D SPACE',''
  ) );
#153 = PCURVE('',#154,#159);
#154 = PLANE('',#155);
#155 = AXIS2_PLACEMENT_3D('',#156,#157,#158);
#156 = CARTESIAN_POINT('',(-31.8,-31.42279213267,19.953407495035));
#157 = DIRECTION('',(0.,0.996194698092,8.715574274766E-02));
#158 = DIRECTION('',(0.,-8.715574274766E-02,0.996194698092));
#159 = DEFINITIONAL_REPRESENTATION('',(#160),#164);
#160 = LINE('',#161,#162);
#161 = CARTESIAN_POINT('',(56.,0.));
#162 = VECTOR('',#163,1.);
#163 = DIRECTION('',(-1.,0.));
#164 = ( GEOMETRIC_REPRESENTATION_CONTEXT(2) 
PARAMETRIC_REPRESENTATION_CONTEXT() REPRESENTATION_CONTEXT('2D SPACE',''
  ) );
#165 = ORIENTED_EDGE('',*,*,#166,.F.);
#166 = EDGE_CURVE('',#167,#139,#169,.T.);
#167 = VERTEX_POINT('',#168);
#168 = CARTESIAN_POINT('',(-31.8,-63.69886792406,73.343527662612));
#169 = SURFACE_CURVE('',#170,(#174,#181),.PCURVE_S1.);
#170 = LINE('',#171,#172);
#171 = CARTESIAN_POINT('',(-31.8,-63.69886792406,73.343527662612));
#172 = VECTOR('',#173,1.);
#173 = DIRECTION('',(0.,0.996194698092,8.715574274766E-02));
#174 = PCURVE('',#32,#175);
#175 = DEFINITIONAL_REPRESENTATION('',(#176),#180);
#176 = LINE('',#177,#178);
#177 = CARTESIAN_POINT('',(56.,-1.948854255488E-15));
#178 = VECTOR('',#179,1.);
#179 = DIRECTION('',(2.298214621924E-18,-1.));
#180 = ( GEOMETRIC_REPRESENTATION_CONTEXT(2) 
PARAMETRIC_REPRESENTATION_CONTEXT() REPRESENTATION_CONTEXT('2D SPACE',''
  ) );
#181 = PCURVE('',#182,#187);
#182 = PLANE('',#183);
#183 = AXIS2_PLACEMENT_3D('',#184,#185,#186);
#184 = CARTESIAN_POINT('',(-31.8,-63.69886792406,73.343527662612));
#185 = DIRECTION('',(0.,-8.715574274766E-02,0.996194698092));
#186 = DIRECTION('',(1.,0.,0.));
#187 = DEFINITIONAL_REPRESENTATION('',(#188),#192);
#188 = LINE('',#189,#190);
#189 = CARTESIAN_POINT('',(0.,0.));
#190 = VECTOR('',#191,1.);
#191 = DIRECTION('',(0.,1.));
#192 = ( GEOMETRIC_REPRESENTATION_CONTEXT(2) 
PARAMETRIC_REPRESENTATION_CONTEXT() REPRESENTATION_CONTEXT('2D SPACE',''
  ) );
#193 = ORIENTED_EDGE('',*,*,#194,.F.);
#194 = EDGE_CURVE('',#195,#167,#197,.T.);
#195 = VERTEX_POINT('',#196);
#196 = CARTESIAN_POINT('',(-31.8,-60.82272841339,40.469102625585));
#197 = SURFACE_CURVE('',#198,(#202,#209),.PCURVE_S1.);
#198 = LINE('',#199,#200);
#199 = CARTESIAN_POINT('',(-31.8,-60.82272841339,40.469102625585));
#200 = VECTOR('',#201,1.);
#201 = DIRECTION('',(0.,-8.715574274766E-02,0.996194698092));
#202 = PCURVE('',#32,#203);
#203 = DEFINITIONAL_REPRESENTATION('',(#204),#208);
#204 = LINE('',#205,#206);
#205 = CARTESIAN_POINT('',(23.,-4.122361404815E-15));
#206 = VECTOR('',#207,1.);
#207 = DIRECTION('',(1.,7.129228099229E-17));
#208 = ( GEOMETRIC_REPRESENTATION_CONTEXT(2) 
PARAMETRIC_REPRESENTATION_CONTEXT() REPRESENTATION_CONTEXT('2D SPACE',''
  ) );
#209 = PCURVE('',#210,#215);
#210 = PLANE('',#211);
#211 = AXIS2_PLACEMENT_3D('',#212,#213,#214);
#212 = CARTESIAN_POINT('',(-31.8,-60.82272841339,40.469102625585));
#213 = DIRECTION('',(0.,0.996194698092,8.715574274766E-02));
#214 = DIRECTION('',(0.,-8.715574274766E-02,0.996194698092));
#215 = DEFINITIONAL_REPRESENTATION('',(#216),#220);
#216 = LINE('',#217,#218);
#217 = CARTESIAN_POINT('',(0.,0.));
#218 = VECTOR('',#219,1.);
#219 = DIRECTION('',(1.,0.));
#220 = ( GEOMETRIC_REPRESENTATION_CONTEXT(2) 
PARAMETRIC_REPRESENTATION_CONTEXT() REPRESENTATION_CONTEXT('2D SPACE',''
  ) );
#221 = ORIENTED_EDGE('',*,*,#222,.T.);
#222 = EDGE_CURVE('',#195,#24,#223,.T.);
#223 = SURFACE_CURVE('',#224,(#228,#235),.PCURVE_S1.);
#224 = LINE('',#225,#226);
#225 = CARTESIAN_POINT('',(-31.8,-60.82272841339,40.469102625585));
#226 = VECTOR('',#227,1.);
#227 = DIRECTION('',(0.,0.996194698092,8.715574274766E-02));
#228 = PCURVE('',#32,#229);
#229 = DEFINITIONAL_REPRESENTATION('',(#230),#234);
#230 = LINE('',#231,#232);
#231 = CARTESIAN_POINT('',(23.,-4.122361404815E-15));
#232 = VECTOR('',#233,1.);
#233 = DIRECTION('',(2.298214621924E-18,-1.));
#234 = ( GEOMETRIC_REPRESENTATION_CONTEXT(2) 
PARAMETRIC_REPRESENTATION_CONTEXT() REPRESENTATION_CONTEXT('2D SPACE',''
  ) );
#235 = PCURVE('',#236,#241);
#236 = PLANE('',#237);
#237 = AXIS2_PLACEMENT_3D('',#238,#239,#240);
#238 = CARTESIAN_POINT('',(-31.8,-60.82272841339,40.469102625585));
#239 = DIRECTION('',(0.,-8.715574274766E-02,0.996194698092));
#240 = DIRECTION('',(1.,0.,0.));
#241 = DEFINITIONAL_REPRESENTATION('',(#242),#246);
#242 = LINE('',#243,#244);
#243 = CARTESIAN_POINT('',(0.,0.));
#244 = VECTOR('',#245,1.);
#245 = DIRECTION('',(0.,1.));
#246 = ( GEOMETRIC_REPRESENTATION_CONTEXT(2) 
PARAMETRIC_REPRESENTATION_CONTEXT() REPRESENTATION_CONTEXT('2D SPACE',''
  ) );
#247 = ADVANCED_FACE('',(#248),#44,.T.);
#248 = FACE_BOUND('',#249,.T.);
#249 = EDGE_LOOP('',(#250,#251,#275,#301));
#250 = ORIENTED_EDGE('',*,*,#21,.F.);
#251 = ORIENTED_EDGE('',*,*,#252,.T.);
#252 = EDGE_CURVE('',#22,#253,#255,.T.);
#253 = VERTEX_POINT('',#254);
#254 = CARTESIAN_POINT('',(-29.6,-57.96635966035,29.676984297349));
#255 = SURFACE_CURVE('',#256,(#261,#268),.PCURVE_S1.);
#256 = CIRCLE('',#257,7.);
#257 = AXIS2_PLACEMENT_3D('',#258,#259,#260);
#258 = CARTESIAN_POINT('',(-24.8,-52.89065235652,30.121051145809));
#259 = DIRECTION('',(0.,-8.715574274766E-02,0.996194698092));
#260 = DIRECTION('',(-1.,0.,0.));
#261 = PCURVE('',#44,#262);
#262 = DEFINITIONAL_REPRESENTATION('',(#263),#267);
#263 = LINE('',#264,#265);
#264 = CARTESIAN_POINT('',(0.,12.));
#265 = VECTOR('',#266,1.);
#266 = DIRECTION('',(1.,0.));
#267 = ( GEOMETRIC_REPRESENTATION_CONTEXT(2) 
PARAMETRIC_REPRESENTATION_CONTEXT() REPRESENTATION_CONTEXT('2D SPACE',''
  ) );
#268 = PCURVE('',#71,#269);
#269 = DEFINITIONAL_REPRESENTATION('',(#270),#274);
#270 = CIRCLE('',#271,7.);
#271 = AXIS2_PLACEMENT_2D('',#272,#273);
#272 = CARTESIAN_POINT('',(12.7,8.));
#273 = DIRECTION('',(-1.,0.));
#274 = ( GEOMETRIC_REPRESENTATION_CONTEXT(2) 
PARAMETRIC_REPRESENTATION_CONTEXT() REPRESENTATION_CONTEXT('2D SPACE',''
  ) );
#275 = ORIENTED_EDGE('',*,*,#276,.T.);
#276 = EDGE_CURVE('',#253,#277,#279,.T.);
#277 = VERTEX_POINT('',#278);
#278 = CARTESIAN_POINT('',(-29.6,-58.92507283057,40.635125976358));
#279 = SURFACE_CURVE('',#280,(#284,#290),.PCURVE_S1.);
#280 = LINE('',#281,#282);
#281 = CARTESIAN_POINT('',(-29.6,-56.92049074737,17.722647920248));
#282 = VECTOR('',#283,1.);
#283 = DIRECTION('',(0.,-8.715574274766E-02,0.996194698092));
#284 = PCURVE('',#44,#285);
#285 = DEFINITIONAL_REPRESENTATION('',(#286),#289);
#286 = B_SPLINE_CURVE_WITH_KNOTS('',1,(#287,#288),.UNSPECIFIED.,.F.,.F.,
  (2,2),(6.9999994,49.0000006),.PIECEWISE_BEZIER_KNOTS.);
#287 = CARTESIAN_POINT('',(0.815211745152,6.9999994));
#288 = CARTESIAN_POINT('',(0.815211745152,49.0000006));
#289 = ( GEOMETRIC_REPRESENTATION_CONTEXT(2) 
PARAMETRIC_REPRESENTATION_CONTEXT() REPRESENTATION_CONTEXT('2D SPACE',''
  ) );
#290 = PCURVE('',#291,#296);
#291 = PLANE('',#292);
#292 = AXIS2_PLACEMENT_3D('',#293,#294,#295);
#293 = CARTESIAN_POINT('',(-29.6,-59.98865251378,19.46185822291));
#294 = DIRECTION('',(1.,0.,0.));
#295 = DIRECTION('',(0.,-8.715574274766E-02,0.996194698092));
#296 = DEFINITIONAL_REPRESENTATION('',(#297),#300);
#297 = B_SPLINE_CURVE_WITH_KNOTS('',1,(#298,#299),.UNSPECIFIED.,.F.,.F.,
  (2,2),(6.9999994,49.0000006),.PIECEWISE_BEZIER_KNOTS.);
#298 = CARTESIAN_POINT('',(4.9999994,-2.904904318857));
#299 = CARTESIAN_POINT('',(47.0000006,-2.904904318857));
#300 = ( GEOMETRIC_REPRESENTATION_CONTEXT(2) 
PARAMETRIC_REPRESENTATION_CONTEXT() REPRESENTATION_CONTEXT('2D SPACE',''
  ) );
#301 = ORIENTED_EDGE('',*,*,#302,.F.);
#302 = EDGE_CURVE('',#24,#277,#303,.T.);
#303 = SURFACE_CURVE('',#304,(#309,#316),.PCURVE_S1.);
#304 = CIRCLE('',#305,7.);
#305 = AXIS2_PLACEMENT_3D('',#306,#307,#308);
#306 = CARTESIAN_POINT('',(-24.8,-53.84936552675,41.079192824818));
#307 = DIRECTION('',(0.,-8.715574274766E-02,0.996194698092));
#308 = DIRECTION('',(-1.,0.,0.));
#309 = PCURVE('',#44,#310);
#310 = DEFINITIONAL_REPRESENTATION('',(#311),#315);
#311 = LINE('',#312,#313);
#312 = CARTESIAN_POINT('',(0.,23.));
#313 = VECTOR('',#314,1.);
#314 = DIRECTION('',(1.,0.));
#315 = ( GEOMETRIC_REPRESENTATION_CONTEXT(2) 
PARAMETRIC_REPRESENTATION_CONTEXT() REPRESENTATION_CONTEXT('2D SPACE',''
  ) );
#316 = PCURVE('',#236,#317);
#317 = DEFINITIONAL_REPRESENTATION('',(#318),#322);
#318 = CIRCLE('',#319,7.);
#319 = AXIS2_PLACEMENT_2D('',#320,#321);
#320 = CARTESIAN_POINT('',(7.,7.));
#321 = DIRECTION('',(-1.,0.));
#322 = ( GEOMETRIC_REPRESENTATION_CONTEXT(2) 
PARAMETRIC_REPRESENTATION_CONTEXT() REPRESENTATION_CONTEXT('2D SPACE',''
  ) );
#323 = ADVANCED_FACE('',(#324),#236,.F.);
#324 = FACE_BOUND('',#325,.F.);
#325 = EDGE_LOOP('',(#326,#327,#350,#378,#404,#430,#456,#475));
#326 = ORIENTED_EDGE('',*,*,#222,.F.);
#327 = ORIENTED_EDGE('',*,*,#328,.T.);
#328 = EDGE_CURVE('',#195,#329,#331,.T.);
#329 = VERTEX_POINT('',#330);
#330 = CARTESIAN_POINT('',(-10.5,-60.82272841339,40.469102625585));
#331 = SURFACE_CURVE('',#332,(#336,#343),.PCURVE_S1.);
#332 = LINE('',#333,#334);
#333 = CARTESIAN_POINT('',(-31.8,-60.82272841339,40.469102625585));
#334 = VECTOR('',#335,1.);
#335 = DIRECTION('',(1.,0.,0.));
#336 = PCURVE('',#236,#337);
#337 = DEFINITIONAL_REPRESENTATION('',(#338),#342);
#338 = LINE('',#339,#340);
#339 = CARTESIAN_POINT('',(0.,0.));
#340 = VECTOR('',#341,1.);
#341 = DIRECTION('',(1.,0.));
#342 = ( GEOMETRIC_REPRESENTATION_CONTEXT(2) 
PARAMETRIC_REPRESENTATION_CONTEXT() REPRESENTATION_CONTEXT('2D SPACE',''
  ) );
#343 = PCURVE('',#210,#344);
#344 = DEFINITIONAL_REPRESENTATION('',(#345),#349);
#345 = LINE('',#346,#347);
#346 = CARTESIAN_POINT('',(0.,0.));
#347 = VECTOR('',#348,1.);
#348 = DIRECTION('',(0.,1.));
#349 = ( GEOMETRIC_REPRESENTATION_CONTEXT(2) 
PARAMETRIC_REPRESENTATION_CONTEXT() REPRESENTATION_CONTEXT('2D SPACE',''
  ) );
#350 = ORIENTED_EDGE('',*,*,#351,.T.);
#351 = EDGE_CURVE('',#329,#352,#354,.T.);
#352 = VERTEX_POINT('',#353);
#353 = CARTESIAN_POINT('',(-10.5,-55.70858260024,40.916532407854));
#354 = SURFACE_CURVE('',#355,(#359,#366),.PCURVE_S1.);
#355 = LINE('',#356,#357);
#356 = CARTESIAN_POINT('',(-10.5,-60.82272841339,40.469102625585));
#357 = VECTOR('',#358,1.);
#358 = DIRECTION('',(0.,0.996194698092,8.715574274766E-02));
#359 = PCURVE('',#236,#360);
#360 = DEFINITIONAL_REPRESENTATION('',(#361),#365);
#361 = LINE('',#362,#363);
#362 = CARTESIAN_POINT('',(21.3,0.));
#363 = VECTOR('',#364,1.);
#364 = DIRECTION('',(0.,1.));
#365 = ( GEOMETRIC_REPRESENTATION_CONTEXT(2) 
PARAMETRIC_REPRESENTATION_CONTEXT() REPRESENTATION_CONTEXT('2D SPACE',''
  ) );
#366 = PCURVE('',#367,#372);
#367 = PLANE('',#368);
#368 = AXIS2_PLACEMENT_3D('',#369,#370,#371);
#369 = CARTESIAN_POINT('',(-10.5,-60.82272841339,40.469102625585));
#370 = DIRECTION('',(1.,0.,0.));
#371 = DIRECTION('',(0.,-8.715574274766E-02,0.996194698092));
#372 = DEFINITIONAL_REPRESENTATION('',(#373),#377);
#373 = LINE('',#374,#375);
#374 = CARTESIAN_POINT('',(0.,0.));
#375 = VECTOR('',#376,1.);
#376 = DIRECTION('',(0.,-1.));
#377 = ( GEOMETRIC_REPRESENTATION_CONTEXT(2) 
PARAMETRIC_REPRESENTATION_CONTEXT() REPRESENTATION_CONTEXT('2D SPACE',''
  ) );
#378 = ORIENTED_EDGE('',*,*,#379,.F.);
#379 = EDGE_CURVE('',#380,#352,#382,.T.);
#380 = VERTEX_POINT('',#381);
#381 = CARTESIAN_POINT('',(-10.59909405317,-55.70858260024,
    40.916532407854));
#382 = SURFACE_CURVE('',#383,(#387,#393),.PCURVE_S1.);
#383 = LINE('',#384,#385);
#384 = CARTESIAN_POINT('',(-12.15833997655,-55.70858260024,
    40.916532407854));
#385 = VECTOR('',#386,1.);
#386 = DIRECTION('',(1.,1.399252253627E-19,1.224187096055E-20));
#387 = PCURVE('',#236,#388);
#388 = DEFINITIONAL_REPRESENTATION('',(#389),#392);
#389 = B_SPLINE_CURVE_WITH_KNOTS('',1,(#390,#391),.UNSPECIFIED.,.F.,.F.,
  (2,2),(1.559245923375,1.658339976554),.PIECEWISE_BEZIER_KNOTS.);
#390 = CARTESIAN_POINT('',(21.200905946821,5.133681019324));
#391 = CARTESIAN_POINT('',(21.3,5.133681019324));
#392 = ( GEOMETRIC_REPRESENTATION_CONTEXT(2) 
PARAMETRIC_REPRESENTATION_CONTEXT() REPRESENTATION_CONTEXT('2D SPACE',''
  ) );
#393 = PCURVE('',#394,#399);
#394 = PLANE('',#395);
#395 = AXIS2_PLACEMENT_3D('',#396,#397,#398);
#396 = CARTESIAN_POINT('',(7.483320046891,-53.74335562699,
    18.462570266924));
#397 = DIRECTION('',(1.404597169126E-19,-0.99619177062,
    -8.718919742862E-02));
#398 = DIRECTION('',(0.258819045103,-8.421829756972E-02,0.962247359179)
  );
#399 = DEFINITIONAL_REPRESENTATION('',(#400),#403);
#400 = B_SPLINE_CURVE_WITH_KNOTS('',1,(#401,#402),.UNSPECIFIED.,.F.,.F.,
  (2,2),(1.559245923375,1.658339976554),.PIECEWISE_BEZIER_KNOTS.);
#401 = CARTESIAN_POINT('',(17.091700692709,23.3));
#402 = CARTESIAN_POINT('',(17.117348120928,23.204282494803));
#403 = ( GEOMETRIC_REPRESENTATION_CONTEXT(2) 
PARAMETRIC_REPRESENTATION_CONTEXT() REPRESENTATION_CONTEXT('2D SPACE',''
  ) );
#404 = ORIENTED_EDGE('',*,*,#405,.T.);
#405 = EDGE_CURVE('',#380,#406,#408,.T.);
#406 = VERTEX_POINT('',#407);
#407 = CARTESIAN_POINT('',(-10.59927551797,-35.61900255167,
    42.674142917101));
#408 = SURFACE_CURVE('',#409,(#413,#419),.PCURVE_S1.);
#409 = LINE('',#410,#411);
#410 = CARTESIAN_POINT('',(-10.59917804069,-46.41050430457,
    41.730008851301));
#411 = VECTOR('',#412,1.);
#412 = DIRECTION('',(-8.998409580706E-06,0.996194698051,
    8.715574274413E-02));
#413 = PCURVE('',#236,#414);
#414 = DEFINITIONAL_REPRESENTATION('',(#415),#418);
#415 = B_SPLINE_CURVE_WITH_KNOTS('',1,(#416,#417),.UNSPECIFIED.,.F.,.F.,
  (2,2),(-9.333595444607,10.832723536885),.PIECEWISE_BEZIER_KNOTS.);
#416 = CARTESIAN_POINT('',(21.200905946821,5.133681019324));
#417 = CARTESIAN_POINT('',(21.200724482023,25.3));
#418 = ( GEOMETRIC_REPRESENTATION_CONTEXT(2) 
PARAMETRIC_REPRESENTATION_CONTEXT() REPRESENTATION_CONTEXT('2D SPACE',''
  ) );
#419 = PCURVE('',#420,#425);
#420 = PLANE('',#421);
#421 = AXIS2_PLACEMENT_3D('',#422,#423,#424);
#422 = CARTESIAN_POINT('',(-15.6697993184,-30.34923878064,
    24.139573053273));
#423 = DIRECTION('',(0.965925826289,2.256622482173E-02,-0.257833402811)
  );
#424 = DIRECTION('',(0.258819045103,-8.421829756972E-02,0.962247359179)
  );
#425 = DEFINITIONAL_REPRESENTATION('',(#426),#429);
#426 = B_SPLINE_CURVE_WITH_KNOTS('',1,(#427,#428),.UNSPECIFIED.,.F.,.F.,
  (2,2),(-9.333595444607,10.832723536885),.PIECEWISE_BEZIER_KNOTS.);
#427 = CARTESIAN_POINT('',(19.591700692709,23.8));
#428 = CARTESIAN_POINT('',(19.590999566569,3.633681030696));
#429 = ( GEOMETRIC_REPRESENTATION_CONTEXT(2) 
PARAMETRIC_REPRESENTATION_CONTEXT() REPRESENTATION_CONTEXT('2D SPACE',''
  ) );
#430 = ORIENTED_EDGE('',*,*,#431,.F.);
#431 = EDGE_CURVE('',#432,#406,#434,.T.);
#432 = VERTEX_POINT('',#433);
#433 = CARTESIAN_POINT('',(-29.6,-35.61900255167,42.674142917101));
#434 = SURFACE_CURVE('',#435,(#439,#445),.PCURVE_S1.);
#435 = LINE('',#436,#437);
#436 = CARTESIAN_POINT('',(-30.7,-35.61900255167,42.674142917101));
#437 = VECTOR('',#438,1.);
#438 = DIRECTION('',(1.,0.,-0.));
#439 = PCURVE('',#236,#440);
#440 = DEFINITIONAL_REPRESENTATION('',(#441),#444);
#441 = B_SPLINE_CURVE_WITH_KNOTS('',1,(#442,#443),.UNSPECIFIED.,.F.,.F.,
  (2,2),(1.1,20.2),.PIECEWISE_BEZIER_KNOTS.);
#442 = CARTESIAN_POINT('',(2.2,25.3));
#443 = CARTESIAN_POINT('',(21.3,25.3));
#444 = ( GEOMETRIC_REPRESENTATION_CONTEXT(2) 
PARAMETRIC_REPRESENTATION_CONTEXT() REPRESENTATION_CONTEXT('2D SPACE',''
  ) );
#445 = PCURVE('',#446,#451);
#446 = PLANE('',#447);
#447 = AXIS2_PLACEMENT_3D('',#448,#449,#450);
#448 = CARTESIAN_POINT('',(-29.6,-33.78873195397,21.754054257174));
#449 = DIRECTION('',(0.,0.996194698092,8.715574274766E-02));
#450 = DIRECTION('',(0.,-8.715574274766E-02,0.996194698092));
#451 = DEFINITIONAL_REPRESENTATION('',(#452),#455);
#452 = B_SPLINE_CURVE_WITH_KNOTS('',1,(#453,#454),.UNSPECIFIED.,.F.,.F.,
  (2,2),(1.1,20.2),.PIECEWISE_BEZIER_KNOTS.);
#453 = CARTESIAN_POINT('',(21.,-2.6645352591E-14));
#454 = CARTESIAN_POINT('',(21.,19.1));
#455 = ( GEOMETRIC_REPRESENTATION_CONTEXT(2) 
PARAMETRIC_REPRESENTATION_CONTEXT() REPRESENTATION_CONTEXT('2D SPACE',''
  ) );
#456 = ORIENTED_EDGE('',*,*,#457,.T.);
#457 = EDGE_CURVE('',#432,#277,#458,.T.);
#458 = SURFACE_CURVE('',#459,(#463,#469),.PCURVE_S1.);
#459 = LINE('',#460,#461);
#460 = CARTESIAN_POINT('',(-29.6,-61.32082576243,40.425524754211));
#461 = VECTOR('',#462,1.);
#462 = DIRECTION('',(0.,-0.996194698092,-8.715574274766E-02));
#463 = PCURVE('',#236,#464);
#464 = DEFINITIONAL_REPRESENTATION('',(#465),#468);
#465 = B_SPLINE_CURVE_WITH_KNOTS('',1,(#466,#467),.UNSPECIFIED.,.F.,.F.,
  (2,2),(-25.8,-2.404904318857),.PIECEWISE_BEZIER_KNOTS.);
#466 = CARTESIAN_POINT('',(2.2,25.3));
#467 = CARTESIAN_POINT('',(2.2,1.904904318857));
#468 = ( GEOMETRIC_REPRESENTATION_CONTEXT(2) 
PARAMETRIC_REPRESENTATION_CONTEXT() REPRESENTATION_CONTEXT('2D SPACE',''
  ) );
#469 = PCURVE('',#291,#470);
#470 = DEFINITIONAL_REPRESENTATION('',(#471),#474);
#471 = B_SPLINE_CURVE_WITH_KNOTS('',1,(#472,#473),.UNSPECIFIED.,.F.,.F.,
  (2,2),(-25.8,-2.404904318857),.PIECEWISE_BEZIER_KNOTS.);
#472 = CARTESIAN_POINT('',(21.,-26.3));
#473 = CARTESIAN_POINT('',(21.,-2.904904318857));
#474 = ( GEOMETRIC_REPRESENTATION_CONTEXT(2) 
PARAMETRIC_REPRESENTATION_CONTEXT() REPRESENTATION_CONTEXT('2D SPACE',''
  ) );
#475 = ORIENTED_EDGE('',*,*,#302,.F.);
#476 = ADVANCED_FACE('',(#477),#210,.F.);
#477 = FACE_BOUND('',#478,.F.);
#478 = EDGE_LOOP('',(#479,#480,#481,#504,#532,#560));
#479 = ORIENTED_EDGE('',*,*,#328,.F.);
#480 = ORIENTED_EDGE('',*,*,#194,.T.);
#481 = ORIENTED_EDGE('',*,*,#482,.T.);
#482 = EDGE_CURVE('',#167,#483,#485,.T.);
#483 = VERTEX_POINT('',#484);
#484 = CARTESIAN_POINT('',(-28.8,-63.69886792406,73.343527662612));
#485 = SURFACE_CURVE('',#486,(#490,#497),.PCURVE_S1.);
#486 = LINE('',#487,#488);
#487 = CARTESIAN_POINT('',(-31.8,-63.69886792406,73.343527662612));
#488 = VECTOR('',#489,1.);
#489 = DIRECTION('',(1.,0.,0.));
#490 = PCURVE('',#210,#491);
#491 = DEFINITIONAL_REPRESENTATION('',(#492),#496);
#492 = LINE('',#493,#494);
#493 = CARTESIAN_POINT('',(33.,0.));
#494 = VECTOR('',#495,1.);
#495 = DIRECTION('',(0.,1.));
#496 = ( GEOMETRIC_REPRESENTATION_CONTEXT(2) 
PARAMETRIC_REPRESENTATION_CONTEXT() REPRESENTATION_CONTEXT('2D SPACE',''
  ) );
#497 = PCURVE('',#182,#498);
#498 = DEFINITIONAL_REPRESENTATION('',(#499),#503);
#499 = LINE('',#500,#501);
#500 = CARTESIAN_POINT('',(0.,0.));
#501 = VECTOR('',#502,1.);
#502 = DIRECTION('',(1.,0.));
#503 = ( GEOMETRIC_REPRESENTATION_CONTEXT(2) 
PARAMETRIC_REPRESENTATION_CONTEXT() REPRESENTATION_CONTEXT('2D SPACE',''
  ) );
#504 = ORIENTED_EDGE('',*,*,#505,.F.);
#505 = EDGE_CURVE('',#506,#483,#508,.T.);
#506 = VERTEX_POINT('',#507);
#507 = CARTESIAN_POINT('',(-28.8,-61.04933334453,43.059208840623));
#508 = SURFACE_CURVE('',#509,(#513,#520),.PCURVE_S1.);
#509 = LINE('',#510,#511);
#510 = CARTESIAN_POINT('',(-28.8,-61.04933334453,43.059208840623));
#511 = VECTOR('',#512,1.);
#512 = DIRECTION('',(0.,-8.715574274766E-02,0.996194698092));
#513 = PCURVE('',#210,#514);
#514 = DEFINITIONAL_REPRESENTATION('',(#515),#519);
#515 = LINE('',#516,#517);
#516 = CARTESIAN_POINT('',(2.6,3.));
#517 = VECTOR('',#518,1.);
#518 = DIRECTION('',(1.,0.));
#519 = ( GEOMETRIC_REPRESENTATION_CONTEXT(2) 
PARAMETRIC_REPRESENTATION_CONTEXT() REPRESENTATION_CONTEXT('2D SPACE',''
  ) );
#520 = PCURVE('',#521,#526);
#521 = PLANE('',#522);
#522 = AXIS2_PLACEMENT_3D('',#523,#524,#525);
#523 = CARTESIAN_POINT('',(-28.8,-61.04933334453,43.059208840623));
#524 = DIRECTION('',(1.,0.,0.));
#525 = DIRECTION('',(0.,-8.715574274766E-02,0.996194698092));
#526 = DEFINITIONAL_REPRESENTATION('',(#527),#531);
#527 = LINE('',#528,#529);
#528 = CARTESIAN_POINT('',(0.,0.));
#529 = VECTOR('',#530,1.);
#530 = DIRECTION('',(1.,0.));
#531 = ( GEOMETRIC_REPRESENTATION_CONTEXT(2) 
PARAMETRIC_REPRESENTATION_CONTEXT() REPRESENTATION_CONTEXT('2D SPACE',''
  ) );
#532 = ORIENTED_EDGE('',*,*,#533,.T.);
#533 = EDGE_CURVE('',#506,#534,#536,.T.);
#534 = VERTEX_POINT('',#535);
#535 = CARTESIAN_POINT('',(-10.5,-61.04933334453,43.059208840623));
#536 = SURFACE_CURVE('',#537,(#541,#548),.PCURVE_S1.);
#537 = LINE('',#538,#539);
#538 = CARTESIAN_POINT('',(-31.8,-61.04933334453,43.059208840623));
#539 = VECTOR('',#540,1.);
#540 = DIRECTION('',(1.,0.,0.));
#541 = PCURVE('',#210,#542);
#542 = DEFINITIONAL_REPRESENTATION('',(#543),#547);
#543 = LINE('',#544,#545);
#544 = CARTESIAN_POINT('',(2.6,0.));
#545 = VECTOR('',#546,1.);
#546 = DIRECTION('',(0.,1.));
#547 = ( GEOMETRIC_REPRESENTATION_CONTEXT(2) 
PARAMETRIC_REPRESENTATION_CONTEXT() REPRESENTATION_CONTEXT('2D SPACE',''
  ) );
#548 = PCURVE('',#549,#554);
#549 = PLANE('',#550);
#550 = AXIS2_PLACEMENT_3D('',#551,#552,#553);
#551 = CARTESIAN_POINT('',(-31.8,-61.04933334453,43.059208840623));
#552 = DIRECTION('',(0.,-8.715574274766E-02,0.996194698092));
#553 = DIRECTION('',(1.,0.,0.));
#554 = DEFINITIONAL_REPRESENTATION('',(#555),#559);
#555 = LINE('',#556,#557);
#556 = CARTESIAN_POINT('',(0.,0.));
#557 = VECTOR('',#558,1.);
#558 = DIRECTION('',(1.,0.));
#559 = ( GEOMETRIC_REPRESENTATION_CONTEXT(2) 
PARAMETRIC_REPRESENTATION_CONTEXT() REPRESENTATION_CONTEXT('2D SPACE',''
  ) );
#560 = ORIENTED_EDGE('',*,*,#561,.F.);
#561 = EDGE_CURVE('',#329,#534,#562,.T.);
#562 = SURFACE_CURVE('',#563,(#567,#574),.PCURVE_S1.);
#563 = LINE('',#564,#565);
#564 = CARTESIAN_POINT('',(-10.5,-60.82272841339,40.469102625585));
#565 = VECTOR('',#566,1.);
#566 = DIRECTION('',(0.,-8.715574274766E-02,0.996194698092));
#567 = PCURVE('',#210,#568);
#568 = DEFINITIONAL_REPRESENTATION('',(#569),#573);
#569 = LINE('',#570,#571);
#570 = CARTESIAN_POINT('',(0.,21.3));
#571 = VECTOR('',#572,1.);
#572 = DIRECTION('',(1.,0.));
#573 = ( GEOMETRIC_REPRESENTATION_CONTEXT(2) 
PARAMETRIC_REPRESENTATION_CONTEXT() REPRESENTATION_CONTEXT('2D SPACE',''
  ) );
#574 = PCURVE('',#367,#575);
#575 = DEFINITIONAL_REPRESENTATION('',(#576),#580);
#576 = LINE('',#577,#578);
#577 = CARTESIAN_POINT('',(0.,0.));
#578 = VECTOR('',#579,1.);
#579 = DIRECTION('',(1.,0.));
#580 = ( GEOMETRIC_REPRESENTATION_CONTEXT(2) 
PARAMETRIC_REPRESENTATION_CONTEXT() REPRESENTATION_CONTEXT('2D SPACE',''
  ) );
#581 = ADVANCED_FACE('',(#582),#182,.T.);
#582 = FACE_BOUND('',#583,.T.);
#583 = EDGE_LOOP('',(#584,#607,#608,#609,#632,#658,#684,#710));
#584 = ORIENTED_EDGE('',*,*,#585,.F.);
#585 = EDGE_CURVE('',#139,#586,#588,.T.);
#586 = VERTEX_POINT('',#587);
#587 = CARTESIAN_POINT('',(-28.8,-36.30351372654,75.740310588173));
#588 = SURFACE_CURVE('',#589,(#593,#600),.PCURVE_S1.);
#589 = LINE('',#590,#591);
#590 = CARTESIAN_POINT('',(-31.8,-36.30351372654,75.740310588173));
#591 = VECTOR('',#592,1.);
#592 = DIRECTION('',(1.,0.,0.));
#593 = PCURVE('',#182,#594);
#594 = DEFINITIONAL_REPRESENTATION('',(#595),#599);
#595 = LINE('',#596,#597);
#596 = CARTESIAN_POINT('',(0.,27.5));
#597 = VECTOR('',#598,1.);
#598 = DIRECTION('',(1.,0.));
#599 = ( GEOMETRIC_REPRESENTATION_CONTEXT(2) 
PARAMETRIC_REPRESENTATION_CONTEXT() REPRESENTATION_CONTEXT('2D SPACE',''
  ) );
#600 = PCURVE('',#154,#601);
#601 = DEFINITIONAL_REPRESENTATION('',(#602),#606);
#602 = LINE('',#603,#604);
#603 = CARTESIAN_POINT('',(56.,0.));
#604 = VECTOR('',#605,1.);
#605 = DIRECTION('',(0.,1.));
#606 = ( GEOMETRIC_REPRESENTATION_CONTEXT(2) 
PARAMETRIC_REPRESENTATION_CONTEXT() REPRESENTATION_CONTEXT('2D SPACE',''
  ) );
#607 = ORIENTED_EDGE('',*,*,#166,.F.);
#608 = ORIENTED_EDGE('',*,*,#482,.T.);
#609 = ORIENTED_EDGE('',*,*,#610,.T.);
#610 = EDGE_CURVE('',#483,#611,#613,.T.);
#611 = VERTEX_POINT('',#612);
#612 = CARTESIAN_POINT('',(-28.8,-62.67741392518,73.432893307827));
#613 = SURFACE_CURVE('',#614,(#618,#625),.PCURVE_S1.);
#614 = LINE('',#615,#616);
#615 = CARTESIAN_POINT('',(-28.8,-63.69886792406,73.343527662612));
#616 = VECTOR('',#617,1.);
#617 = DIRECTION('',(0.,0.996194698092,8.715574274766E-02));
#618 = PCURVE('',#182,#619);
#619 = DEFINITIONAL_REPRESENTATION('',(#620),#624);
#620 = LINE('',#621,#622);
#621 = CARTESIAN_POINT('',(3.,0.));
#622 = VECTOR('',#623,1.);
#623 = DIRECTION('',(0.,1.));
#624 = ( GEOMETRIC_REPRESENTATION_CONTEXT(2) 
PARAMETRIC_REPRESENTATION_CONTEXT() REPRESENTATION_CONTEXT('2D SPACE',''
  ) );
#625 = PCURVE('',#521,#626);
#626 = DEFINITIONAL_REPRESENTATION('',(#627),#631);
#627 = LINE('',#628,#629);
#628 = CARTESIAN_POINT('',(30.4,0.));
#629 = VECTOR('',#630,1.);
#630 = DIRECTION('',(0.,-1.));
#631 = ( GEOMETRIC_REPRESENTATION_CONTEXT(2) 
PARAMETRIC_REPRESENTATION_CONTEXT() REPRESENTATION_CONTEXT('2D SPACE',''
  ) );
#632 = ORIENTED_EDGE('',*,*,#633,.T.);
#633 = EDGE_CURVE('',#611,#634,#636,.T.);
#634 = VERTEX_POINT('',#635);
#635 = CARTESIAN_POINT('',(-28.9,-62.67741392518,73.432893307827));
#636 = SURFACE_CURVE('',#637,(#641,#647),.PCURVE_S1.);
#637 = LINE('',#638,#639);
#638 = CARTESIAN_POINT('',(-30.35,-62.67741392518,73.432893307827));
#639 = VECTOR('',#640,1.);
#640 = DIRECTION('',(-1.,0.,0.));
#641 = PCURVE('',#182,#642);
#642 = DEFINITIONAL_REPRESENTATION('',(#643),#646);
#643 = B_SPLINE_CURVE_WITH_KNOTS('',1,(#644,#645),.UNSPECIFIED.,.F.,.F.,
  (2,2),(-1.55,-1.45),.PIECEWISE_BEZIER_KNOTS.);
#644 = CARTESIAN_POINT('',(3.,1.025355787212));
#645 = CARTESIAN_POINT('',(2.9,1.025355787212));
#646 = ( GEOMETRIC_REPRESENTATION_CONTEXT(2) 
PARAMETRIC_REPRESENTATION_CONTEXT() REPRESENTATION_CONTEXT('2D SPACE',''
  ) );
#647 = PCURVE('',#648,#653);
#648 = PLANE('',#649);
#649 = AXIS2_PLACEMENT_3D('',#650,#651,#652);
#650 = CARTESIAN_POINT('',(-28.9,-63.06906978103,77.907809375631));
#651 = DIRECTION('',(0.,0.99619177062,8.718919742862E-02));
#652 = DIRECTION('',(0.,8.718919742862E-02,-0.99619177062));
#653 = DEFINITIONAL_REPRESENTATION('',(#654),#657);
#654 = B_SPLINE_CURVE_WITH_KNOTS('',1,(#655,#656),.UNSPECIFIED.,.F.,.F.,
  (2,2),(-1.55,-1.45),.PIECEWISE_BEZIER_KNOTS.);
#655 = CARTESIAN_POINT('',(4.492022720702,-0.1));
#656 = CARTESIAN_POINT('',(4.492022720702,0.));
#657 = ( GEOMETRIC_REPRESENTATION_CONTEXT(2) 
PARAMETRIC_REPRESENTATION_CONTEXT() REPRESENTATION_CONTEXT('2D SPACE',''
  ) );
#658 = ORIENTED_EDGE('',*,*,#659,.T.);
#659 = EDGE_CURVE('',#634,#660,#662,.T.);
#660 = VERTEX_POINT('',#661);
#661 = CARTESIAN_POINT('',(-28.9,-38.7687411575,75.524631134951));
#662 = SURFACE_CURVE('',#663,(#667,#673),.PCURVE_S1.);
#663 = LINE('',#664,#665);
#664 = CARTESIAN_POINT('',(-28.9,-63.18821606433,73.388203911348));
#665 = VECTOR('',#666,1.);
#666 = DIRECTION('',(-0.,0.996194698092,8.715574274766E-02));
#667 = PCURVE('',#182,#668);
#668 = DEFINITIONAL_REPRESENTATION('',(#669),#672);
#669 = B_SPLINE_CURVE_WITH_KNOTS('',1,(#670,#671),.UNSPECIFIED.,.F.,.F.,
  (2,2),(0.512753320332,24.512753333865),.PIECEWISE_BEZIER_KNOTS.);
#670 = CARTESIAN_POINT('',(2.9,1.025355787212));
#671 = CARTESIAN_POINT('',(2.9,25.025355800746));
#672 = ( GEOMETRIC_REPRESENTATION_CONTEXT(2) 
PARAMETRIC_REPRESENTATION_CONTEXT() REPRESENTATION_CONTEXT('2D SPACE',''
  ) );
#673 = PCURVE('',#674,#679);
#674 = PLANE('',#675);
#675 = AXIS2_PLACEMENT_3D('',#676,#677,#678);
#676 = CARTESIAN_POINT('',(-28.9,-63.06906978103,77.907809375631));
#677 = DIRECTION('',(1.,0.,0.));
#678 = DIRECTION('',(0.,8.718919742862E-02,-0.99619177062));
#679 = DEFINITIONAL_REPRESENTATION('',(#680),#683);
#680 = B_SPLINE_CURVE_WITH_KNOTS('',1,(#681,#682),.UNSPECIFIED.,.F.,.F.,
  (2,2),(0.512753320332,24.512753333865),.PIECEWISE_BEZIER_KNOTS.);
#681 = CARTESIAN_POINT('',(4.492022720702,1.93701320126E-17));
#682 = CARTESIAN_POINT('',(4.492828701225,24.));
#683 = ( GEOMETRIC_REPRESENTATION_CONTEXT(2) 
PARAMETRIC_REPRESENTATION_CONTEXT() REPRESENTATION_CONTEXT('2D SPACE',''
  ) );
#684 = ORIENTED_EDGE('',*,*,#685,.F.);
#685 = EDGE_CURVE('',#686,#660,#688,.T.);
#686 = VERTEX_POINT('',#687);
#687 = CARTESIAN_POINT('',(-28.8,-38.7687411575,75.524631134951));
#688 = SURFACE_CURVE('',#689,(#693,#699),.PCURVE_S1.);
#689 = LINE('',#690,#691);
#690 = CARTESIAN_POINT('',(-30.35,-38.7687411575,75.524631134951));
#691 = VECTOR('',#692,1.);
#692 = DIRECTION('',(-1.,0.,0.));
#693 = PCURVE('',#182,#694);
#694 = DEFINITIONAL_REPRESENTATION('',(#695),#698);
#695 = B_SPLINE_CURVE_WITH_KNOTS('',1,(#696,#697),.UNSPECIFIED.,.F.,.F.,
  (2,2),(-1.55,-1.45),.PIECEWISE_BEZIER_KNOTS.);
#696 = CARTESIAN_POINT('',(3.,25.025355800746));
#697 = CARTESIAN_POINT('',(2.9,25.025355800746));
#698 = ( GEOMETRIC_REPRESENTATION_CONTEXT(2) 
PARAMETRIC_REPRESENTATION_CONTEXT() REPRESENTATION_CONTEXT('2D SPACE',''
  ) );
#699 = PCURVE('',#700,#705);
#700 = PLANE('',#701);
#701 = AXIS2_PLACEMENT_3D('',#702,#703,#704);
#702 = CARTESIAN_POINT('',(-28.9,-39.16046728614,80.000350113918));
#703 = DIRECTION('',(0.,0.99619177062,8.718919742862E-02));
#704 = DIRECTION('',(0.,8.718919742862E-02,-0.99619177062));
#705 = DEFINITIONAL_REPRESENTATION('',(#706),#709);
#706 = B_SPLINE_CURVE_WITH_KNOTS('',1,(#707,#708),.UNSPECIFIED.,.F.,.F.,
  (2,2),(-1.55,-1.45),.PIECEWISE_BEZIER_KNOTS.);
#707 = CARTESIAN_POINT('',(4.492828701225,-0.1));
#708 = CARTESIAN_POINT('',(4.492828701225,0.));
#709 = ( GEOMETRIC_REPRESENTATION_CONTEXT(2) 
PARAMETRIC_REPRESENTATION_CONTEXT() REPRESENTATION_CONTEXT('2D SPACE',''
  ) );
#710 = ORIENTED_EDGE('',*,*,#711,.T.);
#711 = EDGE_CURVE('',#686,#586,#712,.T.);
#712 = SURFACE_CURVE('',#713,(#717,#724),.PCURVE_S1.);
#713 = LINE('',#714,#715);
#714 = CARTESIAN_POINT('',(-28.8,-63.69886792406,73.343527662612));
#715 = VECTOR('',#716,1.);
#716 = DIRECTION('',(0.,0.996194698092,8.715574274766E-02));
#717 = PCURVE('',#182,#718);
#718 = DEFINITIONAL_REPRESENTATION('',(#719),#723);
#719 = LINE('',#720,#721);
#720 = CARTESIAN_POINT('',(3.,0.));
#721 = VECTOR('',#722,1.);
#722 = DIRECTION('',(0.,1.));
#723 = ( GEOMETRIC_REPRESENTATION_CONTEXT(2) 
PARAMETRIC_REPRESENTATION_CONTEXT() REPRESENTATION_CONTEXT('2D SPACE',''
  ) );
#724 = PCURVE('',#725,#730);
#725 = PLANE('',#726);
#726 = AXIS2_PLACEMENT_3D('',#727,#728,#729);
#727 = CARTESIAN_POINT('',(-28.8,-61.04933334453,43.059208840623));
#728 = DIRECTION('',(1.,0.,0.));
#729 = DIRECTION('',(0.,-8.715574274766E-02,0.996194698092));
#730 = DEFINITIONAL_REPRESENTATION('',(#731),#735);
#731 = LINE('',#732,#733);
#732 = CARTESIAN_POINT('',(30.4,0.));
#733 = VECTOR('',#734,1.);
#734 = DIRECTION('',(0.,-1.));
#735 = ( GEOMETRIC_REPRESENTATION_CONTEXT(2) 
PARAMETRIC_REPRESENTATION_CONTEXT() REPRESENTATION_CONTEXT('2D SPACE',''
  ) );
#736 = ADVANCED_FACE('',(#737),#154,.T.);
#737 = FACE_BOUND('',#738,.T.);
#738 = EDGE_LOOP('',(#739,#762,#785,#806,#807,#808,#831,#859,#887,#925,
    #951,#977));
#739 = ORIENTED_EDGE('',*,*,#740,.F.);
#740 = EDGE_CURVE('',#741,#743,#745,.T.);
#741 = VERTEX_POINT('',#742);
#742 = CARTESIAN_POINT('',(-24.8,-32.46866104564,31.907743872136));
#743 = VERTEX_POINT('',#744);
#744 = CARTESIAN_POINT('',(-13.54673642955,-32.46866104564,
    31.907743872136));
#745 = SURFACE_CURVE('',#746,(#750,#756),.PCURVE_S1.);
#746 = LINE('',#747,#748);
#747 = CARTESIAN_POINT('',(-34.65,-32.46866104564,31.907743872136));
#748 = VECTOR('',#749,1.);
#749 = DIRECTION('',(1.,0.,-0.));
#750 = PCURVE('',#154,#751);
#751 = DEFINITIONAL_REPRESENTATION('',(#752),#755);
#752 = B_SPLINE_CURVE_WITH_KNOTS('',1,(#753,#754),.UNSPECIFIED.,.F.,.F.,
  (2,2),(2.85,40.65),.PIECEWISE_BEZIER_KNOTS.);
#753 = CARTESIAN_POINT('',(12.,0.));
#754 = CARTESIAN_POINT('',(12.,37.8));
#755 = ( GEOMETRIC_REPRESENTATION_CONTEXT(2) 
PARAMETRIC_REPRESENTATION_CONTEXT() REPRESENTATION_CONTEXT('2D SPACE',''
  ) );
#756 = PCURVE('',#71,#757);
#757 = DEFINITIONAL_REPRESENTATION('',(#758),#761);
#758 = B_SPLINE_CURVE_WITH_KNOTS('',1,(#759,#760),.UNSPECIFIED.,.F.,.F.,
  (2,2),(2.85,40.65),.PIECEWISE_BEZIER_KNOTS.);
#759 = CARTESIAN_POINT('',(5.7,28.5));
#760 = CARTESIAN_POINT('',(43.5,28.5));
#761 = ( GEOMETRIC_REPRESENTATION_CONTEXT(2) 
PARAMETRIC_REPRESENTATION_CONTEXT() REPRESENTATION_CONTEXT('2D SPACE',''
  ) );
#762 = ORIENTED_EDGE('',*,*,#763,.T.);
#763 = EDGE_CURVE('',#741,#764,#766,.T.);
#764 = VERTEX_POINT('',#765);
#765 = CARTESIAN_POINT('',(-24.8,-33.42737421587,42.865885551145));
#766 = SURFACE_CURVE('',#767,(#771,#778),.PCURVE_S1.);
#767 = LINE('',#768,#769);
#768 = CARTESIAN_POINT('',(-24.8,-31.42279213267,19.953407495035));
#769 = VECTOR('',#770,1.);
#770 = DIRECTION('',(0.,-8.715574274766E-02,0.996194698092));
#771 = PCURVE('',#154,#772);
#772 = DEFINITIONAL_REPRESENTATION('',(#773),#777);
#773 = LINE('',#774,#775);
#774 = CARTESIAN_POINT('',(0.,7.));
#775 = VECTOR('',#776,1.);
#776 = DIRECTION('',(1.,0.));
#777 = ( GEOMETRIC_REPRESENTATION_CONTEXT(2) 
PARAMETRIC_REPRESENTATION_CONTEXT() REPRESENTATION_CONTEXT('2D SPACE',''
  ) );
#778 = PCURVE('',#98,#779);
#779 = DEFINITIONAL_REPRESENTATION('',(#780),#784);
#780 = LINE('',#781,#782);
#781 = CARTESIAN_POINT('',(-1.570796326795,0.));
#782 = VECTOR('',#783,1.);
#783 = DIRECTION('',(-0.,1.));
#784 = ( GEOMETRIC_REPRESENTATION_CONTEXT(2) 
PARAMETRIC_REPRESENTATION_CONTEXT() REPRESENTATION_CONTEXT('2D SPACE',''
  ) );
#785 = ORIENTED_EDGE('',*,*,#786,.F.);
#786 = EDGE_CURVE('',#111,#764,#787,.T.);
#787 = SURFACE_CURVE('',#788,(#792,#799),.PCURVE_S1.);
#788 = LINE('',#789,#790);
#789 = CARTESIAN_POINT('',(-31.8,-33.42737421587,42.865885551145));
#790 = VECTOR('',#791,1.);
#791 = DIRECTION('',(1.,0.,0.));
#792 = PCURVE('',#154,#793);
#793 = DEFINITIONAL_REPRESENTATION('',(#794),#798);
#794 = LINE('',#795,#796);
#795 = CARTESIAN_POINT('',(23.,0.));
#796 = VECTOR('',#797,1.);
#797 = DIRECTION('',(0.,1.));
#798 = ( GEOMETRIC_REPRESENTATION_CONTEXT(2) 
PARAMETRIC_REPRESENTATION_CONTEXT() REPRESENTATION_CONTEXT('2D SPACE',''
  ) );
#799 = PCURVE('',#126,#800);
#800 = DEFINITIONAL_REPRESENTATION('',(#801),#805);
#801 = LINE('',#802,#803);
#802 = CARTESIAN_POINT('',(0.,27.5));
#803 = VECTOR('',#804,1.);
#804 = DIRECTION('',(1.,0.));
#805 = ( GEOMETRIC_REPRESENTATION_CONTEXT(2) 
PARAMETRIC_REPRESENTATION_CONTEXT() REPRESENTATION_CONTEXT('2D SPACE',''
  ) );
#806 = ORIENTED_EDGE('',*,*,#138,.F.);
#807 = ORIENTED_EDGE('',*,*,#585,.T.);
#808 = ORIENTED_EDGE('',*,*,#809,.F.);
#809 = EDGE_CURVE('',#810,#586,#812,.T.);
#810 = VERTEX_POINT('',#811);
#811 = CARTESIAN_POINT('',(-28.8,-33.65397914701,45.455991766184));
#812 = SURFACE_CURVE('',#813,(#817,#824),.PCURVE_S1.);
#813 = LINE('',#814,#815);
#814 = CARTESIAN_POINT('',(-28.8,-33.65397914701,45.455991766184));
#815 = VECTOR('',#816,1.);
#816 = DIRECTION('',(0.,-8.715574274766E-02,0.996194698092));
#817 = PCURVE('',#154,#818);
#818 = DEFINITIONAL_REPRESENTATION('',(#819),#823);
#819 = LINE('',#820,#821);
#820 = CARTESIAN_POINT('',(25.6,3.));
#821 = VECTOR('',#822,1.);
#822 = DIRECTION('',(1.,0.));
#823 = ( GEOMETRIC_REPRESENTATION_CONTEXT(2) 
PARAMETRIC_REPRESENTATION_CONTEXT() REPRESENTATION_CONTEXT('2D SPACE',''
  ) );
#824 = PCURVE('',#725,#825);
#825 = DEFINITIONAL_REPRESENTATION('',(#826),#830);
#826 = LINE('',#827,#828);
#827 = CARTESIAN_POINT('',(0.,-27.5));
#828 = VECTOR('',#829,1.);
#829 = DIRECTION('',(1.,0.));
#830 = ( GEOMETRIC_REPRESENTATION_CONTEXT(2) 
PARAMETRIC_REPRESENTATION_CONTEXT() REPRESENTATION_CONTEXT('2D SPACE',''
  ) );
#831 = ORIENTED_EDGE('',*,*,#832,.T.);
#832 = EDGE_CURVE('',#810,#833,#835,.T.);
#833 = VERTEX_POINT('',#834);
#834 = CARTESIAN_POINT('',(-24.8,-33.65397914701,45.455991766184));
#835 = SURFACE_CURVE('',#836,(#840,#847),.PCURVE_S1.);
#836 = LINE('',#837,#838);
#837 = CARTESIAN_POINT('',(-31.8,-33.65397914701,45.455991766184));
#838 = VECTOR('',#839,1.);
#839 = DIRECTION('',(1.,0.,0.));
#840 = PCURVE('',#154,#841);
#841 = DEFINITIONAL_REPRESENTATION('',(#842),#846);
#842 = LINE('',#843,#844);
#843 = CARTESIAN_POINT('',(25.6,0.));
#844 = VECTOR('',#845,1.);
#845 = DIRECTION('',(0.,1.));
#846 = ( GEOMETRIC_REPRESENTATION_CONTEXT(2) 
PARAMETRIC_REPRESENTATION_CONTEXT() REPRESENTATION_CONTEXT('2D SPACE',''
  ) );
#847 = PCURVE('',#848,#853);
#848 = PLANE('',#849);
#849 = AXIS2_PLACEMENT_3D('',#850,#851,#852);
#850 = CARTESIAN_POINT('',(-31.8,-61.04933334453,43.059208840623));
#851 = DIRECTION('',(0.,-8.715574274766E-02,0.996194698092));
#852 = DIRECTION('',(1.,0.,0.));
#853 = DEFINITIONAL_REPRESENTATION('',(#854),#858);
#854 = LINE('',#855,#856);
#855 = CARTESIAN_POINT('',(0.,27.5));
#856 = VECTOR('',#857,1.);
#857 = DIRECTION('',(1.,0.));
#858 = ( GEOMETRIC_REPRESENTATION_CONTEXT(2) 
PARAMETRIC_REPRESENTATION_CONTEXT() REPRESENTATION_CONTEXT('2D SPACE',''
  ) );
#859 = ORIENTED_EDGE('',*,*,#860,.T.);
#860 = EDGE_CURVE('',#833,#861,#863,.T.);
#861 = VERTEX_POINT('',#862);
#862 = CARTESIAN_POINT('',(-24.8,-35.27204250575,63.950540585777));
#863 = SURFACE_CURVE('',#864,(#868,#875),.PCURVE_S1.);
#864 = LINE('',#865,#866);
#865 = CARTESIAN_POINT('',(-24.8,-31.42279213267,19.953407495035));
#866 = VECTOR('',#867,1.);
#867 = DIRECTION('',(0.,-8.715574274766E-02,0.996194698092));
#868 = PCURVE('',#154,#869);
#869 = DEFINITIONAL_REPRESENTATION('',(#870),#874);
#870 = LINE('',#871,#872);
#871 = CARTESIAN_POINT('',(0.,7.));
#872 = VECTOR('',#873,1.);
#873 = DIRECTION('',(1.,0.));
#874 = ( GEOMETRIC_REPRESENTATION_CONTEXT(2) 
PARAMETRIC_REPRESENTATION_CONTEXT() REPRESENTATION_CONTEXT('2D SPACE',''
  ) );
#875 = PCURVE('',#876,#881);
#876 = CYLINDRICAL_SURFACE('',#877,7.);
#877 = AXIS2_PLACEMENT_3D('',#878,#879,#880);
#878 = CARTESIAN_POINT('',(-24.8,-38.39615501931,19.343317295802));
#879 = DIRECTION('',(0.,-8.715574274766E-02,0.996194698092));
#880 = DIRECTION('',(-1.,-0.,0.));
#881 = DEFINITIONAL_REPRESENTATION('',(#882),#886);
#882 = LINE('',#883,#884);
#883 = CARTESIAN_POINT('',(-1.570796326795,0.));
#884 = VECTOR('',#885,1.);
#885 = DIRECTION('',(-0.,1.));
#886 = ( GEOMETRIC_REPRESENTATION_CONTEXT(2) 
PARAMETRIC_REPRESENTATION_CONTEXT() REPRESENTATION_CONTEXT('2D SPACE',''
  ) );
#887 = ORIENTED_EDGE('',*,*,#888,.F.);
#888 = EDGE_CURVE('',#889,#861,#891,.T.);
#889 = VERTEX_POINT('',#890);
#890 = CARTESIAN_POINT('',(-10.5,-35.44775759801,65.958973280663));
#891 = SURFACE_CURVE('',#892,(#897,#904),.PCURVE_S1.);
#892 = ELLIPSE('',#893,9.000000005075,9.);
#893 = AXIS2_PLACEMENT_3D('',#894,#895,#896);
#894 = CARTESIAN_POINT('',(-18.4,-35.82353936434,70.25417852431));
#895 = DIRECTION('',(0.,0.996194698092,8.715574274766E-02));
#896 = DIRECTION('',(0.,8.715574274766E-02,-0.996194698092));
#897 = PCURVE('',#154,#898);
#898 = DEFINITIONAL_REPRESENTATION('',(#899),#903);
#899 = ELLIPSE('',#900,9.000000005075,9.);
#900 = AXIS2_PLACEMENT_2D('',#901,#902);
#901 = CARTESIAN_POINT('',(50.492911802912,13.4));
#902 = DIRECTION('',(-1.,0.));
#903 = ( GEOMETRIC_REPRESENTATION_CONTEXT(2) 
PARAMETRIC_REPRESENTATION_CONTEXT() REPRESENTATION_CONTEXT('2D SPACE',''
  ) );
#904 = PCURVE('',#905,#910);
#905 = CYLINDRICAL_SURFACE('',#906,9.);
#906 = AXIS2_PLACEMENT_3D('',#907,#908,#909);
#907 = CARTESIAN_POINT('',(-18.4,-38.28857531186,70.038432407714));
#908 = DIRECTION('',(-0.,-0.99619177062,-8.718919742862E-02));
#909 = DIRECTION('',(1.,0.,0.));
#910 = DEFINITIONAL_REPRESENTATION('',(#911),#924);
#911 = B_SPLINE_CURVE_WITH_KNOTS('',6,(#912,#913,#914,#915,#916,#917,
    #918,#919,#920,#921,#922,#923),.UNSPECIFIED.,.F.,.F.,(7,5,7),(
    4.712388980385,7.853981633974,10.995574287564),.UNSPECIFIED.);
#912 = CARTESIAN_POINT('',(0.,-2.47445925595));
#913 = CARTESIAN_POINT('',(-0.523598775598,-2.474301002044));
#914 = CARTESIAN_POINT('',(-1.047197551197,-2.474142884463));
#915 = CARTESIAN_POINT('',(-1.570796326795,-2.474061611399));
#916 = CARTESIAN_POINT('',(-2.094395102393,-2.474142884463));
#917 = CARTESIAN_POINT('',(-2.617993877991,-2.474301002044));
#918 = CARTESIAN_POINT('',(-3.665191429188,-2.474617509855));
#919 = CARTESIAN_POINT('',(-4.188790204786,-2.474775627436));
#920 = CARTESIAN_POINT('',(-4.712388980385,-2.4748569005));
#921 = CARTESIAN_POINT('',(-5.235987755983,-2.474775627436));
#922 = CARTESIAN_POINT('',(-5.759586531581,-2.474617509855));
#923 = CARTESIAN_POINT('',(-6.28318530718,-2.47445925595));
#924 = ( GEOMETRIC_REPRESENTATION_CONTEXT(2) 
PARAMETRIC_REPRESENTATION_CONTEXT() REPRESENTATION_CONTEXT('2D SPACE',''
  ) );
#925 = ORIENTED_EDGE('',*,*,#926,.T.);
#926 = EDGE_CURVE('',#889,#927,#929,.T.);
#927 = VERTEX_POINT('',#928);
#928 = CARTESIAN_POINT('',(-10.5,-34.90902184258,59.801195418705));
#929 = SURFACE_CURVE('',#930,(#934,#940),.PCURVE_S1.);
#930 = LINE('',#931,#932);
#931 = CARTESIAN_POINT('',(-10.5,-33.16590698762,39.87730145687));
#932 = VECTOR('',#933,1.);
#933 = DIRECTION('',(0.,8.715574274766E-02,-0.996194698092));
#934 = PCURVE('',#154,#935);
#935 = DEFINITIONAL_REPRESENTATION('',(#936),#939);
#936 = B_SPLINE_CURVE_WITH_KNOTS('',1,(#937,#938),.UNSPECIFIED.,.F.,.F.,
  (2,2),(-36.,-20.),.PIECEWISE_BEZIER_KNOTS.);
#937 = CARTESIAN_POINT('',(56.,21.3));
#938 = CARTESIAN_POINT('',(40.,21.3));
#939 = ( GEOMETRIC_REPRESENTATION_CONTEXT(2) 
PARAMETRIC_REPRESENTATION_CONTEXT() REPRESENTATION_CONTEXT('2D SPACE',''
  ) );
#940 = PCURVE('',#941,#946);
#941 = PLANE('',#942);
#942 = AXIS2_PLACEMENT_3D('',#943,#944,#945);
#943 = CARTESIAN_POINT('',(-10.5,-63.30057073819,57.317256750397));
#944 = DIRECTION('',(1.,0.,0.));
#945 = DIRECTION('',(0.,-8.715574274766E-02,0.996194698092));
#946 = DEFINITIONAL_REPRESENTATION('',(#947),#950);
#947 = B_SPLINE_CURVE_WITH_KNOTS('',1,(#948,#949),.UNSPECIFIED.,.F.,.F.,
  (2,2),(-36.,-20.),.PIECEWISE_BEZIER_KNOTS.);
#948 = CARTESIAN_POINT('',(16.,-28.5));
#949 = CARTESIAN_POINT('',(0.,-28.5));
#950 = ( GEOMETRIC_REPRESENTATION_CONTEXT(2) 
PARAMETRIC_REPRESENTATION_CONTEXT() REPRESENTATION_CONTEXT('2D SPACE',''
  ) );
#951 = ORIENTED_EDGE('',*,*,#952,.T.);
#952 = EDGE_CURVE('',#927,#953,#955,.T.);
#953 = VERTEX_POINT('',#954);
#954 = CARTESIAN_POINT('',(-6.044159045718,-34.90902184258,
    59.801195418705));
#955 = SURFACE_CURVE('',#956,(#960,#966),.PCURVE_S1.);
#956 = LINE('',#957,#958);
#957 = CARTESIAN_POINT('',(-21.15,-34.90902184258,59.801195418705));
#958 = VECTOR('',#959,1.);
#959 = DIRECTION('',(1.,0.,-0.));
#960 = PCURVE('',#154,#961);
#961 = DEFINITIONAL_REPRESENTATION('',(#962),#965);
#962 = B_SPLINE_CURVE_WITH_KNOTS('',1,(#963,#964),.UNSPECIFIED.,.F.,.F.,
  (2,2),(10.65,27.15),.PIECEWISE_BEZIER_KNOTS.);
#963 = CARTESIAN_POINT('',(40.,21.3));
#964 = CARTESIAN_POINT('',(40.,37.8));
#965 = ( GEOMETRIC_REPRESENTATION_CONTEXT(2) 
PARAMETRIC_REPRESENTATION_CONTEXT() REPRESENTATION_CONTEXT('2D SPACE',''
  ) );
#966 = PCURVE('',#967,#972);
#967 = PLANE('',#968);
#968 = AXIS2_PLACEMENT_3D('',#969,#970,#971);
#969 = CARTESIAN_POINT('',(-10.5,-63.30057073819,57.317256750397));
#970 = DIRECTION('',(0.,-8.715574274766E-02,0.996194698092));
#971 = DIRECTION('',(1.,0.,0.));
#972 = DEFINITIONAL_REPRESENTATION('',(#973),#976);
#973 = B_SPLINE_CURVE_WITH_KNOTS('',1,(#974,#975),.UNSPECIFIED.,.F.,.F.,
  (2,2),(10.65,27.15),.PIECEWISE_BEZIER_KNOTS.);
#974 = CARTESIAN_POINT('',(0.,28.5));
#975 = CARTESIAN_POINT('',(16.5,28.5));
#976 = ( GEOMETRIC_REPRESENTATION_CONTEXT(2) 
PARAMETRIC_REPRESENTATION_CONTEXT() REPRESENTATION_CONTEXT('2D SPACE',''
  ) );
#977 = ORIENTED_EDGE('',*,*,#978,.T.);
#978 = EDGE_CURVE('',#953,#743,#979,.T.);
#979 = SURFACE_CURVE('',#980,(#984,#990),.PCURVE_S1.);
#980 = LINE('',#981,#982);
#981 = CARTESIAN_POINT('',(-16.71963025572,-31.43661494867,
    20.111403004905));
#982 = VECTOR('',#983,1.);
#983 = DIRECTION('',(-0.258819044966,8.418598283255E-02,-0.962250186935)
  );
#984 = PCURVE('',#154,#985);
#985 = DEFINITIONAL_REPRESENTATION('',(#986),#989);
#986 = B_SPLINE_CURVE_WITH_KNOTS('',1,(#987,#988),.UNSPECIFIED.,.F.,.F.,
  (2,2),(-41.35623528415,-7.082739467662),.PIECEWISE_BEZIER_KNOTS.);
#987 = CARTESIAN_POINT('',(40.105654767609,25.784151063924));
#988 = CARTESIAN_POINT('',(7.,16.913517609042));
#989 = ( GEOMETRIC_REPRESENTATION_CONTEXT(2) 
PARAMETRIC_REPRESENTATION_CONTEXT() REPRESENTATION_CONTEXT('2D SPACE',''
  ) );
#990 = PCURVE('',#991,#996);
#991 = PLANE('',#992);
#992 = AXIS2_PLACEMENT_3D('',#993,#994,#995);
#993 = CARTESIAN_POINT('',(-15.6697993184,-30.34923878064,
    24.139573053273));
#994 = DIRECTION('',(0.965925826289,2.256622482173E-02,-0.257833402811)
  );
#995 = DIRECTION('',(0.258819045103,-8.421829756972E-02,0.962247359179)
  );
#996 = DEFINITIONAL_REPRESENTATION('',(#997),#1000);
#997 = B_SPLINE_CURVE_WITH_KNOTS('',1,(#998,#999),.UNSPECIFIED.,.F.,.F.,
  (2,2),(-41.35623528415,-7.082739467662),.PIECEWISE_BEZIER_KNOTS.);
#998 = CARTESIAN_POINT('',(37.3,1.433106580913));
#999 = CARTESIAN_POINT('',(3.026504201542,1.434218352284));
#1000 = ( GEOMETRIC_REPRESENTATION_CONTEXT(2) 
PARAMETRIC_REPRESENTATION_CONTEXT() REPRESENTATION_CONTEXT('2D SPACE',''
  ) );
#1001 = ADVANCED_FACE('',(#1002),#126,.F.);
#1002 = FACE_BOUND('',#1003,.F.);
#1003 = EDGE_LOOP('',(#1004,#1005,#1027));
#1004 = ORIENTED_EDGE('',*,*,#110,.F.);
#1005 = ORIENTED_EDGE('',*,*,#1006,.F.);
#1006 = EDGE_CURVE('',#764,#83,#1007,.T.);
#1007 = SURFACE_CURVE('',#1008,(#1013,#1020),.PCURVE_S1.);
#1008 = CIRCLE('',#1009,7.);
#1009 = AXIS2_PLACEMENT_3D('',#1010,#1011,#1012);
#1010 = CARTESIAN_POINT('',(-24.8,-40.40073710251,42.255795351912));
#1011 = DIRECTION('',(0.,-8.715574274766E-02,0.996194698092));
#1012 = DIRECTION('',(-1.,0.,0.));
#1013 = PCURVE('',#126,#1014);
#1014 = DEFINITIONAL_REPRESENTATION('',(#1015),#1019);
#1015 = CIRCLE('',#1016,7.);
#1016 = AXIS2_PLACEMENT_2D('',#1017,#1018);
#1017 = CARTESIAN_POINT('',(7.,20.5));
#1018 = DIRECTION('',(-1.,0.));
#1019 = ( GEOMETRIC_REPRESENTATION_CONTEXT(2) 
PARAMETRIC_REPRESENTATION_CONTEXT() REPRESENTATION_CONTEXT('2D SPACE',''
  ) );
#1020 = PCURVE('',#98,#1021);
#1021 = DEFINITIONAL_REPRESENTATION('',(#1022),#1026);
#1022 = LINE('',#1023,#1024);
#1023 = CARTESIAN_POINT('',(-6.28318530718,23.));
#1024 = VECTOR('',#1025,1.);
#1025 = DIRECTION('',(1.,-0.));
#1026 = ( GEOMETRIC_REPRESENTATION_CONTEXT(2) 
PARAMETRIC_REPRESENTATION_CONTEXT() REPRESENTATION_CONTEXT('2D SPACE',''
  ) );
#1027 = ORIENTED_EDGE('',*,*,#786,.F.);
#1028 = ADVANCED_FACE('',(#1029),#98,.T.);
#1029 = FACE_BOUND('',#1030,.F.);
#1030 = EDGE_LOOP('',(#1031,#1032,#1054,#1055));
#1031 = ORIENTED_EDGE('',*,*,#82,.F.);
#1032 = ORIENTED_EDGE('',*,*,#1033,.F.);
#1033 = EDGE_CURVE('',#741,#57,#1034,.T.);
#1034 = SURFACE_CURVE('',#1035,(#1040,#1047),.PCURVE_S1.);
#1035 = CIRCLE('',#1036,7.);
#1036 = AXIS2_PLACEMENT_3D('',#1037,#1038,#1039);
#1037 = CARTESIAN_POINT('',(-24.8,-39.44202393228,31.297653672903));
#1038 = DIRECTION('',(0.,-8.715574274766E-02,0.996194698092));
#1039 = DIRECTION('',(-1.,0.,0.));
#1040 = PCURVE('',#98,#1041);
#1041 = DEFINITIONAL_REPRESENTATION('',(#1042),#1046);
#1042 = LINE('',#1043,#1044);
#1043 = CARTESIAN_POINT('',(-6.28318530718,12.));
#1044 = VECTOR('',#1045,1.);
#1045 = DIRECTION('',(1.,-0.));
#1046 = ( GEOMETRIC_REPRESENTATION_CONTEXT(2) 
PARAMETRIC_REPRESENTATION_CONTEXT() REPRESENTATION_CONTEXT('2D SPACE',''
  ) );
#1047 = PCURVE('',#71,#1048);
#1048 = DEFINITIONAL_REPRESENTATION('',(#1049),#1053);
#1049 = CIRCLE('',#1050,7.);
#1050 = AXIS2_PLACEMENT_2D('',#1051,#1052);
#1051 = CARTESIAN_POINT('',(12.7,21.5));
#1052 = DIRECTION('',(-1.,0.));
#1053 = ( GEOMETRIC_REPRESENTATION_CONTEXT(2) 
PARAMETRIC_REPRESENTATION_CONTEXT() REPRESENTATION_CONTEXT('2D SPACE',''
  ) );
#1054 = ORIENTED_EDGE('',*,*,#763,.T.);
#1055 = ORIENTED_EDGE('',*,*,#1006,.T.);
#1056 = ADVANCED_FACE('',(#1057),#71,.F.);
#1057 = FACE_BOUND('',#1058,.F.);
#1058 = EDGE_LOOP('',(#1059,#1060,#1061,#1062,#1063,#1084,#1105,#1126,
    #1147,#1173,#1199));
#1059 = ORIENTED_EDGE('',*,*,#740,.F.);
#1060 = ORIENTED_EDGE('',*,*,#1033,.T.);
#1061 = ORIENTED_EDGE('',*,*,#56,.T.);
#1062 = ORIENTED_EDGE('',*,*,#252,.T.);
#1063 = ORIENTED_EDGE('',*,*,#1064,.F.);
#1064 = EDGE_CURVE('',#1065,#253,#1067,.T.);
#1065 = VERTEX_POINT('',#1066);
#1066 = CARTESIAN_POINT('',(-29.6,-34.66028938144,31.716001238091));
#1067 = SURFACE_CURVE('',#1068,(#1072,#1078),.PCURVE_S1.);
#1068 = LINE('',#1069,#1070);
#1069 = CARTESIAN_POINT('',(-29.6,-60.86020994126,29.423805203828));
#1070 = VECTOR('',#1071,1.);
#1071 = DIRECTION('',(0.,-0.996194698092,-8.715574274766E-02));
#1072 = PCURVE('',#71,#1073);
#1073 = DEFINITIONAL_REPRESENTATION('',(#1074),#1077);
#1074 = B_SPLINE_CURVE_WITH_KNOTS('',1,(#1075,#1076),.UNSPECIFIED.,.F.,
  .F.,(2,2),(-26.3,-2.904904318857),.PIECEWISE_BEZIER_KNOTS.);
#1075 = CARTESIAN_POINT('',(7.9,26.3));
#1076 = CARTESIAN_POINT('',(7.9,2.904904318857));
#1077 = ( GEOMETRIC_REPRESENTATION_CONTEXT(2) 
PARAMETRIC_REPRESENTATION_CONTEXT() REPRESENTATION_CONTEXT('2D SPACE',''
  ) );
#1078 = PCURVE('',#291,#1079);
#1079 = DEFINITIONAL_REPRESENTATION('',(#1080),#1083);
#1080 = B_SPLINE_CURVE_WITH_KNOTS('',1,(#1081,#1082),.UNSPECIFIED.,.F.,
  .F.,(2,2),(-26.3,-2.904904318857),.PIECEWISE_BEZIER_KNOTS.);
#1081 = CARTESIAN_POINT('',(10.,-26.3));
#1082 = CARTESIAN_POINT('',(10.,-2.904904318857));
#1083 = ( GEOMETRIC_REPRESENTATION_CONTEXT(2) 
PARAMETRIC_REPRESENTATION_CONTEXT() REPRESENTATION_CONTEXT('2D SPACE',''
  ) );
#1084 = ORIENTED_EDGE('',*,*,#1085,.T.);
#1085 = EDGE_CURVE('',#1065,#1086,#1088,.T.);
#1086 = VERTEX_POINT('',#1087);
#1087 = CARTESIAN_POINT('',(-13.54671663305,-34.66028938144,
    31.716001238091));
#1088 = SURFACE_CURVE('',#1089,(#1093,#1099),.PCURVE_S1.);
#1089 = LINE('',#1090,#1091);
#1090 = CARTESIAN_POINT('',(-33.55,-34.66028938144,31.716001238091));
#1091 = VECTOR('',#1092,1.);
#1092 = DIRECTION('',(1.,0.,-0.));
#1093 = PCURVE('',#71,#1094);
#1094 = DEFINITIONAL_REPRESENTATION('',(#1095),#1098);
#1095 = B_SPLINE_CURVE_WITH_KNOTS('',1,(#1096,#1097),.UNSPECIFIED.,.F.,
  .F.,(2,2),(3.95,24.883571459015),.PIECEWISE_BEZIER_KNOTS.);
#1096 = CARTESIAN_POINT('',(7.9,26.3));
#1097 = CARTESIAN_POINT('',(28.833571459015,26.3));
#1098 = ( GEOMETRIC_REPRESENTATION_CONTEXT(2) 
PARAMETRIC_REPRESENTATION_CONTEXT() REPRESENTATION_CONTEXT('2D SPACE',''
  ) );
#1099 = PCURVE('',#446,#1100);
#1100 = DEFINITIONAL_REPRESENTATION('',(#1101),#1104);
#1101 = B_SPLINE_CURVE_WITH_KNOTS('',1,(#1102,#1103),.UNSPECIFIED.,.F.,
  .F.,(2,2),(3.95,24.883571459015),.PIECEWISE_BEZIER_KNOTS.);
#1102 = CARTESIAN_POINT('',(10.,-2.6645352591E-14));
#1103 = CARTESIAN_POINT('',(10.,20.933571459015));
#1104 = ( GEOMETRIC_REPRESENTATION_CONTEXT(2) 
PARAMETRIC_REPRESENTATION_CONTEXT() REPRESENTATION_CONTEXT('2D SPACE',''
  ) );
#1105 = ORIENTED_EDGE('',*,*,#1106,.T.);
#1106 = EDGE_CURVE('',#1086,#1107,#1109,.T.);
#1107 = VERTEX_POINT('',#1108);
#1108 = CARTESIAN_POINT('',(-13.54653517158,-54.74950142799,
    29.95842292485));
#1109 = SURFACE_CURVE('',#1110,(#1114,#1120),.PCURVE_S1.);
#1110 = LINE('',#1111,#1112);
#1111 = CARTESIAN_POINT('',(-13.54661465656,-45.94988935683,
    30.728289224503));
#1112 = VECTOR('',#1113,1.);
#1113 = DIRECTION('',(8.998409580703E-06,-0.996194698051,
    -8.715574274413E-02));
#1114 = PCURVE('',#71,#1115);
#1115 = DEFINITIONAL_REPRESENTATION('',(#1116),#1119);
#1116 = B_SPLINE_CURVE_WITH_KNOTS('',1,(#1117,#1118),.UNSPECIFIED.,.F.,
  .F.,(2,2),(-11.33309382142,8.833225160073),.PIECEWISE_BEZIER_KNOTS.);
#1117 = CARTESIAN_POINT('',(23.953283363619,26.30036940774));
#1118 = CARTESIAN_POINT('',(23.953464828417,6.134050427064));
#1119 = ( GEOMETRIC_REPRESENTATION_CONTEXT(2) 
PARAMETRIC_REPRESENTATION_CONTEXT() REPRESENTATION_CONTEXT('2D SPACE',''
  ) );
#1120 = PCURVE('',#420,#1121);
#1121 = DEFINITIONAL_REPRESENTATION('',(#1122),#1125);
#1122 = B_SPLINE_CURVE_WITH_KNOTS('',1,(#1123,#1124),.UNSPECIFIED.,.F.,
  .F.,(2,2),(-11.33309382142,8.833225160073),.PIECEWISE_BEZIER_KNOTS.);
#1123 = CARTESIAN_POINT('',(8.202961575636,3.633681030696));
#1124 = CARTESIAN_POINT('',(8.203662701776,23.8));
#1125 = ( GEOMETRIC_REPRESENTATION_CONTEXT(2) 
PARAMETRIC_REPRESENTATION_CONTEXT() REPRESENTATION_CONTEXT('2D SPACE',''
  ) );
#1126 = ORIENTED_EDGE('',*,*,#1127,.F.);
#1127 = EDGE_CURVE('',#1128,#1107,#1130,.T.);
#1128 = VERTEX_POINT('',#1129);
#1129 = CARTESIAN_POINT('',(-11.06187233859,-54.74950142799,
    29.95842292485));
#1130 = SURFACE_CURVE('',#1131,(#1135,#1141),.PCURVE_S1.);
#1131 = LINE('',#1132,#1133);
#1132 = CARTESIAN_POINT('',(-15.00833997655,-54.74950142799,
    29.95842292485));
#1133 = VECTOR('',#1134,1.);
#1134 = DIRECTION('',(-1.,-1.399252253627E-19,-1.224187096055E-20));
#1135 = PCURVE('',#71,#1136);
#1136 = DEFINITIONAL_REPRESENTATION('',(#1137),#1140);
#1137 = B_SPLINE_CURVE_WITH_KNOTS('',1,(#1138,#1139),.UNSPECIFIED.,.F.,
  .F.,(2,2),(-18.62454439472,-1.461804804971),.PIECEWISE_BEZIER_KNOTS.);
#1138 = CARTESIAN_POINT('',(41.116204418173,6.134050427064));
#1139 = CARTESIAN_POINT('',(23.953464828417,6.134050427064));
#1140 = ( GEOMETRIC_REPRESENTATION_CONTEXT(2) 
PARAMETRIC_REPRESENTATION_CONTEXT() REPRESENTATION_CONTEXT('2D SPACE',''
  ) );
#1141 = PCURVE('',#394,#1142);
#1142 = DEFINITIONAL_REPRESENTATION('',(#1143),#1146);
#1143 = B_SPLINE_CURVE_WITH_KNOTS('',1,(#1144,#1145),.UNSPECIFIED.,.F.,
  .F.,(2,2),(-18.62454439472,-1.461804804971),.PIECEWISE_BEZIER_KNOTS.);
#1144 = CARTESIAN_POINT('',(10.14570657374,6.722066580381));
#1145 = CARTESIAN_POINT('',(5.703662701776,23.3));
#1146 = ( GEOMETRIC_REPRESENTATION_CONTEXT(2) 
PARAMETRIC_REPRESENTATION_CONTEXT() REPRESENTATION_CONTEXT('2D SPACE',''
  ) );
#1147 = ORIENTED_EDGE('',*,*,#1148,.T.);
#1148 = EDGE_CURVE('',#1128,#1149,#1151,.T.);
#1149 = VERTEX_POINT('',#1150);
#1150 = CARTESIAN_POINT('',(-11.06208650074,-31.04006760003,
    32.032729603414));
#1151 = SURFACE_CURVE('',#1152,(#1156,#1162),.PCURVE_S1.);
#1152 = LINE('',#1153,#1154);
#1153 = CARTESIAN_POINT('',(-11.06195227332,-45.90009891088,
    30.732645324075));
#1154 = VECTOR('',#1155,1.);
#1155 = DIRECTION('',(-8.998409580706E-06,0.996194698051,
    8.715574274413E-02));
#1156 = PCURVE('',#71,#1157);
#1157 = DEFINITIONAL_REPRESENTATION('',(#1158),#1161);
#1158 = B_SPLINE_CURVE_WITH_KNOTS('',1,(#1159,#1160),.UNSPECIFIED.,.F.,
  .F.,(2,2),(-8.983205797495,14.91679421695),.PIECEWISE_BEZIER_KNOTS.);
#1159 = CARTESIAN_POINT('',(26.438128561242,6.034050427007));
#1160 = CARTESIAN_POINT('',(26.437913499253,29.934050440484));
#1161 = ( GEOMETRIC_REPRESENTATION_CONTEXT(2) 
PARAMETRIC_REPRESENTATION_CONTEXT() REPRESENTATION_CONTEXT('2D SPACE',''
  ) );
#1162 = PCURVE('',#1163,#1168);
#1163 = PLANE('',#1164);
#1164 = AXIS2_PLACEMENT_3D('',#1165,#1166,#1167);
#1165 = CARTESIAN_POINT('',(-12.73041162706,-30.39758457818,
    25.838885468299));
#1166 = DIRECTION('',(0.965925826289,2.256622482173E-02,-0.257833402811)
  );
#1167 = DIRECTION('',(0.258819045103,-8.421829756972E-02,0.962247359179)
  );
#1168 = DEFINITIONAL_REPRESENTATION('',(#1169),#1172);
#1169 = B_SPLINE_CURVE_WITH_KNOTS('',1,(#1170,#1171),.UNSPECIFIED.,.F.,
  .F.,(2,2),(-8.983205797495,14.91679421695),.PIECEWISE_BEZIER_KNOTS.);
#1170 = CARTESIAN_POINT('',(6.446744240329,24.));
#1171 = CARTESIAN_POINT('',(6.445913304611,1.E-01));
#1172 = ( GEOMETRIC_REPRESENTATION_CONTEXT(2) 
PARAMETRIC_REPRESENTATION_CONTEXT() REPRESENTATION_CONTEXT('2D SPACE',''
  ) );
#1173 = ORIENTED_EDGE('',*,*,#1174,.T.);
#1174 = EDGE_CURVE('',#1149,#1175,#1177,.T.);
#1175 = VERTEX_POINT('',#1176);
#1176 = CARTESIAN_POINT('',(-13.54674933373,-31.04006760003,
    32.032729603414));
#1177 = SURFACE_CURVE('',#1178,(#1182,#1188),.PCURVE_S1.);
#1178 = LINE('',#1179,#1180);
#1179 = CARTESIAN_POINT('',(-15.00833997655,-31.04006760003,
    32.032729603414));
#1180 = VECTOR('',#1181,1.);
#1181 = DIRECTION('',(-1.,-1.399252253627E-19,-1.224187096055E-20));
#1182 = PCURVE('',#71,#1183);
#1183 = DEFINITIONAL_REPRESENTATION('',(#1184),#1187);
#1184 = B_SPLINE_CURVE_WITH_KNOTS('',1,(#1185,#1186),.UNSPECIFIED.,.F.,
  .F.,(2,2),(-28.1717160974,-1.461590642823),.PIECEWISE_BEZIER_KNOTS.);
#1185 = CARTESIAN_POINT('',(50.663376120849,29.934050440484));
#1186 = CARTESIAN_POINT('',(23.953250666268,29.934050440484));
#1187 = ( GEOMETRIC_REPRESENTATION_CONTEXT(2) 
PARAMETRIC_REPRESENTATION_CONTEXT() REPRESENTATION_CONTEXT('2D SPACE',''
  ) );
#1188 = PCURVE('',#1189,#1194);
#1189 = PLANE('',#1190);
#1190 = AXIS2_PLACEMENT_3D('',#1191,#1192,#1193);
#1191 = CARTESIAN_POINT('',(7.483320046891,-30.03399148622,
    20.537673165725));
#1192 = DIRECTION('',(1.404597169126E-19,-0.99619177062,
    -8.718919742862E-02));
#1193 = DIRECTION('',(0.258819045103,-8.421829756972E-02,0.962247359179)
  );
#1194 = DEFINITIONAL_REPRESENTATION('',(#1195),#1198);
#1195 = B_SPLINE_CURVE_WITH_KNOTS('',1,(#1196,#1197),.UNSPECIFIED.,.F.,
  .F.,(2,2),(-28.1717160974,-1.461590642823),.PIECEWISE_BEZIER_KNOTS.);
#1196 = CARTESIAN_POINT('',(12.615924407499,-2.5));
#1197 = CARTESIAN_POINT('',(5.702835242776,23.3));
#1198 = ( GEOMETRIC_REPRESENTATION_CONTEXT(2) 
PARAMETRIC_REPRESENTATION_CONTEXT() REPRESENTATION_CONTEXT('2D SPACE',''
  ) );
#1199 = ORIENTED_EDGE('',*,*,#1200,.T.);
#1200 = EDGE_CURVE('',#1175,#743,#1201,.T.);
#1201 = SURFACE_CURVE('',#1202,(#1206,#1212),.PCURVE_S1.);
#1202 = LINE('',#1203,#1204);
#1203 = CARTESIAN_POINT('',(-13.54661465656,-45.94988935683,
    30.728289224503));
#1204 = VECTOR('',#1205,1.);
#1205 = DIRECTION('',(8.998409580703E-06,-0.996194698051,
    -8.715574274413E-02));
#1206 = PCURVE('',#71,#1207);
#1207 = DEFINITIONAL_REPRESENTATION('',(#1208),#1211);
#1208 = B_SPLINE_CURVE_WITH_KNOTS('',1,(#1209,#1210),.UNSPECIFIED.,.F.,
  .F.,(2,2),(-14.96677485431,-12.89278316968),.PIECEWISE_BEZIER_KNOTS.);
#1209 = CARTESIAN_POINT('',(23.953250666268,29.934050440484));
#1210 = CARTESIAN_POINT('',(23.953269328895,27.860058755937));
#1211 = ( GEOMETRIC_REPRESENTATION_CONTEXT(2) 
PARAMETRIC_REPRESENTATION_CONTEXT() REPRESENTATION_CONTEXT('2D SPACE',''
  ) );
#1212 = PCURVE('',#991,#1213);
#1213 = DEFINITIONAL_REPRESENTATION('',(#1214),#1217);
#1214 = B_SPLINE_CURVE_WITH_KNOTS('',1,(#1215,#1216),.UNSPECIFIED.,.F.,
  .F.,(2,2),(-14.96677485431,-12.89278316968),.PIECEWISE_BEZIER_KNOTS.);
#1215 = CARTESIAN_POINT('',(8.202835242776,-4.055248393094E-16));
#1216 = CARTESIAN_POINT('',(8.202907349629,2.073991683377));
#1217 = ( GEOMETRIC_REPRESENTATION_CONTEXT(2) 
PARAMETRIC_REPRESENTATION_CONTEXT() REPRESENTATION_CONTEXT('2D SPACE',''
  ) );
#1218 = ADVANCED_FACE('',(#1219),#291,.T.);
#1219 = FACE_BOUND('',#1220,.T.);
#1220 = EDGE_LOOP('',(#1221,#1222,#1223,#1244));
#1221 = ORIENTED_EDGE('',*,*,#276,.F.);
#1222 = ORIENTED_EDGE('',*,*,#1064,.F.);
#1223 = ORIENTED_EDGE('',*,*,#1224,.T.);
#1224 = EDGE_CURVE('',#1065,#432,#1225,.T.);
#1225 = SURFACE_CURVE('',#1226,(#1230,#1237),.PCURVE_S1.);
#1226 = LINE('',#1227,#1228);
#1227 = CARTESIAN_POINT('',(-29.6,-33.78873195397,21.754054257174));
#1228 = VECTOR('',#1229,1.);
#1229 = DIRECTION('',(0.,-8.715574274766E-02,0.996194698092));
#1230 = PCURVE('',#291,#1231);
#1231 = DEFINITIONAL_REPRESENTATION('',(#1232),#1236);
#1232 = LINE('',#1233,#1234);
#1233 = CARTESIAN_POINT('',(0.,-26.3));
#1234 = VECTOR('',#1235,1.);
#1235 = DIRECTION('',(1.,0.));
#1236 = ( GEOMETRIC_REPRESENTATION_CONTEXT(2) 
PARAMETRIC_REPRESENTATION_CONTEXT() REPRESENTATION_CONTEXT('2D SPACE',''
  ) );
#1237 = PCURVE('',#446,#1238);
#1238 = DEFINITIONAL_REPRESENTATION('',(#1239),#1243);
#1239 = LINE('',#1240,#1241);
#1240 = CARTESIAN_POINT('',(0.,0.));
#1241 = VECTOR('',#1242,1.);
#1242 = DIRECTION('',(1.,0.));
#1243 = ( GEOMETRIC_REPRESENTATION_CONTEXT(2) 
PARAMETRIC_REPRESENTATION_CONTEXT() REPRESENTATION_CONTEXT('2D SPACE',''
  ) );
#1244 = ORIENTED_EDGE('',*,*,#457,.T.);
#1245 = ADVANCED_FACE('',(#1246),#446,.F.);
#1246 = FACE_BOUND('',#1247,.F.);
#1247 = EDGE_LOOP('',(#1248,#1249,#1250,#1251));
#1248 = ORIENTED_EDGE('',*,*,#1085,.F.);
#1249 = ORIENTED_EDGE('',*,*,#1224,.T.);
#1250 = ORIENTED_EDGE('',*,*,#431,.T.);
#1251 = ORIENTED_EDGE('',*,*,#1252,.T.);
#1252 = EDGE_CURVE('',#406,#1086,#1253,.T.);
#1253 = SURFACE_CURVE('',#1254,(#1258,#1264),.PCURVE_S1.);
#1254 = LINE('',#1255,#1256);
#1255 = CARTESIAN_POINT('',(-16.39592575761,-33.7335280974,
    21.123071289357));
#1256 = VECTOR('',#1257,1.);
#1257 = DIRECTION('',(-0.258819044966,8.418598283255E-02,-0.962250186935
    ));
#1258 = PCURVE('',#446,#1259);
#1259 = DEFINITIONAL_REPRESENTATION('',(#1260),#1263);
#1260 = B_SPLINE_CURVE_WITH_KNOTS('',1,(#1261,#1262),.UNSPECIFIED.,.F.,
  .F.,(2,2),(-40.10553714426,-2.805537124644),.PIECEWISE_BEZIER_KNOTS.);
#1261 = CARTESIAN_POINT('',(38.105580886061,23.584151063924));
#1262 = CARTESIAN_POINT('',(2.076547545162,13.9302006816));
#1263 = ( GEOMETRIC_REPRESENTATION_CONTEXT(2) 
PARAMETRIC_REPRESENTATION_CONTEXT() REPRESENTATION_CONTEXT('2D SPACE',''
  ) );
#1264 = PCURVE('',#420,#1265);
#1265 = DEFINITIONAL_REPRESENTATION('',(#1266),#1269);
#1266 = B_SPLINE_CURVE_WITH_KNOTS('',1,(#1267,#1268),.UNSPECIFIED.,.F.,
  .F.,(2,2),(-40.10553714426,-2.805537124644),.PIECEWISE_BEZIER_KNOTS.);
#1267 = CARTESIAN_POINT('',(37.3,3.633106582154));
#1268 = CARTESIAN_POINT('',(4.820041366547E-16,3.634316527949));
#1269 = ( GEOMETRIC_REPRESENTATION_CONTEXT(2) 
PARAMETRIC_REPRESENTATION_CONTEXT() REPRESENTATION_CONTEXT('2D SPACE',''
  ) );
#1270 = ADVANCED_FACE('',(#1271),#420,.F.);
#1271 = FACE_BOUND('',#1272,.F.);
#1272 = EDGE_LOOP('',(#1273,#1274,#1275,#1276));
#1273 = ORIENTED_EDGE('',*,*,#1106,.F.);
#1274 = ORIENTED_EDGE('',*,*,#1252,.F.);
#1275 = ORIENTED_EDGE('',*,*,#405,.F.);
#1276 = ORIENTED_EDGE('',*,*,#1277,.T.);
#1277 = EDGE_CURVE('',#380,#1107,#1278,.T.);
#1278 = SURFACE_CURVE('',#1279,(#1283,#1290),.PCURVE_S1.);
#1279 = LINE('',#1280,#1281);
#1280 = CARTESIAN_POINT('',(-6.015848936076,-57.19994542076,
    57.956296651843));
#1281 = VECTOR('',#1282,1.);
#1282 = DIRECTION('',(-0.258819045103,8.421829756972E-02,-0.962247359179
    ));
#1283 = PCURVE('',#420,#1284);
#1284 = DEFINITIONAL_REPRESENTATION('',(#1285),#1289);
#1285 = LINE('',#1286,#1287);
#1286 = CARTESIAN_POINT('',(37.3,23.8));
#1287 = VECTOR('',#1288,1.);
#1288 = DIRECTION('',(-1.,0.));
#1289 = ( GEOMETRIC_REPRESENTATION_CONTEXT(2) 
PARAMETRIC_REPRESENTATION_CONTEXT() REPRESENTATION_CONTEXT('2D SPACE',''
  ) );
#1290 = PCURVE('',#394,#1291);
#1291 = DEFINITIONAL_REPRESENTATION('',(#1292),#1296);
#1292 = LINE('',#1293,#1294);
#1293 = CARTESIAN_POINT('',(34.8,23.3));
#1294 = VECTOR('',#1295,1.);
#1295 = DIRECTION('',(-1.,0.));
#1296 = ( GEOMETRIC_REPRESENTATION_CONTEXT(2) 
PARAMETRIC_REPRESENTATION_CONTEXT() REPRESENTATION_CONTEXT('2D SPACE',''
  ) );
#1297 = ADVANCED_FACE('',(#1298),#394,.T.);
#1298 = FACE_BOUND('',#1299,.T.);
#1299 = EDGE_LOOP('',(#1300,#1301,#1302,#1303,#1324,#1352,#1373,#1401,
    #1427,#1453,#1476));
#1300 = ORIENTED_EDGE('',*,*,#379,.F.);
#1301 = ORIENTED_EDGE('',*,*,#1277,.T.);
#1302 = ORIENTED_EDGE('',*,*,#1127,.F.);
#1303 = ORIENTED_EDGE('',*,*,#1304,.T.);
#1304 = EDGE_CURVE('',#1128,#1305,#1307,.T.);
#1305 = VERTEX_POINT('',#1306);
#1306 = CARTESIAN_POINT('',(-3.697626952982,-57.14578648119,
    57.337496485097));
#1307 = SURFACE_CURVE('',#1308,(#1312,#1318),.PCURVE_S1.);
#1308 = LINE('',#1309,#1310);
#1309 = CARTESIAN_POINT('',(-12.7174706748,-54.21077881088,
    23.803176017714));
#1310 = VECTOR('',#1311,1.);
#1311 = DIRECTION('',(0.258819045103,-8.421829756972E-02,0.962247359179)
  );
#1312 = PCURVE('',#394,#1313);
#1313 = DEFINITIONAL_REPRESENTATION('',(#1314),#1317);
#1314 = B_SPLINE_CURVE_WITH_KNOTS('',1,(#1315,#1316),.UNSPECIFIED.,.F.,
  .F.,(2,2),(5.753662701776,34.85),.PIECEWISE_BEZIER_KNOTS.);
#1315 = CARTESIAN_POINT('',(5.703662701776,20.9));
#1316 = CARTESIAN_POINT('',(34.8,20.9));
#1317 = ( GEOMETRIC_REPRESENTATION_CONTEXT(2) 
PARAMETRIC_REPRESENTATION_CONTEXT() REPRESENTATION_CONTEXT('2D SPACE',''
  ) );
#1318 = PCURVE('',#1163,#1319);
#1319 = DEFINITIONAL_REPRESENTATION('',(#1320),#1323);
#1320 = B_SPLINE_CURVE_WITH_KNOTS('',1,(#1321,#1322),.UNSPECIFIED.,.F.,
  .F.,(2,2),(5.753662701776,34.85),.PIECEWISE_BEZIER_KNOTS.);
#1321 = CARTESIAN_POINT('',(5.803662701776,23.9));
#1322 = CARTESIAN_POINT('',(34.9,23.9));
#1323 = ( GEOMETRIC_REPRESENTATION_CONTEXT(2) 
PARAMETRIC_REPRESENTATION_CONTEXT() REPRESENTATION_CONTEXT('2D SPACE',''
  ) );
#1324 = ORIENTED_EDGE('',*,*,#1325,.F.);
#1325 = EDGE_CURVE('',#1326,#1305,#1328,.T.);
#1326 = VERTEX_POINT('',#1327);
#1327 = CARTESIAN_POINT('',(-5.624343255347,-57.19079895737,
    57.85179251795));
#1328 = SURFACE_CURVE('',#1329,(#1333,#1340),.PCURVE_S1.);
#1329 = LINE('',#1330,#1331);
#1330 = CARTESIAN_POINT('',(-6.015848936076,-57.19994542076,
    57.956296651843));
#1331 = VECTOR('',#1332,1.);
#1332 = DIRECTION('',(0.965925826289,2.256622482173E-02,-0.257833402811)
  );
#1333 = PCURVE('',#394,#1334);
#1334 = DEFINITIONAL_REPRESENTATION('',(#1335),#1339);
#1335 = LINE('',#1336,#1337);
#1336 = CARTESIAN_POINT('',(34.8,23.3));
#1337 = VECTOR('',#1338,1.);
#1338 = DIRECTION('',(0.,-1.));
#1339 = ( GEOMETRIC_REPRESENTATION_CONTEXT(2) 
PARAMETRIC_REPRESENTATION_CONTEXT() REPRESENTATION_CONTEXT('2D SPACE',''
  ) );
#1340 = PCURVE('',#1341,#1346);
#1341 = PLANE('',#1342);
#1342 = AXIS2_PLACEMENT_3D('',#1343,#1344,#1345);
#1343 = CARTESIAN_POINT('',(-6.015848936076,-33.49058127999,
    60.031399550645));
#1344 = DIRECTION('',(0.258819045103,-8.421829756972E-02,0.962247359179)
  );
#1345 = DIRECTION('',(1.404597169126E-19,-0.99619177062,
    -8.718919742862E-02));
#1346 = DEFINITIONAL_REPRESENTATION('',(#1347),#1351);
#1347 = LINE('',#1348,#1349);
#1348 = CARTESIAN_POINT('',(23.8,0.));
#1349 = VECTOR('',#1350,1.);
#1350 = DIRECTION('',(0.,1.));
#1351 = ( GEOMETRIC_REPRESENTATION_CONTEXT(2) 
PARAMETRIC_REPRESENTATION_CONTEXT() REPRESENTATION_CONTEXT('2D SPACE',''
  ) );
#1352 = ORIENTED_EDGE('',*,*,#1353,.T.);
#1353 = EDGE_CURVE('',#1326,#1354,#1356,.T.);
#1354 = VERTEX_POINT('',#1355);
#1355 = CARTESIAN_POINT('',(-6.043957779281,-57.19079895737,
    57.85179251795));
#1356 = SURFACE_CURVE('',#1357,(#1361,#1367),.PCURVE_S1.);
#1357 = LINE('',#1358,#1359);
#1358 = CARTESIAN_POINT('',(-1.508339976554,-57.19079895737,
    57.85179251795));
#1359 = VECTOR('',#1360,1.);
#1360 = DIRECTION('',(-1.,-1.399252253627E-19,-1.224187096055E-20));
#1361 = PCURVE('',#394,#1362);
#1362 = DEFINITIONAL_REPRESENTATION('',(#1363),#1366);
#1363 = B_SPLINE_CURVE_WITH_KNOTS('',1,(#1364,#1365),.UNSPECIFIED.,.F.,
  .F.,(2,2),(4.116003278793,4.535617802727),.PIECEWISE_BEZIER_KNOTS.);
#1364 = CARTESIAN_POINT('',(34.8,22.894683494246));
#1365 = CARTESIAN_POINT('',(34.691395769604,23.3));
#1366 = ( GEOMETRIC_REPRESENTATION_CONTEXT(2) 
PARAMETRIC_REPRESENTATION_CONTEXT() REPRESENTATION_CONTEXT('2D SPACE',''
  ) );
#1367 = PCURVE('',#967,#1368);
#1368 = DEFINITIONAL_REPRESENTATION('',(#1369),#1372);
#1369 = B_SPLINE_CURVE_WITH_KNOTS('',1,(#1370,#1371),.UNSPECIFIED.,.F.,
  .F.,(2,2),(4.116003278793,4.535617802727),.PIECEWISE_BEZIER_KNOTS.);
#1370 = CARTESIAN_POINT('',(4.875656744653,6.133110116454));
#1371 = CARTESIAN_POINT('',(4.456042220719,6.133110116454));
#1372 = ( GEOMETRIC_REPRESENTATION_CONTEXT(2) 
PARAMETRIC_REPRESENTATION_CONTEXT() REPRESENTATION_CONTEXT('2D SPACE',''
  ) );
#1373 = ORIENTED_EDGE('',*,*,#1374,.T.);
#1374 = EDGE_CURVE('',#1354,#1375,#1377,.T.);
#1375 = VERTEX_POINT('',#1376);
#1376 = CARTESIAN_POINT('',(-7.9,-56.58685299974,50.951327659563));
#1377 = SURFACE_CURVE('',#1378,(#1382,#1389),.PCURVE_S1.);
#1378 = LINE('',#1379,#1380);
#1379 = CARTESIAN_POINT('',(-6.015848936076,-57.19994542076,
    57.956296651843));
#1380 = VECTOR('',#1381,1.);
#1381 = DIRECTION('',(-0.258819045103,8.421829756972E-02,-0.962247359179
    ));
#1382 = PCURVE('',#394,#1383);
#1383 = DEFINITIONAL_REPRESENTATION('',(#1384),#1388);
#1384 = LINE('',#1385,#1386);
#1385 = CARTESIAN_POINT('',(34.8,23.3));
#1386 = VECTOR('',#1387,1.);
#1387 = DIRECTION('',(-1.,0.));
#1388 = ( GEOMETRIC_REPRESENTATION_CONTEXT(2) 
PARAMETRIC_REPRESENTATION_CONTEXT() REPRESENTATION_CONTEXT('2D SPACE',''
  ) );
#1389 = PCURVE('',#1390,#1395);
#1390 = PLANE('',#1391);
#1391 = AXIS2_PLACEMENT_3D('',#1392,#1393,#1394);
#1392 = CARTESIAN_POINT('',(-15.6697993184,-30.34923878064,
    24.139573053273));
#1393 = DIRECTION('',(0.965925826289,2.256622482173E-02,-0.257833402811)
  );
#1394 = DIRECTION('',(0.258819045103,-8.421829756972E-02,0.962247359179)
  );
#1395 = DEFINITIONAL_REPRESENTATION('',(#1396),#1400);
#1396 = LINE('',#1397,#1398);
#1397 = CARTESIAN_POINT('',(37.3,23.8));
#1398 = VECTOR('',#1399,1.);
#1399 = DIRECTION('',(-1.,0.));
#1400 = ( GEOMETRIC_REPRESENTATION_CONTEXT(2) 
PARAMETRIC_REPRESENTATION_CONTEXT() REPRESENTATION_CONTEXT('2D SPACE',''
  ) );
#1401 = ORIENTED_EDGE('',*,*,#1402,.F.);
#1402 = EDGE_CURVE('',#1403,#1375,#1405,.T.);
#1403 = VERTEX_POINT('',#1404);
#1404 = CARTESIAN_POINT('',(-7.9,-55.92587208893,43.399202358387));
#1405 = SURFACE_CURVE('',#1406,(#1410,#1416),.PCURVE_S1.);
#1406 = LINE('',#1407,#1408);
#1407 = CARTESIAN_POINT('',(-7.9,-56.36042481296,48.364242298512));
#1408 = VECTOR('',#1409,1.);
#1409 = DIRECTION('',(0.,-8.718919742862E-02,0.99619177062));
#1410 = PCURVE('',#394,#1411);
#1411 = DEFINITIONAL_REPRESENTATION('',(#1412),#1415);
#1412 = B_SPLINE_CURVE_WITH_KNOTS('',1,(#1413,#1414),.UNSPECIFIED.,.F.,
  .F.,(2,2),(-4.984020232403,2.596975238453),.PIECEWISE_BEZIER_KNOTS.);
#1413 = CARTESIAN_POINT('',(20.197519992624,21.337893991307));
#1414 = CARTESIAN_POINT('',(27.520199306904,23.3));
#1415 = ( GEOMETRIC_REPRESENTATION_CONTEXT(2) 
PARAMETRIC_REPRESENTATION_CONTEXT() REPRESENTATION_CONTEXT('2D SPACE',''
  ) );
#1416 = PCURVE('',#1417,#1422);
#1417 = PLANE('',#1418);
#1418 = AXIS2_PLACEMENT_3D('',#1419,#1420,#1421);
#1419 = CARTESIAN_POINT('',(-7.9,-63.06906978103,77.907809375631));
#1420 = DIRECTION('',(1.,0.,0.));
#1421 = DIRECTION('',(0.,8.718919742862E-02,-0.99619177062));
#1422 = DEFINITIONAL_REPRESENTATION('',(#1423),#1426);
#1423 = B_SPLINE_CURVE_WITH_KNOTS('',1,(#1424,#1425),.UNSPECIFIED.,.F.,
  .F.,(2,2),(-4.984020232403,2.596975238453),.PIECEWISE_BEZIER_KNOTS.);
#1424 = CARTESIAN_POINT('',(35.,4.107217006578));
#1425 = CARTESIAN_POINT('',(27.419004529144,4.107217006578));
#1426 = ( GEOMETRIC_REPRESENTATION_CONTEXT(2) 
PARAMETRIC_REPRESENTATION_CONTEXT() REPRESENTATION_CONTEXT('2D SPACE',''
  ) );
#1427 = ORIENTED_EDGE('',*,*,#1428,.F.);
#1428 = EDGE_CURVE('',#1429,#1403,#1431,.T.);
#1429 = VERTEX_POINT('',#1430);
#1430 = CARTESIAN_POINT('',(-9.93132161424,-55.92587208893,
    43.399202358387));
#1431 = SURFACE_CURVE('',#1432,(#1436,#1442),.PCURVE_S1.);
#1432 = LINE('',#1433,#1434);
#1433 = CARTESIAN_POINT('',(-10.70833997655,-55.92587208893,
    43.399202358387));
#1434 = VECTOR('',#1435,1.);
#1435 = DIRECTION('',(1.,1.39924814092E-19,1.224656998866E-20));
#1436 = PCURVE('',#394,#1437);
#1437 = DEFINITIONAL_REPRESENTATION('',(#1438),#1441);
#1438 = B_SPLINE_CURVE_WITH_KNOTS('',1,(#1439,#1440),.UNSPECIFIED.,.F.,
  .F.,(2,2),(0.777018362315,2.808339976554),.PIECEWISE_BEZIER_KNOTS.);
#1439 = CARTESIAN_POINT('',(19.67177527213,23.3));
#1440 = CARTESIAN_POINT('',(20.197519992624,21.337893991307));
#1441 = ( GEOMETRIC_REPRESENTATION_CONTEXT(2) 
PARAMETRIC_REPRESENTATION_CONTEXT() REPRESENTATION_CONTEXT('2D SPACE',''
  ) );
#1442 = PCURVE('',#1443,#1448);
#1443 = PLANE('',#1444);
#1444 = AXIS2_PLACEMENT_3D('',#1445,#1446,#1447);
#1445 = CARTESIAN_POINT('',(-28.9,-60.01744787103,43.041097403918));
#1446 = DIRECTION('',(0.,8.718919742862E-02,-0.99619177062));
#1447 = DIRECTION('',(0.,0.99619177062,8.718919742862E-02));
#1448 = DEFINITIONAL_REPRESENTATION('',(#1449),#1452);
#1449 = B_SPLINE_CURVE_WITH_KNOTS('',1,(#1450,#1451),.UNSPECIFIED.,.F.,
  .F.,(2,2),(0.777018362315,2.808339976554),.PIECEWISE_BEZIER_KNOTS.);
#1450 = CARTESIAN_POINT('',(4.107217006578,18.96867838576));
#1451 = CARTESIAN_POINT('',(4.107217006578,21.));
#1452 = ( GEOMETRIC_REPRESENTATION_CONTEXT(2) 
PARAMETRIC_REPRESENTATION_CONTEXT() REPRESENTATION_CONTEXT('2D SPACE',''
  ) );
#1453 = ORIENTED_EDGE('',*,*,#1454,.T.);
#1454 = EDGE_CURVE('',#1429,#1455,#1457,.T.);
#1455 = VERTEX_POINT('',#1456);
#1456 = CARTESIAN_POINT('',(-10.5,-55.74082726158,41.284948074267));
#1457 = SURFACE_CURVE('',#1458,(#1462,#1469),.PCURVE_S1.);
#1458 = LINE('',#1459,#1460);
#1459 = CARTESIAN_POINT('',(-6.015848936076,-57.19994542076,
    57.956296651843));
#1460 = VECTOR('',#1461,1.);
#1461 = DIRECTION('',(-0.258819045103,8.421829756972E-02,-0.962247359179
    ));
#1462 = PCURVE('',#394,#1463);
#1463 = DEFINITIONAL_REPRESENTATION('',(#1464),#1468);
#1464 = LINE('',#1465,#1466);
#1465 = CARTESIAN_POINT('',(34.8,23.3));
#1466 = VECTOR('',#1467,1.);
#1467 = DIRECTION('',(-1.,0.));
#1468 = ( GEOMETRIC_REPRESENTATION_CONTEXT(2) 
PARAMETRIC_REPRESENTATION_CONTEXT() REPRESENTATION_CONTEXT('2D SPACE',''
  ) );
#1469 = PCURVE('',#1390,#1470);
#1470 = DEFINITIONAL_REPRESENTATION('',(#1471),#1475);
#1471 = LINE('',#1472,#1473);
#1472 = CARTESIAN_POINT('',(37.3,23.8));
#1473 = VECTOR('',#1474,1.);
#1474 = DIRECTION('',(-1.,0.));
#1475 = ( GEOMETRIC_REPRESENTATION_CONTEXT(2) 
PARAMETRIC_REPRESENTATION_CONTEXT() REPRESENTATION_CONTEXT('2D SPACE',''
  ) );
#1476 = ORIENTED_EDGE('',*,*,#1477,.T.);
#1477 = EDGE_CURVE('',#1455,#352,#1478,.T.);
#1478 = SURFACE_CURVE('',#1479,(#1483,#1489),.PCURVE_S1.);
#1479 = LINE('',#1480,#1481);
#1480 = CARTESIAN_POINT('',(-10.5,-54.72597662941,29.689637210093));
#1481 = VECTOR('',#1482,1.);
#1482 = DIRECTION('',(0.,8.718919742862E-02,-0.99619177062));
#1483 = PCURVE('',#394,#1484);
#1484 = DEFINITIONAL_REPRESENTATION('',(#1485),#1488);
#1485 = B_SPLINE_CURVE_WITH_KNOTS('',1,(#1486,#1487),.UNSPECIFIED.,.F.,
  .F.,(2,2),(-11.6396372728,-11.26981323161),.PIECEWISE_BEZIER_KNOTS.);
#1486 = CARTESIAN_POINT('',(17.474570713498,23.3));
#1487 = CARTESIAN_POINT('',(17.117348120928,23.204282494803));
#1488 = ( GEOMETRIC_REPRESENTATION_CONTEXT(2) 
PARAMETRIC_REPRESENTATION_CONTEXT() REPRESENTATION_CONTEXT('2D SPACE',''
  ) );
#1489 = PCURVE('',#367,#1490);
#1490 = DEFINITIONAL_REPRESENTATION('',(#1491),#1494);
#1491 = B_SPLINE_CURVE_WITH_KNOTS('',1,(#1492,#1493),.UNSPECIFIED.,.F.,
  .F.,(2,2),(-11.6396372728,-11.26981323161),.PIECEWISE_BEZIER_KNOTS.);
#1492 = CARTESIAN_POINT('',(0.369824040984,-5.1336685997));
#1493 = CARTESIAN_POINT('',(1.328313585257E-15,-5.133681019324));
#1494 = ( GEOMETRIC_REPRESENTATION_CONTEXT(2) 
PARAMETRIC_REPRESENTATION_CONTEXT() REPRESENTATION_CONTEXT('2D SPACE',''
  ) );
#1495 = ADVANCED_FACE('',(#1496),#367,.T.);
#1496 = FACE_BOUND('',#1497,.T.);
#1497 = EDGE_LOOP('',(#1498,#1521,#1522,#1523,#1524,#1545,#1571,#1599,
    #1620,#1646));
#1498 = ORIENTED_EDGE('',*,*,#1499,.F.);
#1499 = EDGE_CURVE('',#534,#1500,#1502,.T.);
#1500 = VERTEX_POINT('',#1501);
#1501 = CARTESIAN_POINT('',(-10.5,-60.02686232186,43.148663463891));
#1502 = SURFACE_CURVE('',#1503,(#1507,#1514),.PCURVE_S1.);
#1503 = LINE('',#1504,#1505);
#1504 = CARTESIAN_POINT('',(-10.5,-61.04933334453,43.059208840623));
#1505 = VECTOR('',#1506,1.);
#1506 = DIRECTION('',(0.,0.996194698092,8.715574274766E-02));
#1507 = PCURVE('',#367,#1508);
#1508 = DEFINITIONAL_REPRESENTATION('',(#1509),#1513);
#1509 = LINE('',#1510,#1511);
#1510 = CARTESIAN_POINT('',(2.6,0.));
#1511 = VECTOR('',#1512,1.);
#1512 = DIRECTION('',(0.,-1.));
#1513 = ( GEOMETRIC_REPRESENTATION_CONTEXT(2) 
PARAMETRIC_REPRESENTATION_CONTEXT() REPRESENTATION_CONTEXT('2D SPACE',''
  ) );
#1514 = PCURVE('',#549,#1515);
#1515 = DEFINITIONAL_REPRESENTATION('',(#1516),#1520);
#1516 = LINE('',#1517,#1518);
#1517 = CARTESIAN_POINT('',(21.3,0.));
#1518 = VECTOR('',#1519,1.);
#1519 = DIRECTION('',(0.,1.));
#1520 = ( GEOMETRIC_REPRESENTATION_CONTEXT(2) 
PARAMETRIC_REPRESENTATION_CONTEXT() REPRESENTATION_CONTEXT('2D SPACE',''
  ) );
#1521 = ORIENTED_EDGE('',*,*,#561,.F.);
#1522 = ORIENTED_EDGE('',*,*,#351,.T.);
#1523 = ORIENTED_EDGE('',*,*,#1477,.F.);
#1524 = ORIENTED_EDGE('',*,*,#1525,.T.);
#1525 = EDGE_CURVE('',#1455,#1526,#1528,.T.);
#1526 = VERTEX_POINT('',#1527);
#1527 = CARTESIAN_POINT('',(-10.5,-35.65129386567,43.04323432513));
#1528 = SURFACE_CURVE('',#1529,(#1533,#1539),.PCURVE_S1.);
#1529 = LINE('',#1530,#1531);
#1530 = CARTESIAN_POINT('',(-10.5,-46.44321058198,42.098698759829));
#1531 = VECTOR('',#1532,1.);
#1532 = DIRECTION('',(-0.,0.99619177062,8.718919742862E-02));
#1533 = PCURVE('',#367,#1534);
#1534 = DEFINITIONAL_REPRESENTATION('',(#1535),#1538);
#1535 = B_SPLINE_CURVE_WITH_KNOTS('',1,(#1536,#1537),.UNSPECIFIED.,.F.,
  .F.,(2,2),(-9.333159491785,10.833171919886),.PIECEWISE_BEZIER_KNOTS.);
#1536 = CARTESIAN_POINT('',(0.369824040984,-5.1336685997));
#1537 = CARTESIAN_POINT('',(0.370501277247,-25.3));
#1538 = ( GEOMETRIC_REPRESENTATION_CONTEXT(2) 
PARAMETRIC_REPRESENTATION_CONTEXT() REPRESENTATION_CONTEXT('2D SPACE',''
  ) );
#1539 = PCURVE('',#1390,#1540);
#1540 = DEFINITIONAL_REPRESENTATION('',(#1541),#1544);
#1541 = B_SPLINE_CURVE_WITH_KNOTS('',1,(#1542,#1543),.UNSPECIFIED.,.F.,
  .F.,(2,2),(-9.333159491785,10.833171919886),.PIECEWISE_BEZIER_KNOTS.);
#1542 = CARTESIAN_POINT('',(19.974570713498,23.8));
#1543 = CARTESIAN_POINT('',(19.974570713498,3.633668588329));
#1544 = ( GEOMETRIC_REPRESENTATION_CONTEXT(2) 
PARAMETRIC_REPRESENTATION_CONTEXT() REPRESENTATION_CONTEXT('2D SPACE',''
  ) );
#1545 = ORIENTED_EDGE('',*,*,#1546,.F.);
#1546 = EDGE_CURVE('',#1547,#1526,#1549,.T.);
#1547 = VERTEX_POINT('',#1548);
#1548 = CARTESIAN_POINT('',(-10.5,-35.84560748281,45.264249132139));
#1549 = SURFACE_CURVE('',#1550,(#1554,#1560),.PCURVE_S1.);
#1550 = LINE('',#1551,#1552);
#1551 = CARTESIAN_POINT('',(-10.5,-34.70386725282,32.214098587137));
#1552 = VECTOR('',#1553,1.);
#1553 = DIRECTION('',(0.,8.715574274766E-02,-0.996194698092));
#1554 = PCURVE('',#367,#1555);
#1555 = DEFINITIONAL_REPRESENTATION('',(#1556),#1559);
#1556 = B_SPLINE_CURVE_WITH_KNOTS('',1,(#1557,#1558),.UNSPECIFIED.,.F.,
  .F.,(2,2),(-13.1,-10.5),.PIECEWISE_BEZIER_KNOTS.);
#1557 = CARTESIAN_POINT('',(2.6,-25.3));
#1558 = CARTESIAN_POINT('',(0.,-25.3));
#1559 = ( GEOMETRIC_REPRESENTATION_CONTEXT(2) 
PARAMETRIC_REPRESENTATION_CONTEXT() REPRESENTATION_CONTEXT('2D SPACE',''
  ) );
#1560 = PCURVE('',#1561,#1566);
#1561 = PLANE('',#1562);
#1562 = AXIS2_PLACEMENT_3D('',#1563,#1564,#1565);
#1563 = CARTESIAN_POINT('',(-29.6,-33.78873195397,21.754054257174));
#1564 = DIRECTION('',(0.,0.996194698092,8.715574274766E-02));
#1565 = DIRECTION('',(0.,-8.715574274766E-02,0.996194698092));
#1566 = DEFINITIONAL_REPRESENTATION('',(#1567),#1570);
#1567 = B_SPLINE_CURVE_WITH_KNOTS('',1,(#1568,#1569),.UNSPECIFIED.,.F.,
  .F.,(2,2),(-13.1,-10.5),.PIECEWISE_BEZIER_KNOTS.);
#1568 = CARTESIAN_POINT('',(23.6,19.1));
#1569 = CARTESIAN_POINT('',(21.,19.1));
#1570 = ( GEOMETRIC_REPRESENTATION_CONTEXT(2) 
PARAMETRIC_REPRESENTATION_CONTEXT() REPRESENTATION_CONTEXT('2D SPACE',''
  ) );
#1571 = ORIENTED_EDGE('',*,*,#1572,.F.);
#1572 = EDGE_CURVE('',#1573,#1547,#1575,.T.);
#1573 = VERTEX_POINT('',#1574);
#1574 = CARTESIAN_POINT('',(-10.5,-36.11818955417,45.240401291014));
#1575 = SURFACE_CURVE('',#1576,(#1580,#1587),.PCURVE_S1.);
#1576 = LINE('',#1577,#1578);
#1577 = CARTESIAN_POINT('',(-10.5,-61.04933334453,43.059208840623));
#1578 = VECTOR('',#1579,1.);
#1579 = DIRECTION('',(0.,0.996194698092,8.715574274766E-02));
#1580 = PCURVE('',#367,#1581);
#1581 = DEFINITIONAL_REPRESENTATION('',(#1582),#1586);
#1582 = LINE('',#1583,#1584);
#1583 = CARTESIAN_POINT('',(2.6,0.));
#1584 = VECTOR('',#1585,1.);
#1585 = DIRECTION('',(0.,-1.));
#1586 = ( GEOMETRIC_REPRESENTATION_CONTEXT(2) 
PARAMETRIC_REPRESENTATION_CONTEXT() REPRESENTATION_CONTEXT('2D SPACE',''
  ) );
#1587 = PCURVE('',#1588,#1593);
#1588 = PLANE('',#1589);
#1589 = AXIS2_PLACEMENT_3D('',#1590,#1591,#1592);
#1590 = CARTESIAN_POINT('',(-31.8,-61.04933334453,43.059208840623));
#1591 = DIRECTION('',(0.,-8.715574274766E-02,0.996194698092));
#1592 = DIRECTION('',(1.,0.,0.));
#1593 = DEFINITIONAL_REPRESENTATION('',(#1594),#1598);
#1594 = LINE('',#1595,#1596);
#1595 = CARTESIAN_POINT('',(21.3,0.));
#1596 = VECTOR('',#1597,1.);
#1597 = DIRECTION('',(0.,1.));
#1598 = ( GEOMETRIC_REPRESENTATION_CONTEXT(2) 
PARAMETRIC_REPRESENTATION_CONTEXT() REPRESENTATION_CONTEXT('2D SPACE',''
  ) );
#1599 = ORIENTED_EDGE('',*,*,#1600,.F.);
#1600 = EDGE_CURVE('',#1601,#1573,#1603,.T.);
#1601 = VERTEX_POINT('',#1602);
#1602 = CARTESIAN_POINT('',(-10.5,-36.10884537614,45.133638142205));
#1603 = SURFACE_CURVE('',#1604,(#1608,#1614),.PCURVE_S1.);
#1604 = LINE('',#1605,#1606);
#1605 = CARTESIAN_POINT('',(-10.5,-37.5260191026,61.325745025499));
#1606 = VECTOR('',#1607,1.);
#1607 = DIRECTION('',(0.,-8.718919742862E-02,0.99619177062));
#1608 = PCURVE('',#367,#1609);
#1609 = DEFINITIONAL_REPRESENTATION('',(#1610),#1613);
#1610 = B_SPLINE_CURVE_WITH_KNOTS('',1,(#1611,#1612),.UNSPECIFIED.,.F.,
  .F.,(2,2),(-16.25400586597,-16.14683458433),.PIECEWISE_BEZIER_KNOTS.);
#1611 = CARTESIAN_POINT('',(2.492828718427,-25.02638030848));
#1612 = CARTESIAN_POINT('',(2.6,-25.0263767094));
#1613 = ( GEOMETRIC_REPRESENTATION_CONTEXT(2) 
PARAMETRIC_REPRESENTATION_CONTEXT() REPRESENTATION_CONTEXT('2D SPACE',''
  ) );
#1614 = PCURVE('',#700,#1615);
#1615 = DEFINITIONAL_REPRESENTATION('',(#1616),#1619);
#1616 = B_SPLINE_CURVE_WITH_KNOTS('',1,(#1617,#1618),.UNSPECIFIED.,.F.,
  .F.,(2,2),(-16.25400586597,-16.14683458433),.PIECEWISE_BEZIER_KNOTS.);
#1617 = CARTESIAN_POINT('',(35.,-18.4));
#1618 = CARTESIAN_POINT('',(34.892828718367,-18.4));
#1619 = ( GEOMETRIC_REPRESENTATION_CONTEXT(2) 
PARAMETRIC_REPRESENTATION_CONTEXT() REPRESENTATION_CONTEXT('2D SPACE',''
  ) );
#1620 = ORIENTED_EDGE('',*,*,#1621,.F.);
#1621 = EDGE_CURVE('',#1622,#1601,#1624,.T.);
#1622 = VERTEX_POINT('',#1623);
#1623 = CARTESIAN_POINT('',(-10.5,-60.01744787103,43.041097403918));
#1624 = SURFACE_CURVE('',#1625,(#1629,#1635),.PCURVE_S1.);
#1625 = LINE('',#1626,#1627);
#1626 = CARTESIAN_POINT('',(-10.5,-60.52872537076,42.996349117314));
#1627 = VECTOR('',#1628,1.);
#1628 = DIRECTION('',(-0.,0.99619177062,8.718919742862E-02));
#1629 = PCURVE('',#367,#1630);
#1630 = DEFINITIONAL_REPRESENTATION('',(#1631),#1634);
#1631 = B_SPLINE_CURVE_WITH_KNOTS('',1,(#1632,#1633),.UNSPECIFIED.,.F.,
  .F.,(2,2),(0.513232004926,24.513232004926),.PIECEWISE_BEZIER_KNOTS.);
#1632 = CARTESIAN_POINT('',(2.492022737906,-1.026380322023));
#1633 = CARTESIAN_POINT('',(2.492828718427,-25.02638030848));
#1634 = ( GEOMETRIC_REPRESENTATION_CONTEXT(2) 
PARAMETRIC_REPRESENTATION_CONTEXT() REPRESENTATION_CONTEXT('2D SPACE',''
  ) );
#1635 = PCURVE('',#1636,#1641);
#1636 = PLANE('',#1637);
#1637 = AXIS2_PLACEMENT_3D('',#1638,#1639,#1640);
#1638 = CARTESIAN_POINT('',(-28.9,-60.01744787103,43.041097403918));
#1639 = DIRECTION('',(0.,8.718919742862E-02,-0.99619177062));
#1640 = DIRECTION('',(0.,0.99619177062,8.718919742862E-02));
#1641 = DEFINITIONAL_REPRESENTATION('',(#1642),#1645);
#1642 = B_SPLINE_CURVE_WITH_KNOTS('',1,(#1643,#1644),.UNSPECIFIED.,.F.,
  .F.,(2,2),(0.513232004926,24.513232004926),.PIECEWISE_BEZIER_KNOTS.);
#1643 = CARTESIAN_POINT('',(0.,18.4));
#1644 = CARTESIAN_POINT('',(24.,18.4));
#1645 = ( GEOMETRIC_REPRESENTATION_CONTEXT(2) 
PARAMETRIC_REPRESENTATION_CONTEXT() REPRESENTATION_CONTEXT('2D SPACE',''
  ) );
#1646 = ORIENTED_EDGE('',*,*,#1647,.T.);
#1647 = EDGE_CURVE('',#1622,#1500,#1648,.T.);
#1648 = SURFACE_CURVE('',#1649,(#1653,#1659),.PCURVE_S1.);
#1649 = LINE('',#1650,#1651);
#1650 = CARTESIAN_POINT('',(-10.5,-61.43462159748,59.233204287212));
#1651 = VECTOR('',#1652,1.);
#1652 = DIRECTION('',(0.,-8.718919742862E-02,0.99619177062));
#1653 = PCURVE('',#367,#1654);
#1654 = DEFINITIONAL_REPRESENTATION('',(#1655),#1658);
#1655 = B_SPLINE_CURVE_WITH_KNOTS('',1,(#1656,#1657),.UNSPECIFIED.,.F.,
  .F.,(2,2),(-16.25400586597,-16.14602860381),.PIECEWISE_BEZIER_KNOTS.);
#1656 = CARTESIAN_POINT('',(2.492022737906,-1.026380322023));
#1657 = CARTESIAN_POINT('',(2.6,-1.026376695874));
#1658 = ( GEOMETRIC_REPRESENTATION_CONTEXT(2) 
PARAMETRIC_REPRESENTATION_CONTEXT() REPRESENTATION_CONTEXT('2D SPACE',''
  ) );
#1659 = PCURVE('',#648,#1660);
#1660 = DEFINITIONAL_REPRESENTATION('',(#1661),#1664);
#1661 = B_SPLINE_CURVE_WITH_KNOTS('',1,(#1662,#1663),.UNSPECIFIED.,.F.,
  .F.,(2,2),(-16.25400586597,-16.14602860381),.PIECEWISE_BEZIER_KNOTS.);
#1662 = CARTESIAN_POINT('',(35.,-18.4));
#1663 = CARTESIAN_POINT('',(34.892022737845,-18.4));
#1664 = ( GEOMETRIC_REPRESENTATION_CONTEXT(2) 
PARAMETRIC_REPRESENTATION_CONTEXT() REPRESENTATION_CONTEXT('2D SPACE',''
  ) );
#1665 = ADVANCED_FACE('',(#1666),#521,.T.);
#1666 = FACE_BOUND('',#1667,.T.);
#1667 = EDGE_LOOP('',(#1668,#1669,#1670,#1693));
#1668 = ORIENTED_EDGE('',*,*,#610,.F.);
#1669 = ORIENTED_EDGE('',*,*,#505,.F.);
#1670 = ORIENTED_EDGE('',*,*,#1671,.T.);
#1671 = EDGE_CURVE('',#506,#1672,#1674,.T.);
#1672 = VERTEX_POINT('',#1673);
#1673 = CARTESIAN_POINT('',(-28.8,-60.02686232186,43.148663463891));
#1674 = SURFACE_CURVE('',#1675,(#1679,#1686),.PCURVE_S1.);
#1675 = LINE('',#1676,#1677);
#1676 = CARTESIAN_POINT('',(-28.8,-61.04933334453,43.059208840623));
#1677 = VECTOR('',#1678,1.);
#1678 = DIRECTION('',(0.,0.996194698092,8.715574274766E-02));
#1679 = PCURVE('',#521,#1680);
#1680 = DEFINITIONAL_REPRESENTATION('',(#1681),#1685);
#1681 = LINE('',#1682,#1683);
#1682 = CARTESIAN_POINT('',(0.,0.));
#1683 = VECTOR('',#1684,1.);
#1684 = DIRECTION('',(0.,-1.));
#1685 = ( GEOMETRIC_REPRESENTATION_CONTEXT(2) 
PARAMETRIC_REPRESENTATION_CONTEXT() REPRESENTATION_CONTEXT('2D SPACE',''
  ) );
#1686 = PCURVE('',#549,#1687);
#1687 = DEFINITIONAL_REPRESENTATION('',(#1688),#1692);
#1688 = LINE('',#1689,#1690);
#1689 = CARTESIAN_POINT('',(3.,0.));
#1690 = VECTOR('',#1691,1.);
#1691 = DIRECTION('',(0.,1.));
#1692 = ( GEOMETRIC_REPRESENTATION_CONTEXT(2) 
PARAMETRIC_REPRESENTATION_CONTEXT() REPRESENTATION_CONTEXT('2D SPACE',''
  ) );
#1693 = ORIENTED_EDGE('',*,*,#1694,.T.);
#1694 = EDGE_CURVE('',#1672,#611,#1695,.T.);
#1695 = SURFACE_CURVE('',#1696,(#1700,#1706),.PCURVE_S1.);
#1696 = LINE('',#1697,#1698);
#1697 = CARTESIAN_POINT('',(-28.8,-61.54796755408,60.528253588288));
#1698 = VECTOR('',#1699,1.);
#1699 = DIRECTION('',(0.,-8.718919742862E-02,0.99619177062));
#1700 = PCURVE('',#521,#1701);
#1701 = DEFINITIONAL_REPRESENTATION('',(#1702),#1705);
#1702 = B_SPLINE_CURVE_WITH_KNOTS('',1,(#1703,#1704),.UNSPECIFIED.,.F.,
  .F.,(2,2),(-17.44602860308,12.953971414061),.PIECEWISE_BEZIER_KNOTS.);
#1703 = CARTESIAN_POINT('',(-1.260351054582E-15,-1.026376695874));
#1704 = CARTESIAN_POINT('',(30.4,-1.025355787212));
#1705 = ( GEOMETRIC_REPRESENTATION_CONTEXT(2) 
PARAMETRIC_REPRESENTATION_CONTEXT() REPRESENTATION_CONTEXT('2D SPACE',''
  ) );
#1706 = PCURVE('',#648,#1707);
#1707 = DEFINITIONAL_REPRESENTATION('',(#1708),#1711);
#1708 = B_SPLINE_CURVE_WITH_KNOTS('',1,(#1709,#1710),.UNSPECIFIED.,.F.,
  .F.,(2,2),(-17.44602860308,12.953971414061),.PIECEWISE_BEZIER_KNOTS.);
#1709 = CARTESIAN_POINT('',(34.892022737845,-0.1));
#1710 = CARTESIAN_POINT('',(4.492022720702,-0.1));
#1711 = ( GEOMETRIC_REPRESENTATION_CONTEXT(2) 
PARAMETRIC_REPRESENTATION_CONTEXT() REPRESENTATION_CONTEXT('2D SPACE',''
  ) );
#1712 = ADVANCED_FACE('',(#1713),#549,.T.);
#1713 = FACE_BOUND('',#1714,.T.);
#1714 = EDGE_LOOP('',(#1715,#1716,#1717,#1718));
#1715 = ORIENTED_EDGE('',*,*,#1671,.F.);
#1716 = ORIENTED_EDGE('',*,*,#533,.T.);
#1717 = ORIENTED_EDGE('',*,*,#1499,.T.);
#1718 = ORIENTED_EDGE('',*,*,#1719,.T.);
#1719 = EDGE_CURVE('',#1500,#1672,#1720,.T.);
#1720 = SURFACE_CURVE('',#1721,(#1725,#1731),.PCURVE_S1.);
#1721 = LINE('',#1722,#1723);
#1722 = CARTESIAN_POINT('',(-30.35,-60.02686232186,43.148663463891));
#1723 = VECTOR('',#1724,1.);
#1724 = DIRECTION('',(-1.,0.,0.));
#1725 = PCURVE('',#549,#1726);
#1726 = DEFINITIONAL_REPRESENTATION('',(#1727),#1730);
#1727 = B_SPLINE_CURVE_WITH_KNOTS('',1,(#1728,#1729),.UNSPECIFIED.,.F.,
  .F.,(2,2),(-19.85,-1.55),.PIECEWISE_BEZIER_KNOTS.);
#1728 = CARTESIAN_POINT('',(21.3,1.026376695874));
#1729 = CARTESIAN_POINT('',(3.,1.026376695874));
#1730 = ( GEOMETRIC_REPRESENTATION_CONTEXT(2) 
PARAMETRIC_REPRESENTATION_CONTEXT() REPRESENTATION_CONTEXT('2D SPACE',''
  ) );
#1731 = PCURVE('',#648,#1732);
#1732 = DEFINITIONAL_REPRESENTATION('',(#1733),#1736);
#1733 = B_SPLINE_CURVE_WITH_KNOTS('',1,(#1734,#1735),.UNSPECIFIED.,.F.,
  .F.,(2,2),(-19.85,-1.55),.PIECEWISE_BEZIER_KNOTS.);
#1734 = CARTESIAN_POINT('',(34.892022737845,-18.4));
#1735 = CARTESIAN_POINT('',(34.892022737845,-0.1));
#1736 = ( GEOMETRIC_REPRESENTATION_CONTEXT(2) 
PARAMETRIC_REPRESENTATION_CONTEXT() REPRESENTATION_CONTEXT('2D SPACE',''
  ) );
#1737 = ADVANCED_FACE('',(#1738),#725,.T.);
#1738 = FACE_BOUND('',#1739,.T.);
#1739 = EDGE_LOOP('',(#1740,#1741,#1762,#1785,#1806,#1862,#1883,#1904));
#1740 = ORIENTED_EDGE('',*,*,#711,.F.);
#1741 = ORIENTED_EDGE('',*,*,#1742,.F.);
#1742 = EDGE_CURVE('',#1743,#686,#1745,.T.);
#1743 = VERTEX_POINT('',#1744);
#1744 = CARTESIAN_POINT('',(-28.8,-36.11818955417,45.240401291014));
#1745 = SURFACE_CURVE('',#1746,(#1750,#1756),.PCURVE_S1.);
#1746 = LINE('',#1747,#1748);
#1747 = CARTESIAN_POINT('',(-28.8,-37.63936505919,62.620794326575));
#1748 = VECTOR('',#1749,1.);
#1749 = DIRECTION('',(0.,-8.718919742862E-02,0.99619177062));
#1750 = PCURVE('',#725,#1751);
#1751 = DEFINITIONAL_REPRESENTATION('',(#1752),#1755);
#1752 = B_SPLINE_CURVE_WITH_KNOTS('',1,(#1753,#1754),.UNSPECIFIED.,.F.,
  .F.,(2,2),(-17.4468345836,12.953165433539),.PIECEWISE_BEZIER_KNOTS.);
#1753 = CARTESIAN_POINT('',(-1.521071282878E-15,-25.0263767094));
#1754 = CARTESIAN_POINT('',(30.4,-25.02535580074));
#1755 = ( GEOMETRIC_REPRESENTATION_CONTEXT(2) 
PARAMETRIC_REPRESENTATION_CONTEXT() REPRESENTATION_CONTEXT('2D SPACE',''
  ) );
#1756 = PCURVE('',#700,#1757);
#1757 = DEFINITIONAL_REPRESENTATION('',(#1758),#1761);
#1758 = B_SPLINE_CURVE_WITH_KNOTS('',1,(#1759,#1760),.UNSPECIFIED.,.F.,
  .F.,(2,2),(-17.4468345836,12.953165433539),.PIECEWISE_BEZIER_KNOTS.);
#1759 = CARTESIAN_POINT('',(34.892828718367,-0.1));
#1760 = CARTESIAN_POINT('',(4.492828701225,-0.1));
#1761 = ( GEOMETRIC_REPRESENTATION_CONTEXT(2) 
PARAMETRIC_REPRESENTATION_CONTEXT() REPRESENTATION_CONTEXT('2D SPACE',''
  ) );
#1762 = ORIENTED_EDGE('',*,*,#1763,.T.);
#1763 = EDGE_CURVE('',#1743,#1764,#1766,.T.);
#1764 = VERTEX_POINT('',#1765);
#1765 = CARTESIAN_POINT('',(-28.8,-35.84560748281,45.264249132139));
#1766 = SURFACE_CURVE('',#1767,(#1771,#1778),.PCURVE_S1.);
#1767 = LINE('',#1768,#1769);
#1768 = CARTESIAN_POINT('',(-28.8,-61.04933334453,43.059208840623));
#1769 = VECTOR('',#1770,1.);
#1770 = DIRECTION('',(0.,0.996194698092,8.715574274766E-02));
#1771 = PCURVE('',#725,#1772);
#1772 = DEFINITIONAL_REPRESENTATION('',(#1773),#1777);
#1773 = LINE('',#1774,#1775);
#1774 = CARTESIAN_POINT('',(0.,0.));
#1775 = VECTOR('',#1776,1.);
#1776 = DIRECTION('',(0.,-1.));
#1777 = ( GEOMETRIC_REPRESENTATION_CONTEXT(2) 
PARAMETRIC_REPRESENTATION_CONTEXT() REPRESENTATION_CONTEXT('2D SPACE',''
  ) );
#1778 = PCURVE('',#1588,#1779);
#1779 = DEFINITIONAL_REPRESENTATION('',(#1780),#1784);
#1780 = LINE('',#1781,#1782);
#1781 = CARTESIAN_POINT('',(3.,0.));
#1782 = VECTOR('',#1783,1.);
#1783 = DIRECTION('',(0.,1.));
#1784 = ( GEOMETRIC_REPRESENTATION_CONTEXT(2) 
PARAMETRIC_REPRESENTATION_CONTEXT() REPRESENTATION_CONTEXT('2D SPACE',''
  ) );
#1785 = ORIENTED_EDGE('',*,*,#1786,.F.);
#1786 = EDGE_CURVE('',#1787,#1764,#1789,.T.);
#1787 = VERTEX_POINT('',#1788);
#1788 = CARTESIAN_POINT('',(-28.8,-38.16011074771,71.719142504841));
#1789 = SURFACE_CURVE('',#1790,(#1794,#1800),.PCURVE_S1.);
#1790 = LINE('',#1791,#1792);
#1791 = CARTESIAN_POINT('',(-28.8,-34.81716971839,33.509151694656));
#1792 = VECTOR('',#1793,1.);
#1793 = DIRECTION('',(0.,8.715574274766E-02,-0.996194698092));
#1794 = PCURVE('',#725,#1795);
#1795 = DEFINITIONAL_REPRESENTATION('',(#1796),#1799);
#1796 = B_SPLINE_CURVE_WITH_KNOTS('',1,(#1797,#1798),.UNSPECIFIED.,.F.,
  .F.,(2,2),(-40.29509568114,-11.8),.PIECEWISE_BEZIER_KNOTS.);
#1797 = CARTESIAN_POINT('',(28.495095681143,-25.3));
#1798 = CARTESIAN_POINT('',(0.,-25.3));
#1799 = ( GEOMETRIC_REPRESENTATION_CONTEXT(2) 
PARAMETRIC_REPRESENTATION_CONTEXT() REPRESENTATION_CONTEXT('2D SPACE',''
  ) );
#1800 = PCURVE('',#1561,#1801);
#1801 = DEFINITIONAL_REPRESENTATION('',(#1802),#1805);
#1802 = B_SPLINE_CURVE_WITH_KNOTS('',1,(#1803,#1804),.UNSPECIFIED.,.F.,
  .F.,(2,2),(-40.29509568114,-11.8),.PIECEWISE_BEZIER_KNOTS.);
#1803 = CARTESIAN_POINT('',(52.095095681143,0.8));
#1804 = CARTESIAN_POINT('',(23.6,0.8));
#1805 = ( GEOMETRIC_REPRESENTATION_CONTEXT(2) 
PARAMETRIC_REPRESENTATION_CONTEXT() REPRESENTATION_CONTEXT('2D SPACE',''
  ) );
#1806 = ORIENTED_EDGE('',*,*,#1807,.F.);
#1807 = EDGE_CURVE('',#1808,#1787,#1810,.T.);
#1808 = VERTEX_POINT('',#1809);
#1809 = CARTESIAN_POINT('',(-28.8,-36.94408356261,68.657529126517));
#1810 = SURFACE_CURVE('',#1811,(#1816,#1823),.PCURVE_S1.);
#1811 = CIRCLE('',#1812,5.744562646538);
#1812 = AXIS2_PLACEMENT_3D('',#1813,#1814,#1815);
#1813 = CARTESIAN_POINT('',(-28.8,-42.66678641395,68.156857502297));
#1814 = DIRECTION('',(1.,0.,0.));
#1815 = DIRECTION('',(-0.,0.,1.));
#1816 = PCURVE('',#725,#1817);
#1817 = DEFINITIONAL_REPRESENTATION('',(#1818),#1822);
#1818 = CIRCLE('',#1819,5.744562646538);
#1819 = AXIS2_PLACEMENT_2D('',#1820,#1821);
#1820 = CARTESIAN_POINT('',(23.4,-20.5));
#1821 = DIRECTION('',(0.996194698092,-8.715574274766E-02));
#1822 = ( GEOMETRIC_REPRESENTATION_CONTEXT(2) 
PARAMETRIC_REPRESENTATION_CONTEXT() REPRESENTATION_CONTEXT('2D SPACE',''
  ) );
#1823 = PCURVE('',#1824,#1829);
#1824 = SPHERICAL_SURFACE('',#1825,7.);
#1825 = AXIS2_PLACEMENT_3D('',#1826,#1827,#1828);
#1826 = CARTESIAN_POINT('',(-24.8,-42.66678641395,68.156857502297));
#1827 = DIRECTION('',(0.,-0.996194698092,-8.715574274766E-02));
#1828 = DIRECTION('',(-1.,0.,0.));
#1829 = DEFINITIONAL_REPRESENTATION('',(#1830),#1861);
#1830 = B_SPLINE_CURVE_WITH_KNOTS('',8,(#1831,#1832,#1833,#1834,#1835,
    #1836,#1837,#1838,#1839,#1840,#1841,#1842,#1843,#1844,#1845,#1846,
    #1847,#1848,#1849,#1850,#1851,#1852,#1853,#1854,#1855,#1856,#1857,
    #1858,#1859,#1860),.UNSPECIFIED.,.F.,.F.,(9,7,7,7,9),(4.799655442984
    ,5.192354524683,5.486878835957,5.928665302868,6.370451769779),
  .UNSPECIFIED.);
#1831 = CARTESIAN_POINT('',(-3.552713678801E-15,-0.962550747885));
#1832 = CARTESIAN_POINT('',(-7.049638987676E-02,-0.962550747885));
#1833 = CARTESIAN_POINT('',(-0.140992582374,-0.958595868713));
#1834 = CARTESIAN_POINT('',(-0.210163710048,-0.950686497122));
#1835 = CARTESIAN_POINT('',(-0.27667649117,-0.938966982792));
#1836 = CARTESIAN_POINT('',(-0.33950784994,-0.923735037339));
#1837 = CARTESIAN_POINT('',(-0.398178129877,-0.90534833796));
#1838 = CARTESIAN_POINT('',(-0.452504854668,-0.884165073387));
#1839 = CARTESIAN_POINT('',(-0.54004230647,-0.842790702736));
#1840 = CARTESIAN_POINT('',(-0.575136488541,-0.823675431502));
#1841 = CARTESIAN_POINT('',(-0.607823984394,-0.803319293034));
#1842 = CARTESIAN_POINT('',(-0.638186832344,-0.781856989165));
#1843 = CARTESIAN_POINT('',(-0.666343332035,-0.75941118963));
#1844 = CARTESIAN_POINT('',(-0.692426119981,-0.736090673299));
#1845 = CARTESIAN_POINT('',(-0.71656891513,-0.711990813741));
#1846 = CARTESIAN_POINT('',(-0.772401463476,-0.650004802117));
#1847 = CARTESIAN_POINT('',(-0.801828816967,-0.611250315395));
#1848 = CARTESIAN_POINT('',(-0.827623325626,-0.571218329025));
#1849 = CARTESIAN_POINT('',(-0.850200331169,-0.530136239255));
#1850 = CARTESIAN_POINT('',(-0.869910535267,-0.488186095906));
#1851 = CARTESIAN_POINT('',(-0.887040148735,-0.445516743234));
#1852 = CARTESIAN_POINT('',(-0.901824997923,-0.402253589459));
#1853 = CARTESIAN_POINT('',(-0.927078492615,-0.314754670923));
#1854 = CARTESIAN_POINT('',(-0.937547197599,-0.270518949048));
#1855 = CARTESIAN_POINT('',(-0.946045129328,-0.225904419098));
#1856 = CARTESIAN_POINT('',(-0.952712018688,-0.181001365719));
#1857 = CARTESIAN_POINT('',(-0.957647540617,-0.135888605214));
#1858 = CARTESIAN_POINT('',(-0.96091636096,-9.063818883033E-02));
#1859 = CARTESIAN_POINT('',(-0.962550747885,-4.531910777792E-02));
#1860 = CARTESIAN_POINT('',(-0.962550747885,-2.030122102172E-15));
#1861 = ( GEOMETRIC_REPRESENTATION_CONTEXT(2) 
PARAMETRIC_REPRESENTATION_CONTEXT() REPRESENTATION_CONTEXT('2D SPACE',''
  ) );
#1862 = ORIENTED_EDGE('',*,*,#1863,.F.);
#1863 = EDGE_CURVE('',#1864,#1808,#1866,.T.);
#1864 = VERTEX_POINT('',#1865);
#1865 = CARTESIAN_POINT('',(-28.8,-34.90463918231,45.34657319117));
#1866 = SURFACE_CURVE('',#1867,(#1871,#1877),.PCURVE_S1.);
#1867 = LINE('',#1868,#1869);
#1868 = CARTESIAN_POINT('',(-28.8,-32.67345216797,19.843988920021));
#1869 = VECTOR('',#1870,1.);
#1870 = DIRECTION('',(0.,-8.715574274766E-02,0.996194698092));
#1871 = PCURVE('',#725,#1872);
#1872 = DEFINITIONAL_REPRESENTATION('',(#1873),#1876);
#1873 = B_SPLINE_CURVE_WITH_KNOTS('',1,(#1874,#1875),.UNSPECIFIED.,.F.,
  .F.,(2,2),(22.56,49.0000006),.PIECEWISE_BEZIER_KNOTS.);
#1874 = CARTESIAN_POINT('',(-3.04,-26.24456264653));
#1875 = CARTESIAN_POINT('',(23.4000006,-26.24456264653));
#1876 = ( GEOMETRIC_REPRESENTATION_CONTEXT(2) 
PARAMETRIC_REPRESENTATION_CONTEXT() REPRESENTATION_CONTEXT('2D SPACE',''
  ) );
#1877 = PCURVE('',#876,#1878);
#1878 = DEFINITIONAL_REPRESENTATION('',(#1879),#1882);
#1879 = B_SPLINE_CURVE_WITH_KNOTS('',1,(#1880,#1881),.UNSPECIFIED.,.F.,
  .F.,(2,2),(22.56,49.0000006),.PIECEWISE_BEZIER_KNOTS.);
#1880 = CARTESIAN_POINT('',(-0.962550747885,22.56));
#1881 = CARTESIAN_POINT('',(-0.962550747885,49.0000006));
#1882 = ( GEOMETRIC_REPRESENTATION_CONTEXT(2) 
PARAMETRIC_REPRESENTATION_CONTEXT() REPRESENTATION_CONTEXT('2D SPACE',''
  ) );
#1883 = ORIENTED_EDGE('',*,*,#1884,.T.);
#1884 = EDGE_CURVE('',#1864,#810,#1885,.T.);
#1885 = SURFACE_CURVE('',#1886,(#1890,#1897),.PCURVE_S1.);
#1886 = LINE('',#1887,#1888);
#1887 = CARTESIAN_POINT('',(-28.8,-61.04933334453,43.059208840623));
#1888 = VECTOR('',#1889,1.);
#1889 = DIRECTION('',(0.,0.996194698092,8.715574274766E-02));
#1890 = PCURVE('',#725,#1891);
#1891 = DEFINITIONAL_REPRESENTATION('',(#1892),#1896);
#1892 = LINE('',#1893,#1894);
#1893 = CARTESIAN_POINT('',(0.,0.));
#1894 = VECTOR('',#1895,1.);
#1895 = DIRECTION('',(0.,-1.));
#1896 = ( GEOMETRIC_REPRESENTATION_CONTEXT(2) 
PARAMETRIC_REPRESENTATION_CONTEXT() REPRESENTATION_CONTEXT('2D SPACE',''
  ) );
#1897 = PCURVE('',#848,#1898);
#1898 = DEFINITIONAL_REPRESENTATION('',(#1899),#1903);
#1899 = LINE('',#1900,#1901);
#1900 = CARTESIAN_POINT('',(3.,0.));
#1901 = VECTOR('',#1902,1.);
#1902 = DIRECTION('',(0.,1.));
#1903 = ( GEOMETRIC_REPRESENTATION_CONTEXT(2) 
PARAMETRIC_REPRESENTATION_CONTEXT() REPRESENTATION_CONTEXT('2D SPACE',''
  ) );
#1904 = ORIENTED_EDGE('',*,*,#809,.T.);
#1905 = ADVANCED_FACE('',(#1906),#700,.F.);
#1906 = FACE_BOUND('',#1907,.F.);
#1907 = EDGE_LOOP('',(#1908,#1931,#1932,#1933,#1952,#1953));
#1908 = ORIENTED_EDGE('',*,*,#1909,.F.);
#1909 = EDGE_CURVE('',#660,#1910,#1912,.T.);
#1910 = VERTEX_POINT('',#1911);
#1911 = CARTESIAN_POINT('',(-28.9,-36.10884537614,45.133638142205));
#1912 = SURFACE_CURVE('',#1913,(#1917,#1924),.PCURVE_S1.);
#1913 = LINE('',#1914,#1915);
#1914 = CARTESIAN_POINT('',(-28.9,-39.16046728614,80.000350113918));
#1915 = VECTOR('',#1916,1.);
#1916 = DIRECTION('',(0.,8.718919742862E-02,-0.99619177062));
#1917 = PCURVE('',#700,#1918);
#1918 = DEFINITIONAL_REPRESENTATION('',(#1919),#1923);
#1919 = LINE('',#1920,#1921);
#1920 = CARTESIAN_POINT('',(0.,0.));
#1921 = VECTOR('',#1922,1.);
#1922 = DIRECTION('',(1.,0.));
#1923 = ( GEOMETRIC_REPRESENTATION_CONTEXT(2) 
PARAMETRIC_REPRESENTATION_CONTEXT() REPRESENTATION_CONTEXT('2D SPACE',''
  ) );
#1924 = PCURVE('',#674,#1925);
#1925 = DEFINITIONAL_REPRESENTATION('',(#1926),#1930);
#1926 = LINE('',#1927,#1928);
#1927 = CARTESIAN_POINT('',(0.,24.));
#1928 = VECTOR('',#1929,1.);
#1929 = DIRECTION('',(1.,0.));
#1930 = ( GEOMETRIC_REPRESENTATION_CONTEXT(2) 
PARAMETRIC_REPRESENTATION_CONTEXT() REPRESENTATION_CONTEXT('2D SPACE',''
  ) );
#1931 = ORIENTED_EDGE('',*,*,#685,.F.);
#1932 = ORIENTED_EDGE('',*,*,#1742,.F.);
#1933 = ORIENTED_EDGE('',*,*,#1934,.F.);
#1934 = EDGE_CURVE('',#1573,#1743,#1935,.T.);
#1935 = SURFACE_CURVE('',#1936,(#1940,#1946),.PCURVE_S1.);
#1936 = LINE('',#1937,#1938);
#1937 = CARTESIAN_POINT('',(-30.35,-36.11818955417,45.240401291014));
#1938 = VECTOR('',#1939,1.);
#1939 = DIRECTION('',(-1.,0.,0.));
#1940 = PCURVE('',#700,#1941);
#1941 = DEFINITIONAL_REPRESENTATION('',(#1942),#1945);
#1942 = B_SPLINE_CURVE_WITH_KNOTS('',1,(#1943,#1944),.UNSPECIFIED.,.F.,
  .F.,(2,2),(-19.85,-1.55),.PIECEWISE_BEZIER_KNOTS.);
#1943 = CARTESIAN_POINT('',(34.892828718367,-18.4));
#1944 = CARTESIAN_POINT('',(34.892828718367,-0.1));
#1945 = ( GEOMETRIC_REPRESENTATION_CONTEXT(2) 
PARAMETRIC_REPRESENTATION_CONTEXT() REPRESENTATION_CONTEXT('2D SPACE',''
  ) );
#1946 = PCURVE('',#1588,#1947);
#1947 = DEFINITIONAL_REPRESENTATION('',(#1948),#1951);
#1948 = B_SPLINE_CURVE_WITH_KNOTS('',1,(#1949,#1950),.UNSPECIFIED.,.F.,
  .F.,(2,2),(-19.85,-1.55),.PIECEWISE_BEZIER_KNOTS.);
#1949 = CARTESIAN_POINT('',(21.3,25.026376709407));
#1950 = CARTESIAN_POINT('',(3.,25.026376709407));
#1951 = ( GEOMETRIC_REPRESENTATION_CONTEXT(2) 
PARAMETRIC_REPRESENTATION_CONTEXT() REPRESENTATION_CONTEXT('2D SPACE',''
  ) );
#1952 = ORIENTED_EDGE('',*,*,#1600,.F.);
#1953 = ORIENTED_EDGE('',*,*,#1954,.F.);
#1954 = EDGE_CURVE('',#1910,#1601,#1955,.T.);
#1955 = SURFACE_CURVE('',#1956,(#1960,#1967),.PCURVE_S1.);
#1956 = LINE('',#1957,#1958);
#1957 = CARTESIAN_POINT('',(-28.9,-36.10884537614,45.133638142205));
#1958 = VECTOR('',#1959,1.);
#1959 = DIRECTION('',(1.,0.,0.));
#1960 = PCURVE('',#700,#1961);
#1961 = DEFINITIONAL_REPRESENTATION('',(#1962),#1966);
#1962 = LINE('',#1963,#1964);
#1963 = CARTESIAN_POINT('',(35.,0.));
#1964 = VECTOR('',#1965,1.);
#1965 = DIRECTION('',(0.,-1.));
#1966 = ( GEOMETRIC_REPRESENTATION_CONTEXT(2) 
PARAMETRIC_REPRESENTATION_CONTEXT() REPRESENTATION_CONTEXT('2D SPACE',''
  ) );
#1967 = PCURVE('',#1636,#1968);
#1968 = DEFINITIONAL_REPRESENTATION('',(#1969),#1973);
#1969 = LINE('',#1970,#1971);
#1970 = CARTESIAN_POINT('',(24.,0.));
#1971 = VECTOR('',#1972,1.);
#1972 = DIRECTION('',(0.,1.));
#1973 = ( GEOMETRIC_REPRESENTATION_CONTEXT(2) 
PARAMETRIC_REPRESENTATION_CONTEXT() REPRESENTATION_CONTEXT('2D SPACE',''
  ) );
#1974 = ADVANCED_FACE('',(#1975),#674,.T.);
#1975 = FACE_BOUND('',#1976,.T.);
#1976 = EDGE_LOOP('',(#1977,#1978,#1979,#2002));
#1977 = ORIENTED_EDGE('',*,*,#1909,.F.);
#1978 = ORIENTED_EDGE('',*,*,#659,.F.);
#1979 = ORIENTED_EDGE('',*,*,#1980,.T.);
#1980 = EDGE_CURVE('',#634,#1981,#1983,.T.);
#1981 = VERTEX_POINT('',#1982);
#1982 = CARTESIAN_POINT('',(-28.9,-60.01744787103,43.041097403918));
#1983 = SURFACE_CURVE('',#1984,(#1988,#1995),.PCURVE_S1.);
#1984 = LINE('',#1985,#1986);
#1985 = CARTESIAN_POINT('',(-28.9,-63.06906978103,77.907809375631));
#1986 = VECTOR('',#1987,1.);
#1987 = DIRECTION('',(0.,8.718919742862E-02,-0.99619177062));
#1988 = PCURVE('',#674,#1989);
#1989 = DEFINITIONAL_REPRESENTATION('',(#1990),#1994);
#1990 = LINE('',#1991,#1992);
#1991 = CARTESIAN_POINT('',(0.,0.));
#1992 = VECTOR('',#1993,1.);
#1993 = DIRECTION('',(1.,0.));
#1994 = ( GEOMETRIC_REPRESENTATION_CONTEXT(2) 
PARAMETRIC_REPRESENTATION_CONTEXT() REPRESENTATION_CONTEXT('2D SPACE',''
  ) );
#1995 = PCURVE('',#648,#1996);
#1996 = DEFINITIONAL_REPRESENTATION('',(#1997),#2001);
#1997 = LINE('',#1998,#1999);
#1998 = CARTESIAN_POINT('',(0.,0.));
#1999 = VECTOR('',#2000,1.);
#2000 = DIRECTION('',(1.,0.));
#2001 = ( GEOMETRIC_REPRESENTATION_CONTEXT(2) 
PARAMETRIC_REPRESENTATION_CONTEXT() REPRESENTATION_CONTEXT('2D SPACE',''
  ) );
#2002 = ORIENTED_EDGE('',*,*,#2003,.T.);
#2003 = EDGE_CURVE('',#1981,#1910,#2004,.T.);
#2004 = SURFACE_CURVE('',#2005,(#2009,#2016),.PCURVE_S1.);
#2005 = LINE('',#2006,#2007);
#2006 = CARTESIAN_POINT('',(-28.9,-60.01744787103,43.041097403918));
#2007 = VECTOR('',#2008,1.);
#2008 = DIRECTION('',(0.,0.99619177062,8.718919742862E-02));
#2009 = PCURVE('',#674,#2010);
#2010 = DEFINITIONAL_REPRESENTATION('',(#2011),#2015);
#2011 = LINE('',#2012,#2013);
#2012 = CARTESIAN_POINT('',(35.,0.));
#2013 = VECTOR('',#2014,1.);
#2014 = DIRECTION('',(0.,1.));
#2015 = ( GEOMETRIC_REPRESENTATION_CONTEXT(2) 
PARAMETRIC_REPRESENTATION_CONTEXT() REPRESENTATION_CONTEXT('2D SPACE',''
  ) );
#2016 = PCURVE('',#1636,#2017);
#2017 = DEFINITIONAL_REPRESENTATION('',(#2018),#2022);
#2018 = LINE('',#2019,#2020);
#2019 = CARTESIAN_POINT('',(0.,0.));
#2020 = VECTOR('',#2021,1.);
#2021 = DIRECTION('',(1.,0.));
#2022 = ( GEOMETRIC_REPRESENTATION_CONTEXT(2) 
PARAMETRIC_REPRESENTATION_CONTEXT() REPRESENTATION_CONTEXT('2D SPACE',''
  ) );
#2023 = ADVANCED_FACE('',(#2024),#648,.T.);
#2024 = FACE_BOUND('',#2025,.T.);
#2025 = EDGE_LOOP('',(#2026,#2027,#2028,#2029,#2030,#2031));
#2026 = ORIENTED_EDGE('',*,*,#1980,.F.);
#2027 = ORIENTED_EDGE('',*,*,#633,.F.);
#2028 = ORIENTED_EDGE('',*,*,#1694,.F.);
#2029 = ORIENTED_EDGE('',*,*,#1719,.F.);
#2030 = ORIENTED_EDGE('',*,*,#1647,.F.);
#2031 = ORIENTED_EDGE('',*,*,#2032,.F.);
#2032 = EDGE_CURVE('',#1981,#1622,#2033,.T.);
#2033 = SURFACE_CURVE('',#2034,(#2038,#2045),.PCURVE_S1.);
#2034 = LINE('',#2035,#2036);
#2035 = CARTESIAN_POINT('',(-28.9,-60.01744787103,43.041097403918));
#2036 = VECTOR('',#2037,1.);
#2037 = DIRECTION('',(1.,0.,0.));
#2038 = PCURVE('',#648,#2039);
#2039 = DEFINITIONAL_REPRESENTATION('',(#2040),#2044);
#2040 = LINE('',#2041,#2042);
#2041 = CARTESIAN_POINT('',(35.,0.));
#2042 = VECTOR('',#2043,1.);
#2043 = DIRECTION('',(0.,-1.));
#2044 = ( GEOMETRIC_REPRESENTATION_CONTEXT(2) 
PARAMETRIC_REPRESENTATION_CONTEXT() REPRESENTATION_CONTEXT('2D SPACE',''
  ) );
#2045 = PCURVE('',#1636,#2046);
#2046 = DEFINITIONAL_REPRESENTATION('',(#2047),#2051);
#2047 = LINE('',#2048,#2049);
#2048 = CARTESIAN_POINT('',(0.,0.));
#2049 = VECTOR('',#2050,1.);
#2050 = DIRECTION('',(0.,1.));
#2051 = ( GEOMETRIC_REPRESENTATION_CONTEXT(2) 
PARAMETRIC_REPRESENTATION_CONTEXT() REPRESENTATION_CONTEXT('2D SPACE',''
  ) );
#2052 = ADVANCED_FACE('',(#2053),#991,.F.);
#2053 = FACE_BOUND('',#2054,.F.);
#2054 = EDGE_LOOP('',(#2055,#2056,#2079,#2098));
#2055 = ORIENTED_EDGE('',*,*,#1200,.F.);
#2056 = ORIENTED_EDGE('',*,*,#2057,.T.);
#2057 = EDGE_CURVE('',#1175,#2058,#2060,.T.);
#2058 = VERTEX_POINT('',#2059);
#2059 = CARTESIAN_POINT('',(-6.044171941429,-33.48136512941,
    59.926099196513));
#2060 = SURFACE_CURVE('',#2061,(#2065,#2072),.PCURVE_S1.);
#2061 = LINE('',#2062,#2063);
#2062 = CARTESIAN_POINT('',(-15.6697993184,-30.34923878064,
    24.139573053273));
#2063 = VECTOR('',#2064,1.);
#2064 = DIRECTION('',(0.258819045103,-8.421829756972E-02,0.962247359179)
  );
#2065 = PCURVE('',#991,#2066);
#2066 = DEFINITIONAL_REPRESENTATION('',(#2067),#2071);
#2067 = LINE('',#2068,#2069);
#2068 = CARTESIAN_POINT('',(0.,0.));
#2069 = VECTOR('',#2070,1.);
#2070 = DIRECTION('',(1.,0.));
#2071 = ( GEOMETRIC_REPRESENTATION_CONTEXT(2) 
PARAMETRIC_REPRESENTATION_CONTEXT() REPRESENTATION_CONTEXT('2D SPACE',''
  ) );
#2072 = PCURVE('',#1189,#2073);
#2073 = DEFINITIONAL_REPRESENTATION('',(#2074),#2078);
#2074 = LINE('',#2075,#2076);
#2075 = CARTESIAN_POINT('',(-2.5,23.3));
#2076 = VECTOR('',#2077,1.);
#2077 = DIRECTION('',(1.,0.));
#2078 = ( GEOMETRIC_REPRESENTATION_CONTEXT(2) 
PARAMETRIC_REPRESENTATION_CONTEXT() REPRESENTATION_CONTEXT('2D SPACE',''
  ) );
#2079 = ORIENTED_EDGE('',*,*,#2080,.T.);
#2080 = EDGE_CURVE('',#2058,#953,#2081,.T.);
#2081 = SURFACE_CURVE('',#2082,(#2086,#2092),.PCURVE_S1.);
#2082 = LINE('',#2083,#2084);
#2083 = CARTESIAN_POINT('',(-6.044037272235,-48.39030391567,
    58.621736067514));
#2084 = VECTOR('',#2085,1.);
#2085 = DIRECTION('',(8.998409580703E-06,-0.996194698051,
    -8.715574274413E-02));
#2086 = PCURVE('',#991,#2087);
#2087 = DEFINITIONAL_REPRESENTATION('',(#2088),#2091);
#2088 = B_SPLINE_CURVE_WITH_KNOTS('',1,(#2089,#2090),.UNSPECIFIED.,.F.,
  .F.,(2,2),(-14.96588851096,-13.53183807042),.PIECEWISE_BEZIER_KNOTS.);
#2089 = CARTESIAN_POINT('',(37.190568310605,-1.409018917779E-15));
#2090 = CARTESIAN_POINT('',(37.190618168501,1.434050439676));
#2091 = ( GEOMETRIC_REPRESENTATION_CONTEXT(2) 
PARAMETRIC_REPRESENTATION_CONTEXT() REPRESENTATION_CONTEXT('2D SPACE',''
  ) );
#2092 = PCURVE('',#967,#2093);
#2093 = DEFINITIONAL_REPRESENTATION('',(#2094),#2097);
#2094 = B_SPLINE_CURVE_WITH_KNOTS('',1,(#2095,#2096),.UNSPECIFIED.,.F.,
  .F.,(2,2),(-14.96588851096,-13.53183807042),.PIECEWISE_BEZIER_KNOTS.);
#2095 = CARTESIAN_POINT('',(4.455828058571,29.933110129875));
#2096 = CARTESIAN_POINT('',(4.455840962744,28.499059689391));
#2097 = ( GEOMETRIC_REPRESENTATION_CONTEXT(2) 
PARAMETRIC_REPRESENTATION_CONTEXT() REPRESENTATION_CONTEXT('2D SPACE',''
  ) );
#2098 = ORIENTED_EDGE('',*,*,#978,.T.);
#2099 = ADVANCED_FACE('',(#2100),#967,.T.);
#2100 = FACE_BOUND('',#2101,.T.);
#2101 = EDGE_LOOP('',(#2102,#2125,#2146,#2165,#2166,#2187,#2213,#2239,
    #2268,#2294,#2323,#2349,#2375,#2394,#2395));
#2102 = ORIENTED_EDGE('',*,*,#2103,.F.);
#2103 = EDGE_CURVE('',#2104,#927,#2106,.T.);
#2104 = VERTEX_POINT('',#2105);
#2105 = CARTESIAN_POINT('',(-10.5,-37.10065017838,59.60945278466));
#2106 = SURFACE_CURVE('',#2107,(#2111,#2118),.PCURVE_S1.);
#2107 = LINE('',#2108,#2109);
#2108 = CARTESIAN_POINT('',(-10.5,-63.30057073819,57.317256750397));
#2109 = VECTOR('',#2110,1.);
#2110 = DIRECTION('',(0.,0.996194698092,8.715574274766E-02));
#2111 = PCURVE('',#967,#2112);
#2112 = DEFINITIONAL_REPRESENTATION('',(#2113),#2117);
#2113 = LINE('',#2114,#2115);
#2114 = CARTESIAN_POINT('',(0.,0.));
#2115 = VECTOR('',#2116,1.);
#2116 = DIRECTION('',(0.,1.));
#2117 = ( GEOMETRIC_REPRESENTATION_CONTEXT(2) 
PARAMETRIC_REPRESENTATION_CONTEXT() REPRESENTATION_CONTEXT('2D SPACE',''
  ) );
#2118 = PCURVE('',#941,#2119);
#2119 = DEFINITIONAL_REPRESENTATION('',(#2120),#2124);
#2120 = LINE('',#2121,#2122);
#2121 = CARTESIAN_POINT('',(0.,0.));
#2122 = VECTOR('',#2123,1.);
#2123 = DIRECTION('',(0.,-1.));
#2124 = ( GEOMETRIC_REPRESENTATION_CONTEXT(2) 
PARAMETRIC_REPRESENTATION_CONTEXT() REPRESENTATION_CONTEXT('2D SPACE',''
  ) );
#2125 = ORIENTED_EDGE('',*,*,#2126,.T.);
#2126 = EDGE_CURVE('',#2104,#2127,#2129,.T.);
#2127 = VERTEX_POINT('',#2128);
#2128 = CARTESIAN_POINT('',(-6.044139249216,-37.10065017838,
    59.60945278466));
#2129 = SURFACE_CURVE('',#2130,(#2134,#2140),.PCURVE_S1.);
#2130 = LINE('',#2131,#2132);
#2131 = CARTESIAN_POINT('',(-20.05,-37.10065017838,59.60945278466));
#2132 = VECTOR('',#2133,1.);
#2133 = DIRECTION('',(1.,0.,-0.));
#2134 = PCURVE('',#967,#2135);
#2135 = DEFINITIONAL_REPRESENTATION('',(#2136),#2139);
#2136 = B_SPLINE_CURVE_WITH_KNOTS('',1,(#2137,#2138),.UNSPECIFIED.,.F.,
  .F.,(2,2),(9.55,30.85),.PIECEWISE_BEZIER_KNOTS.);
#2137 = CARTESIAN_POINT('',(0.,26.3));
#2138 = CARTESIAN_POINT('',(21.3,26.3));
#2139 = ( GEOMETRIC_REPRESENTATION_CONTEXT(2) 
PARAMETRIC_REPRESENTATION_CONTEXT() REPRESENTATION_CONTEXT('2D SPACE',''
  ) );
#2140 = PCURVE('',#1561,#2141);
#2141 = DEFINITIONAL_REPRESENTATION('',(#2142),#2145);
#2142 = B_SPLINE_CURVE_WITH_KNOTS('',1,(#2143,#2144),.UNSPECIFIED.,.F.,
  .F.,(2,2),(9.55,30.85),.PIECEWISE_BEZIER_KNOTS.);
#2143 = CARTESIAN_POINT('',(38.,19.1));
#2144 = CARTESIAN_POINT('',(38.,40.4));
#2145 = ( GEOMETRIC_REPRESENTATION_CONTEXT(2) 
PARAMETRIC_REPRESENTATION_CONTEXT() REPRESENTATION_CONTEXT('2D SPACE',''
  ) );
#2146 = ORIENTED_EDGE('',*,*,#2147,.T.);
#2147 = EDGE_CURVE('',#2127,#1354,#2148,.T.);
#2148 = SURFACE_CURVE('',#2149,(#2153,#2159),.PCURVE_S1.);
#2149 = LINE('',#2150,#2151);
#2150 = CARTESIAN_POINT('',(-6.044037272235,-48.39030391567,
    58.621736067514));
#2151 = VECTOR('',#2152,1.);
#2152 = DIRECTION('',(8.998409580703E-06,-0.996194698051,
    -8.715574274413E-02));
#2153 = PCURVE('',#967,#2154);
#2154 = DEFINITIONAL_REPRESENTATION('',(#2155),#2158);
#2155 = B_SPLINE_CURVE_WITH_KNOTS('',1,(#2156,#2157),.UNSPECIFIED.,.F.,
  .F.,(2,2),(-11.33278192661,8.834111503417),.PIECEWISE_BEZIER_KNOTS.);
#2156 = CARTESIAN_POINT('',(4.455860750752,26.300003545672));
#2157 = CARTESIAN_POINT('',(4.456042220719,6.133110116454));
#2158 = ( GEOMETRIC_REPRESENTATION_CONTEXT(2) 
PARAMETRIC_REPRESENTATION_CONTEXT() REPRESENTATION_CONTEXT('2D SPACE',''
  ) );
#2159 = PCURVE('',#1390,#2160);
#2160 = DEFINITIONAL_REPRESENTATION('',(#2161),#2164);
#2161 = B_SPLINE_CURVE_WITH_KNOTS('',1,(#2162,#2163),.UNSPECIFIED.,.F.,
  .F.,(2,2),(-11.33278192661,8.834111503417),.PIECEWISE_BEZIER_KNOTS.);
#2162 = CARTESIAN_POINT('',(37.190694623493,3.633106582154));
#2163 = CARTESIAN_POINT('',(37.191395769604,23.8));
#2164 = ( GEOMETRIC_REPRESENTATION_CONTEXT(2) 
PARAMETRIC_REPRESENTATION_CONTEXT() REPRESENTATION_CONTEXT('2D SPACE',''
  ) );
#2165 = ORIENTED_EDGE('',*,*,#1353,.F.);
#2166 = ORIENTED_EDGE('',*,*,#2167,.F.);
#2167 = EDGE_CURVE('',#2168,#1326,#2170,.T.);
#2168 = VERTEX_POINT('',#2169);
#2169 = CARTESIAN_POINT('',(-5.621815705211,-37.10065017838,
    59.60945278466));
#2170 = SURFACE_CURVE('',#2171,(#2175,#2181),.PCURVE_S1.);
#2171 = LINE('',#2172,#2173);
#2172 = CARTESIAN_POINT('',(-5.623236186483,-48.39129865529,
    58.621649039074));
#2173 = VECTOR('',#2174,1.);
#2174 = DIRECTION('',(-1.253316764101E-04,-0.996194690268,
    -8.715574206314E-02));
#2175 = PCURVE('',#967,#2176);
#2176 = DEFINITIONAL_REPRESENTATION('',(#2177),#2180);
#2177 = B_SPLINE_CURVE_WITH_KNOTS('',1,(#2178,#2179),.UNSPECIFIED.,.F.,
  .F.,(2,2),(-11.33378055453,8.833113033072),.PIECEWISE_BEZIER_KNOTS.);
#2178 = CARTESIAN_POINT('',(4.878184295234,26.300003545672));
#2179 = CARTESIAN_POINT('',(4.875656744653,6.133110116454));
#2180 = ( GEOMETRIC_REPRESENTATION_CONTEXT(2) 
PARAMETRIC_REPRESENTATION_CONTEXT() REPRESENTATION_CONTEXT('2D SPACE',''
  ) );
#2181 = PCURVE('',#1341,#2182);
#2182 = DEFINITIONAL_REPRESENTATION('',(#2183),#2186);
#2183 = B_SPLINE_CURVE_WITH_KNOTS('',1,(#2184,#2185),.UNSPECIFIED.,.F.,
  .F.,(2,2),(-11.33378055453,8.833113033072),.PIECEWISE_BEZIER_KNOTS.);
#2184 = CARTESIAN_POINT('',(3.633106582154,0.407933218665));
#2185 = CARTESIAN_POINT('',(23.8,0.405316505754));
#2186 = ( GEOMETRIC_REPRESENTATION_CONTEXT(2) 
PARAMETRIC_REPRESENTATION_CONTEXT() REPRESENTATION_CONTEXT('2D SPACE',''
  ) );
#2187 = ORIENTED_EDGE('',*,*,#2188,.T.);
#2188 = EDGE_CURVE('',#2168,#2189,#2191,.T.);
#2189 = VERTEX_POINT('',#2190);
#2190 = CARTESIAN_POINT('',(10.8,-37.10065017838,59.60945278466));
#2191 = SURFACE_CURVE('',#2192,(#2196,#2202),.PCURVE_S1.);
#2192 = LINE('',#2193,#2194);
#2193 = CARTESIAN_POINT('',(-20.05,-37.10065017838,59.60945278466));
#2194 = VECTOR('',#2195,1.);
#2195 = DIRECTION('',(1.,0.,-0.));
#2196 = PCURVE('',#967,#2197);
#2197 = DEFINITIONAL_REPRESENTATION('',(#2198),#2201);
#2198 = B_SPLINE_CURVE_WITH_KNOTS('',1,(#2199,#2200),.UNSPECIFIED.,.F.,
  .F.,(2,2),(9.55,30.85),.PIECEWISE_BEZIER_KNOTS.);
#2199 = CARTESIAN_POINT('',(0.,26.3));
#2200 = CARTESIAN_POINT('',(21.3,26.3));
#2201 = ( GEOMETRIC_REPRESENTATION_CONTEXT(2) 
PARAMETRIC_REPRESENTATION_CONTEXT() REPRESENTATION_CONTEXT('2D SPACE',''
  ) );
#2202 = PCURVE('',#2203,#2208);
#2203 = PLANE('',#2204);
#2204 = AXIS2_PLACEMENT_3D('',#2205,#2206,#2207);
#2205 = CARTESIAN_POINT('',(-29.6,-33.78873195397,21.754054257174));
#2206 = DIRECTION('',(0.,0.996194698092,8.715574274766E-02));
#2207 = DIRECTION('',(0.,-8.715574274766E-02,0.996194698092));
#2208 = DEFINITIONAL_REPRESENTATION('',(#2209),#2212);
#2209 = B_SPLINE_CURVE_WITH_KNOTS('',1,(#2210,#2211),.UNSPECIFIED.,.F.,
  .F.,(2,2),(9.55,30.85),.PIECEWISE_BEZIER_KNOTS.);
#2210 = CARTESIAN_POINT('',(38.,19.1));
#2211 = CARTESIAN_POINT('',(38.,40.4));
#2212 = ( GEOMETRIC_REPRESENTATION_CONTEXT(2) 
PARAMETRIC_REPRESENTATION_CONTEXT() REPRESENTATION_CONTEXT('2D SPACE',''
  ) );
#2213 = ORIENTED_EDGE('',*,*,#2214,.T.);
#2214 = EDGE_CURVE('',#2189,#2215,#2217,.T.);
#2215 = VERTEX_POINT('',#2216);
#2216 = CARTESIAN_POINT('',(10.8,-60.40672045728,57.570435843918));
#2217 = SURFACE_CURVE('',#2218,(#2222,#2228),.PCURVE_S1.);
#2218 = LINE('',#2219,#2220);
#2219 = CARTESIAN_POINT('',(10.8,-63.30057073819,57.317256750397));
#2220 = VECTOR('',#2221,1.);
#2221 = DIRECTION('',(0.,-0.996194698092,-8.715574274766E-02));
#2222 = PCURVE('',#967,#2223);
#2223 = DEFINITIONAL_REPRESENTATION('',(#2224),#2227);
#2224 = B_SPLINE_CURVE_WITH_KNOTS('',1,(#2225,#2226),.UNSPECIFIED.,.F.,
  .F.,(2,2),(-26.3,-2.904904318857),.PIECEWISE_BEZIER_KNOTS.);
#2225 = CARTESIAN_POINT('',(21.3,26.3));
#2226 = CARTESIAN_POINT('',(21.3,2.904904318857));
#2227 = ( GEOMETRIC_REPRESENTATION_CONTEXT(2) 
PARAMETRIC_REPRESENTATION_CONTEXT() REPRESENTATION_CONTEXT('2D SPACE',''
  ) );
#2228 = PCURVE('',#2229,#2234);
#2229 = PLANE('',#2230);
#2230 = AXIS2_PLACEMENT_3D('',#2231,#2232,#2233);
#2231 = CARTESIAN_POINT('',(10.8,-59.98865251378,19.46185822291));
#2232 = DIRECTION('',(1.,0.,0.));
#2233 = DIRECTION('',(0.,-8.715574274766E-02,0.996194698092));
#2234 = DEFINITIONAL_REPRESENTATION('',(#2235),#2238);
#2235 = B_SPLINE_CURVE_WITH_KNOTS('',1,(#2236,#2237),.UNSPECIFIED.,.F.,
  .F.,(2,2),(-26.3,-2.904904318857),.PIECEWISE_BEZIER_KNOTS.);
#2236 = CARTESIAN_POINT('',(38.,-26.3));
#2237 = CARTESIAN_POINT('',(38.,-2.904904318857));
#2238 = ( GEOMETRIC_REPRESENTATION_CONTEXT(2) 
PARAMETRIC_REPRESENTATION_CONTEXT() REPRESENTATION_CONTEXT('2D SPACE',''
  ) );
#2239 = ORIENTED_EDGE('',*,*,#2240,.T.);
#2240 = EDGE_CURVE('',#2215,#2241,#2243,.T.);
#2241 = VERTEX_POINT('',#2242);
#2242 = CARTESIAN_POINT('',(13.,-55.33101315346,58.014502692378));
#2243 = SURFACE_CURVE('',#2244,(#2249,#2256),.PCURVE_S1.);
#2244 = CIRCLE('',#2245,7.);
#2245 = AXIS2_PLACEMENT_3D('',#2246,#2247,#2248);
#2246 = CARTESIAN_POINT('',(6.,-55.33101315346,58.014502692378));
#2247 = DIRECTION('',(0.,-8.715574274766E-02,0.996194698092));
#2248 = DIRECTION('',(1.,0.,0.));
#2249 = PCURVE('',#967,#2250);
#2250 = DEFINITIONAL_REPRESENTATION('',(#2251),#2255);
#2251 = CIRCLE('',#2252,7.);
#2252 = AXIS2_PLACEMENT_2D('',#2253,#2254);
#2253 = CARTESIAN_POINT('',(16.5,8.));
#2254 = DIRECTION('',(1.,0.));
#2255 = ( GEOMETRIC_REPRESENTATION_CONTEXT(2) 
PARAMETRIC_REPRESENTATION_CONTEXT() REPRESENTATION_CONTEXT('2D SPACE',''
  ) );
#2256 = PCURVE('',#2257,#2262);
#2257 = CYLINDRICAL_SURFACE('',#2258,7.);
#2258 = AXIS2_PLACEMENT_3D('',#2259,#2260,#2261);
#2259 = CARTESIAN_POINT('',(6.,-51.84478344355,18.166714768708));
#2260 = DIRECTION('',(0.,-8.715574274766E-02,0.996194698092));
#2261 = DIRECTION('',(1.,0.,0.));
#2262 = DEFINITIONAL_REPRESENTATION('',(#2263),#2267);
#2263 = LINE('',#2264,#2265);
#2264 = CARTESIAN_POINT('',(-6.28318530718,40.));
#2265 = VECTOR('',#2266,1.);
#2266 = DIRECTION('',(1.,-0.));
#2267 = ( GEOMETRIC_REPRESENTATION_CONTEXT(2) 
PARAMETRIC_REPRESENTATION_CONTEXT() REPRESENTATION_CONTEXT('2D SPACE',''
  ) );
#2268 = ORIENTED_EDGE('',*,*,#2269,.F.);
#2269 = EDGE_CURVE('',#2270,#2241,#2272,.T.);
#2270 = VERTEX_POINT('',#2271);
#2271 = CARTESIAN_POINT('',(13.,-41.88238472922,59.191105219471));
#2272 = SURFACE_CURVE('',#2273,(#2277,#2283),.PCURVE_S1.);
#2273 = LINE('',#2274,#2275);
#2274 = CARTESIAN_POINT('',(13.,-62.80247338914,57.360834621771));
#2275 = VECTOR('',#2276,1.);
#2276 = DIRECTION('',(0.,-0.996194698092,-8.715574274766E-02));
#2277 = PCURVE('',#967,#2278);
#2278 = DEFINITIONAL_REPRESENTATION('',(#2279),#2282);
#2279 = B_SPLINE_CURVE_WITH_KNOTS('',1,(#2280,#2281),.UNSPECIFIED.,.F.,
  .F.,(2,2),(-21.,-7.5),.PIECEWISE_BEZIER_KNOTS.);
#2280 = CARTESIAN_POINT('',(23.5,21.5));
#2281 = CARTESIAN_POINT('',(23.5,8.));
#2282 = ( GEOMETRIC_REPRESENTATION_CONTEXT(2) 
PARAMETRIC_REPRESENTATION_CONTEXT() REPRESENTATION_CONTEXT('2D SPACE',''
  ) );
#2283 = PCURVE('',#2284,#2289);
#2284 = PLANE('',#2285);
#2285 = AXIS2_PLACEMENT_3D('',#2286,#2287,#2288);
#2286 = CARTESIAN_POINT('',(13.,-58.81814633019,17.556624569475));
#2287 = DIRECTION('',(1.,0.,0.));
#2288 = DIRECTION('',(0.,-8.715574274766E-02,0.996194698092));
#2289 = DEFINITIONAL_REPRESENTATION('',(#2290),#2293);
#2290 = B_SPLINE_CURVE_WITH_KNOTS('',1,(#2291,#2292),.UNSPECIFIED.,.F.,
  .F.,(2,2),(-21.,-7.5),.PIECEWISE_BEZIER_KNOTS.);
#2291 = CARTESIAN_POINT('',(40.,-20.5));
#2292 = CARTESIAN_POINT('',(40.,-7.));
#2293 = ( GEOMETRIC_REPRESENTATION_CONTEXT(2) 
PARAMETRIC_REPRESENTATION_CONTEXT() REPRESENTATION_CONTEXT('2D SPACE',''
  ) );
#2294 = ORIENTED_EDGE('',*,*,#2295,.T.);
#2295 = EDGE_CURVE('',#2270,#2296,#2298,.T.);
#2296 = VERTEX_POINT('',#2297);
#2297 = CARTESIAN_POINT('',(6.,-34.90902184258,59.801195418705));
#2298 = SURFACE_CURVE('',#2299,(#2304,#2311),.PCURVE_S1.);
#2299 = CIRCLE('',#2300,7.);
#2300 = AXIS2_PLACEMENT_3D('',#2301,#2302,#2303);
#2301 = CARTESIAN_POINT('',(6.,-41.88238472922,59.191105219471));
#2302 = DIRECTION('',(0.,-8.715574274766E-02,0.996194698092));
#2303 = DIRECTION('',(1.,0.,0.));
#2304 = PCURVE('',#967,#2305);
#2305 = DEFINITIONAL_REPRESENTATION('',(#2306),#2310);
#2306 = CIRCLE('',#2307,7.);
#2307 = AXIS2_PLACEMENT_2D('',#2308,#2309);
#2308 = CARTESIAN_POINT('',(16.5,21.5));
#2309 = DIRECTION('',(1.,0.));
#2310 = ( GEOMETRIC_REPRESENTATION_CONTEXT(2) 
PARAMETRIC_REPRESENTATION_CONTEXT() REPRESENTATION_CONTEXT('2D SPACE',''
  ) );
#2311 = PCURVE('',#2312,#2317);
#2312 = CYLINDRICAL_SURFACE('',#2313,7.);
#2313 = AXIS2_PLACEMENT_3D('',#2314,#2315,#2316);
#2314 = CARTESIAN_POINT('',(6.,-38.39615501931,19.343317295802));
#2315 = DIRECTION('',(0.,-8.715574274766E-02,0.996194698092));
#2316 = DIRECTION('',(1.,0.,0.));
#2317 = DEFINITIONAL_REPRESENTATION('',(#2318),#2322);
#2318 = LINE('',#2319,#2320);
#2319 = CARTESIAN_POINT('',(0.,40.));
#2320 = VECTOR('',#2321,1.);
#2321 = DIRECTION('',(1.,0.));
#2322 = ( GEOMETRIC_REPRESENTATION_CONTEXT(2) 
PARAMETRIC_REPRESENTATION_CONTEXT() REPRESENTATION_CONTEXT('2D SPACE',''
  ) );
#2323 = ORIENTED_EDGE('',*,*,#2324,.F.);
#2324 = EDGE_CURVE('',#2325,#2296,#2327,.T.);
#2325 = VERTEX_POINT('',#2326);
#2326 = CARTESIAN_POINT('',(-5.62153997552,-34.90902184258,
    59.801195418705));
#2327 = SURFACE_CURVE('',#2328,(#2332,#2338),.PCURVE_S1.);
#2328 = LINE('',#2329,#2330);
#2329 = CARTESIAN_POINT('',(-21.15,-34.90902184258,59.801195418705));
#2330 = VECTOR('',#2331,1.);
#2331 = DIRECTION('',(1.,0.,-0.));
#2332 = PCURVE('',#967,#2333);
#2333 = DEFINITIONAL_REPRESENTATION('',(#2334),#2337);
#2334 = B_SPLINE_CURVE_WITH_KNOTS('',1,(#2335,#2336),.UNSPECIFIED.,.F.,
  .F.,(2,2),(10.65,27.15),.PIECEWISE_BEZIER_KNOTS.);
#2335 = CARTESIAN_POINT('',(0.,28.5));
#2336 = CARTESIAN_POINT('',(16.5,28.5));
#2337 = ( GEOMETRIC_REPRESENTATION_CONTEXT(2) 
PARAMETRIC_REPRESENTATION_CONTEXT() REPRESENTATION_CONTEXT('2D SPACE',''
  ) );
#2338 = PCURVE('',#2339,#2344);
#2339 = PLANE('',#2340);
#2340 = AXIS2_PLACEMENT_3D('',#2341,#2342,#2343);
#2341 = CARTESIAN_POINT('',(-31.8,-31.42279213267,19.953407495035));
#2342 = DIRECTION('',(0.,0.996194698092,8.715574274766E-02));
#2343 = DIRECTION('',(0.,-8.715574274766E-02,0.996194698092));
#2344 = DEFINITIONAL_REPRESENTATION('',(#2345),#2348);
#2345 = B_SPLINE_CURVE_WITH_KNOTS('',1,(#2346,#2347),.UNSPECIFIED.,.F.,
  .F.,(2,2),(10.65,27.15),.PIECEWISE_BEZIER_KNOTS.);
#2346 = CARTESIAN_POINT('',(40.,21.3));
#2347 = CARTESIAN_POINT('',(40.,37.8));
#2348 = ( GEOMETRIC_REPRESENTATION_CONTEXT(2) 
PARAMETRIC_REPRESENTATION_CONTEXT() REPRESENTATION_CONTEXT('2D SPACE',''
  ) );
#2349 = ORIENTED_EDGE('',*,*,#2350,.F.);
#2350 = EDGE_CURVE('',#2351,#2325,#2353,.T.);
#2351 = VERTEX_POINT('',#2352);
#2352 = CARTESIAN_POINT('',(-5.621360361424,-33.48136512941,
    59.926099196513));
#2353 = SURFACE_CURVE('',#2354,(#2358,#2364),.PCURVE_S1.);
#2354 = LINE('',#2355,#2356);
#2355 = CARTESIAN_POINT('',(-5.623236186483,-48.39129865529,
    58.621649039074));
#2356 = VECTOR('',#2357,1.);
#2357 = DIRECTION('',(-1.253316764101E-04,-0.996194690268,
    -8.715574206314E-02));
#2358 = PCURVE('',#967,#2359);
#2359 = DEFINITIONAL_REPRESENTATION('',(#2360),#2363);
#2360 = B_SPLINE_CURVE_WITH_KNOTS('',1,(#2361,#2362),.UNSPECIFIED.,.F.,
  .F.,(2,2),(-14.96688716727,-13.5337588448),.PIECEWISE_BEZIER_KNOTS.);
#2361 = CARTESIAN_POINT('',(4.878639638576,29.933110129875));
#2362 = CARTESIAN_POINT('',(4.878460022201,28.499981818663));
#2363 = ( GEOMETRIC_REPRESENTATION_CONTEXT(2) 
PARAMETRIC_REPRESENTATION_CONTEXT() REPRESENTATION_CONTEXT('2D SPACE',''
  ) );
#2364 = PCURVE('',#2365,#2370);
#2365 = PLANE('',#2366);
#2366 = AXIS2_PLACEMENT_3D('',#2367,#2368,#2369);
#2367 = CARTESIAN_POINT('',(-6.015848936076,-33.49058127999,
    60.031399550645));
#2368 = DIRECTION('',(0.258819045103,-8.421829756972E-02,0.962247359179)
  );
#2369 = DIRECTION('',(1.404597169126E-19,-0.99619177062,
    -8.718919742862E-02));
#2370 = DEFINITIONAL_REPRESENTATION('',(#2371),#2374);
#2371 = B_SPLINE_CURVE_WITH_KNOTS('',1,(#2372,#2373),.UNSPECIFIED.,.F.,
  .F.,(2,2),(-14.96688716727,-13.5337588448),.PIECEWISE_BEZIER_KNOTS.);
#2372 = CARTESIAN_POINT('',(4.899432899348E-16,0.408404624782));
#2373 = CARTESIAN_POINT('',(1.433128310404,0.408218672227));
#2374 = ( GEOMETRIC_REPRESENTATION_CONTEXT(2) 
PARAMETRIC_REPRESENTATION_CONTEXT() REPRESENTATION_CONTEXT('2D SPACE',''
  ) );
#2375 = ORIENTED_EDGE('',*,*,#2376,.T.);
#2376 = EDGE_CURVE('',#2351,#2058,#2377,.T.);
#2377 = SURFACE_CURVE('',#2378,(#2382,#2388),.PCURVE_S1.);
#2378 = LINE('',#2379,#2380);
#2379 = CARTESIAN_POINT('',(-1.508339976554,-33.48136512941,
    59.926099196513));
#2380 = VECTOR('',#2381,1.);
#2381 = DIRECTION('',(-1.,-1.399252253627E-19,-1.224187096055E-20));
#2382 = PCURVE('',#967,#2383);
#2383 = DEFINITIONAL_REPRESENTATION('',(#2384),#2387);
#2384 = B_SPLINE_CURVE_WITH_KNOTS('',1,(#2385,#2386),.UNSPECIFIED.,.F.,
  .F.,(2,2),(4.113020384869,4.535831964875),.PIECEWISE_BEZIER_KNOTS.);
#2385 = CARTESIAN_POINT('',(4.878639638576,29.933110129875));
#2386 = CARTESIAN_POINT('',(4.455828058571,29.933110129875));
#2387 = ( GEOMETRIC_REPRESENTATION_CONTEXT(2) 
PARAMETRIC_REPRESENTATION_CONTEXT() REPRESENTATION_CONTEXT('2D SPACE',''
  ) );
#2388 = PCURVE('',#1189,#2389);
#2389 = DEFINITIONAL_REPRESENTATION('',(#2390),#2393);
#2390 = B_SPLINE_CURVE_WITH_KNOTS('',1,(#2391,#2392),.UNSPECIFIED.,.F.,
  .F.,(2,2),(4.113020384869,4.535831964875),.PIECEWISE_BEZIER_KNOTS.);
#2391 = CARTESIAN_POINT('',(34.8,22.891595375218));
#2392 = CARTESIAN_POINT('',(34.690568310605,23.3));
#2393 = ( GEOMETRIC_REPRESENTATION_CONTEXT(2) 
PARAMETRIC_REPRESENTATION_CONTEXT() REPRESENTATION_CONTEXT('2D SPACE',''
  ) );
#2394 = ORIENTED_EDGE('',*,*,#2080,.T.);
#2395 = ORIENTED_EDGE('',*,*,#952,.F.);
#2396 = ADVANCED_FACE('',(#2397),#941,.T.);
#2397 = FACE_BOUND('',#2398,.T.);
#2398 = EDGE_LOOP('',(#2399,#2420,#2439,#2440));
#2399 = ORIENTED_EDGE('',*,*,#2400,.T.);
#2400 = EDGE_CURVE('',#889,#2401,#2403,.T.);
#2401 = VERTEX_POINT('',#2402);
#2402 = CARTESIAN_POINT('',(-10.5,-37.63937949461,65.767157046212));
#2403 = SURFACE_CURVE('',#2404,(#2408,#2414),.PCURVE_S1.);
#2404 = LINE('',#2405,#2406);
#2405 = CARTESIAN_POINT('',(-10.5,-37.91264930212,65.74323978861));
#2406 = VECTOR('',#2407,1.);
#2407 = DIRECTION('',(-0.,-0.99619177062,-8.718919742862E-02));
#2408 = PCURVE('',#941,#2409);
#2409 = DEFINITIONAL_REPRESENTATION('',(#2410),#2413);
#2410 = B_SPLINE_CURVE_WITH_KNOTS('',1,(#2411,#2412),.UNSPECIFIED.,.F.,
  .F.,(2,2),(-2.694314461262,-5.431445977352E-02),
  .PIECEWISE_BEZIER_KNOTS.);
#2411 = CARTESIAN_POINT('',(6.181306961173,-28.72));
#2412 = CARTESIAN_POINT('',(6.181218303316,-26.08));
#2413 = ( GEOMETRIC_REPRESENTATION_CONTEXT(2) 
PARAMETRIC_REPRESENTATION_CONTEXT() REPRESENTATION_CONTEXT('2D SPACE',''
  ) );
#2414 = PCURVE('',#905,#2415);
#2415 = DEFINITIONAL_REPRESENTATION('',(#2416),#2419);
#2416 = B_SPLINE_CURVE_WITH_KNOTS('',1,(#2417,#2418),.UNSPECIFIED.,.F.,
  .F.,(2,2),(-2.694314461262,-5.431445977352E-02),
  .PIECEWISE_BEZIER_KNOTS.);
#2417 = CARTESIAN_POINT('',(-0.499592661042,-2.694314461262));
#2418 = CARTESIAN_POINT('',(-0.499592661042,-5.431445977352E-02));
#2419 = ( GEOMETRIC_REPRESENTATION_CONTEXT(2) 
PARAMETRIC_REPRESENTATION_CONTEXT() REPRESENTATION_CONTEXT('2D SPACE',''
  ) );
#2420 = ORIENTED_EDGE('',*,*,#2421,.T.);
#2421 = EDGE_CURVE('',#2401,#2104,#2422,.T.);
#2422 = SURFACE_CURVE('',#2423,(#2427,#2433),.PCURVE_S1.);
#2423 = LINE('',#2424,#2425);
#2424 = CARTESIAN_POINT('',(-10.5,-35.44469106617,40.681753520917));
#2425 = VECTOR('',#2426,1.);
#2426 = DIRECTION('',(0.,8.715574274766E-02,-0.996194698092));
#2427 = PCURVE('',#941,#2428);
#2428 = DEFINITIONAL_REPRESENTATION('',(#2429),#2432);
#2429 = B_SPLINE_CURVE_WITH_KNOTS('',1,(#2430,#2431),.UNSPECIFIED.,.F.,
  .F.,(2,2),(-33.09509568114,-19.),.PIECEWISE_BEZIER_KNOTS.);
#2430 = CARTESIAN_POINT('',(14.095095681143,-26.3));
#2431 = CARTESIAN_POINT('',(0.,-26.3));
#2432 = ( GEOMETRIC_REPRESENTATION_CONTEXT(2) 
PARAMETRIC_REPRESENTATION_CONTEXT() REPRESENTATION_CONTEXT('2D SPACE',''
  ) );
#2433 = PCURVE('',#1561,#2434);
#2434 = DEFINITIONAL_REPRESENTATION('',(#2435),#2438);
#2435 = B_SPLINE_CURVE_WITH_KNOTS('',1,(#2436,#2437),.UNSPECIFIED.,.F.,
  .F.,(2,2),(-33.09509568114,-19.),.PIECEWISE_BEZIER_KNOTS.);
#2436 = CARTESIAN_POINT('',(52.095095681143,19.1));
#2437 = CARTESIAN_POINT('',(38.,19.1));
#2438 = ( GEOMETRIC_REPRESENTATION_CONTEXT(2) 
PARAMETRIC_REPRESENTATION_CONTEXT() REPRESENTATION_CONTEXT('2D SPACE',''
  ) );
#2439 = ORIENTED_EDGE('',*,*,#2103,.T.);
#2440 = ORIENTED_EDGE('',*,*,#926,.F.);
#2441 = ADVANCED_FACE('',(#2442),#905,.F.);
#2442 = FACE_BOUND('',#2443,.T.);
#2443 = EDGE_LOOP('',(#2444,#2445,#2446,#2508,#2591));
#2444 = ORIENTED_EDGE('',*,*,#2400,.F.);
#2445 = ORIENTED_EDGE('',*,*,#888,.T.);
#2446 = ORIENTED_EDGE('',*,*,#2447,.T.);
#2447 = EDGE_CURVE('',#861,#2448,#2450,.T.);
#2448 = VERTEX_POINT('',#2449);
#2449 = CARTESIAN_POINT('',(-27.27531744223,-36.14396980992,
    68.727530009408));
#2450 = SURFACE_CURVE('',#2451,(#2468,#2488),.PCURVE_S1.);
#2451 = B_SPLINE_CURVE_WITH_KNOTS('',8,(#2452,#2453,#2454,#2455,#2456,
    #2457,#2458,#2459,#2460,#2461,#2462,#2463,#2464,#2465,#2466,#2467),
  .UNSPECIFIED.,.F.,.F.,(9,7,9),(0.,0.746191731884,1.),.UNSPECIFIED.);
#2452 = CARTESIAN_POINT('',(-24.8,-35.27204250575,63.950540585777));
#2453 = CARTESIAN_POINT('',(-25.19288588442,-35.3066759253,
    64.346402382629));
#2454 = CARTESIAN_POINT('',(-25.54842740031,-35.36803832399,
    64.758623750015));
#2455 = CARTESIAN_POINT('',(-25.86725821886,-35.44743358751,
    65.183995497827));
#2456 = CARTESIAN_POINT('',(-26.15057764411,-35.538073888,
    65.619922537701));
#2457 = CARTESIAN_POINT('',(-26.39978741036,-35.63447992875,
    66.064507397599));
#2458 = CARTESIAN_POINT('',(-26.61629365146,-35.73229320707,
    66.516545819447));
#2459 = CARTESIAN_POINT('',(-26.80126828099,-35.82802021004,
    66.97552055501));
#2460 = CARTESIAN_POINT('',(-27.00786050416,-35.94976855864,
    67.599954109927));
#2461 = CARTESIAN_POINT('',(-27.05670594801,-35.98009061164,
    67.759174577602));
#2462 = CARTESIAN_POINT('',(-27.10198101635,-36.00971627768,
    67.919084612244));
#2463 = CARTESIAN_POINT('',(-27.14370267933,-36.03853757514,
    68.079641300986));
#2464 = CARTESIAN_POINT('',(-27.18188577031,-36.06645642583,
    68.24080329573));
#2465 = CARTESIAN_POINT('',(-27.21654287398,-36.09338483752,
    68.402530789209));
#2466 = CARTESIAN_POINT('',(-27.2476842144,-36.11924508652,
    68.564785491043));
#2467 = CARTESIAN_POINT('',(-27.27531754316,-36.14396990022,
    68.7275306038));
#2468 = PCURVE('',#905,#2469);
#2469 = DEFINITIONAL_REPRESENTATION('',(#2470),#2487);
#2470 = B_SPLINE_CURVE_WITH_KNOTS('',8,(#2471,#2472,#2473,#2474,#2475,
    #2476,#2477,#2478,#2479,#2480,#2481,#2482,#2483,#2484,#2485,#2486),
  .UNSPECIFIED.,.F.,.F.,(9,7,9),(0.,0.746191731884,1.),.UNSPECIFIED.);
#2471 = CARTESIAN_POINT('',(-2.361873624648,-2.474246755262));
#2472 = CARTESIAN_POINT('',(-2.423963300333,-2.474260100081));
#2473 = CARTESIAN_POINT('',(-2.484607453488,-2.449072633659));
#2474 = CARTESIAN_POINT('',(-2.543907856121,-2.407067546815));
#2475 = CARTESIAN_POINT('',(-2.602000450807,-2.354780554131));
#2476 = CARTESIAN_POINT('',(-2.65904545574,-2.29750464682));
#2477 = CARTESIAN_POINT('',(-2.715233203061,-2.23947673111));
#2478 = CARTESIAN_POINT('',(-2.770787993601,-2.184131917356));
#2479 = CARTESIAN_POINT('',(-2.84473764058,-2.117291074891));
#2480 = CARTESIAN_POINT('',(-2.863454784734,-2.100966800018));
#2481 = CARTESIAN_POINT('',(-2.882125005432,-2.085396382895));
#2482 = CARTESIAN_POINT('',(-2.900753219746,-2.070683652374));
#2483 = CARTESIAN_POINT('',(-2.919344339466,-2.056922708047));
#2484 = CARTESIAN_POINT('',(-2.937903312963,-2.044197736286));
#2485 = CARTESIAN_POINT('',(-2.956435167053,-2.032582826285));
#2486 = CARTESIAN_POINT('',(-2.974945048857,-2.022141786107));
#2487 = ( GEOMETRIC_REPRESENTATION_CONTEXT(2) 
PARAMETRIC_REPRESENTATION_CONTEXT() REPRESENTATION_CONTEXT('2D SPACE',''
  ) );
#2488 = PCURVE('',#876,#2489);
#2489 = DEFINITIONAL_REPRESENTATION('',(#2490),#2507);
#2490 = B_SPLINE_CURVE_WITH_KNOTS('',8,(#2491,#2492,#2493,#2494,#2495,
    #2496,#2497,#2498,#2499,#2500,#2501,#2502,#2503,#2504,#2505,#2506),
  .UNSPECIFIED.,.F.,.F.,(9,7,9),(0.,0.746191731884,1.),.UNSPECIFIED.);
#2491 = CARTESIAN_POINT('',(-1.570796326795,44.165194991521));
#2492 = CARTESIAN_POINT('',(-1.514669771878,44.562568916127));
#2493 = CARTESIAN_POINT('',(-1.463878103139,44.978569742192));
#2494 = CARTESIAN_POINT('',(-1.4180615672,45.409242575243));
#2495 = CARTESIAN_POINT('',(-1.376993712688,45.851410603832));
#2496 = CARTESIAN_POINT('',(-1.340514548614,46.302706024202));
#2497 = CARTESIAN_POINT('',(-1.308515847992,46.761549292302));
#2498 = CARTESIAN_POINT('',(-1.280939581499,47.227120648474));
#2499 = CARTESIAN_POINT('',(-1.24991921767,47.859789112944));
#2500 = CARTESIAN_POINT('',(-1.242562015429,48.021046439719));
#2501 = CARTESIAN_POINT('',(-1.235722508872,48.182930015329));
#2502 = CARTESIAN_POINT('',(-1.229402615833,48.345387678985));
#2503 = CARTESIAN_POINT('',(-1.223604415341,48.508369691852));
#2504 = CARTESIAN_POINT('',(-1.218330064088,48.671828729113));
#2505 = CARTESIAN_POINT('',(-1.213581712898,48.835719872029));
#2506 = CARTESIAN_POINT('',(-1.209361423193,49.0000006));
#2507 = ( GEOMETRIC_REPRESENTATION_CONTEXT(2) 
PARAMETRIC_REPRESENTATION_CONTEXT() REPRESENTATION_CONTEXT('2D SPACE',''
  ) );
#2508 = ORIENTED_EDGE('',*,*,#2509,.T.);
#2509 = EDGE_CURVE('',#2448,#2510,#2512,.T.);
#2510 = VERTEX_POINT('',#2511);
#2511 = CARTESIAN_POINT('',(-26.81724049357,-38.29283215986,
    73.236155187437));
#2512 = SURFACE_CURVE('',#2513,(#2537,#2564),.PCURVE_S1.);
#2513 = B_SPLINE_CURVE_WITH_KNOTS('',8,(#2514,#2515,#2516,#2517,#2518,
    #2519,#2520,#2521,#2522,#2523,#2524,#2525,#2526,#2527,#2528,#2529,
    #2530,#2531,#2532,#2533,#2534,#2535,#2536),.UNSPECIFIED.,.F.,.F.,(9,
    7,7,9),(0.,0.185702318499,0.603178742885,1.),.UNSPECIFIED.);
#2514 = CARTESIAN_POINT('',(-27.27531744224,-36.14396980992,
    68.727530009408));
#2515 = CARTESIAN_POINT('',(-27.29542777462,-36.16196344715,
    68.845968760704));
#2516 = CARTESIAN_POINT('',(-27.31370527383,-36.18186359344,
    68.964597781285));
#2517 = CARTESIAN_POINT('',(-27.33014093023,-36.20367552716,
    69.083377595139));
#2518 = CARTESIAN_POINT('',(-27.34472439837,-36.22740440973,
    69.202254483845));
#2519 = CARTESIAN_POINT('',(-27.35744595773,-36.25305275159,
    69.321158198957));
#2520 = CARTESIAN_POINT('',(-27.36829860101,-36.28061818538,
    69.440001466922));
#2521 = CARTESIAN_POINT('',(-27.37728025022,-36.31009154625,
    69.558681286547));
#2522 = CARTESIAN_POINT('',(-27.40039320634,-36.411963861,
    69.943258094895));
#2523 = CARTESIAN_POINT('',(-27.40696348469,-36.49203908712,
    70.208072053602));
#2524 = CARTESIAN_POINT('',(-27.4041556771,-36.58147235879,
    70.470150326485));
#2525 = CARTESIAN_POINT('',(-27.39222959813,-36.67992391185,
    70.728135122701));
#2526 = CARTESIAN_POINT('',(-27.37166064996,-36.78693855026,
    70.980788452245));
#2527 = CARTESIAN_POINT('',(-27.34308051492,-36.90200459959,
    71.227072435187));
#2528 = CARTESIAN_POINT('',(-27.30722569742,-37.02457315223,
    71.46612227414));
#2529 = CARTESIAN_POINT('',(-27.22465976881,-37.27718334584,
    71.916942801259));
#2530 = CARTESIAN_POINT('',(-27.17856209406,-37.40659010414,
    72.129540019134));
#2531 = CARTESIAN_POINT('',(-27.12726594713,-37.54187888255,
    72.334539332684));
#2532 = CARTESIAN_POINT('',(-27.07147048799,-37.6826353368,
    72.531569906865));
#2533 = CARTESIAN_POINT('',(-27.01188449208,-37.82846298261,
    72.720373117147));
#2534 = CARTESIAN_POINT('',(-26.94920643025,-37.97899095884,
    72.900784812591));
#2535 = CARTESIAN_POINT('',(-26.8841107665,-38.1338807984,
    73.072719326644));
#2536 = CARTESIAN_POINT('',(-26.81724047384,-38.29283220676,
    73.236155235654));
#2537 = PCURVE('',#905,#2538);
#2538 = DEFINITIONAL_REPRESENTATION('',(#2539),#2563);
#2539 = B_SPLINE_CURVE_WITH_KNOTS('',8,(#2540,#2541,#2542,#2543,#2544,
    #2545,#2546,#2547,#2548,#2549,#2550,#2551,#2552,#2553,#2554,#2555,
    #2556,#2557,#2558,#2559,#2560,#2561,#2562),.UNSPECIFIED.,.F.,.F.,(9,
    7,7,9),(0.,0.185702318499,0.603178742885,1.),.UNSPECIFIED.);
#2540 = CARTESIAN_POINT('',(-2.974944981254,-2.022141824241));
#2541 = CARTESIAN_POINT('',(-2.98841566114,-2.014543290582));
#2542 = CARTESIAN_POINT('',(-3.001891543071,-2.00506209771));
#2543 = CARTESIAN_POINT('',(-3.015371926747,-1.993689545469));
#2544 = CARTESIAN_POINT('',(-3.028854544507,-1.980415808446));
#2545 = CARTESIAN_POINT('',(-3.042335316522,-1.965232260851));
#2546 = CARTESIAN_POINT('',(-3.055808282477,-1.948133651713));
#2547 = CARTESIAN_POINT('',(-3.069265709732,-1.92912013038));
#2548 = CARTESIAN_POINT('',(-3.1128962902,-1.861166712045));
#2549 = CARTESIAN_POINT('',(-3.14297456058,-1.804485347282));
#2550 = CARTESIAN_POINT('',(-3.172821674243,-1.738243052302));
#2551 = CARTESIAN_POINT('',(-3.202326598482,-1.662659912664));
#2552 = CARTESIAN_POINT('',(-3.231387022907,-1.578081451574));
#2553 = CARTESIAN_POINT('',(-3.259915451968,-1.484926902966));
#2554 = CARTESIAN_POINT('',(-3.28783546726,-1.383667683102));
#2555 = CARTESIAN_POINT('',(-3.340980885131,-1.171326166994));
#2556 = CARTESIAN_POINT('',(-3.366278568361,-1.060948400112));
#2557 = CARTESIAN_POINT('',(-3.390930219005,-0.944048558026));
#2558 = CARTESIAN_POINT('',(-3.414899276388,-0.82100707427));
#2559 = CARTESIAN_POINT('',(-3.438155868011,-0.692196373964));
#2560 = CARTESIAN_POINT('',(-3.460675464532,-0.557971593724));
#2561 = CARTESIAN_POINT('',(-3.482437981061,-0.418662442497));
#2562 = CARTESIAN_POINT('',(-3.50342732476,-0.2745662033));
#2563 = ( GEOMETRIC_REPRESENTATION_CONTEXT(2) 
PARAMETRIC_REPRESENTATION_CONTEXT() REPRESENTATION_CONTEXT('2D SPACE',''
  ) );
#2564 = PCURVE('',#1824,#2565);
#2565 = DEFINITIONAL_REPRESENTATION('',(#2566),#2590);
#2566 = B_SPLINE_CURVE_WITH_KNOTS('',8,(#2567,#2568,#2569,#2570,#2571,
    #2572,#2573,#2574,#2575,#2576,#2577,#2578,#2579,#2580,#2581,#2582,
    #2583,#2584,#2585,#2586,#2587,#2588,#2589),.UNSPECIFIED.,.F.,.F.,(9,
    7,7,9),(0.,0.185702318499,0.603178742885,1.),.UNSPECIFIED.);
#2567 = CARTESIAN_POINT('',(1.15463194561E-14,-1.209361438606));
#2568 = CARTESIAN_POINT('',(-4.829938288582E-02,-1.206290095701));
#2569 = CARTESIAN_POINT('',(-9.584562907921E-02,-1.202486712044));
#2570 = CARTESIAN_POINT('',(-0.142446846868,-1.197971429218));
#2571 = CARTESIAN_POINT('',(-0.187938176551,-1.192770976774));
#2572 = CARTESIAN_POINT('',(-0.232189393767,-1.186917421765));
#2573 = CARTESIAN_POINT('',(-0.275107338444,-1.180446865877));
#2574 = CARTESIAN_POINT('',(-0.316633169402,-1.173398090173));
#2575 = CARTESIAN_POINT('',(-0.446885914441,-1.14875498066));
#2576 = CARTESIAN_POINT('',(-0.52985513067,-1.128975940877));
#2577 = CARTESIAN_POINT('',(-0.605249705758,-1.106931397129));
#2578 = CARTESIAN_POINT('',(-0.673526565346,-1.083098224468));
#2579 = CARTESIAN_POINT('',(-0.735494083651,-1.057869024377));
#2580 = CARTESIAN_POINT('',(-0.79187794383,-1.031555662273));
#2581 = CARTESIAN_POINT('',(-0.843363179051,-1.004408219665));
#2582 = CARTESIAN_POINT('',(-0.935362576889,-0.950218160748));
#2583 = CARTESIAN_POINT('',(-0.976306026317,-0.923229384268));
#2584 = CARTESIAN_POINT('',(-1.013878818279,-0.89581863791));
#2585 = CARTESIAN_POINT('',(-1.048510865828,-0.868102106754));
#2586 = CARTESIAN_POINT('',(-1.080552906539,-0.840165204863));
#2587 = CARTESIAN_POINT('',(-1.110288575373,-0.812071305511));
#2588 = CARTESIAN_POINT('',(-1.137948857918,-0.78386709832));
#2589 = CARTESIAN_POINT('',(-1.163728923979,-0.755584573299));
#2590 = ( GEOMETRIC_REPRESENTATION_CONTEXT(2) 
PARAMETRIC_REPRESENTATION_CONTEXT() REPRESENTATION_CONTEXT('2D SPACE',''
  ) );
#2591 = ORIENTED_EDGE('',*,*,#2592,.F.);
#2592 = EDGE_CURVE('',#2401,#2510,#2593,.T.);
#2593 = SURFACE_CURVE('',#2594,(#2599,#2611),.PCURVE_S1.);
#2594 = ELLIPSE('',#2595,9.000000005075,9.);
#2595 = AXIS2_PLACEMENT_3D('',#2596,#2597,#2598);
#2596 = CARTESIAN_POINT('',(-18.4,-38.01516126094,70.062362289859));
#2597 = DIRECTION('',(0.,0.996194698092,8.715574274766E-02));
#2598 = DIRECTION('',(0.,8.715574274766E-02,-0.996194698092));
#2599 = PCURVE('',#905,#2600);
#2600 = DEFINITIONAL_REPRESENTATION('',(#2601),#2610);
#2601 = B_SPLINE_CURVE_WITH_KNOTS('',7,(#2602,#2603,#2604,#2605,#2606,
    #2607,#2608,#2609),.UNSPECIFIED.,.F.,.F.,(8,8),(4.712388980385,
    8.689486458255),.PIECEWISE_BEZIER_KNOTS.);
#2602 = CARTESIAN_POINT('',(0.,-0.274459254709));
#2603 = CARTESIAN_POINT('',(-0.568156782553,-0.274287533471));
#2604 = CARTESIAN_POINT('',(-1.136313565106,-0.274116412897));
#2605 = CARTESIAN_POINT('',(-1.704470347657,-0.274031497901));
#2606 = CARTESIAN_POINT('',(-2.272627130213,-0.274142791478));
#2607 = CARTESIAN_POINT('',(-2.840783912764,-0.274369132908));
#2608 = CARTESIAN_POINT('',(-3.408940695317,-0.274568217359));
#2609 = CARTESIAN_POINT('',(-3.97709747787,-0.274683408545));
#2610 = ( GEOMETRIC_REPRESENTATION_CONTEXT(2) 
PARAMETRIC_REPRESENTATION_CONTEXT() REPRESENTATION_CONTEXT('2D SPACE',''
  ) );
#2611 = PCURVE('',#1561,#2612);
#2612 = DEFINITIONAL_REPRESENTATION('',(#2613),#2617);
#2613 = ELLIPSE('',#2614,9.000000005075,9.);
#2614 = AXIS2_PLACEMENT_2D('',#2615,#2616);
#2615 = CARTESIAN_POINT('',(48.492837921364,11.2));
#2616 = DIRECTION('',(-1.,0.));
#2617 = ( GEOMETRIC_REPRESENTATION_CONTEXT(2) 
PARAMETRIC_REPRESENTATION_CONTEXT() REPRESENTATION_CONTEXT('2D SPACE',''
  ) );
#2618 = ADVANCED_FACE('',(#2619),#876,.T.);
#2619 = FACE_BOUND('',#2620,.F.);
#2620 = EDGE_LOOP('',(#2621,#2622,#2644,#2645,#2646));
#2621 = ORIENTED_EDGE('',*,*,#1863,.F.);
#2622 = ORIENTED_EDGE('',*,*,#2623,.F.);
#2623 = EDGE_CURVE('',#833,#1864,#2624,.T.);
#2624 = SURFACE_CURVE('',#2625,(#2630,#2637),.PCURVE_S1.);
#2625 = CIRCLE('',#2626,7.);
#2626 = AXIS2_PLACEMENT_3D('',#2627,#2628,#2629);
#2627 = CARTESIAN_POINT('',(-24.8,-40.62734203365,44.84590156695));
#2628 = DIRECTION('',(0.,-8.715574274766E-02,0.996194698092));
#2629 = DIRECTION('',(-1.,0.,0.));
#2630 = PCURVE('',#876,#2631);
#2631 = DEFINITIONAL_REPRESENTATION('',(#2632),#2636);
#2632 = LINE('',#2633,#2634);
#2633 = CARTESIAN_POINT('',(-6.28318530718,25.6));
#2634 = VECTOR('',#2635,1.);
#2635 = DIRECTION('',(1.,-0.));
#2636 = ( GEOMETRIC_REPRESENTATION_CONTEXT(2) 
PARAMETRIC_REPRESENTATION_CONTEXT() REPRESENTATION_CONTEXT('2D SPACE',''
  ) );
#2637 = PCURVE('',#848,#2638);
#2638 = DEFINITIONAL_REPRESENTATION('',(#2639),#2643);
#2639 = CIRCLE('',#2640,7.);
#2640 = AXIS2_PLACEMENT_2D('',#2641,#2642);
#2641 = CARTESIAN_POINT('',(7.,20.5));
#2642 = DIRECTION('',(-1.,0.));
#2643 = ( GEOMETRIC_REPRESENTATION_CONTEXT(2) 
PARAMETRIC_REPRESENTATION_CONTEXT() REPRESENTATION_CONTEXT('2D SPACE',''
  ) );
#2644 = ORIENTED_EDGE('',*,*,#860,.T.);
#2645 = ORIENTED_EDGE('',*,*,#2447,.T.);
#2646 = ORIENTED_EDGE('',*,*,#2647,.T.);
#2647 = EDGE_CURVE('',#2448,#1808,#2648,.T.);
#2648 = SURFACE_CURVE('',#2649,(#2654,#2660),.PCURVE_S1.);
#2649 = CIRCLE('',#2650,7.);
#2650 = AXIS2_PLACEMENT_3D('',#2651,#2652,#2653);
#2651 = CARTESIAN_POINT('',(-24.8,-42.66678641395,68.156857502297));
#2652 = DIRECTION('',(0.,-8.715574274766E-02,0.996194698092));
#2653 = DIRECTION('',(-1.,0.,0.));
#2654 = PCURVE('',#876,#2655);
#2655 = DEFINITIONAL_REPRESENTATION('',(#2656),#2659);
#2656 = B_SPLINE_CURVE_WITH_KNOTS('',1,(#2657,#2658),.UNSPECIFIED.,.F.,
  .F.,(2,2),(4.712388980385,6.28318530718),.PIECEWISE_BEZIER_KNOTS.);
#2657 = CARTESIAN_POINT('',(-1.570796326795,49.));
#2658 = CARTESIAN_POINT('',(0.,49.));
#2659 = ( GEOMETRIC_REPRESENTATION_CONTEXT(2) 
PARAMETRIC_REPRESENTATION_CONTEXT() REPRESENTATION_CONTEXT('2D SPACE',''
  ) );
#2660 = PCURVE('',#1824,#2661);
#2661 = DEFINITIONAL_REPRESENTATION('',(#2662),#2665);
#2662 = B_SPLINE_CURVE_WITH_KNOTS('',1,(#2663,#2664),.UNSPECIFIED.,.F.,
  .F.,(2,2),(4.712388980385,6.28318530718),.PIECEWISE_BEZIER_KNOTS.);
#2663 = CARTESIAN_POINT('',(0.,-1.570796326795));
#2664 = CARTESIAN_POINT('',(0.,0.));
#2665 = ( GEOMETRIC_REPRESENTATION_CONTEXT(2) 
PARAMETRIC_REPRESENTATION_CONTEXT() REPRESENTATION_CONTEXT('2D SPACE',''
  ) );
#2666 = ADVANCED_FACE('',(#2667),#848,.T.);
#2667 = FACE_BOUND('',#2668,.T.);
#2668 = EDGE_LOOP('',(#2669,#2670,#2671));
#2669 = ORIENTED_EDGE('',*,*,#1884,.F.);
#2670 = ORIENTED_EDGE('',*,*,#2623,.F.);
#2671 = ORIENTED_EDGE('',*,*,#832,.F.);
#2672 = ADVANCED_FACE('',(#2673),#1189,.F.);
#2673 = FACE_BOUND('',#2674,.F.);
#2674 = EDGE_LOOP('',(#2675,#2676,#2697,#2718,#2719));
#2675 = ORIENTED_EDGE('',*,*,#1174,.F.);
#2676 = ORIENTED_EDGE('',*,*,#2677,.T.);
#2677 = EDGE_CURVE('',#1149,#2678,#2680,.T.);
#2678 = VERTEX_POINT('',#2679);
#2679 = CARTESIAN_POINT('',(-3.697626952982,-33.43642234042,
    59.412599383898));
#2680 = SURFACE_CURVE('',#2681,(#2685,#2691),.PCURVE_S1.);
#2681 = LINE('',#2682,#2683);
#2682 = CARTESIAN_POINT('',(-12.7174706748,-30.50141467012,
    25.878278916515));
#2683 = VECTOR('',#2684,1.);
#2684 = DIRECTION('',(0.258819045103,-8.421829756972E-02,0.962247359179)
  );
#2685 = PCURVE('',#1189,#2686);
#2686 = DEFINITIONAL_REPRESENTATION('',(#2687),#2690);
#2687 = B_SPLINE_CURVE_WITH_KNOTS('',1,(#2688,#2689),.UNSPECIFIED.,.F.,
  .F.,(2,2),(5.752835242776,34.85),.PIECEWISE_BEZIER_KNOTS.);
#2688 = CARTESIAN_POINT('',(5.702835242776,20.9));
#2689 = CARTESIAN_POINT('',(34.8,20.9));
#2690 = ( GEOMETRIC_REPRESENTATION_CONTEXT(2) 
PARAMETRIC_REPRESENTATION_CONTEXT() REPRESENTATION_CONTEXT('2D SPACE',''
  ) );
#2691 = PCURVE('',#1163,#2692);
#2692 = DEFINITIONAL_REPRESENTATION('',(#2693),#2696);
#2693 = B_SPLINE_CURVE_WITH_KNOTS('',1,(#2694,#2695),.UNSPECIFIED.,.F.,
  .F.,(2,2),(5.752835242776,34.85),.PIECEWISE_BEZIER_KNOTS.);
#2694 = CARTESIAN_POINT('',(5.802835242776,0.1));
#2695 = CARTESIAN_POINT('',(34.9,0.1));
#2696 = ( GEOMETRIC_REPRESENTATION_CONTEXT(2) 
PARAMETRIC_REPRESENTATION_CONTEXT() REPRESENTATION_CONTEXT('2D SPACE',''
  ) );
#2697 = ORIENTED_EDGE('',*,*,#2698,.F.);
#2698 = EDGE_CURVE('',#2351,#2678,#2699,.T.);
#2699 = SURFACE_CURVE('',#2700,(#2704,#2711),.PCURVE_S1.);
#2700 = LINE('',#2701,#2702);
#2701 = CARTESIAN_POINT('',(-6.015848936076,-33.49058127999,
    60.031399550645));
#2702 = VECTOR('',#2703,1.);
#2703 = DIRECTION('',(0.965925826289,2.256622482173E-02,-0.257833402811)
  );
#2704 = PCURVE('',#1189,#2705);
#2705 = DEFINITIONAL_REPRESENTATION('',(#2706),#2710);
#2706 = LINE('',#2707,#2708);
#2707 = CARTESIAN_POINT('',(34.8,23.3));
#2708 = VECTOR('',#2709,1.);
#2709 = DIRECTION('',(0.,-1.));
#2710 = ( GEOMETRIC_REPRESENTATION_CONTEXT(2) 
PARAMETRIC_REPRESENTATION_CONTEXT() REPRESENTATION_CONTEXT('2D SPACE',''
  ) );
#2711 = PCURVE('',#2365,#2712);
#2712 = DEFINITIONAL_REPRESENTATION('',(#2713),#2717);
#2713 = LINE('',#2714,#2715);
#2714 = CARTESIAN_POINT('',(0.,0.));
#2715 = VECTOR('',#2716,1.);
#2716 = DIRECTION('',(0.,1.));
#2717 = ( GEOMETRIC_REPRESENTATION_CONTEXT(2) 
PARAMETRIC_REPRESENTATION_CONTEXT() REPRESENTATION_CONTEXT('2D SPACE',''
  ) );
#2718 = ORIENTED_EDGE('',*,*,#2376,.T.);
#2719 = ORIENTED_EDGE('',*,*,#2057,.F.);
#2720 = ADVANCED_FACE('',(#2721),#1163,.T.);
#2721 = FACE_BOUND('',#2722,.T.);
#2722 = EDGE_LOOP('',(#2723,#2753,#2774,#2793,#2794,#2795,#2796,#2817));
#2723 = ORIENTED_EDGE('',*,*,#2724,.T.);
#2724 = EDGE_CURVE('',#2725,#2727,#2729,.T.);
#2725 = VERTEX_POINT('',#2726);
#2726 = CARTESIAN_POINT('',(-3.671745048472,-34.87251070191,
    59.383871171229));
#2727 = VERTEX_POINT('',#2728);
#2728 = CARTESIAN_POINT('',(-3.671745048472,-37.06413259851,
    59.192054936778));
#2729 = SURFACE_CURVE('',#2730,(#2734,#2741),.PCURVE_S1.);
#2730 = LINE('',#2731,#2732);
#2731 = CARTESIAN_POINT('',(-3.671745048472,-33.34522499312,
    59.517543039559));
#2732 = VECTOR('',#2733,1.);
#2733 = DIRECTION('',(1.404597169126E-19,-0.99619177062,
    -8.718919742862E-02));
#2734 = PCURVE('',#1163,#2735);
#2735 = DEFINITIONAL_REPRESENTATION('',(#2736),#2740);
#2736 = LINE('',#2737,#2738);
#2737 = CARTESIAN_POINT('',(35.,0.));
#2738 = VECTOR('',#2739,1.);
#2739 = DIRECTION('',(0.,1.));
#2740 = ( GEOMETRIC_REPRESENTATION_CONTEXT(2) 
PARAMETRIC_REPRESENTATION_CONTEXT() REPRESENTATION_CONTEXT('2D SPACE',''
  ) );
#2741 = PCURVE('',#2742,#2747);
#2742 = PLANE('',#2743);
#2743 = AXIS2_PLACEMENT_3D('',#2744,#2745,#2746);
#2744 = CARTESIAN_POINT('',(-3.671745048472,-33.34522499312,
    59.517543039559));
#2745 = DIRECTION('',(0.258819045103,-8.421829756972E-02,0.962247359179)
  );
#2746 = DIRECTION('',(1.404597169126E-19,-0.99619177062,
    -8.718919742862E-02));
#2747 = DEFINITIONAL_REPRESENTATION('',(#2748),#2752);
#2748 = LINE('',#2749,#2750);
#2749 = CARTESIAN_POINT('',(0.,0.));
#2750 = VECTOR('',#2751,1.);
#2751 = DIRECTION('',(1.,0.));
#2752 = ( GEOMETRIC_REPRESENTATION_CONTEXT(2) 
PARAMETRIC_REPRESENTATION_CONTEXT() REPRESENTATION_CONTEXT('2D SPACE',''
  ) );
#2753 = ORIENTED_EDGE('',*,*,#2754,.T.);
#2754 = EDGE_CURVE('',#2727,#2755,#2757,.T.);
#2755 = VERTEX_POINT('',#2756);
#2756 = CARTESIAN_POINT('',(-3.697626952982,-37.05571400022,
    59.095829918034));
#2757 = SURFACE_CURVE('',#2758,(#2762,#2768),.PCURVE_S1.);
#2758 = LINE('',#2759,#2760);
#2759 = CARTESIAN_POINT('',(-13.76712050077,-33.78041325465,
    21.658971088867));
#2760 = VECTOR('',#2761,1.);
#2761 = DIRECTION('',(-0.258819044966,8.418598283255E-02,-0.962250186935
    ));
#2762 = PCURVE('',#1163,#2763);
#2763 = DEFINITIONAL_REPRESENTATION('',(#2764),#2767);
#2764 = B_SPLINE_CURVE_WITH_KNOTS('',1,(#2765,#2766),.UNSPECIFIED.,.F.,
  .F.,(2,2),(-39.00553552236,-10.85157515786),.PIECEWISE_BEZIER_KNOTS.);
#2765 = CARTESIAN_POINT('',(35.,3.733124198642));
#2766 = CARTESIAN_POINT('',(6.846039650314,3.734037463145));
#2767 = ( GEOMETRIC_REPRESENTATION_CONTEXT(2) 
PARAMETRIC_REPRESENTATION_CONTEXT() REPRESENTATION_CONTEXT('2D SPACE',''
  ) );
#2768 = PCURVE('',#2203,#2769);
#2769 = DEFINITIONAL_REPRESENTATION('',(#2770),#2773);
#2770 = B_SPLINE_CURVE_WITH_KNOTS('',1,(#2771,#2772),.UNSPECIFIED.,.F.,
  .F.,(2,2),(-39.00553552236,-10.85157515786),.PIECEWISE_BEZIER_KNOTS.);
#2771 = CARTESIAN_POINT('',(37.581007760148,25.928254951528));
#2772 = CARTESIAN_POINT('',(10.386370330733,18.641473817968));
#2773 = ( GEOMETRIC_REPRESENTATION_CONTEXT(2) 
PARAMETRIC_REPRESENTATION_CONTEXT() REPRESENTATION_CONTEXT('2D SPACE',''
  ) );
#2774 = ORIENTED_EDGE('',*,*,#2775,.F.);
#2775 = EDGE_CURVE('',#1305,#2755,#2776,.T.);
#2776 = SURFACE_CURVE('',#2777,(#2781,#2787),.PCURVE_S1.);
#2777 = LINE('',#2778,#2779);
#2778 = CARTESIAN_POINT('',(-3.697626952982,-33.38661275189,
    59.41695884377));
#2779 = VECTOR('',#2780,1.);
#2780 = DIRECTION('',(3.328987235041E-18,0.99619177062,
    8.718919742862E-02));
#2781 = PCURVE('',#1163,#2782);
#2782 = DEFINITIONAL_REPRESENTATION('',(#2783),#2786);
#2783 = B_SPLINE_CURVE_WITH_KNOTS('',1,(#2784,#2785),.UNSPECIFIED.,.F.,
  .F.,(2,2),(-23.85,-3.683110127826),.PIECEWISE_BEZIER_KNOTS.);
#2784 = CARTESIAN_POINT('',(34.9,23.9));
#2785 = CARTESIAN_POINT('',(34.9,3.733110127826));
#2786 = ( GEOMETRIC_REPRESENTATION_CONTEXT(2) 
PARAMETRIC_REPRESENTATION_CONTEXT() REPRESENTATION_CONTEXT('2D SPACE',''
  ) );
#2787 = PCURVE('',#1341,#2788);
#2788 = DEFINITIONAL_REPRESENTATION('',(#2789),#2792);
#2789 = B_SPLINE_CURVE_WITH_KNOTS('',1,(#2790,#2791),.UNSPECIFIED.,.F.,
  .F.,(2,2),(-23.85,-3.683110127826),.PIECEWISE_BEZIER_KNOTS.);
#2790 = CARTESIAN_POINT('',(23.8,2.4));
#2791 = CARTESIAN_POINT('',(3.633110127826,2.4));
#2792 = ( GEOMETRIC_REPRESENTATION_CONTEXT(2) 
PARAMETRIC_REPRESENTATION_CONTEXT() REPRESENTATION_CONTEXT('2D SPACE',''
  ) );
#2793 = ORIENTED_EDGE('',*,*,#1304,.F.);
#2794 = ORIENTED_EDGE('',*,*,#1148,.T.);
#2795 = ORIENTED_EDGE('',*,*,#2677,.T.);
#2796 = ORIENTED_EDGE('',*,*,#2797,.F.);
#2797 = EDGE_CURVE('',#2798,#2678,#2800,.T.);
#2798 = VERTEX_POINT('',#2799);
#2799 = CARTESIAN_POINT('',(-3.697626952982,-34.86409210362,
    59.287646152485));
#2800 = SURFACE_CURVE('',#2801,(#2805,#2811),.PCURVE_S1.);
#2801 = LINE('',#2802,#2803);
#2802 = CARTESIAN_POINT('',(-3.697626952982,-33.38661275189,
    59.41695884377));
#2803 = VECTOR('',#2804,1.);
#2804 = DIRECTION('',(3.328987235041E-18,0.99619177062,
    8.718919742862E-02));
#2805 = PCURVE('',#1163,#2806);
#2806 = DEFINITIONAL_REPRESENTATION('',(#2807),#2810);
#2807 = B_SPLINE_CURVE_WITH_KNOTS('',1,(#2808,#2809),.UNSPECIFIED.,.F.,
  .F.,(2,2),(-1.483128310404,-5.E-02),.PIECEWISE_BEZIER_KNOTS.);
#2808 = CARTESIAN_POINT('',(34.9,1.533128310404));
#2809 = CARTESIAN_POINT('',(34.9,0.1));
#2810 = ( GEOMETRIC_REPRESENTATION_CONTEXT(2) 
PARAMETRIC_REPRESENTATION_CONTEXT() REPRESENTATION_CONTEXT('2D SPACE',''
  ) );
#2811 = PCURVE('',#2365,#2812);
#2812 = DEFINITIONAL_REPRESENTATION('',(#2813),#2816);
#2813 = B_SPLINE_CURVE_WITH_KNOTS('',1,(#2814,#2815),.UNSPECIFIED.,.F.,
  .F.,(2,2),(-1.483128310404,-5.E-02),.PIECEWISE_BEZIER_KNOTS.);
#2814 = CARTESIAN_POINT('',(1.433128310404,2.4));
#2815 = CARTESIAN_POINT('',(0.,2.4));
#2816 = ( GEOMETRIC_REPRESENTATION_CONTEXT(2) 
PARAMETRIC_REPRESENTATION_CONTEXT() REPRESENTATION_CONTEXT('2D SPACE',''
  ) );
#2817 = ORIENTED_EDGE('',*,*,#2818,.F.);
#2818 = EDGE_CURVE('',#2725,#2798,#2819,.T.);
#2819 = SURFACE_CURVE('',#2820,(#2824,#2830),.PCURVE_S1.);
#2820 = LINE('',#2821,#2822);
#2821 = CARTESIAN_POINT('',(-14.09082499887,-31.48350010591,
    20.647302804415));
#2822 = VECTOR('',#2823,1.);
#2823 = DIRECTION('',(-0.258819044966,8.418598283255E-02,-0.962250186935
    ));
#2824 = PCURVE('',#1163,#2825);
#2825 = DEFINITIONAL_REPRESENTATION('',(#2826),#2829);
#2826 = B_SPLINE_CURVE_WITH_KNOTS('',1,(#2827,#2828),.UNSPECIFIED.,.F.,
  .F.,(2,2),(-40.25623366224,-12.10219680994),.PIECEWISE_BEZIER_KNOTS.);
#2827 = CARTESIAN_POINT('',(35.,1.533124197402));
#2828 = CARTESIAN_POINT('',(6.845963162508,1.534037464386));
#2829 = ( GEOMETRIC_REPRESENTATION_CONTEXT(2) 
PARAMETRIC_REPRESENTATION_CONTEXT() REPRESENTATION_CONTEXT('2D SPACE',''
  ) );
#2830 = PCURVE('',#2339,#2831);
#2831 = DEFINITIONAL_REPRESENTATION('',(#2832),#2835);
#2832 = B_SPLINE_CURVE_WITH_KNOTS('',1,(#2833,#2834),.UNSPECIFIED.,.F.,
  .F.,(2,2),(-40.25623366224,-12.10219680994),.PIECEWISE_BEZIER_KNOTS.);
#2833 = CARTESIAN_POINT('',(39.581081641696,28.128254951528));
#2834 = CARTESIAN_POINT('',(12.386370330733,20.841454021467));
#2835 = ( GEOMETRIC_REPRESENTATION_CONTEXT(2) 
PARAMETRIC_REPRESENTATION_CONTEXT() REPRESENTATION_CONTEXT('2D SPACE',''
  ) );
#2836 = ADVANCED_FACE('',(#2837),#1390,.F.);
#2837 = FACE_BOUND('',#2838,.F.);
#2838 = EDGE_LOOP('',(#2839,#2858,#2859,#2860,#2881,#2907,#2926,#2927));
#2839 = ORIENTED_EDGE('',*,*,#2840,.F.);
#2840 = EDGE_CURVE('',#2127,#1526,#2841,.T.);
#2841 = SURFACE_CURVE('',#2842,(#2846,#2852),.PCURVE_S1.);
#2842 = LINE('',#2843,#2844);
#2843 = CARTESIAN_POINT('',(-16.39592575761,-33.7335280974,
    21.123071289357));
#2844 = VECTOR('',#2845,1.);
#2845 = DIRECTION('',(-0.258819044966,8.418598283255E-02,-0.962250186935
    ));
#2846 = PCURVE('',#1390,#2847);
#2847 = DEFINITIONAL_REPRESENTATION('',(#2848),#2851);
#2848 = B_SPLINE_CURVE_WITH_KNOTS('',1,(#2849,#2850),.UNSPECIFIED.,.F.,
  .F.,(2,2),(-40.10553714426,-2.805537124644),.PIECEWISE_BEZIER_KNOTS.);
#2849 = CARTESIAN_POINT('',(37.3,3.633106582154));
#2850 = CARTESIAN_POINT('',(4.820041366547E-16,3.634316527949));
#2851 = ( GEOMETRIC_REPRESENTATION_CONTEXT(2) 
PARAMETRIC_REPRESENTATION_CONTEXT() REPRESENTATION_CONTEXT('2D SPACE',''
  ) );
#2852 = PCURVE('',#1561,#2853);
#2853 = DEFINITIONAL_REPRESENTATION('',(#2854),#2857);
#2854 = B_SPLINE_CURVE_WITH_KNOTS('',1,(#2855,#2856),.UNSPECIFIED.,.F.,
  .F.,(2,2),(-40.10553714426,-2.805537124644),.PIECEWISE_BEZIER_KNOTS.);
#2855 = CARTESIAN_POINT('',(38.105580886061,23.584151063924));
#2856 = CARTESIAN_POINT('',(2.076547545162,13.9302006816));
#2857 = ( GEOMETRIC_REPRESENTATION_CONTEXT(2) 
PARAMETRIC_REPRESENTATION_CONTEXT() REPRESENTATION_CONTEXT('2D SPACE',''
  ) );
#2858 = ORIENTED_EDGE('',*,*,#2147,.T.);
#2859 = ORIENTED_EDGE('',*,*,#1374,.T.);
#2860 = ORIENTED_EDGE('',*,*,#2861,.F.);
#2861 = EDGE_CURVE('',#2862,#1375,#2864,.T.);
#2862 = VERTEX_POINT('',#2863);
#2863 = CARTESIAN_POINT('',(-7.9,-36.76982628696,52.685763443382));
#2864 = SURFACE_CURVE('',#2865,(#2869,#2875),.PCURVE_S1.);
#2865 = LINE('',#2866,#2867);
#2866 = CARTESIAN_POINT('',(-7.9,-46.77795882041,51.80982663173));
#2867 = VECTOR('',#2868,1.);
#2868 = DIRECTION('',(0.,-0.99619177062,-8.718919742862E-02));
#2869 = PCURVE('',#1390,#2870);
#2870 = DEFINITIONAL_REPRESENTATION('',(#2871),#2874);
#2871 = B_SPLINE_CURVE_WITH_KNOTS('',1,(#2872,#2873),.UNSPECIFIED.,.F.,
  .F.,(2,2),(-10.04639149671,9.846391496711),.PIECEWISE_BEZIER_KNOTS.);
#2872 = CARTESIAN_POINT('',(30.020199306904,3.907217006578));
#2873 = CARTESIAN_POINT('',(30.020199306904,23.8));
#2874 = ( GEOMETRIC_REPRESENTATION_CONTEXT(2) 
PARAMETRIC_REPRESENTATION_CONTEXT() REPRESENTATION_CONTEXT('2D SPACE',''
  ) );
#2875 = PCURVE('',#1417,#2876);
#2876 = DEFINITIONAL_REPRESENTATION('',(#2877),#2880);
#2877 = B_SPLINE_CURVE_WITH_KNOTS('',1,(#2878,#2879),.UNSPECIFIED.,.F.,
  .F.,(2,2),(-10.04639149671,9.846391496711),.PIECEWISE_BEZIER_KNOTS.);
#2878 = CARTESIAN_POINT('',(27.419004529144,24.));
#2879 = CARTESIAN_POINT('',(27.419004529144,4.107217006578));
#2880 = ( GEOMETRIC_REPRESENTATION_CONTEXT(2) 
PARAMETRIC_REPRESENTATION_CONTEXT() REPRESENTATION_CONTEXT('2D SPACE',''
  ) );
#2881 = ORIENTED_EDGE('',*,*,#2882,.F.);
#2882 = EDGE_CURVE('',#2883,#2862,#2885,.T.);
#2883 = VERTEX_POINT('',#2884);
#2884 = CARTESIAN_POINT('',(-9.93132161424,-36.10884537614,
    45.133638142205));
#2885 = SURFACE_CURVE('',#2886,(#2890,#2896),.PCURVE_S1.);
#2886 = LINE('',#2887,#2888);
#2887 = CARTESIAN_POINT('',(-9.060890723189,-36.39207881349,
    48.369759448231));
#2888 = VECTOR('',#2889,1.);
#2889 = DIRECTION('',(0.258819045103,-8.421829756972E-02,0.962247359179)
  );
#2890 = PCURVE('',#1390,#2891);
#2891 = DEFINITIONAL_REPRESENTATION('',(#2892),#2895);
#2892 = B_SPLINE_CURVE_WITH_KNOTS('',1,(#2893,#2894),.UNSPECIFIED.,.F.,
  .F.,(2,2),(-3.363086710664,4.48533732411),.PIECEWISE_BEZIER_KNOTS.);
#2893 = CARTESIAN_POINT('',(22.17177527213,3.907217006578));
#2894 = CARTESIAN_POINT('',(30.020199306904,3.907217006578));
#2895 = ( GEOMETRIC_REPRESENTATION_CONTEXT(2) 
PARAMETRIC_REPRESENTATION_CONTEXT() REPRESENTATION_CONTEXT('2D SPACE',''
  ) );
#2896 = PCURVE('',#2897,#2902);
#2897 = PLANE('',#2898);
#2898 = AXIS2_PLACEMENT_3D('',#2899,#2900,#2901);
#2899 = CARTESIAN_POINT('',(-28.9,-39.16046728614,80.000350113918));
#2900 = DIRECTION('',(0.,0.99619177062,8.718919742862E-02));
#2901 = DIRECTION('',(0.,8.718919742862E-02,-0.99619177062));
#2902 = DEFINITIONAL_REPRESENTATION('',(#2903),#2906);
#2903 = B_SPLINE_CURVE_WITH_KNOTS('',1,(#2904,#2905),.UNSPECIFIED.,.F.,
  .F.,(2,2),(-3.363086710664,4.48533732411),.PIECEWISE_BEZIER_KNOTS.);
#2904 = CARTESIAN_POINT('',(35.,-18.96867838576));
#2905 = CARTESIAN_POINT('',(27.419004529144,-21.));
#2906 = ( GEOMETRIC_REPRESENTATION_CONTEXT(2) 
PARAMETRIC_REPRESENTATION_CONTEXT() REPRESENTATION_CONTEXT('2D SPACE',''
  ) );
#2907 = ORIENTED_EDGE('',*,*,#2908,.F.);
#2908 = EDGE_CURVE('',#1429,#2883,#2909,.T.);
#2909 = SURFACE_CURVE('',#2910,(#2914,#2920),.PCURVE_S1.);
#2910 = LINE('',#2911,#2912);
#2911 = CARTESIAN_POINT('',(-9.93132161424,-46.1169779096,
    44.257701330553));
#2912 = VECTOR('',#2913,1.);
#2913 = DIRECTION('',(3.175359364504E-18,0.99619177062,
    8.718919742862E-02));
#2914 = PCURVE('',#1390,#2915);
#2915 = DEFINITIONAL_REPRESENTATION('',(#2916),#2919);
#2916 = B_SPLINE_CURVE_WITH_KNOTS('',1,(#2917,#2918),.UNSPECIFIED.,.F.,
  .F.,(2,2),(-9.846391496711,10.046391496711),.PIECEWISE_BEZIER_KNOTS.);
#2917 = CARTESIAN_POINT('',(22.17177527213,23.8));
#2918 = CARTESIAN_POINT('',(22.17177527213,3.907217006578));
#2919 = ( GEOMETRIC_REPRESENTATION_CONTEXT(2) 
PARAMETRIC_REPRESENTATION_CONTEXT() REPRESENTATION_CONTEXT('2D SPACE',''
  ) );
#2920 = PCURVE('',#1443,#2921);
#2921 = DEFINITIONAL_REPRESENTATION('',(#2922),#2925);
#2922 = B_SPLINE_CURVE_WITH_KNOTS('',1,(#2923,#2924),.UNSPECIFIED.,.F.,
  .F.,(2,2),(-9.846391496711,10.046391496711),.PIECEWISE_BEZIER_KNOTS.);
#2923 = CARTESIAN_POINT('',(4.107217006578,18.96867838576));
#2924 = CARTESIAN_POINT('',(24.,18.96867838576));
#2925 = ( GEOMETRIC_REPRESENTATION_CONTEXT(2) 
PARAMETRIC_REPRESENTATION_CONTEXT() REPRESENTATION_CONTEXT('2D SPACE',''
  ) );
#2926 = ORIENTED_EDGE('',*,*,#1454,.T.);
#2927 = ORIENTED_EDGE('',*,*,#1525,.T.);
#2928 = ADVANCED_FACE('',(#2929),#1443,.F.);
#2929 = FACE_BOUND('',#2930,.F.);
#2930 = EDGE_LOOP('',(#2931,#2954,#2955,#2956));
#2931 = ORIENTED_EDGE('',*,*,#2932,.F.);
#2932 = EDGE_CURVE('',#1403,#2933,#2935,.T.);
#2933 = VERTEX_POINT('',#2934);
#2934 = CARTESIAN_POINT('',(-7.9,-36.10884537614,45.133638142205));
#2935 = SURFACE_CURVE('',#2936,(#2940,#2947),.PCURVE_S1.);
#2936 = LINE('',#2937,#2938);
#2937 = CARTESIAN_POINT('',(-7.9,-60.01744787103,43.041097403918));
#2938 = VECTOR('',#2939,1.);
#2939 = DIRECTION('',(0.,0.99619177062,8.718919742862E-02));
#2940 = PCURVE('',#1443,#2941);
#2941 = DEFINITIONAL_REPRESENTATION('',(#2942),#2946);
#2942 = LINE('',#2943,#2944);
#2943 = CARTESIAN_POINT('',(0.,21.));
#2944 = VECTOR('',#2945,1.);
#2945 = DIRECTION('',(1.,0.));
#2946 = ( GEOMETRIC_REPRESENTATION_CONTEXT(2) 
PARAMETRIC_REPRESENTATION_CONTEXT() REPRESENTATION_CONTEXT('2D SPACE',''
  ) );
#2947 = PCURVE('',#1417,#2948);
#2948 = DEFINITIONAL_REPRESENTATION('',(#2949),#2953);
#2949 = LINE('',#2950,#2951);
#2950 = CARTESIAN_POINT('',(35.,0.));
#2951 = VECTOR('',#2952,1.);
#2952 = DIRECTION('',(0.,1.));
#2953 = ( GEOMETRIC_REPRESENTATION_CONTEXT(2) 
PARAMETRIC_REPRESENTATION_CONTEXT() REPRESENTATION_CONTEXT('2D SPACE',''
  ) );
#2954 = ORIENTED_EDGE('',*,*,#1428,.F.);
#2955 = ORIENTED_EDGE('',*,*,#2908,.T.);
#2956 = ORIENTED_EDGE('',*,*,#2957,.T.);
#2957 = EDGE_CURVE('',#2883,#2933,#2958,.T.);
#2958 = SURFACE_CURVE('',#2959,(#2963,#2970),.PCURVE_S1.);
#2959 = LINE('',#2960,#2961);
#2960 = CARTESIAN_POINT('',(-28.9,-36.10884537614,45.133638142205));
#2961 = VECTOR('',#2962,1.);
#2962 = DIRECTION('',(1.,0.,0.));
#2963 = PCURVE('',#1443,#2964);
#2964 = DEFINITIONAL_REPRESENTATION('',(#2965),#2969);
#2965 = LINE('',#2966,#2967);
#2966 = CARTESIAN_POINT('',(24.,0.));
#2967 = VECTOR('',#2968,1.);
#2968 = DIRECTION('',(0.,1.));
#2969 = ( GEOMETRIC_REPRESENTATION_CONTEXT(2) 
PARAMETRIC_REPRESENTATION_CONTEXT() REPRESENTATION_CONTEXT('2D SPACE',''
  ) );
#2970 = PCURVE('',#2897,#2971);
#2971 = DEFINITIONAL_REPRESENTATION('',(#2972),#2976);
#2972 = LINE('',#2973,#2974);
#2973 = CARTESIAN_POINT('',(35.,0.));
#2974 = VECTOR('',#2975,1.);
#2975 = DIRECTION('',(0.,-1.));
#2976 = ( GEOMETRIC_REPRESENTATION_CONTEXT(2) 
PARAMETRIC_REPRESENTATION_CONTEXT() REPRESENTATION_CONTEXT('2D SPACE',''
  ) );
#2977 = ADVANCED_FACE('',(#2978),#1417,.F.);
#2978 = FACE_BOUND('',#2979,.F.);
#2979 = EDGE_LOOP('',(#2980,#3001,#3002,#3003));
#2980 = ORIENTED_EDGE('',*,*,#2981,.F.);
#2981 = EDGE_CURVE('',#2862,#2933,#2982,.T.);
#2982 = SURFACE_CURVE('',#2983,(#2987,#2994),.PCURVE_S1.);
#2983 = LINE('',#2984,#2985);
#2984 = CARTESIAN_POINT('',(-7.9,-39.16046728614,80.000350113918));
#2985 = VECTOR('',#2986,1.);
#2986 = DIRECTION('',(0.,8.718919742862E-02,-0.99619177062));
#2987 = PCURVE('',#1417,#2988);
#2988 = DEFINITIONAL_REPRESENTATION('',(#2989),#2993);
#2989 = LINE('',#2990,#2991);
#2990 = CARTESIAN_POINT('',(0.,24.));
#2991 = VECTOR('',#2992,1.);
#2992 = DIRECTION('',(1.,0.));
#2993 = ( GEOMETRIC_REPRESENTATION_CONTEXT(2) 
PARAMETRIC_REPRESENTATION_CONTEXT() REPRESENTATION_CONTEXT('2D SPACE',''
  ) );
#2994 = PCURVE('',#2897,#2995);
#2995 = DEFINITIONAL_REPRESENTATION('',(#2996),#3000);
#2996 = LINE('',#2997,#2998);
#2997 = CARTESIAN_POINT('',(0.,-21.));
#2998 = VECTOR('',#2999,1.);
#2999 = DIRECTION('',(1.,0.));
#3000 = ( GEOMETRIC_REPRESENTATION_CONTEXT(2) 
PARAMETRIC_REPRESENTATION_CONTEXT() REPRESENTATION_CONTEXT('2D SPACE',''
  ) );
#3001 = ORIENTED_EDGE('',*,*,#2861,.T.);
#3002 = ORIENTED_EDGE('',*,*,#1402,.F.);
#3003 = ORIENTED_EDGE('',*,*,#2932,.T.);
#3004 = ADVANCED_FACE('',(#3005),#1341,.T.);
#3005 = FACE_BOUND('',#3006,.T.);
#3006 = EDGE_LOOP('',(#3007,#3008,#3027,#3028));
#3007 = ORIENTED_EDGE('',*,*,#2775,.T.);
#3008 = ORIENTED_EDGE('',*,*,#3009,.F.);
#3009 = EDGE_CURVE('',#2168,#2755,#3010,.T.);
#3010 = SURFACE_CURVE('',#3011,(#3015,#3021),.PCURVE_S1.);
#3011 = LINE('',#3012,#3013);
#3012 = CARTESIAN_POINT('',(-12.25482282626,-37.25555285587,
    61.379998490181));
#3013 = VECTOR('',#3014,1.);
#3014 = DIRECTION('',(0.965925826253,2.255756612502E-02,-0.257834160632)
  );
#3015 = PCURVE('',#1341,#3016);
#3016 = DEFINITIONAL_REPRESENTATION('',(#3017),#3020);
#3017 = B_SPLINE_CURVE_WITH_KNOTS('',1,(#3018,#3019),.UNSPECIFIED.,.F.,
  .F.,(2,2),(6.459061058956,8.959061059051),.PIECEWISE_BEZIER_KNOTS.);
#3018 = CARTESIAN_POINT('',(3.633106582154,-7.371208030883E-16));
#3019 = CARTESIAN_POINT('',(3.633128311644,2.5));
#3020 = ( GEOMETRIC_REPRESENTATION_CONTEXT(2) 
PARAMETRIC_REPRESENTATION_CONTEXT() REPRESENTATION_CONTEXT('2D SPACE',''
  ) );
#3021 = PCURVE('',#2203,#3022);
#3022 = DEFINITIONAL_REPRESENTATION('',(#3023),#3026);
#3023 = B_SPLINE_CURVE_WITH_KNOTS('',1,(#3024,#3025),.UNSPECIFIED.,.F.,
  .F.,(2,2),(6.459061058956,8.959061059051),.PIECEWISE_BEZIER_KNOTS.);
#3024 = CARTESIAN_POINT('',(38.105580886061,23.584151063924));
#3025 = CARTESIAN_POINT('',(37.45853327294,25.998965629646));
#3026 = ( GEOMETRIC_REPRESENTATION_CONTEXT(2) 
PARAMETRIC_REPRESENTATION_CONTEXT() REPRESENTATION_CONTEXT('2D SPACE',''
  ) );
#3027 = ORIENTED_EDGE('',*,*,#2167,.T.);
#3028 = ORIENTED_EDGE('',*,*,#1325,.T.);
#3029 = ADVANCED_FACE('',(#3030),#1636,.F.);
#3030 = FACE_BOUND('',#3031,.F.);
#3031 = EDGE_LOOP('',(#3032,#3033,#3034,#3035));
#3032 = ORIENTED_EDGE('',*,*,#2032,.F.);
#3033 = ORIENTED_EDGE('',*,*,#2003,.T.);
#3034 = ORIENTED_EDGE('',*,*,#1954,.T.);
#3035 = ORIENTED_EDGE('',*,*,#1621,.F.);
#3036 = ADVANCED_FACE('',(#3037),#1588,.T.);
#3037 = FACE_BOUND('',#3038,.T.);
#3038 = EDGE_LOOP('',(#3039,#3040,#3041,#3042));
#3039 = ORIENTED_EDGE('',*,*,#1763,.F.);
#3040 = ORIENTED_EDGE('',*,*,#1934,.F.);
#3041 = ORIENTED_EDGE('',*,*,#1572,.T.);
#3042 = ORIENTED_EDGE('',*,*,#3043,.F.);
#3043 = EDGE_CURVE('',#1764,#1547,#3044,.T.);
#3044 = SURFACE_CURVE('',#3045,(#3049,#3055),.PCURVE_S1.);
#3045 = LINE('',#3046,#3047);
#3046 = CARTESIAN_POINT('',(-30.7,-35.84560748281,45.264249132139));
#3047 = VECTOR('',#3048,1.);
#3048 = DIRECTION('',(1.,0.,-0.));
#3049 = PCURVE('',#1588,#3050);
#3050 = DEFINITIONAL_REPRESENTATION('',(#3051),#3054);
#3051 = B_SPLINE_CURVE_WITH_KNOTS('',1,(#3052,#3053),.UNSPECIFIED.,.F.,
  .F.,(2,2),(1.1,20.2),.PIECEWISE_BEZIER_KNOTS.);
#3052 = CARTESIAN_POINT('',(2.2,25.3));
#3053 = CARTESIAN_POINT('',(21.3,25.3));
#3054 = ( GEOMETRIC_REPRESENTATION_CONTEXT(2) 
PARAMETRIC_REPRESENTATION_CONTEXT() REPRESENTATION_CONTEXT('2D SPACE',''
  ) );
#3055 = PCURVE('',#1561,#3056);
#3056 = DEFINITIONAL_REPRESENTATION('',(#3057),#3060);
#3057 = B_SPLINE_CURVE_WITH_KNOTS('',1,(#3058,#3059),.UNSPECIFIED.,.F.,
  .F.,(2,2),(1.1,20.2),.PIECEWISE_BEZIER_KNOTS.);
#3058 = CARTESIAN_POINT('',(23.6,-2.6645352591E-14));
#3059 = CARTESIAN_POINT('',(23.6,19.1));
#3060 = ( GEOMETRIC_REPRESENTATION_CONTEXT(2) 
PARAMETRIC_REPRESENTATION_CONTEXT() REPRESENTATION_CONTEXT('2D SPACE',''
  ) );
#3061 = ADVANCED_FACE('',(#3062),#1561,.F.);
#3062 = FACE_BOUND('',#3063,.F.);
#3063 = EDGE_LOOP('',(#3064,#3065,#3066,#3067,#3068,#3069,#3070,#3096));
#3064 = ORIENTED_EDGE('',*,*,#2421,.T.);
#3065 = ORIENTED_EDGE('',*,*,#2126,.T.);
#3066 = ORIENTED_EDGE('',*,*,#2840,.T.);
#3067 = ORIENTED_EDGE('',*,*,#1546,.F.);
#3068 = ORIENTED_EDGE('',*,*,#3043,.F.);
#3069 = ORIENTED_EDGE('',*,*,#1786,.F.);
#3070 = ORIENTED_EDGE('',*,*,#3071,.F.);
#3071 = EDGE_CURVE('',#2510,#1787,#3072,.T.);
#3072 = SURFACE_CURVE('',#3073,(#3078,#3089),.PCURVE_S1.);
#3073 = CIRCLE('',#3074,5.095095681143);
#3074 = AXIS2_PLACEMENT_3D('',#3075,#3076,#3077);
#3075 = CARTESIAN_POINT('',(-24.8,-37.88505186311,68.575205067486));
#3076 = DIRECTION('',(0.,-0.996194698092,-8.715574274766E-02));
#3077 = DIRECTION('',(-1.,-0.,0.));
#3078 = PCURVE('',#1561,#3079);
#3079 = DEFINITIONAL_REPRESENTATION('',(#3080),#3088);
#3080 = ( BOUNDED_CURVE() B_SPLINE_CURVE(2,(#3081,#3082,#3083,#3084,
#3085,#3086,#3087),.UNSPECIFIED.,.T.,.F.) B_SPLINE_CURVE_WITH_KNOTS((1,2
    ,2,2,2,1),(-2.094395102393,0.,2.094395102393,4.188790204786,
6.28318530718,8.377580409573),.UNSPECIFIED.) CURVE() 
GEOMETRIC_REPRESENTATION_ITEM() RATIONAL_B_SPLINE_CURVE((1.,0.5,1.,0.5,
1.,0.5,1.)) REPRESENTATION_ITEM('') );
#3081 = CARTESIAN_POINT('',(47.,-0.295095681143));
#3082 = CARTESIAN_POINT('',(38.175035410836,-0.295095681143));
#3083 = CARTESIAN_POINT('',(42.587517705418,7.347547840571));
#3084 = CARTESIAN_POINT('',(47.,14.990191362286));
#3085 = CARTESIAN_POINT('',(51.412482294582,7.347547840571));
#3086 = CARTESIAN_POINT('',(55.824964589164,-0.295095681143));
#3087 = CARTESIAN_POINT('',(47.,-0.295095681143));
#3088 = ( GEOMETRIC_REPRESENTATION_CONTEXT(2) 
PARAMETRIC_REPRESENTATION_CONTEXT() REPRESENTATION_CONTEXT('2D SPACE',''
  ) );
#3089 = PCURVE('',#1824,#3090);
#3090 = DEFINITIONAL_REPRESENTATION('',(#3091),#3095);
#3091 = LINE('',#3092,#3093);
#3092 = CARTESIAN_POINT('',(-6.28318530718,-0.755584581642));
#3093 = VECTOR('',#3094,1.);
#3094 = DIRECTION('',(1.,-0.));
#3095 = ( GEOMETRIC_REPRESENTATION_CONTEXT(2) 
PARAMETRIC_REPRESENTATION_CONTEXT() REPRESENTATION_CONTEXT('2D SPACE',''
  ) );
#3096 = ORIENTED_EDGE('',*,*,#2592,.F.);
#3097 = ADVANCED_FACE('',(#3098),#1824,.T.);
#3098 = FACE_BOUND('',#3099,.F.);
#3099 = EDGE_LOOP('',(#3100,#3101,#3102,#3103));
#3100 = ORIENTED_EDGE('',*,*,#2647,.F.);
#3101 = ORIENTED_EDGE('',*,*,#2509,.T.);
#3102 = ORIENTED_EDGE('',*,*,#3071,.T.);
#3103 = ORIENTED_EDGE('',*,*,#1807,.F.);
#3104 = ADVANCED_FACE('',(#3105),#2365,.T.);
#3105 = FACE_BOUND('',#3106,.T.);
#3106 = EDGE_LOOP('',(#3107,#3108,#3109,#3110));
#3107 = ORIENTED_EDGE('',*,*,#2797,.T.);
#3108 = ORIENTED_EDGE('',*,*,#2698,.F.);
#3109 = ORIENTED_EDGE('',*,*,#2350,.T.);
#3110 = ORIENTED_EDGE('',*,*,#3111,.T.);
#3111 = EDGE_CURVE('',#2325,#2798,#3112,.T.);
#3112 = SURFACE_CURVE('',#3113,(#3117,#3123),.PCURVE_S1.);
#3113 = LINE('',#3114,#3115);
#3114 = CARTESIAN_POINT('',(-13.03111832775,-35.08206002946,
    61.779030945164));
#3115 = VECTOR('',#3116,1.);
#3116 = DIRECTION('',(0.965925826253,2.255756612502E-02,-0.257834160632)
  );
#3117 = PCURVE('',#2365,#3118);
#3118 = DEFINITIONAL_REPRESENTATION('',(#3119),#3122);
#3119 = B_SPLINE_CURVE_WITH_KNOTS('',1,(#3120,#3121),.UNSPECIFIED.,.F.,
  .F.,(2,2),(7.262741300644,9.762741300738),.PIECEWISE_BEZIER_KNOTS.);
#3120 = CARTESIAN_POINT('',(1.433106580913,-7.534444716321E-16));
#3121 = CARTESIAN_POINT('',(1.433128310404,2.5));
#3122 = ( GEOMETRIC_REPRESENTATION_CONTEXT(2) 
PARAMETRIC_REPRESENTATION_CONTEXT() REPRESENTATION_CONTEXT('2D SPACE',''
  ) );
#3123 = PCURVE('',#2339,#3124);
#3124 = DEFINITIONAL_REPRESENTATION('',(#3125),#3128);
#3125 = B_SPLINE_CURVE_WITH_KNOTS('',1,(#3126,#3127),.UNSPECIFIED.,.F.,
  .F.,(2,2),(7.262741300644,9.762741300738),.PIECEWISE_BEZIER_KNOTS.);
#3126 = CARTESIAN_POINT('',(40.105654767609,25.784151063924));
#3127 = CARTESIAN_POINT('',(39.458607154488,28.198965629646));
#3128 = ( GEOMETRIC_REPRESENTATION_CONTEXT(2) 
PARAMETRIC_REPRESENTATION_CONTEXT() REPRESENTATION_CONTEXT('2D SPACE',''
  ) );
#3129 = ADVANCED_FACE('',(#3130),#2339,.T.);
#3130 = FACE_BOUND('',#3131,.T.);
#3131 = EDGE_LOOP('',(#3132,#3133,#3134,#3157,#3176));
#3132 = ORIENTED_EDGE('',*,*,#3111,.F.);
#3133 = ORIENTED_EDGE('',*,*,#2324,.T.);
#3134 = ORIENTED_EDGE('',*,*,#3135,.F.);
#3135 = EDGE_CURVE('',#3136,#2296,#3138,.T.);
#3136 = VERTEX_POINT('',#3137);
#3137 = CARTESIAN_POINT('',(6.,-34.64664343286,56.802196472569));
#3138 = SURFACE_CURVE('',#3139,(#3143,#3150),.PCURVE_S1.);
#3139 = LINE('',#3140,#3141);
#3140 = CARTESIAN_POINT('',(6.,-31.42279213267,19.953407495035));
#3141 = VECTOR('',#3142,1.);
#3142 = DIRECTION('',(0.,-8.715574274766E-02,0.996194698092));
#3143 = PCURVE('',#2339,#3144);
#3144 = DEFINITIONAL_REPRESENTATION('',(#3145),#3149);
#3145 = LINE('',#3146,#3147);
#3146 = CARTESIAN_POINT('',(0.,37.8));
#3147 = VECTOR('',#3148,1.);
#3148 = DIRECTION('',(1.,0.));
#3149 = ( GEOMETRIC_REPRESENTATION_CONTEXT(2) 
PARAMETRIC_REPRESENTATION_CONTEXT() REPRESENTATION_CONTEXT('2D SPACE',''
  ) );
#3150 = PCURVE('',#2312,#3151);
#3151 = DEFINITIONAL_REPRESENTATION('',(#3152),#3156);
#3152 = LINE('',#3153,#3154);
#3153 = CARTESIAN_POINT('',(1.570796326795,0.));
#3154 = VECTOR('',#3155,1.);
#3155 = DIRECTION('',(0.,1.));
#3156 = ( GEOMETRIC_REPRESENTATION_CONTEXT(2) 
PARAMETRIC_REPRESENTATION_CONTEXT() REPRESENTATION_CONTEXT('2D SPACE',''
  ) );
#3157 = ORIENTED_EDGE('',*,*,#3158,.F.);
#3158 = EDGE_CURVE('',#2725,#3136,#3159,.T.);
#3159 = SURFACE_CURVE('',#3160,(#3164,#3170),.PCURVE_S1.);
#3160 = LINE('',#3161,#3162);
#3161 = CARTESIAN_POINT('',(-11.84612585154,-35.0634095582,
    61.565855083206));
#3162 = VECTOR('',#3163,1.);
#3163 = DIRECTION('',(0.965925826253,2.255756612502E-02,-0.257834160632)
  );
#3164 = PCURVE('',#2339,#3165);
#3165 = DEFINITIONAL_REPRESENTATION('',(#3166),#3169);
#3166 = B_SPLINE_CURVE_WITH_KNOTS('',1,(#3167,#3168),.UNSPECIFIED.,.F.,
  .F.,(2,2),(8.462741735341,18.475669007402),.PIECEWISE_BEZIER_KNOTS.);
#3167 = CARTESIAN_POINT('',(39.581081641696,28.128254951528));
#3168 = CARTESIAN_POINT('',(36.989545365097,37.8));
#3169 = ( GEOMETRIC_REPRESENTATION_CONTEXT(2) 
PARAMETRIC_REPRESENTATION_CONTEXT() REPRESENTATION_CONTEXT('2D SPACE',''
  ) );
#3170 = PCURVE('',#2742,#3171);
#3171 = DEFINITIONAL_REPRESENTATION('',(#3172),#3175);
#3172 = B_SPLINE_CURVE_WITH_KNOTS('',1,(#3173,#3174),.UNSPECIFIED.,.F.,
  .F.,(2,2),(8.462741735341,18.475669007402),.PIECEWISE_BEZIER_KNOTS.);
#3173 = CARTESIAN_POINT('',(1.533124197402,-9.919092016497E-16));
#3174 = CARTESIAN_POINT('',(1.533211227725,10.012927271682));
#3175 = ( GEOMETRIC_REPRESENTATION_CONTEXT(2) 
PARAMETRIC_REPRESENTATION_CONTEXT() REPRESENTATION_CONTEXT('2D SPACE',''
  ) );
#3176 = ORIENTED_EDGE('',*,*,#2818,.T.);
#3177 = ADVANCED_FACE('',(#3178),#2312,.T.);
#3178 = FACE_BOUND('',#3179,.T.);
#3179 = EDGE_LOOP('',(#3180,#3203,#3231,#3232));
#3180 = ORIENTED_EDGE('',*,*,#3181,.F.);
#3181 = EDGE_CURVE('',#3182,#2270,#3184,.T.);
#3182 = VERTEX_POINT('',#3183);
#3183 = CARTESIAN_POINT('',(13.,-41.45651265485,54.323365135166));
#3184 = SURFACE_CURVE('',#3185,(#3189,#3196),.PCURVE_S1.);
#3185 = LINE('',#3186,#3187);
#3186 = CARTESIAN_POINT('',(13.,-38.39615501931,19.343317295802));
#3187 = VECTOR('',#3188,1.);
#3188 = DIRECTION('',(0.,-8.715574274766E-02,0.996194698092));
#3189 = PCURVE('',#2312,#3190);
#3190 = DEFINITIONAL_REPRESENTATION('',(#3191),#3195);
#3191 = LINE('',#3192,#3193);
#3192 = CARTESIAN_POINT('',(0.,0.));
#3193 = VECTOR('',#3194,1.);
#3194 = DIRECTION('',(0.,1.));
#3195 = ( GEOMETRIC_REPRESENTATION_CONTEXT(2) 
PARAMETRIC_REPRESENTATION_CONTEXT() REPRESENTATION_CONTEXT('2D SPACE',''
  ) );
#3196 = PCURVE('',#2284,#3197);
#3197 = DEFINITIONAL_REPRESENTATION('',(#3198),#3202);
#3198 = LINE('',#3199,#3200);
#3199 = CARTESIAN_POINT('',(0.,-20.5));
#3200 = VECTOR('',#3201,1.);
#3201 = DIRECTION('',(1.,0.));
#3202 = ( GEOMETRIC_REPRESENTATION_CONTEXT(2) 
PARAMETRIC_REPRESENTATION_CONTEXT() REPRESENTATION_CONTEXT('2D SPACE',''
  ) );
#3203 = ORIENTED_EDGE('',*,*,#3204,.T.);
#3204 = EDGE_CURVE('',#3182,#3136,#3205,.T.);
#3205 = SURFACE_CURVE('',#3206,(#3211,#3224),.PCURVE_S1.);
#3206 = ELLIPSE('',#3207,7.246933266957,7.);
#3207 = AXIS2_PLACEMENT_3D('',#3208,#3209,#3210);
#3208 = CARTESIAN_POINT('',(6.,-41.61998583114,56.191872090224));
#3209 = DIRECTION('',(0.258819045103,-8.421829756972E-02,0.962247359179)
  );
#3210 = DIRECTION('',(-0.965925818158,-2.243696586134E-02,0.257844713692
    ));
#3211 = PCURVE('',#2312,#3212);
#3212 = DEFINITIONAL_REPRESENTATION('',(#3213),#3223);
#3213 = B_SPLINE_CURVE_WITH_KNOTS('',8,(#3214,#3215,#3216,#3217,#3218,
    #3219,#3220,#3221,#3222),.UNSPECIFIED.,.F.,.F.,(9,9),(3.141717985267
    ,4.712514312061),.PIECEWISE_BEZIER_KNOTS.);
#3214 = CARTESIAN_POINT('',(1.015061051086E-15,35.113665939369));
#3215 = CARTESIAN_POINT('',(0.196349540849,35.113712096758));
#3216 = CARTESIAN_POINT('',(0.392699081699,35.196400599625));
#3217 = CARTESIAN_POINT('',(0.589048622546,35.361728033953));
#3218 = CARTESIAN_POINT('',(0.785398163396,35.602897573533));
#3219 = CARTESIAN_POINT('',(0.981747704245,35.906304807559));
#3220 = CARTESIAN_POINT('',(1.178097245096,36.252971106881));
#3221 = CARTESIAN_POINT('',(1.374446785946,36.621263458555));
#3222 = CARTESIAN_POINT('',(1.570796326795,36.989545365097));
#3223 = ( GEOMETRIC_REPRESENTATION_CONTEXT(2) 
PARAMETRIC_REPRESENTATION_CONTEXT() REPRESENTATION_CONTEXT('2D SPACE',''
  ) );
#3224 = PCURVE('',#2742,#3225);
#3225 = DEFINITIONAL_REPRESENTATION('',(#3226),#3230);
#3226 = ELLIPSE('',#3227,7.246933266957,7.);
#3227 = AXIS2_PLACEMENT_2D('',#3228,#3229);
#3228 = CARTESIAN_POINT('',(8.533211231672,10.012927271682));
#3229 = DIRECTION('',(-1.297528992382E-04,-0.999999991582));
#3230 = ( GEOMETRIC_REPRESENTATION_CONTEXT(2) 
PARAMETRIC_REPRESENTATION_CONTEXT() REPRESENTATION_CONTEXT('2D SPACE',''
  ) );
#3231 = ORIENTED_EDGE('',*,*,#3135,.T.);
#3232 = ORIENTED_EDGE('',*,*,#2295,.F.);
#3233 = ADVANCED_FACE('',(#3234),#2284,.T.);
#3234 = FACE_BOUND('',#3235,.T.);
#3235 = EDGE_LOOP('',(#3236,#3259,#3278,#3279));
#3236 = ORIENTED_EDGE('',*,*,#3237,.F.);
#3237 = EDGE_CURVE('',#3238,#2241,#3240,.T.);
#3238 = VERTEX_POINT('',#3239);
#3239 = CARTESIAN_POINT('',(13.,-54.90510156581,53.146310969216));
#3240 = SURFACE_CURVE('',#3241,(#3245,#3252),.PCURVE_S1.);
#3241 = LINE('',#3242,#3243);
#3242 = CARTESIAN_POINT('',(13.,-51.84478344355,18.166714768708));
#3243 = VECTOR('',#3244,1.);
#3244 = DIRECTION('',(0.,-8.715574274766E-02,0.996194698092));
#3245 = PCURVE('',#2284,#3246);
#3246 = DEFINITIONAL_REPRESENTATION('',(#3247),#3251);
#3247 = LINE('',#3248,#3249);
#3248 = CARTESIAN_POINT('',(0.,-7.));
#3249 = VECTOR('',#3250,1.);
#3250 = DIRECTION('',(1.,0.));
#3251 = ( GEOMETRIC_REPRESENTATION_CONTEXT(2) 
PARAMETRIC_REPRESENTATION_CONTEXT() REPRESENTATION_CONTEXT('2D SPACE',''
  ) );
#3252 = PCURVE('',#2257,#3253);
#3253 = DEFINITIONAL_REPRESENTATION('',(#3254),#3258);
#3254 = LINE('',#3255,#3256);
#3255 = CARTESIAN_POINT('',(-0.,0.));
#3256 = VECTOR('',#3257,1.);
#3257 = DIRECTION('',(-0.,1.));
#3258 = ( GEOMETRIC_REPRESENTATION_CONTEXT(2) 
PARAMETRIC_REPRESENTATION_CONTEXT() REPRESENTATION_CONTEXT('2D SPACE',''
  ) );
#3259 = ORIENTED_EDGE('',*,*,#3260,.F.);
#3260 = EDGE_CURVE('',#3182,#3238,#3261,.T.);
#3261 = SURFACE_CURVE('',#3262,(#3266,#3272),.PCURVE_S1.);
#3262 = LINE('',#3263,#3264);
#3263 = CARTESIAN_POINT('',(13.,-47.41767687786,53.801629120401));
#3264 = VECTOR('',#3265,1.);
#3265 = DIRECTION('',(0.,-0.99619177062,-8.718919742862E-02));
#3266 = PCURVE('',#2284,#3267);
#3267 = DEFINITIONAL_REPRESENTATION('',(#3268),#3271);
#3268 = B_SPLINE_CURVE_WITH_KNOTS('',1,(#3269,#3270),.UNSPECIFIED.,.F.,
  .F.,(2,2),(-5.983952486675,7.516047520937),.PIECEWISE_BEZIER_KNOTS.);
#3269 = CARTESIAN_POINT('',(35.113665939369,-20.5));
#3270 = CARTESIAN_POINT('',(35.113212575325,-7.));
#3271 = ( GEOMETRIC_REPRESENTATION_CONTEXT(2) 
PARAMETRIC_REPRESENTATION_CONTEXT() REPRESENTATION_CONTEXT('2D SPACE',''
  ) );
#3272 = PCURVE('',#2742,#3273);
#3273 = DEFINITIONAL_REPRESENTATION('',(#3274),#3277);
#3274 = B_SPLINE_CURVE_WITH_KNOTS('',1,(#3275,#3276),.UNSPECIFIED.,.F.,
  .F.,(2,2),(-5.983952486675,7.516047520937),.PIECEWISE_BEZIER_KNOTS.);
#3275 = CARTESIAN_POINT('',(8.533274220539,17.259860534553));
#3276 = CARTESIAN_POINT('',(22.033274228152,17.259860534553));
#3277 = ( GEOMETRIC_REPRESENTATION_CONTEXT(2) 
PARAMETRIC_REPRESENTATION_CONTEXT() REPRESENTATION_CONTEXT('2D SPACE',''
  ) );
#3278 = ORIENTED_EDGE('',*,*,#3181,.T.);
#3279 = ORIENTED_EDGE('',*,*,#2269,.T.);
#3280 = ADVANCED_FACE('',(#3281),#2257,.T.);
#3281 = FACE_BOUND('',#3282,.F.);
#3282 = EDGE_LOOP('',(#3283,#3314,#3333,#3334,#3335,#3363,#3395,#3428));
#3283 = ORIENTED_EDGE('',*,*,#3284,.F.);
#3284 = EDGE_CURVE('',#3285,#3287,#3289,.T.);
#3285 = VERTEX_POINT('',#3286);
#3286 = CARTESIAN_POINT('',(10.8,-57.96635966035,29.676984297349));
#3287 = VERTEX_POINT('',#3288);
#3288 = CARTESIAN_POINT('',(12.746720106189,-54.74950142798,
    29.958422924792));
#3289 = SURFACE_CURVE('',#3290,(#3295,#3302),.PCURVE_S1.);
#3290 = CIRCLE('',#3291,7.);
#3291 = AXIS2_PLACEMENT_3D('',#3292,#3293,#3294);
#3292 = CARTESIAN_POINT('',(6.,-52.89065235652,30.121051145809));
#3293 = DIRECTION('',(0.,-8.715574274766E-02,0.996194698092));
#3294 = DIRECTION('',(1.,0.,0.));
#3295 = PCURVE('',#2257,#3296);
#3296 = DEFINITIONAL_REPRESENTATION('',(#3297),#3301);
#3297 = LINE('',#3298,#3299);
#3298 = CARTESIAN_POINT('',(-6.28318530718,12.));
#3299 = VECTOR('',#3300,1.);
#3300 = DIRECTION('',(1.,-0.));
#3301 = ( GEOMETRIC_REPRESENTATION_CONTEXT(2) 
PARAMETRIC_REPRESENTATION_CONTEXT() REPRESENTATION_CONTEXT('2D SPACE',''
  ) );
#3302 = PCURVE('',#3303,#3308);
#3303 = PLANE('',#3304);
#3304 = AXIS2_PLACEMENT_3D('',#3305,#3306,#3307);
#3305 = CARTESIAN_POINT('',(-37.5,-60.86020994126,29.423805203828));
#3306 = DIRECTION('',(0.,-8.715574274766E-02,0.996194698092));
#3307 = DIRECTION('',(1.,0.,0.));
#3308 = DEFINITIONAL_REPRESENTATION('',(#3309),#3313);
#3309 = CIRCLE('',#3310,7.);
#3310 = AXIS2_PLACEMENT_2D('',#3311,#3312);
#3311 = CARTESIAN_POINT('',(43.5,8.));
#3312 = DIRECTION('',(1.,0.));
#3313 = ( GEOMETRIC_REPRESENTATION_CONTEXT(2) 
PARAMETRIC_REPRESENTATION_CONTEXT() REPRESENTATION_CONTEXT('2D SPACE',''
  ) );
#3314 = ORIENTED_EDGE('',*,*,#3315,.T.);
#3315 = EDGE_CURVE('',#3285,#2215,#3316,.T.);
#3316 = SURFACE_CURVE('',#3317,(#3321,#3327),.PCURVE_S1.);
#3317 = LINE('',#3318,#3319);
#3318 = CARTESIAN_POINT('',(10.8,-56.92049074737,17.722647920248));
#3319 = VECTOR('',#3320,1.);
#3320 = DIRECTION('',(0.,-8.715574274766E-02,0.996194698092));
#3321 = PCURVE('',#2257,#3322);
#3322 = DEFINITIONAL_REPRESENTATION('',(#3323),#3326);
#3323 = B_SPLINE_CURVE_WITH_KNOTS('',1,(#3324,#3325),.UNSPECIFIED.,.F.,
  .F.,(2,2),(6.9999994,49.0000006),.PIECEWISE_BEZIER_KNOTS.);
#3324 = CARTESIAN_POINT('',(-0.815211745152,6.9999994));
#3325 = CARTESIAN_POINT('',(-0.815211745152,49.0000006));
#3326 = ( GEOMETRIC_REPRESENTATION_CONTEXT(2) 
PARAMETRIC_REPRESENTATION_CONTEXT() REPRESENTATION_CONTEXT('2D SPACE',''
  ) );
#3327 = PCURVE('',#2229,#3328);
#3328 = DEFINITIONAL_REPRESENTATION('',(#3329),#3332);
#3329 = B_SPLINE_CURVE_WITH_KNOTS('',1,(#3330,#3331),.UNSPECIFIED.,.F.,
  .F.,(2,2),(6.9999994,49.0000006),.PIECEWISE_BEZIER_KNOTS.);
#3330 = CARTESIAN_POINT('',(4.9999994,-2.904904318857));
#3331 = CARTESIAN_POINT('',(47.0000006,-2.904904318857));
#3332 = ( GEOMETRIC_REPRESENTATION_CONTEXT(2) 
PARAMETRIC_REPRESENTATION_CONTEXT() REPRESENTATION_CONTEXT('2D SPACE',''
  ) );
#3333 = ORIENTED_EDGE('',*,*,#2240,.T.);
#3334 = ORIENTED_EDGE('',*,*,#3237,.F.);
#3335 = ORIENTED_EDGE('',*,*,#3336,.F.);
#3336 = EDGE_CURVE('',#3337,#3238,#3339,.T.);
#3337 = VERTEX_POINT('',#3338);
#3338 = CARTESIAN_POINT('',(12.718033920915,-56.87092496388,
    53.050098589223));
#3339 = SURFACE_CURVE('',#3340,(#3345,#3356),.PCURVE_S1.);
#3340 = ELLIPSE('',#3341,7.246933266957,7.);
#3341 = AXIS2_PLACEMENT_3D('',#3342,#3343,#3344);
#3342 = CARTESIAN_POINT('',(6.,-55.0685747421,55.014817924274));
#3343 = DIRECTION('',(0.258819045103,-8.421829756972E-02,0.962247359179)
  );
#3344 = DIRECTION('',(-0.965925818158,-2.243696586134E-02,0.257844713692
    ));
#3345 = PCURVE('',#2257,#3346);
#3346 = DEFINITIONAL_REPRESENTATION('',(#3347),#3355);
#3347 = B_SPLINE_CURVE_WITH_KNOTS('',6,(#3348,#3349,#3350,#3351,#3352,
    #3353,#3354),.UNSPECIFIED.,.F.,.F.,(7,7),(2.468097235307,
    3.141717985267),.PIECEWISE_BEZIER_KNOTS.);
#3348 = CARTESIAN_POINT('',(-0.67362074996,35.522766491762));
#3349 = CARTESIAN_POINT('',(-0.561350624967,35.391423850394));
#3350 = CARTESIAN_POINT('',(-0.449080499973,35.28225660421));
#3351 = CARTESIAN_POINT('',(-0.33681037498,35.19824432115));
#3352 = CARTESIAN_POINT('',(-0.224540249987,35.141529803476));
#3353 = CARTESIAN_POINT('',(-0.112270124993,35.113186183128));
#3354 = CARTESIAN_POINT('',(0.,35.113212575325));
#3355 = ( GEOMETRIC_REPRESENTATION_CONTEXT(2) 
PARAMETRIC_REPRESENTATION_CONTEXT() REPRESENTATION_CONTEXT('2D SPACE',''
  ) );
#3356 = PCURVE('',#2742,#3357);
#3357 = DEFINITIONAL_REPRESENTATION('',(#3358),#3362);
#3358 = ELLIPSE('',#3359,7.246933266957,7.);
#3359 = AXIS2_PLACEMENT_2D('',#3360,#3361);
#3360 = CARTESIAN_POINT('',(22.033211239285,10.012927271682));
#3361 = DIRECTION('',(-1.297528992382E-04,-0.999999991582));
#3362 = ( GEOMETRIC_REPRESENTATION_CONTEXT(2) 
PARAMETRIC_REPRESENTATION_CONTEXT() REPRESENTATION_CONTEXT('2D SPACE',''
  ) );
#3363 = ORIENTED_EDGE('',*,*,#3364,.F.);
#3364 = EDGE_CURVE('',#3365,#3337,#3367,.T.);
#3365 = VERTEX_POINT('',#3366);
#3366 = CARTESIAN_POINT('',(12.718187053197,-55.51268449392,
    37.531341465623));
#3367 = SURFACE_CURVE('',#3368,(#3373,#3383),.PCURVE_S1.);
#3368 = ELLIPSE('',#3369,2.084417618602E+05,7.);
#3369 = AXIS2_PLACEMENT_3D('',#3370,#3371,#3372);
#3370 = CARTESIAN_POINT('',(6.,5.049281139531E+03,-5.82879693878E+04));
#3371 = DIRECTION('',(1.404597169126E-19,-0.99619177062,
    -8.718919742862E-02));
#3372 = DIRECTION('',(4.716991500015E-24,-8.718919742862E-02,
    0.99619177062));
#3373 = PCURVE('',#2257,#3374);
#3374 = DEFINITIONAL_REPRESENTATION('',(#3375),#3382);
#3375 = B_SPLINE_CURVE_WITH_KNOTS('',5,(#3376,#3377,#3378,#3379,#3380,
    #3381),.UNSPECIFIED.,.F.,.F.,(6,6),(4.997068557171,4.997202585609),
  .PIECEWISE_BEZIER_KNOTS.);
#3376 = CARTESIAN_POINT('',(-0.284679576786,11.999999399973));
#3377 = CARTESIAN_POINT('',(-0.284706382474,17.362539753929));
#3378 = CARTESIAN_POINT('',(-0.284733188161,22.725027527493));
#3379 = CARTESIAN_POINT('',(-0.284759993849,28.087462713058));
#3380 = CARTESIAN_POINT('',(-0.284786799536,33.449845301944));
#3381 = CARTESIAN_POINT('',(-0.284813605224,38.812175286572));
#3382 = ( GEOMETRIC_REPRESENTATION_CONTEXT(2) 
PARAMETRIC_REPRESENTATION_CONTEXT() REPRESENTATION_CONTEXT('2D SPACE',''
  ) );
#3383 = PCURVE('',#3384,#3389);
#3384 = PLANE('',#3385);
#3385 = AXIS2_PLACEMENT_3D('',#3386,#3387,#3388);
#3386 = CARTESIAN_POINT('',(-12.73041162706,-54.30618707307,
    23.746344730012));
#3387 = DIRECTION('',(1.404597169126E-19,-0.99619177062,
    -8.718919742862E-02));
#3388 = DIRECTION('',(0.258819045103,-8.421829756972E-02,0.962247359179)
  );
#3389 = DEFINITIONAL_REPRESENTATION('',(#3390),#3394);
#3390 = ELLIPSE('',#3391,2.084417618602E+05,7.);
#3391 = AXIS2_PLACEMENT_2D('',#3392,#3393);
#3392 = CARTESIAN_POINT('',(-5.653526212171E+04,-1.51679689784E+04));
#3393 = DIRECTION('',(0.965925826289,0.258819045103));
#3394 = ( GEOMETRIC_REPRESENTATION_CONTEXT(2) 
PARAMETRIC_REPRESENTATION_CONTEXT() REPRESENTATION_CONTEXT('2D SPACE',''
  ) );
#3395 = ORIENTED_EDGE('',*,*,#3396,.F.);
#3396 = EDGE_CURVE('',#3397,#3365,#3399,.T.);
#3397 = VERTEX_POINT('',#3398);
#3398 = CARTESIAN_POINT('',(12.746648427103,-55.4223264918,
    37.645875171314));
#3399 = SURFACE_CURVE('',#3400,(#3405,#3416),.PCURVE_S1.);
#3400 = ELLIPSE('',#3401,27.045923151345,7.);
#3401 = AXIS2_PLACEMENT_3D('',#3402,#3403,#3404);
#3402 = CARTESIAN_POINT('',(6.,-51.36874467581,12.725566755239));
#3403 = DIRECTION('',(0.965925826289,2.256622482173E-02,-0.257833402811)
  );
#3404 = DIRECTION('',(0.258819044946,-8.41836627354E-02,0.96225038992));
#3405 = PCURVE('',#2257,#3406);
#3406 = DEFINITIONAL_REPRESENTATION('',(#3407),#3415);
#3407 = B_SPLINE_CURVE_WITH_KNOTS('',6,(#3408,#3409,#3410,#3411,#3412,
    #3413,#3414),.UNSPECIFIED.,.F.,.F.,(7,7),(8.998409580418E-06,
    0.673503521563),.PIECEWISE_BEZIER_KNOTS.);
#3408 = CARTESIAN_POINT('',(0.,20.662423352783));
#3409 = CARTESIAN_POINT('',(-0.112249087192,20.662396965532));
#3410 = CARTESIAN_POINT('',(-0.224498174385,20.267375351931));
#3411 = CARTESIAN_POINT('',(-0.336747261577,19.477355131308));
#3412 = CARTESIAN_POINT('',(-0.448996348769,18.307280832249));
#3413 = CARTESIAN_POINT('',(-0.561245435961,16.786983737313));
#3414 = CARTESIAN_POINT('',(-0.673494523154,14.957940973112));
#3415 = ( GEOMETRIC_REPRESENTATION_CONTEXT(2) 
PARAMETRIC_REPRESENTATION_CONTEXT() REPRESENTATION_CONTEXT('2D SPACE',''
  ) );
#3416 = PCURVE('',#3417,#3422);
#3417 = PLANE('',#3418);
#3418 = AXIS2_PLACEMENT_3D('',#3419,#3420,#3421);
#3419 = CARTESIAN_POINT('',(7.55403072501,-29.92369385692,
    20.424384009269));
#3420 = DIRECTION('',(0.965925826289,2.256622482173E-02,-0.257833402811)
  );
#3421 = DIRECTION('',(0.258819045103,-8.421829756972E-02,0.962247359179)
  );
#3422 = DEFINITIONAL_REPRESENTATION('',(#3423),#3427);
#3423 = ELLIPSE('',#3424,27.045923151345,7.);
#3424 = AXIS2_PLACEMENT_2D('',#3425,#3426);
#3425 = CARTESIAN_POINT('',(-6.004313648536,22.034636843837));
#3426 = DIRECTION('',(0.999999999396,-3.476718483812E-05));
#3427 = ( GEOMETRIC_REPRESENTATION_CONTEXT(2) 
PARAMETRIC_REPRESENTATION_CONTEXT() REPRESENTATION_CONTEXT('2D SPACE',''
  ) );
#3428 = ORIENTED_EDGE('',*,*,#3429,.F.);
#3429 = EDGE_CURVE('',#3287,#3397,#3430,.T.);
#3430 = SURFACE_CURVE('',#3431,(#3436,#3446),.PCURVE_S1.);
#3431 = ELLIPSE('',#3432,2.084417618602E+05,7.);
#3432 = AXIS2_PLACEMENT_3D('',#3433,#3434,#3435);
#3433 = CARTESIAN_POINT('',(6.,4.789754045609E+03,-5.532156113029E+04));
#3434 = DIRECTION('',(1.404597169126E-19,-0.99619177062,
    -8.718919742862E-02));
#3435 = DIRECTION('',(4.716991500015E-24,-8.718919742862E-02,
    0.99619177062));
#3436 = PCURVE('',#2257,#3437);
#3437 = DEFINITIONAL_REPRESENTATION('',(#3438),#3445);
#3438 = B_SPLINE_CURVE_WITH_KNOTS('',5,(#3439,#3440,#3441,#3442,#3443,
    #3444),.UNSPECIFIED.,.F.,.F.,(6,6),(4.982190598948,4.98234958182),
  .PIECEWISE_BEZIER_KNOTS.);
#3439 = CARTESIAN_POINT('',(-0.269801618564,6.999999400028));
#3440 = CARTESIAN_POINT('',(-0.269833415138,13.387967097712));
#3441 = CARTESIAN_POINT('',(-0.269865211713,19.775864582392));
#3442 = CARTESIAN_POINT('',(-0.269897008286,26.163691840685));
#3443 = CARTESIAN_POINT('',(-0.269928804861,32.551448858292));
#3444 = CARTESIAN_POINT('',(-0.269960601436,38.939135622817));
#3445 = ( GEOMETRIC_REPRESENTATION_CONTEXT(2) 
PARAMETRIC_REPRESENTATION_CONTEXT() REPRESENTATION_CONTEXT('2D SPACE',''
  ) );
#3446 = PCURVE('',#3447,#3452);
#3447 = PLANE('',#3448);
#3448 = AXIS2_PLACEMENT_3D('',#3449,#3450,#3451);
#3449 = CARTESIAN_POINT('',(7.483320046891,-53.74335562699,
    18.462570266924));
#3450 = DIRECTION('',(1.404597169126E-19,-0.99619177062,
    -8.718919742862E-02));
#3451 = DIRECTION('',(0.258819045103,-8.421829756972E-02,0.962247359179)
  );
#3452 = DEFINITIONAL_REPRESENTATION('',(#3453),#3457);
#3453 = ELLIPSE('',#3454,2.084417618602E+05,7.);
#3454 = AXIS2_PLACEMENT_2D('',#3455,#3456);
#3455 = CARTESIAN_POINT('',(-5.365908667965E+04,-1.437637329649E+04));
#3456 = DIRECTION('',(0.965925826289,0.258819045103));
#3457 = ( GEOMETRIC_REPRESENTATION_CONTEXT(2) 
PARAMETRIC_REPRESENTATION_CONTEXT() REPRESENTATION_CONTEXT('2D SPACE',''
  ) );
#3458 = ADVANCED_FACE('',(#3459),#2229,.F.);
#3459 = FACE_BOUND('',#3460,.F.);
#3460 = EDGE_LOOP('',(#3461,#3462,#3483,#3509,#3530,#3551,#3572,#3593));
#3461 = ORIENTED_EDGE('',*,*,#3315,.F.);
#3462 = ORIENTED_EDGE('',*,*,#3463,.F.);
#3463 = EDGE_CURVE('',#3464,#3285,#3466,.T.);
#3464 = VERTEX_POINT('',#3465);
#3465 = CARTESIAN_POINT('',(10.8,-54.74950142799,29.95842292485));
#3466 = SURFACE_CURVE('',#3467,(#3471,#3477),.PCURVE_S1.);
#3467 = LINE('',#3468,#3469);
#3468 = CARTESIAN_POINT('',(10.8,-60.86020994126,29.423805203828));
#3469 = VECTOR('',#3470,1.);
#3470 = DIRECTION('',(0.,-0.996194698092,-8.715574274766E-02));
#3471 = PCURVE('',#2229,#3472);
#3472 = DEFINITIONAL_REPRESENTATION('',(#3473),#3476);
#3473 = B_SPLINE_CURVE_WITH_KNOTS('',1,(#3474,#3475),.UNSPECIFIED.,.F.,
  .F.,(2,2),(-26.3,-2.904904318857),.PIECEWISE_BEZIER_KNOTS.);
#3474 = CARTESIAN_POINT('',(10.,-26.3));
#3475 = CARTESIAN_POINT('',(10.,-2.904904318857));
#3476 = ( GEOMETRIC_REPRESENTATION_CONTEXT(2) 
PARAMETRIC_REPRESENTATION_CONTEXT() REPRESENTATION_CONTEXT('2D SPACE',''
  ) );
#3477 = PCURVE('',#3303,#3478);
#3478 = DEFINITIONAL_REPRESENTATION('',(#3479),#3482);
#3479 = B_SPLINE_CURVE_WITH_KNOTS('',1,(#3480,#3481),.UNSPECIFIED.,.F.,
  .F.,(2,2),(-26.3,-2.904904318857),.PIECEWISE_BEZIER_KNOTS.);
#3480 = CARTESIAN_POINT('',(48.3,26.3));
#3481 = CARTESIAN_POINT('',(48.3,2.904904318857));
#3482 = ( GEOMETRIC_REPRESENTATION_CONTEXT(2) 
PARAMETRIC_REPRESENTATION_CONTEXT() REPRESENTATION_CONTEXT('2D SPACE',''
  ) );
#3483 = ORIENTED_EDGE('',*,*,#3484,.F.);
#3484 = EDGE_CURVE('',#3485,#3464,#3487,.T.);
#3485 = VERTEX_POINT('',#3486);
#3486 = CARTESIAN_POINT('',(10.8,-54.78889777163,30.408551088519));
#3487 = SURFACE_CURVE('',#3488,(#3492,#3498),.PCURVE_S1.);
#3488 = LINE('',#3489,#3490);
#3489 = CARTESIAN_POINT('',(10.8,-53.81049152094,19.229640351793));
#3490 = VECTOR('',#3491,1.);
#3491 = DIRECTION('',(0.,8.718919742862E-02,-0.99619177062));
#3492 = PCURVE('',#2229,#3493);
#3493 = DEFINITIONAL_REPRESENTATION('',(#3494),#3497);
#3494 = B_SPLINE_CURVE_WITH_KNOTS('',1,(#3495,#3496),.UNSPECIFIED.,.F.,
  .F.,(2,2),(-34.36890693253,-1.948757403808),.PIECEWISE_BEZIER_KNOTS.);
#3495 = CARTESIAN_POINT('',(33.599110491,-6.133257909422));
#3496 = CARTESIAN_POINT('',(1.178960980554,-6.134346659798));
#3497 = ( GEOMETRIC_REPRESENTATION_CONTEXT(2) 
PARAMETRIC_REPRESENTATION_CONTEXT() REPRESENTATION_CONTEXT('2D SPACE',''
  ) );
#3498 = PCURVE('',#3499,#3504);
#3499 = PLANE('',#3500);
#3500 = AXIS2_PLACEMENT_3D('',#3501,#3502,#3503);
#3501 = CARTESIAN_POINT('',(7.483320046891,-53.74335562699,
    18.462570266924));
#3502 = DIRECTION('',(1.404597169126E-19,-0.99619177062,
    -8.718919742862E-02));
#3503 = DIRECTION('',(0.258819045103,-8.421829756972E-02,0.962247359179)
  );
#3504 = DEFINITIONAL_REPRESENTATION('',(#3505),#3508);
#3505 = B_SPLINE_CURVE_WITH_KNOTS('',1,(#3506,#3507),.UNSPECIFIED.,.F.,
  .F.,(2,2),(-34.36890693253,-1.948757403808),.PIECEWISE_BEZIER_KNOTS.);
#3506 = CARTESIAN_POINT('',(34.8,5.890952143106));
#3507 = CARTESIAN_POINT('',(3.484540278049,-2.5));
#3508 = ( GEOMETRIC_REPRESENTATION_CONTEXT(2) 
PARAMETRIC_REPRESENTATION_CONTEXT() REPRESENTATION_CONTEXT('2D SPACE',''
  ) );
#3509 = ORIENTED_EDGE('',*,*,#3510,.F.);
#3510 = EDGE_CURVE('',#3511,#3485,#3513,.T.);
#3511 = VERTEX_POINT('',#3512);
#3512 = CARTESIAN_POINT('',(10.8,-54.88851694869,30.399832168776));
#3513 = SURFACE_CURVE('',#3514,(#3518,#3524),.PCURVE_S1.);
#3514 = LINE('',#3515,#3516);
#3515 = CARTESIAN_POINT('',(10.8,-45.93991866216,31.183035890915));
#3516 = VECTOR('',#3517,1.);
#3517 = DIRECTION('',(-0.,0.99619177062,8.718919742862E-02));
#3518 = PCURVE('',#2229,#3519);
#3519 = DEFINITIONAL_REPRESENTATION('',(#3520),#3523);
#3520 = B_SPLINE_CURVE_WITH_KNOTS('',1,(#3521,#3522),.UNSPECIFIED.,.F.,
  .F.,(2,2),(-8.982806875589,11.283157882945),.PIECEWISE_BEZIER_KNOTS.);
#3521 = CARTESIAN_POINT('',(10.451845549448,-6.034035252894));
#3522 = CARTESIAN_POINT('',(10.45252613165,-26.3));
#3523 = ( GEOMETRIC_REPRESENTATION_CONTEXT(2) 
PARAMETRIC_REPRESENTATION_CONTEXT() REPRESENTATION_CONTEXT('2D SPACE',''
  ) );
#3524 = PCURVE('',#3417,#3525);
#3525 = DEFINITIONAL_REPRESENTATION('',(#3526),#3529);
#3526 = B_SPLINE_CURVE_WITH_KNOTS('',1,(#3527,#3528),.UNSPECIFIED.,.F.,
  .F.,(2,2),(-8.982806875589,11.283157882945),.PIECEWISE_BEZIER_KNOTS.);
#3527 = CARTESIAN_POINT('',(12.541462216215,24.));
#3528 = CARTESIAN_POINT('',(12.541462216215,3.734035241466));
#3529 = ( GEOMETRIC_REPRESENTATION_CONTEXT(2) 
PARAMETRIC_REPRESENTATION_CONTEXT() REPRESENTATION_CONTEXT('2D SPACE',''
  ) );
#3530 = ORIENTED_EDGE('',*,*,#3531,.F.);
#3531 = EDGE_CURVE('',#3532,#3511,#3534,.T.);
#3532 = VERTEX_POINT('',#3533);
#3533 = CARTESIAN_POINT('',(10.8,-56.91573459988,53.562077044583));
#3534 = SURFACE_CURVE('',#3535,(#3539,#3545),.PCURVE_S1.);
#3535 = LINE('',#3536,#3537);
#3536 = CARTESIAN_POINT('',(10.8,-54.14171683251,21.867168123466));
#3537 = VECTOR('',#3538,1.);
#3538 = DIRECTION('',(0.,8.718919742862E-02,-0.99619177062));
#3539 = PCURVE('',#2229,#3540);
#3540 = DEFINITIONAL_REPRESENTATION('',(#3541),#3544);
#3541 = B_SPLINE_CURVE_WITH_KNOTS('',1,(#3542,#3543),.UNSPECIFIED.,.F.,
  .F.,(2,2),(-31.81607182056,-8.565282606176),.PIECEWISE_BEZIER_KNOTS.);
#3542 = CARTESIAN_POINT('',(33.70263475073,-6.03325443276));
#3543 = CARTESIAN_POINT('',(10.451845549448,-6.034035252894));
#3544 = ( GEOMETRIC_REPRESENTATION_CONTEXT(2) 
PARAMETRIC_REPRESENTATION_CONTEXT() REPRESENTATION_CONTEXT('2D SPACE',''
  ) );
#3545 = PCURVE('',#3384,#3546);
#3546 = DEFINITIONAL_REPRESENTATION('',(#3547),#3550);
#3547 = B_SPLINE_CURVE_WITH_KNOTS('',1,(#3548,#3549),.UNSPECIFIED.,.F.,
  .F.,(2,2),(-31.81607182056,-8.565282606176),.PIECEWISE_BEZIER_KNOTS.);
#3548 = CARTESIAN_POINT('',(35.,-14.98225293765));
#3549 = CARTESIAN_POINT('',(12.541462216215,-21.));
#3550 = ( GEOMETRIC_REPRESENTATION_CONTEXT(2) 
PARAMETRIC_REPRESENTATION_CONTEXT() REPRESENTATION_CONTEXT('2D SPACE',''
  ) );
#3551 = ORIENTED_EDGE('',*,*,#3552,.F.);
#3552 = EDGE_CURVE('',#3553,#3532,#3555,.T.);
#3553 = VERTEX_POINT('',#3554);
#3554 = CARTESIAN_POINT('',(10.8,-36.72616943715,55.329118326077));
#3555 = SURFACE_CURVE('',#3556,(#3560,#3566),.PCURVE_S1.);
#3556 = LINE('',#3557,#3558);
#3557 = CARTESIAN_POINT('',(10.8,-47.96713631334,54.345280766722));
#3558 = VECTOR('',#3559,1.);
#3559 = DIRECTION('',(0.,-0.99619177062,-8.718919742862E-02));
#3560 = PCURVE('',#2229,#3561);
#3561 = DEFINITIONAL_REPRESENTATION('',(#3562),#3565);
#3562 = B_SPLINE_CURVE_WITH_KNOTS('',1,(#3563,#3564),.UNSPECIFIED.,.F.,
  .F.,(2,2),(-11.28393870308,8.982806875589),.PIECEWISE_BEZIER_KNOTS.);
#3563 = CARTESIAN_POINT('',(33.703315359154,-26.3));
#3564 = CARTESIAN_POINT('',(33.70263475073,-6.03325443276));
#3565 = ( GEOMETRIC_REPRESENTATION_CONTEXT(2) 
PARAMETRIC_REPRESENTATION_CONTEXT() REPRESENTATION_CONTEXT('2D SPACE',''
  ) );
#3566 = PCURVE('',#2742,#3567);
#3567 = DEFINITIONAL_REPRESENTATION('',(#3568),#3571);
#3568 = B_SPLINE_CURVE_WITH_KNOTS('',1,(#3569,#3570),.UNSPECIFIED.,.F.,
  .F.,(2,2),(-11.28393870308,8.982806875589),.PIECEWISE_BEZIER_KNOTS.);
#3569 = CARTESIAN_POINT('',(3.733254421331,14.982252937651));
#3570 = CARTESIAN_POINT('',(24.,14.982252937651));
#3571 = ( GEOMETRIC_REPRESENTATION_CONTEXT(2) 
PARAMETRIC_REPRESENTATION_CONTEXT() REPRESENTATION_CONTEXT('2D SPACE',''
  ) );
#3572 = ORIENTED_EDGE('',*,*,#3573,.T.);
#3573 = EDGE_CURVE('',#3553,#2189,#3574,.T.);
#3574 = SURFACE_CURVE('',#3575,(#3579,#3586),.PCURVE_S1.);
#3575 = LINE('',#3576,#3577);
#3576 = CARTESIAN_POINT('',(10.8,-33.78873195397,21.754054257174));
#3577 = VECTOR('',#3578,1.);
#3578 = DIRECTION('',(0.,-8.715574274766E-02,0.996194698092));
#3579 = PCURVE('',#2229,#3580);
#3580 = DEFINITIONAL_REPRESENTATION('',(#3581),#3585);
#3581 = LINE('',#3582,#3583);
#3582 = CARTESIAN_POINT('',(0.,-26.3));
#3583 = VECTOR('',#3584,1.);
#3584 = DIRECTION('',(1.,0.));
#3585 = ( GEOMETRIC_REPRESENTATION_CONTEXT(2) 
PARAMETRIC_REPRESENTATION_CONTEXT() REPRESENTATION_CONTEXT('2D SPACE',''
  ) );
#3586 = PCURVE('',#2203,#3587);
#3587 = DEFINITIONAL_REPRESENTATION('',(#3588),#3592);
#3588 = LINE('',#3589,#3590);
#3589 = CARTESIAN_POINT('',(0.,40.4));
#3590 = VECTOR('',#3591,1.);
#3591 = DIRECTION('',(1.,0.));
#3592 = ( GEOMETRIC_REPRESENTATION_CONTEXT(2) 
PARAMETRIC_REPRESENTATION_CONTEXT() REPRESENTATION_CONTEXT('2D SPACE',''
  ) );
#3593 = ORIENTED_EDGE('',*,*,#2214,.T.);
#3594 = ADVANCED_FACE('',(#3595),#2203,.F.);
#3595 = FACE_BOUND('',#3596,.F.);
#3596 = EDGE_LOOP('',(#3597,#3598,#3599,#3600,#3601));
#3597 = ORIENTED_EDGE('',*,*,#2754,.T.);
#3598 = ORIENTED_EDGE('',*,*,#3009,.F.);
#3599 = ORIENTED_EDGE('',*,*,#2188,.T.);
#3600 = ORIENTED_EDGE('',*,*,#3573,.F.);
#3601 = ORIENTED_EDGE('',*,*,#3602,.F.);
#3602 = EDGE_CURVE('',#2727,#3553,#3603,.T.);
#3603 = SURFACE_CURVE('',#3604,(#3608,#3614),.PCURVE_S1.);
#3604 = LINE('',#3605,#3606);
#3605 = CARTESIAN_POINT('',(-11.06983035004,-37.23690238461,
    61.166822628223));
#3606 = VECTOR('',#3607,1.);
#3607 = DIRECTION('',(0.965925826253,2.255756612502E-02,-0.257834160632)
  );
#3608 = PCURVE('',#2203,#3609);
#3609 = DEFINITIONAL_REPRESENTATION('',(#3610),#3613);
#3610 = B_SPLINE_CURVE_WITH_KNOTS('',1,(#3611,#3612),.UNSPECIFIED.,.F.,
  .F.,(2,2),(7.659061493654,22.641314431871),.PIECEWISE_BEZIER_KNOTS.);
#3611 = CARTESIAN_POINT('',(37.581007760148,25.928254951528));
#3612 = CARTESIAN_POINT('',(33.703315359154,40.4));
#3613 = ( GEOMETRIC_REPRESENTATION_CONTEXT(2) 
PARAMETRIC_REPRESENTATION_CONTEXT() REPRESENTATION_CONTEXT('2D SPACE',''
  ) );
#3614 = PCURVE('',#2742,#3615);
#3615 = DEFINITIONAL_REPRESENTATION('',(#3616),#3619);
#3616 = B_SPLINE_CURVE_WITH_KNOTS('',1,(#3617,#3618),.UNSPECIFIED.,.F.,
  .F.,(2,2),(7.659061493654,22.641314431871),.PIECEWISE_BEZIER_KNOTS.);
#3617 = CARTESIAN_POINT('',(3.733124198642,-8.740711350643E-17));
#3618 = CARTESIAN_POINT('',(3.733254421332,14.982252937651));
#3619 = ( GEOMETRIC_REPRESENTATION_CONTEXT(2) 
PARAMETRIC_REPRESENTATION_CONTEXT() REPRESENTATION_CONTEXT('2D SPACE',''
  ) );
#3620 = ADVANCED_FACE('',(#3621),#2742,.F.);
#3621 = FACE_BOUND('',#3622,.F.);
#3622 = EDGE_LOOP('',(#3623,#3624,#3625,#3626,#3627,#3648,#3649,#3650));
#3623 = ORIENTED_EDGE('',*,*,#3158,.F.);
#3624 = ORIENTED_EDGE('',*,*,#2724,.T.);
#3625 = ORIENTED_EDGE('',*,*,#3602,.T.);
#3626 = ORIENTED_EDGE('',*,*,#3552,.T.);
#3627 = ORIENTED_EDGE('',*,*,#3628,.T.);
#3628 = EDGE_CURVE('',#3532,#3337,#3629,.T.);
#3629 = SURFACE_CURVE('',#3630,(#3634,#3641),.PCURVE_S1.);
#3630 = LINE('',#3631,#3632);
#3631 = CARTESIAN_POINT('',(-3.671745048472,-57.25382748801,
    57.425002301272));
#3632 = VECTOR('',#3633,1.);
#3633 = DIRECTION('',(0.965925826289,2.256622482173E-02,-0.257833402811)
  );
#3634 = PCURVE('',#2742,#3635);
#3635 = DEFINITIONAL_REPRESENTATION('',(#3636),#3640);
#3636 = LINE('',#3637,#3638);
#3637 = CARTESIAN_POINT('',(24.,0.));
#3638 = VECTOR('',#3639,1.);
#3639 = DIRECTION('',(0.,1.));
#3640 = ( GEOMETRIC_REPRESENTATION_CONTEXT(2) 
PARAMETRIC_REPRESENTATION_CONTEXT() REPRESENTATION_CONTEXT('2D SPACE',''
  ) );
#3641 = PCURVE('',#3384,#3642);
#3642 = DEFINITIONAL_REPRESENTATION('',(#3643),#3647);
#3643 = LINE('',#3644,#3645);
#3644 = CARTESIAN_POINT('',(35.,0.));
#3645 = VECTOR('',#3646,1.);
#3646 = DIRECTION('',(0.,-1.));
#3647 = ( GEOMETRIC_REPRESENTATION_CONTEXT(2) 
PARAMETRIC_REPRESENTATION_CONTEXT() REPRESENTATION_CONTEXT('2D SPACE',''
  ) );
#3648 = ORIENTED_EDGE('',*,*,#3336,.T.);
#3649 = ORIENTED_EDGE('',*,*,#3260,.F.);
#3650 = ORIENTED_EDGE('',*,*,#3204,.T.);
#3651 = ADVANCED_FACE('',(#3652),#2897,.F.);
#3652 = FACE_BOUND('',#3653,.F.);
#3653 = EDGE_LOOP('',(#3654,#3655,#3656));
#3654 = ORIENTED_EDGE('',*,*,#2882,.T.);
#3655 = ORIENTED_EDGE('',*,*,#2981,.T.);
#3656 = ORIENTED_EDGE('',*,*,#2957,.F.);
#3657 = ADVANCED_FACE('',(#3658),#3303,.F.);
#3658 = FACE_BOUND('',#3659,.F.);
#3659 = EDGE_LOOP('',(#3660,#3688,#3709,#3728,#3729,#3730,#3751));
#3660 = ORIENTED_EDGE('',*,*,#3661,.T.);
#3661 = EDGE_CURVE('',#3662,#3664,#3666,.T.);
#3662 = VERTEX_POINT('',#3663);
#3663 = CARTESIAN_POINT('',(13.163376120849,-31.04006760003,
    32.032729603414));
#3664 = VERTEX_POINT('',#3665);
#3665 = CARTESIAN_POINT('',(10.678713287864,-31.04006760003,
    32.032729603414));
#3666 = SURFACE_CURVE('',#3667,(#3671,#3677),.PCURVE_S1.);
#3667 = LINE('',#3668,#3669);
#3668 = CARTESIAN_POINT('',(-15.00833997655,-31.04006760003,
    32.032729603414));
#3669 = VECTOR('',#3670,1.);
#3670 = DIRECTION('',(-1.,-1.399252253627E-19,-1.224187096055E-20));
#3671 = PCURVE('',#3303,#3672);
#3672 = DEFINITIONAL_REPRESENTATION('',(#3673),#3676);
#3673 = B_SPLINE_CURVE_WITH_KNOTS('',1,(#3674,#3675),.UNSPECIFIED.,.F.,
  .F.,(2,2),(-28.1717160974,-1.461590642823),.PIECEWISE_BEZIER_KNOTS.);
#3674 = CARTESIAN_POINT('',(50.663376120849,29.934050440484));
#3675 = CARTESIAN_POINT('',(23.953250666268,29.934050440484));
#3676 = ( GEOMETRIC_REPRESENTATION_CONTEXT(2) 
PARAMETRIC_REPRESENTATION_CONTEXT() REPRESENTATION_CONTEXT('2D SPACE',''
  ) );
#3677 = PCURVE('',#3678,#3683);
#3678 = PLANE('',#3679);
#3679 = AXIS2_PLACEMENT_3D('',#3680,#3681,#3682);
#3680 = CARTESIAN_POINT('',(7.483320046891,-30.03399148622,
    20.537673165725));
#3681 = DIRECTION('',(1.404597169126E-19,-0.99619177062,
    -8.718919742862E-02));
#3682 = DIRECTION('',(0.258819045103,-8.421829756972E-02,0.962247359179)
  );
#3683 = DEFINITIONAL_REPRESENTATION('',(#3684),#3687);
#3684 = B_SPLINE_CURVE_WITH_KNOTS('',1,(#3685,#3686),.UNSPECIFIED.,.F.,
  .F.,(2,2),(-28.1717160974,-1.461590642823),.PIECEWISE_BEZIER_KNOTS.);
#3685 = CARTESIAN_POINT('',(12.615924407499,-2.5));
#3686 = CARTESIAN_POINT('',(5.702835242776,23.3));
#3687 = ( GEOMETRIC_REPRESENTATION_CONTEXT(2) 
PARAMETRIC_REPRESENTATION_CONTEXT() REPRESENTATION_CONTEXT('2D SPACE',''
  ) );
#3688 = ORIENTED_EDGE('',*,*,#3689,.F.);
#3689 = EDGE_CURVE('',#3690,#3664,#3692,.T.);
#3690 = VERTEX_POINT('',#3691);
#3691 = CARTESIAN_POINT('',(10.678927450013,-54.74950142799,
    29.95842292485));
#3692 = SURFACE_CURVE('',#3693,(#3697,#3703),.PCURVE_S1.);
#3693 = LINE('',#3694,#3695);
#3694 = CARTESIAN_POINT('',(10.678847513528,-45.8999040227,
    30.732662374581));
#3695 = VECTOR('',#3696,1.);
#3696 = DIRECTION('',(-8.998409580706E-06,0.996194698051,
    8.715574274413E-02));
#3697 = PCURVE('',#3303,#3698);
#3698 = DEFINITIONAL_REPRESENTATION('',(#3699),#3702);
#3699 = B_SPLINE_CURVE_WITH_KNOTS('',1,(#3700,#3701),.UNSPECIFIED.,.F.,
  .F.,(2,2),(-8.983401430116,14.916598584329),.PIECEWISE_BEZIER_KNOTS.);
#3700 = CARTESIAN_POINT('',(48.178928349853,6.034050427007));
#3701 = CARTESIAN_POINT('',(48.178713287864,29.934050440484));
#3702 = ( GEOMETRIC_REPRESENTATION_CONTEXT(2) 
PARAMETRIC_REPRESENTATION_CONTEXT() REPRESENTATION_CONTEXT('2D SPACE',''
  ) );
#3703 = PCURVE('',#3417,#3704);
#3704 = DEFINITIONAL_REPRESENTATION('',(#3705),#3708);
#3705 = B_SPLINE_CURVE_WITH_KNOTS('',1,(#3706,#3707),.UNSPECIFIED.,.F.,
  .F.,(2,2),(-8.983401430116,14.916598584329),.PIECEWISE_BEZIER_KNOTS.);
#3706 = CARTESIAN_POINT('',(12.073677281383,24.));
#3707 = CARTESIAN_POINT('',(12.072846345665,1.E-01));
#3708 = ( GEOMETRIC_REPRESENTATION_CONTEXT(2) 
PARAMETRIC_REPRESENTATION_CONTEXT() REPRESENTATION_CONTEXT('2D SPACE',''
  ) );
#3709 = ORIENTED_EDGE('',*,*,#3710,.F.);
#3710 = EDGE_CURVE('',#3464,#3690,#3711,.T.);
#3711 = SURFACE_CURVE('',#3712,(#3716,#3722),.PCURVE_S1.);
#3712 = LINE('',#3713,#3714);
#3713 = CARTESIAN_POINT('',(-15.00833997655,-54.74950142799,
    29.95842292485));
#3714 = VECTOR('',#3715,1.);
#3715 = DIRECTION('',(-1.,-1.399252253627E-19,-1.224187096055E-20));
#3716 = PCURVE('',#3303,#3717);
#3717 = DEFINITIONAL_REPRESENTATION('',(#3718),#3721);
#3718 = B_SPLINE_CURVE_WITH_KNOTS('',1,(#3719,#3720),.UNSPECIFIED.,.F.,
  .F.,(2,2),(-28.17193025955,-25.58373980852),.PIECEWISE_BEZIER_KNOTS.);
#3719 = CARTESIAN_POINT('',(50.663590282997,6.134050427064));
#3720 = CARTESIAN_POINT('',(48.075399831972,6.134050427064));
#3721 = ( GEOMETRIC_REPRESENTATION_CONTEXT(2) 
PARAMETRIC_REPRESENTATION_CONTEXT() REPRESENTATION_CONTEXT('2D SPACE',''
  ) );
#3722 = PCURVE('',#3499,#3723);
#3723 = DEFINITIONAL_REPRESENTATION('',(#3724),#3727);
#3724 = B_SPLINE_CURVE_WITH_KNOTS('',1,(#3725,#3726),.UNSPECIFIED.,.F.,
  .F.,(2,2),(-28.17193025955,-25.58373980852),.PIECEWISE_BEZIER_KNOTS.);
#3725 = CARTESIAN_POINT('',(12.616751866499,-2.5));
#3726 = CARTESIAN_POINT('',(11.946878885421,-1.994995621803E-15));
#3727 = ( GEOMETRIC_REPRESENTATION_CONTEXT(2) 
PARAMETRIC_REPRESENTATION_CONTEXT() REPRESENTATION_CONTEXT('2D SPACE',''
  ) );
#3728 = ORIENTED_EDGE('',*,*,#3463,.T.);
#3729 = ORIENTED_EDGE('',*,*,#3284,.T.);
#3730 = ORIENTED_EDGE('',*,*,#3731,.F.);
#3731 = EDGE_CURVE('',#3732,#3287,#3734,.T.);
#3732 = VERTEX_POINT('',#3733);
#3733 = CARTESIAN_POINT('',(13.163590282997,-54.74950142799,
    29.95842292485));
#3734 = SURFACE_CURVE('',#3735,(#3739,#3745),.PCURVE_S1.);
#3735 = LINE('',#3736,#3737);
#3736 = CARTESIAN_POINT('',(-15.00833997655,-54.74950142799,
    29.95842292485));
#3737 = VECTOR('',#3738,1.);
#3738 = DIRECTION('',(-1.,-1.399252253627E-19,-1.224187096055E-20));
#3739 = PCURVE('',#3303,#3740);
#3740 = DEFINITIONAL_REPRESENTATION('',(#3741),#3744);
#3741 = B_SPLINE_CURVE_WITH_KNOTS('',1,(#3742,#3743),.UNSPECIFIED.,.F.,
  .F.,(2,2),(-28.17193025957,-25.58373980852),.PIECEWISE_BEZIER_KNOTS.);
#3742 = CARTESIAN_POINT('',(50.663590283025,6.134050427064));
#3743 = CARTESIAN_POINT('',(48.075399831972,6.134050427064));
#3744 = ( GEOMETRIC_REPRESENTATION_CONTEXT(2) 
PARAMETRIC_REPRESENTATION_CONTEXT() REPRESENTATION_CONTEXT('2D SPACE',''
  ) );
#3745 = PCURVE('',#3447,#3746);
#3746 = DEFINITIONAL_REPRESENTATION('',(#3747),#3750);
#3747 = B_SPLINE_CURVE_WITH_KNOTS('',1,(#3748,#3749),.UNSPECIFIED.,.F.,
  .F.,(2,2),(-28.17193025957,-25.58373980852),.PIECEWISE_BEZIER_KNOTS.);
#3748 = CARTESIAN_POINT('',(12.616751866506,-2.500000000027));
#3749 = CARTESIAN_POINT('',(11.946878885421,-1.994995621803E-15));
#3750 = ( GEOMETRIC_REPRESENTATION_CONTEXT(2) 
PARAMETRIC_REPRESENTATION_CONTEXT() REPRESENTATION_CONTEXT('2D SPACE',''
  ) );
#3751 = ORIENTED_EDGE('',*,*,#3752,.F.);
#3752 = EDGE_CURVE('',#3662,#3732,#3753,.T.);
#3753 = SURFACE_CURVE('',#3754,(#3758,#3764),.PCURVE_S1.);
#3754 = LINE('',#3755,#3756);
#3755 = CARTESIAN_POINT('',(13.163510796247,-45.94969321639,
    30.728306384568));
#3756 = VECTOR('',#3757,1.);
#3757 = DIRECTION('',(8.998409580703E-06,-0.996194698051,
    -8.715574274413E-02));
#3758 = PCURVE('',#3303,#3759);
#3759 = DEFINITIONAL_REPRESENTATION('',(#3760),#3763);
#3760 = B_SPLINE_CURVE_WITH_KNOTS('',1,(#3761,#3762),.UNSPECIFIED.,.F.,
  .F.,(2,2),(-14.96657796464,8.833422049741),.PIECEWISE_BEZIER_KNOTS.);
#3761 = CARTESIAN_POINT('',(50.663376120849,29.934050440484));
#3762 = CARTESIAN_POINT('',(50.663590282997,6.134050427064));
#3763 = ( GEOMETRIC_REPRESENTATION_CONTEXT(2) 
PARAMETRIC_REPRESENTATION_CONTEXT() REPRESENTATION_CONTEXT('2D SPACE',''
  ) );
#3764 = PCURVE('',#3765,#3770);
#3765 = PLANE('',#3766);
#3766 = AXIS2_PLACEMENT_3D('',#3767,#3768,#3769);
#3767 = CARTESIAN_POINT('',(9.898134612614,-29.97757592417,
    19.893089658698));
#3768 = DIRECTION('',(0.965925826289,2.256622482173E-02,-0.257833402811)
  );
#3769 = DIRECTION('',(0.258819045103,-8.421829756972E-02,0.962247359179)
  );
#3770 = DEFINITIONAL_REPRESENTATION('',(#3771),#3774);
#3771 = B_SPLINE_CURVE_WITH_KNOTS('',1,(#3772,#3773),.UNSPECIFIED.,.F.,
  .F.,(2,2),(-14.96657796464,8.833422049741),.PIECEWISE_BEZIER_KNOTS.);
#3772 = CARTESIAN_POINT('',(12.615924407499,-3.855079514281E-16));
#3773 = CARTESIAN_POINT('',(12.616751866499,23.8));
#3774 = ( GEOMETRIC_REPRESENTATION_CONTEXT(2) 
PARAMETRIC_REPRESENTATION_CONTEXT() REPRESENTATION_CONTEXT('2D SPACE',''
  ) );
#3775 = ADVANCED_FACE('',(#3776),#3447,.T.);
#3776 = FACE_BOUND('',#3777,.T.);
#3777 = EDGE_LOOP('',(#3778,#3799,#3800,#3801,#3824));
#3778 = ORIENTED_EDGE('',*,*,#3779,.F.);
#3779 = EDGE_CURVE('',#3397,#3780,#3782,.T.);
#3780 = VERTEX_POINT('',#3781);
#3781 = CARTESIAN_POINT('',(16.586815399088,-56.67189575993,
    51.922995026067));
#3782 = SURFACE_CURVE('',#3783,(#3787,#3793),.PCURVE_S1.);
#3783 = LINE('',#3784,#3785);
#3784 = CARTESIAN_POINT('',(7.566971677265,-53.73688808963,
    18.388674558684));
#3785 = VECTOR('',#3786,1.);
#3786 = DIRECTION('',(0.258819045103,-8.421829756972E-02,0.962247359179)
  );
#3787 = PCURVE('',#3447,#3788);
#3788 = DEFINITIONAL_REPRESENTATION('',(#3789),#3792);
#3789 = B_SPLINE_CURVE_WITH_KNOTS('',1,(#3790,#3791),.UNSPECIFIED.,.F.,
  .F.,(2,2),(12.558857925357,34.85),.PIECEWISE_BEZIER_KNOTS.);
#3790 = CARTESIAN_POINT('',(12.508857925357,-1.E-01));
#3791 = CARTESIAN_POINT('',(34.8,-1.E-01));
#3792 = ( GEOMETRIC_REPRESENTATION_CONTEXT(2) 
PARAMETRIC_REPRESENTATION_CONTEXT() REPRESENTATION_CONTEXT('2D SPACE',''
  ) );
#3793 = PCURVE('',#3417,#3794);
#3794 = DEFINITIONAL_REPRESENTATION('',(#3795),#3798);
#3795 = B_SPLINE_CURVE_WITH_KNOTS('',1,(#3796,#3797),.UNSPECIFIED.,.F.,
  .F.,(2,2),(12.558857925357,34.85),.PIECEWISE_BEZIER_KNOTS.);
#3796 = CARTESIAN_POINT('',(12.608857925357,23.9));
#3797 = CARTESIAN_POINT('',(34.9,23.9));
#3798 = ( GEOMETRIC_REPRESENTATION_CONTEXT(2) 
PARAMETRIC_REPRESENTATION_CONTEXT() REPRESENTATION_CONTEXT('2D SPACE',''
  ) );
#3799 = ORIENTED_EDGE('',*,*,#3429,.F.);
#3800 = ORIENTED_EDGE('',*,*,#3731,.F.);
#3801 = ORIENTED_EDGE('',*,*,#3802,.F.);
#3802 = EDGE_CURVE('',#3803,#3732,#3805,.T.);
#3803 = VERTEX_POINT('',#3804);
#3804 = CARTESIAN_POINT('',(18.905037382182,-56.61773682036,
    51.304194859321));
#3805 = SURFACE_CURVE('',#3806,(#3810,#3817),.PCURVE_S1.);
#3806 = LINE('',#3807,#3808);
#3807 = CARTESIAN_POINT('',(18.905037382182,-56.61773682036,
    51.304194859321));
#3808 = VECTOR('',#3809,1.);
#3809 = DIRECTION('',(-0.258819045103,8.421829756972E-02,-0.962247359179
    ));
#3810 = PCURVE('',#3447,#3811);
#3811 = DEFINITIONAL_REPRESENTATION('',(#3812),#3816);
#3812 = LINE('',#3813,#3814);
#3813 = CARTESIAN_POINT('',(34.8,-2.5));
#3814 = VECTOR('',#3815,1.);
#3815 = DIRECTION('',(-1.,0.));
#3816 = ( GEOMETRIC_REPRESENTATION_CONTEXT(2) 
PARAMETRIC_REPRESENTATION_CONTEXT() REPRESENTATION_CONTEXT('2D SPACE',''
  ) );
#3817 = PCURVE('',#3765,#3818);
#3818 = DEFINITIONAL_REPRESENTATION('',(#3819),#3823);
#3819 = LINE('',#3820,#3821);
#3820 = CARTESIAN_POINT('',(34.8,23.8));
#3821 = VECTOR('',#3822,1.);
#3822 = DIRECTION('',(-1.,0.));
#3823 = ( GEOMETRIC_REPRESENTATION_CONTEXT(2) 
PARAMETRIC_REPRESENTATION_CONTEXT() REPRESENTATION_CONTEXT('2D SPACE',''
  ) );
#3824 = ORIENTED_EDGE('',*,*,#3825,.F.);
#3825 = EDGE_CURVE('',#3780,#3803,#3826,.T.);
#3826 = SURFACE_CURVE('',#3827,(#3831,#3838),.PCURVE_S1.);
#3827 = LINE('',#3828,#3829);
#3828 = CARTESIAN_POINT('',(16.490222816459,-56.67415238241,
    51.948778366348));
#3829 = VECTOR('',#3830,1.);
#3830 = DIRECTION('',(0.965925826289,2.256622482173E-02,-0.257833402811)
  );
#3831 = PCURVE('',#3447,#3832);
#3832 = DEFINITIONAL_REPRESENTATION('',(#3833),#3837);
#3833 = LINE('',#3834,#3835);
#3834 = CARTESIAN_POINT('',(34.8,0.));
#3835 = VECTOR('',#3836,1.);
#3836 = DIRECTION('',(0.,-1.));
#3837 = ( GEOMETRIC_REPRESENTATION_CONTEXT(2) 
PARAMETRIC_REPRESENTATION_CONTEXT() REPRESENTATION_CONTEXT('2D SPACE',''
  ) );
#3838 = PCURVE('',#3839,#3844);
#3839 = PLANE('',#3840);
#3840 = AXIS2_PLACEMENT_3D('',#3841,#3842,#3843);
#3841 = CARTESIAN_POINT('',(16.490222816459,-32.96478824165,
    54.023881265149));
#3842 = DIRECTION('',(0.258819045103,-8.421829756972E-02,0.962247359179)
  );
#3843 = DIRECTION('',(1.404597169126E-19,-0.99619177062,
    -8.718919742862E-02));
#3844 = DEFINITIONAL_REPRESENTATION('',(#3845),#3849);
#3845 = LINE('',#3846,#3847);
#3846 = CARTESIAN_POINT('',(23.8,0.));
#3847 = VECTOR('',#3848,1.);
#3848 = DIRECTION('',(0.,1.));
#3849 = ( GEOMETRIC_REPRESENTATION_CONTEXT(2) 
PARAMETRIC_REPRESENTATION_CONTEXT() REPRESENTATION_CONTEXT('2D SPACE',''
  ) );
#3850 = ADVANCED_FACE('',(#3851),#3417,.F.);
#3851 = FACE_BOUND('',#3852,.F.);
#3852 = EDGE_LOOP('',(#3853,#3874,#3875,#3894,#3895,#3916,#3935,#3936));
#3853 = ORIENTED_EDGE('',*,*,#3854,.F.);
#3854 = EDGE_CURVE('',#3511,#3365,#3855,.T.);
#3855 = SURFACE_CURVE('',#3856,(#3860,#3867),.PCURVE_S1.);
#3856 = LINE('',#3857,#3858);
#3857 = CARTESIAN_POINT('',(7.55403072501,-53.83229635181,
    18.331843270982));
#3858 = VECTOR('',#3859,1.);
#3859 = DIRECTION('',(0.258819045103,-8.421829756972E-02,0.962247359179)
  );
#3860 = PCURVE('',#3417,#3861);
#3861 = DEFINITIONAL_REPRESENTATION('',(#3862),#3866);
#3862 = LINE('',#3863,#3864);
#3863 = CARTESIAN_POINT('',(0.,24.));
#3864 = VECTOR('',#3865,1.);
#3865 = DIRECTION('',(1.,0.));
#3866 = ( GEOMETRIC_REPRESENTATION_CONTEXT(2) 
PARAMETRIC_REPRESENTATION_CONTEXT() REPRESENTATION_CONTEXT('2D SPACE',''
  ) );
#3867 = PCURVE('',#3384,#3868);
#3868 = DEFINITIONAL_REPRESENTATION('',(#3869),#3873);
#3869 = LINE('',#3870,#3871);
#3870 = CARTESIAN_POINT('',(0.,-21.));
#3871 = VECTOR('',#3872,1.);
#3872 = DIRECTION('',(1.,0.));
#3873 = ( GEOMETRIC_REPRESENTATION_CONTEXT(2) 
PARAMETRIC_REPRESENTATION_CONTEXT() REPRESENTATION_CONTEXT('2D SPACE',''
  ) );
#3874 = ORIENTED_EDGE('',*,*,#3510,.T.);
#3875 = ORIENTED_EDGE('',*,*,#3876,.F.);
#3876 = EDGE_CURVE('',#3690,#3485,#3877,.T.);
#3877 = SURFACE_CURVE('',#3878,(#3882,#3888),.PCURVE_S1.);
#3878 = LINE('',#3879,#3880);
#3879 = CARTESIAN_POINT('',(7.566971677265,-53.73688808963,
    18.388674558684));
#3880 = VECTOR('',#3881,1.);
#3881 = DIRECTION('',(0.258819045103,-8.421829756972E-02,0.962247359179)
  );
#3882 = PCURVE('',#3417,#3883);
#3883 = DEFINITIONAL_REPRESENTATION('',(#3884),#3887);
#3884 = B_SPLINE_CURVE_WITH_KNOTS('',1,(#3885,#3886),.UNSPECIFIED.,.F.,
  .F.,(2,2),(11.996878885421,12.864667296971),.PIECEWISE_BEZIER_KNOTS.);
#3885 = CARTESIAN_POINT('',(12.046878885421,23.9));
#3886 = CARTESIAN_POINT('',(12.914667296971,23.9));
#3887 = ( GEOMETRIC_REPRESENTATION_CONTEXT(2) 
PARAMETRIC_REPRESENTATION_CONTEXT() REPRESENTATION_CONTEXT('2D SPACE',''
  ) );
#3888 = PCURVE('',#3499,#3889);
#3889 = DEFINITIONAL_REPRESENTATION('',(#3890),#3893);
#3890 = B_SPLINE_CURVE_WITH_KNOTS('',1,(#3891,#3892),.UNSPECIFIED.,.F.,
  .F.,(2,2),(11.996878885421,12.864667296971),.PIECEWISE_BEZIER_KNOTS.);
#3891 = CARTESIAN_POINT('',(11.946878885421,-1.E-01));
#3892 = CARTESIAN_POINT('',(12.814667296971,-1.E-01));
#3893 = ( GEOMETRIC_REPRESENTATION_CONTEXT(2) 
PARAMETRIC_REPRESENTATION_CONTEXT() REPRESENTATION_CONTEXT('2D SPACE',''
  ) );
#3894 = ORIENTED_EDGE('',*,*,#3689,.T.);
#3895 = ORIENTED_EDGE('',*,*,#3896,.T.);
#3896 = EDGE_CURVE('',#3664,#3897,#3899,.T.);
#3897 = VERTEX_POINT('',#3898);
#3898 = CARTESIAN_POINT('',(16.586815399088,-32.96253161917,
    53.998097924868));
#3899 = SURFACE_CURVE('',#3900,(#3904,#3910),.PCURVE_S1.);
#3900 = LINE('',#3901,#3902);
#3901 = CARTESIAN_POINT('',(7.566971677265,-30.02752394886,
    20.463777457485));
#3902 = VECTOR('',#3903,1.);
#3903 = DIRECTION('',(0.258819045103,-8.421829756972E-02,0.962247359179)
  );
#3904 = PCURVE('',#3417,#3905);
#3905 = DEFINITIONAL_REPRESENTATION('',(#3906),#3909);
#3906 = B_SPLINE_CURVE_WITH_KNOTS('',1,(#3907,#3908),.UNSPECIFIED.,.F.,
  .F.,(2,2),(11.996051426421,34.85),.PIECEWISE_BEZIER_KNOTS.);
#3907 = CARTESIAN_POINT('',(12.046051426421,0.1));
#3908 = CARTESIAN_POINT('',(34.9,0.1));
#3909 = ( GEOMETRIC_REPRESENTATION_CONTEXT(2) 
PARAMETRIC_REPRESENTATION_CONTEXT() REPRESENTATION_CONTEXT('2D SPACE',''
  ) );
#3910 = PCURVE('',#3678,#3911);
#3911 = DEFINITIONAL_REPRESENTATION('',(#3912),#3915);
#3912 = B_SPLINE_CURVE_WITH_KNOTS('',1,(#3913,#3914),.UNSPECIFIED.,.F.,
  .F.,(2,2),(11.996051426421,34.85),.PIECEWISE_BEZIER_KNOTS.);
#3913 = CARTESIAN_POINT('',(11.946051426421,-1.E-01));
#3914 = CARTESIAN_POINT('',(34.8,-1.E-01));
#3915 = ( GEOMETRIC_REPRESENTATION_CONTEXT(2) 
PARAMETRIC_REPRESENTATION_CONTEXT() REPRESENTATION_CONTEXT('2D SPACE',''
  ) );
#3916 = ORIENTED_EDGE('',*,*,#3917,.F.);
#3917 = EDGE_CURVE('',#3780,#3897,#3918,.T.);
#3918 = SURFACE_CURVE('',#3919,(#3923,#3929),.PCURVE_S1.);
#3919 = LINE('',#3920,#3921);
#3920 = CARTESIAN_POINT('',(16.586815399088,-32.91272203063,
    54.00245738474));
#3921 = VECTOR('',#3922,1.);
#3922 = DIRECTION('',(3.328987235041E-18,0.99619177062,
    8.718919742862E-02));
#3923 = PCURVE('',#3417,#3924);
#3924 = DEFINITIONAL_REPRESENTATION('',(#3925),#3928);
#3925 = B_SPLINE_CURVE_WITH_KNOTS('',1,(#3926,#3927),.UNSPECIFIED.,.F.,
  .F.,(2,2),(-23.85,-5.000000000001E-02),.PIECEWISE_BEZIER_KNOTS.);
#3926 = CARTESIAN_POINT('',(34.9,23.9));
#3927 = CARTESIAN_POINT('',(34.9,0.1));
#3928 = ( GEOMETRIC_REPRESENTATION_CONTEXT(2) 
PARAMETRIC_REPRESENTATION_CONTEXT() REPRESENTATION_CONTEXT('2D SPACE',''
  ) );
#3929 = PCURVE('',#3839,#3930);
#3930 = DEFINITIONAL_REPRESENTATION('',(#3931),#3934);
#3931 = B_SPLINE_CURVE_WITH_KNOTS('',1,(#3932,#3933),.UNSPECIFIED.,.F.,
  .F.,(2,2),(-23.85,-5.000000000001E-02),.PIECEWISE_BEZIER_KNOTS.);
#3932 = CARTESIAN_POINT('',(23.8,1.E-01));
#3933 = CARTESIAN_POINT('',(0.,1.E-01));
#3934 = ( GEOMETRIC_REPRESENTATION_CONTEXT(2) 
PARAMETRIC_REPRESENTATION_CONTEXT() REPRESENTATION_CONTEXT('2D SPACE',''
  ) );
#3935 = ORIENTED_EDGE('',*,*,#3779,.F.);
#3936 = ORIENTED_EDGE('',*,*,#3396,.T.);
#3937 = ADVANCED_FACE('',(#3938),#3384,.F.);
#3938 = FACE_BOUND('',#3939,.F.);
#3939 = EDGE_LOOP('',(#3940,#3941,#3942,#3943));
#3940 = ORIENTED_EDGE('',*,*,#3628,.F.);
#3941 = ORIENTED_EDGE('',*,*,#3531,.T.);
#3942 = ORIENTED_EDGE('',*,*,#3854,.T.);
#3943 = ORIENTED_EDGE('',*,*,#3364,.T.);
#3944 = ADVANCED_FACE('',(#3945),#3499,.T.);
#3945 = FACE_BOUND('',#3946,.T.);
#3946 = EDGE_LOOP('',(#3947,#3948,#3949));
#3947 = ORIENTED_EDGE('',*,*,#3876,.F.);
#3948 = ORIENTED_EDGE('',*,*,#3710,.F.);
#3949 = ORIENTED_EDGE('',*,*,#3484,.F.);
#3950 = ADVANCED_FACE('',(#3951),#3678,.F.);
#3951 = FACE_BOUND('',#3952,.F.);
#3952 = EDGE_LOOP('',(#3953,#3954,#3955,#3978));
#3953 = ORIENTED_EDGE('',*,*,#3896,.F.);
#3954 = ORIENTED_EDGE('',*,*,#3661,.F.);
#3955 = ORIENTED_EDGE('',*,*,#3956,.F.);
#3956 = EDGE_CURVE('',#3957,#3662,#3959,.T.);
#3957 = VERTEX_POINT('',#3958);
#3958 = CARTESIAN_POINT('',(18.905037382182,-32.90837267959,
    53.379297758122));
#3959 = SURFACE_CURVE('',#3960,(#3964,#3971),.PCURVE_S1.);
#3960 = LINE('',#3961,#3962);
#3961 = CARTESIAN_POINT('',(18.905037382182,-32.90837267959,
    53.379297758122));
#3962 = VECTOR('',#3963,1.);
#3963 = DIRECTION('',(-0.258819045103,8.421829756972E-02,-0.962247359179
    ));
#3964 = PCURVE('',#3678,#3965);
#3965 = DEFINITIONAL_REPRESENTATION('',(#3966),#3970);
#3966 = LINE('',#3967,#3968);
#3967 = CARTESIAN_POINT('',(34.8,-2.5));
#3968 = VECTOR('',#3969,1.);
#3969 = DIRECTION('',(-1.,0.));
#3970 = ( GEOMETRIC_REPRESENTATION_CONTEXT(2) 
PARAMETRIC_REPRESENTATION_CONTEXT() REPRESENTATION_CONTEXT('2D SPACE',''
  ) );
#3971 = PCURVE('',#3765,#3972);
#3972 = DEFINITIONAL_REPRESENTATION('',(#3973),#3977);
#3973 = LINE('',#3974,#3975);
#3974 = CARTESIAN_POINT('',(34.8,0.));
#3975 = VECTOR('',#3976,1.);
#3976 = DIRECTION('',(-1.,0.));
#3977 = ( GEOMETRIC_REPRESENTATION_CONTEXT(2) 
PARAMETRIC_REPRESENTATION_CONTEXT() REPRESENTATION_CONTEXT('2D SPACE',''
  ) );
#3978 = ORIENTED_EDGE('',*,*,#3979,.F.);
#3979 = EDGE_CURVE('',#3897,#3957,#3980,.T.);
#3980 = SURFACE_CURVE('',#3981,(#3985,#3992),.PCURVE_S1.);
#3981 = LINE('',#3982,#3983);
#3982 = CARTESIAN_POINT('',(16.490222816459,-32.96478824165,
    54.023881265149));
#3983 = VECTOR('',#3984,1.);
#3984 = DIRECTION('',(0.965925826289,2.256622482173E-02,-0.257833402811)
  );
#3985 = PCURVE('',#3678,#3986);
#3986 = DEFINITIONAL_REPRESENTATION('',(#3987),#3991);
#3987 = LINE('',#3988,#3989);
#3988 = CARTESIAN_POINT('',(34.8,0.));
#3989 = VECTOR('',#3990,1.);
#3990 = DIRECTION('',(0.,-1.));
#3991 = ( GEOMETRIC_REPRESENTATION_CONTEXT(2) 
PARAMETRIC_REPRESENTATION_CONTEXT() REPRESENTATION_CONTEXT('2D SPACE',''
  ) );
#3992 = PCURVE('',#3839,#3993);
#3993 = DEFINITIONAL_REPRESENTATION('',(#3994),#3998);
#3994 = LINE('',#3995,#3996);
#3995 = CARTESIAN_POINT('',(0.,0.));
#3996 = VECTOR('',#3997,1.);
#3997 = DIRECTION('',(0.,1.));
#3998 = ( GEOMETRIC_REPRESENTATION_CONTEXT(2) 
PARAMETRIC_REPRESENTATION_CONTEXT() REPRESENTATION_CONTEXT('2D SPACE',''
  ) );
#3999 = ADVANCED_FACE('',(#4000),#3765,.T.);
#4000 = FACE_BOUND('',#4001,.T.);
#4001 = EDGE_LOOP('',(#4002,#4023,#4024,#4025));
#4002 = ORIENTED_EDGE('',*,*,#4003,.T.);
#4003 = EDGE_CURVE('',#3957,#3803,#4004,.T.);
#4004 = SURFACE_CURVE('',#4005,(#4009,#4016),.PCURVE_S1.);
#4005 = LINE('',#4006,#4007);
#4006 = CARTESIAN_POINT('',(18.905037382182,-32.90837267959,
    53.379297758122));
#4007 = VECTOR('',#4008,1.);
#4008 = DIRECTION('',(1.404597169126E-19,-0.99619177062,
    -8.718919742862E-02));
#4009 = PCURVE('',#3765,#4010);
#4010 = DEFINITIONAL_REPRESENTATION('',(#4011),#4015);
#4011 = LINE('',#4012,#4013);
#4012 = CARTESIAN_POINT('',(34.8,0.));
#4013 = VECTOR('',#4014,1.);
#4014 = DIRECTION('',(0.,1.));
#4015 = ( GEOMETRIC_REPRESENTATION_CONTEXT(2) 
PARAMETRIC_REPRESENTATION_CONTEXT() REPRESENTATION_CONTEXT('2D SPACE',''
  ) );
#4016 = PCURVE('',#3839,#4017);
#4017 = DEFINITIONAL_REPRESENTATION('',(#4018),#4022);
#4018 = LINE('',#4019,#4020);
#4019 = CARTESIAN_POINT('',(0.,2.5));
#4020 = VECTOR('',#4021,1.);
#4021 = DIRECTION('',(1.,0.));
#4022 = ( GEOMETRIC_REPRESENTATION_CONTEXT(2) 
PARAMETRIC_REPRESENTATION_CONTEXT() REPRESENTATION_CONTEXT('2D SPACE',''
  ) );
#4023 = ORIENTED_EDGE('',*,*,#3802,.T.);
#4024 = ORIENTED_EDGE('',*,*,#3752,.F.);
#4025 = ORIENTED_EDGE('',*,*,#3956,.F.);
#4026 = ADVANCED_FACE('',(#4027),#3839,.T.);
#4027 = FACE_BOUND('',#4028,.T.);
#4028 = EDGE_LOOP('',(#4029,#4030,#4031,#4032));
#4029 = ORIENTED_EDGE('',*,*,#3979,.F.);
#4030 = ORIENTED_EDGE('',*,*,#3917,.F.);
#4031 = ORIENTED_EDGE('',*,*,#3825,.T.);
#4032 = ORIENTED_EDGE('',*,*,#4003,.F.);
#4033 = ( GEOMETRIC_REPRESENTATION_CONTEXT(3) 
GLOBAL_UNCERTAINTY_ASSIGNED_CONTEXT((#4037)) 
GLOBAL_UNIT_ASSIGNED_CONTEXT((#4034,#4035,#4036)) REPRESENTATION_CONTEXT
('Context #1','3D Context with UNIT and UNCERTAINTY') );
#4034 = ( LENGTH_UNIT() NAMED_UNIT(*) SI_UNIT(.MILLI.,.METRE.) );
#4035 = ( NAMED_UNIT(*) PLANE_ANGLE_UNIT() SI_UNIT($,.RADIAN.) );
#4036 = ( NAMED_UNIT(*) SI_UNIT($,.STERADIAN.) SOLID_ANGLE_UNIT() );
#4037 = UNCERTAINTY_MEASURE_WITH_UNIT(LENGTH_MEASURE(1.E-07),#4034,
  'distance_accuracy_value','confusion accuracy');
#4038 = PRODUCT_RELATED_PRODUCT_CATEGORY('part',$,(#7));
ENDSEC;
END-ISO-10303-21;
