ISO-10303-21;
HEADER;
FILE_DESCRIPTION(('Open CASCADE Model'),'2;1');
FILE_NAME('Open CASCADE Shape Model','2026-09-11T15:36:07',('Author'),(
    'Open CASCADE'),'Open CASCADE STEP processor 7.9','Open CASCADE 7.9'
  ,'Unknown');
FILE_SCHEMA(('AUTOMOTIVE_DESIGN { 1 0 10303 214 1 1 1 1 }'));
ENDSEC;
DATA;
#1 = APPLICATION_PROTOCOL_DEFINITION('international standard',
  'automotive_design',2000,#2);
#2 = APPLICATION_CONTEXT(
  'core data for automotive mechanical design processes');
#3 = SHAPE_DEFINITION_REPRESENTATION(#4,#10);
#4 = PRODUCT_DEFINITION_SHAPE('','',#5);
#5 = PRODUCT_DEFINITION('design','',#6,#9);
#6 = PRODUCT_DEFINITION_FORMATION('','',#7);
#7 = PRODUCT('Open CASCADE STEP translator 7.9 13',
  'Open CASCADE STEP translator 7.9 13','',(#8));
#8 = PRODUCT_CONTEXT('',#2,'mechanical');
#9 = PRODUCT_DEFINITION_CONTEXT('part definition',#2,'design');
#10 = ADVANCED_BREP_SHAPE_REPRESENTATION('',(#11,#15),#3145);
#11 = AXIS2_PLACEMENT_3D('',#12,#13,#14);
#12 = CARTESIAN_POINT('',(0.,0.,0.));
#13 = DIRECTION('',(0.,0.,1.));
#14 = DIRECTION('',(1.,0.,-0.));
#15 = MANIFOLD_SOLID_BREP('',#16);
#16 = CLOSED_SHELL('',(#17,#826,#851,#1162,#1198,#1253,#1308,#2964,#2999
    ,#3004,#3031,#3061,#3091,#3118));
#17 = ADVANCED_FACE('',(#18,#355,#616),#44,.T.);
#18 = FACE_BOUND('',#19,.T.);
#19 = EDGE_LOOP('',(#20,#135,#165,#217));
#20 = ORIENTED_EDGE('',*,*,#21,.T.);
#21 = EDGE_CURVE('',#22,#24,#26,.T.);
#22 = VERTEX_POINT('',#23);
#23 = CARTESIAN_POINT('',(-180.,3.719247132494E-15,106.00000000053));
#24 = VERTEX_POINT('',#25);
#25 = CARTESIAN_POINT('',(-180.,4.440892098501E-16,114.));
#26 = SURFACE_CURVE('',#27,(#43,#111),.PCURVE_S1.);
#27 = B_SPLINE_CURVE_WITH_KNOTS('',14,(#28,#29,#30,#31,#32,#33,#34,#35,
    #36,#37,#38,#39,#40,#41,#42),.UNSPECIFIED.,.T.,.F.,(15,15),(0.,1.),
  .PIECEWISE_BEZIER_KNOTS.);
#28 = CARTESIAN_POINT('',(-180.,-2.724545246253E-15,114.));
#29 = CARTESIAN_POINT('',(-180.,-1.570796326796,114.));
#30 = CARTESIAN_POINT('',(-180.,-3.141593233405,113.1323425552));
#31 = CARTESIAN_POINT('',(-180.,-4.31486771301,111.39702655639));
#32 = CARTESIAN_POINT('',(-180.,-4.693141585382,109.05355754104));
#33 = CARTESIAN_POINT('',(-180.,-4.021419013549,106.62089735838));
#34 = CARTESIAN_POINT('',(-180.,-2.330598358408,104.76383319337));
#35 = CARTESIAN_POINT('',(-180.,-6.389999640533E-11,104.06468559179));
#36 = CARTESIAN_POINT('',(-180.,2.330598358526,104.76383319337));
#37 = CARTESIAN_POINT('',(-180.,4.021419013459,106.62089735838));
#38 = CARTESIAN_POINT('',(-180.,4.693141585439,109.05355754104));
#39 = CARTESIAN_POINT('',(-180.,4.314867712982,111.39702655639));
#40 = CARTESIAN_POINT('',(-180.,3.141593233415,113.1323425552));
#41 = CARTESIAN_POINT('',(-180.,1.570796326794,114.));
#42 = CARTESIAN_POINT('',(-180.,2.158470650956E-15,114.));
#43 = PCURVE('',#44,#105);
#44 = ( BOUNDED_SURFACE() B_SPLINE_SURFACE(14,3,(
    (#45,#46,#47,#48)
    ,(#49,#50,#51,#52)
    ,(#53,#54,#55,#56)
    ,(#57,#58,#59,#60)
    ,(#61,#62,#63,#64)
    ,(#65,#66,#67,#68)
    ,(#69,#70,#71,#72)
    ,(#73,#74,#75,#76)
    ,(#77,#78,#79,#80)
    ,(#81,#82,#83,#84)
    ,(#85,#86,#87,#88)
    ,(#89,#90,#91,#92)
    ,(#93,#94,#95,#96)
    ,(#97,#98,#99,#100)
    ,(#101,#102,#103,#104
)),.UNSPECIFIED.,.T.,.F.,.F.) B_SPLINE_SURFACE_WITH_KNOTS((15,15),(4,4),
  (0.,1.),(0.,1.),.PIECEWISE_BEZIER_KNOTS.) 
GEOMETRIC_REPRESENTATION_ITEM() RATIONAL_B_SPLINE_SURFACE((
    (1.,1.,1.,1.)
    ,(1.,1.,1.,1.)
    ,(1.,1.,1.,1.)
    ,(1.,1.,1.,1.)
    ,(1.,1.,1.,1.)
    ,(1.,1.,1.,1.)
    ,(1.,1.,1.,1.)
    ,(1.,1.,1.,1.)
    ,(1.,1.,1.,1.)
    ,(1.,1.,1.,1.)
    ,(1.,1.,1.,1.)
    ,(1.,1.,1.,1.)
    ,(1.,1.,1.,1.)
    ,(1.,1.,1.,1.)
,(1.,1.,1.,1.))) REPRESENTATION_ITEM('') SURFACE() );
#45 = CARTESIAN_POINT('',(-180.,-2.724545246253E-15,114.));
#46 = CARTESIAN_POINT('',(-138.0415551669,4.549732329333E-14,
    117.62620572528));
#47 = CARTESIAN_POINT('',(-100.8371335988,-5.918945477111E-14,
    149.95123005615));
#48 = CARTESIAN_POINT('',(-58.,1.707969423224E-14,147.));
#49 = CARTESIAN_POINT('',(-180.,-1.570796326796,114.));
#50 = CARTESIAN_POINT('',(-138.0415551669,-3.382585120887,
    117.62620572528));
#51 = CARTESIAN_POINT('',(-100.8371335988,-7.424405232599,
    149.95123005615));
#52 = CARTESIAN_POINT('',(-58.,-7.629582158724,147.));
#53 = CARTESIAN_POINT('',(-180.,-3.141593233405,113.1323425552));
#54 = CARTESIAN_POINT('',(-138.0415551669,-6.765171490368,
    115.92907570012));
#55 = CARTESIAN_POINT('',(-100.8371335988,-14.84881320568,
    145.56484552501));
#56 = CARTESIAN_POINT('',(-58.,-15.25916713368,143.09554149839));
#57 = CARTESIAN_POINT('',(-180.,-4.31486771301,111.39702655639));
#58 = CARTESIAN_POINT('',(-138.0415551669,-9.291724888586,
    112.53481348027));
#59 = CARTESIAN_POINT('',(-100.8371335988,-20.39432221732,
    136.79207085514));
#60 = CARTESIAN_POINT('',(-58.,-20.95792889175,135.28661950378));
#61 = CARTESIAN_POINT('',(-180.,-4.693141585382,109.05355754104));
#62 = CARTESIAN_POINT('',(-138.0415551669,-10.10630762639,
    107.95100952299));
#63 = CARTESIAN_POINT('',(-100.8371335988,-22.1822424393,124.94481903973
    ));
#64 = CARTESIAN_POINT('',(-58.,-22.79525912903,124.74100893466));
#65 = CARTESIAN_POINT('',(-180.,-4.021419013549,106.62089735838));
#66 = CARTESIAN_POINT('',(-138.0415551669,-8.65980642298,103.19274845861
    ));
#67 = CARTESIAN_POINT('',(-100.8371335988,-19.00733014041,
    112.64666720702));
#68 = CARTESIAN_POINT('',(-58.,-19.53260663719,113.79403811279));
#69 = CARTESIAN_POINT('',(-180.,-2.330598358408,104.76383319337));
#70 = CARTESIAN_POINT('',(-138.0415551669,-5.01875844472,99.56034793902)
  );
#71 = CARTESIAN_POINT('',(-100.8371335988,-11.01562713888,
    103.25840277691));
#72 = CARTESIAN_POINT('',(-58.,-11.32004916947,105.43724937007));
#73 = CARTESIAN_POINT('',(-180.,-6.389999640533E-11,104.06468559179));
#74 = CARTESIAN_POINT('',(-138.0415551669,-6.4507749978E-11,
    98.192821626137));
#75 = CARTESIAN_POINT('',(-100.8371335988,-3.87089639094E-10,
    99.723908555517));
#76 = CARTESIAN_POINT('',(-58.,-2.366817852817E-10,102.2910851632));
#77 = CARTESIAN_POINT('',(-180.,2.330598358526,104.76383319337));
#78 = CARTESIAN_POINT('',(-138.0415551669,5.018758444838,99.560347939028
    ));
#79 = CARTESIAN_POINT('',(-100.8371335988,11.015627139597,103.2584027769
    ));
#80 = CARTESIAN_POINT('',(-58.,11.320049169911,105.43724937007));
#81 = CARTESIAN_POINT('',(-180.,4.021419013459,106.62089735838));
#82 = CARTESIAN_POINT('',(-138.0415551669,8.659806422889,103.1927484586)
  );
#83 = CARTESIAN_POINT('',(-100.8371335988,19.007330139866,
    112.64666720704));
#84 = CARTESIAN_POINT('',(-58.,19.532606636858,113.79403811279));
#85 = CARTESIAN_POINT('',(-180.,4.693141585439,109.05355754104));
#86 = CARTESIAN_POINT('',(-138.0415551669,10.106307626452,107.951009523)
  );
#87 = CARTESIAN_POINT('',(-100.8371335988,22.182242439649,
    124.94481903972));
#88 = CARTESIAN_POINT('',(-58.,22.795259129238,124.74100893466));
#89 = CARTESIAN_POINT('',(-180.,4.314867712982,111.39702655639));
#90 = CARTESIAN_POINT('',(-138.0415551669,9.291724888558,112.53481348026
    ));
#91 = CARTESIAN_POINT('',(-100.8371335988,20.394322217154,
    136.79207085515));
#92 = CARTESIAN_POINT('',(-58.,20.957928891647,135.28661950378));
#93 = CARTESIAN_POINT('',(-180.,3.141593233415,113.1323425552));
#94 = CARTESIAN_POINT('',(-138.0415551669,6.765171490378,115.92907570012
    ));
#95 = CARTESIAN_POINT('',(-100.8371335988,14.848813205745,
    145.56484552501));
#96 = CARTESIAN_POINT('',(-58.,15.259167133724,143.09554149839));
#97 = CARTESIAN_POINT('',(-180.,1.570796326794,114.));
#98 = CARTESIAN_POINT('',(-138.0415551669,3.382585120885,117.62620572528
    ));
#99 = CARTESIAN_POINT('',(-100.8371335988,7.424405232585,149.95123005615
    ));
#100 = CARTESIAN_POINT('',(-58.,7.629582158715,147.));
#101 = CARTESIAN_POINT('',(-180.,2.158470650956E-15,114.));
#102 = CARTESIAN_POINT('',(-138.0415551669,-2.773534564641E-14,
    117.62620572528));
#103 = CARTESIAN_POINT('',(-100.8371335988,3.514064129807E-14,
    149.95123005615));
#104 = CARTESIAN_POINT('',(-58.,-1.835364126917E-15,147.));
#105 = DEFINITIONAL_REPRESENTATION('',(#106),#110);
#106 = LINE('',#107,#108);
#107 = CARTESIAN_POINT('',(0.,0.));
#108 = VECTOR('',#109,1.);
#109 = DIRECTION('',(1.,0.));
#110 = ( GEOMETRIC_REPRESENTATION_CONTEXT(2) 
PARAMETRIC_REPRESENTATION_CONTEXT() REPRESENTATION_CONTEXT('2D SPACE',''
  ) );
#111 = PCURVE('',#112,#117);
#112 = PLANE('',#113);
#113 = AXIS2_PLACEMENT_3D('',#114,#115,#116);
#114 = CARTESIAN_POINT('',(-180.,-2.724545246253E-15,114.));
#115 = DIRECTION('',(1.,0.,0.));
#116 = DIRECTION('',(0.,2.156680655256E-16,-1.));
#117 = DEFINITIONAL_REPRESENTATION('',(#118),#134);
#118 = B_SPLINE_CURVE_WITH_KNOTS('',14,(#119,#120,#121,#122,#123,#124,
    #125,#126,#127,#128,#129,#130,#131,#132,#133),.UNSPECIFIED.,.F.,.F.,
  (15,15),(0.,1.),.PIECEWISE_BEZIER_KNOTS.);
#119 = CARTESIAN_POINT('',(0.,0.));
#120 = CARTESIAN_POINT('',(-5.115907697473E-13,-1.570796326796));
#121 = CARTESIAN_POINT('',(0.8676574448,-3.141593233405));
#122 = CARTESIAN_POINT('',(2.602973443608,-4.31486771301));
#123 = CARTESIAN_POINT('',(4.946442458953,-4.693141585382));
#124 = CARTESIAN_POINT('',(7.379102641617,-4.021419013549));
#125 = CARTESIAN_POINT('',(9.236166806629,-2.330598358408));
#126 = CARTESIAN_POINT('',(9.935314408201,-6.389941459012E-11));
#127 = CARTESIAN_POINT('',(9.23616680663,2.330598358526));
#128 = CARTESIAN_POINT('',(7.379102641615,4.021419013459));
#129 = CARTESIAN_POINT('',(4.946442458954,4.693141585439));
#130 = CARTESIAN_POINT('',(2.602973443608,4.314867712982));
#131 = CARTESIAN_POINT('',(0.8676574448,3.141593233415));
#132 = CARTESIAN_POINT('',(-5.968558980385E-13,1.570796326794));
#133 = CARTESIAN_POINT('',(0.,4.883015897209E-15));
#134 = ( GEOMETRIC_REPRESENTATION_CONTEXT(2) 
PARAMETRIC_REPRESENTATION_CONTEXT() REPRESENTATION_CONTEXT('2D SPACE',''
  ) );
#135 = ORIENTED_EDGE('',*,*,#136,.T.);
#136 = EDGE_CURVE('',#24,#137,#139,.T.);
#137 = VERTEX_POINT('',#138);
#138 = CARTESIAN_POINT('',(-58.,1.998401444325E-15,147.));
#139 = SURFACE_CURVE('',#140,(#145,#152),.PCURVE_S1.);
#140 = ( BOUNDED_CURVE() B_SPLINE_CURVE(3,(#141,#142,#143,#144),
.UNSPECIFIED.,.F.,.F.) B_SPLINE_CURVE_WITH_KNOTS((4,4),(0.,1.),
.PIECEWISE_BEZIER_KNOTS.) CURVE() GEOMETRIC_REPRESENTATION_ITEM() 
RATIONAL_B_SPLINE_CURVE((1.,1.,1.,1.)) REPRESENTATION_ITEM('') );
#141 = CARTESIAN_POINT('',(-180.,-2.724545246253E-15,114.));
#142 = CARTESIAN_POINT('',(-138.0415551669,4.549732329333E-14,
    117.62620572528));
#143 = CARTESIAN_POINT('',(-100.8371335988,-5.918945477111E-14,
    149.95123005615));
#144 = CARTESIAN_POINT('',(-58.,1.707969423224E-14,147.));
#145 = PCURVE('',#44,#146);
#146 = DEFINITIONAL_REPRESENTATION('',(#147),#151);
#147 = LINE('',#148,#149);
#148 = CARTESIAN_POINT('',(1.,0.));
#149 = VECTOR('',#150,1.);
#150 = DIRECTION('',(0.,1.));
#151 = ( GEOMETRIC_REPRESENTATION_CONTEXT(2) 
PARAMETRIC_REPRESENTATION_CONTEXT() REPRESENTATION_CONTEXT('2D SPACE',''
  ) );
#152 = PCURVE('',#153,#158);
#153 = PLANE('',#154);
#154 = AXIS2_PLACEMENT_3D('',#155,#156,#157);
#155 = CARTESIAN_POINT('',(-300.,0.,-74.));
#156 = DIRECTION('',(0.,1.,0.));
#157 = DIRECTION('',(0.,0.,1.));
#158 = DEFINITIONAL_REPRESENTATION('',(#159),#164);
#159 = ( BOUNDED_CURVE() B_SPLINE_CURVE(3,(#160,#161,#162,#163),
.UNSPECIFIED.,.F.,.F.) B_SPLINE_CURVE_WITH_KNOTS((4,4),(0.,1.),
.PIECEWISE_BEZIER_KNOTS.) CURVE() GEOMETRIC_REPRESENTATION_ITEM() 
RATIONAL_B_SPLINE_CURVE((1.,1.,1.,1.)) REPRESENTATION_ITEM('') );
#160 = CARTESIAN_POINT('',(188.,120.));
#161 = CARTESIAN_POINT('',(191.62620572528,161.958444833));
#162 = CARTESIAN_POINT('',(223.95123005615,199.16286640111));
#163 = CARTESIAN_POINT('',(221.,242.));
#164 = ( GEOMETRIC_REPRESENTATION_CONTEXT(2) 
PARAMETRIC_REPRESENTATION_CONTEXT() REPRESENTATION_CONTEXT('2D SPACE',''
  ) );
#165 = ORIENTED_EDGE('',*,*,#166,.F.);
#166 = EDGE_CURVE('',#167,#137,#169,.T.);
#167 = VERTEX_POINT('',#168);
#168 = CARTESIAN_POINT('',(-58.,1.887379141863E-14,111.00000000238));
#169 = SURFACE_CURVE('',#170,(#186,#193),.PCURVE_S1.);
#170 = B_SPLINE_CURVE_WITH_KNOTS('',14,(#171,#172,#173,#174,#175,#176,
    #177,#178,#179,#180,#181,#182,#183,#184,#185),.UNSPECIFIED.,.T.,.F.,
  (15,15),(0.,1.),.PIECEWISE_BEZIER_KNOTS.);
#171 = CARTESIAN_POINT('',(-58.,1.707969423224E-14,147.));
#172 = CARTESIAN_POINT('',(-58.,-7.629582158724,147.));
#173 = CARTESIAN_POINT('',(-58.,-15.25916713368,143.09554149839));
#174 = CARTESIAN_POINT('',(-58.,-20.95792889175,135.28661950378));
#175 = CARTESIAN_POINT('',(-58.,-22.79525912903,124.74100893466));
#176 = CARTESIAN_POINT('',(-58.,-19.53260663719,113.79403811279));
#177 = CARTESIAN_POINT('',(-58.,-11.32004916947,105.43724937007));
#178 = CARTESIAN_POINT('',(-58.,-2.366817852817E-10,102.2910851632));
#179 = CARTESIAN_POINT('',(-58.,11.320049169911,105.43724937007));
#180 = CARTESIAN_POINT('',(-58.,19.532606636858,113.79403811279));
#181 = CARTESIAN_POINT('',(-58.,22.795259129238,124.74100893466));
#182 = CARTESIAN_POINT('',(-58.,20.957928891647,135.28661950378));
#183 = CARTESIAN_POINT('',(-58.,15.259167133724,143.09554149839));
#184 = CARTESIAN_POINT('',(-58.,7.629582158715,147.));
#185 = CARTESIAN_POINT('',(-58.,-1.835364126917E-15,147.));
#186 = PCURVE('',#44,#187);
#187 = DEFINITIONAL_REPRESENTATION('',(#188),#192);
#188 = LINE('',#189,#190);
#189 = CARTESIAN_POINT('',(0.,1.));
#190 = VECTOR('',#191,1.);
#191 = DIRECTION('',(1.,0.));
#192 = ( GEOMETRIC_REPRESENTATION_CONTEXT(2) 
PARAMETRIC_REPRESENTATION_CONTEXT() REPRESENTATION_CONTEXT('2D SPACE',''
  ) );
#193 = PCURVE('',#194,#199);
#194 = PLANE('',#195);
#195 = AXIS2_PLACEMENT_3D('',#196,#197,#198);
#196 = CARTESIAN_POINT('',(-58.,1.707969423224E-14,147.));
#197 = DIRECTION('',(-1.,0.,0.));
#198 = DIRECTION('',(-0.,-6.224656875534E-16,-1.));
#199 = DEFINITIONAL_REPRESENTATION('',(#200),#216);
#200 = B_SPLINE_CURVE_WITH_KNOTS('',14,(#201,#202,#203,#204,#205,#206,
    #207,#208,#209,#210,#211,#212,#213,#214,#215),.UNSPECIFIED.,.F.,.F.,
  (15,15),(0.,1.),.PIECEWISE_BEZIER_KNOTS.);
#201 = CARTESIAN_POINT('',(0.,0.));
#202 = CARTESIAN_POINT('',(-3.808509063674E-12,7.629582158724));
#203 = CARTESIAN_POINT('',(3.904458501605,15.259167133686));
#204 = CARTESIAN_POINT('',(11.713380496217,20.95792889175));
#205 = CARTESIAN_POINT('',(22.258991065333,22.79525912903));
#206 = CARTESIAN_POINT('',(33.205961887202,19.53260663719));
#207 = CARTESIAN_POINT('',(41.562750629928,11.320049169477));
#208 = CARTESIAN_POINT('',(44.708914836796,2.366710352105E-10));
#209 = CARTESIAN_POINT('',(41.562750629925,-11.32004916991));
#210 = CARTESIAN_POINT('',(33.205961887205,-19.53260663685));
#211 = CARTESIAN_POINT('',(22.258991065331,-22.79525912923));
#212 = CARTESIAN_POINT('',(11.713380496218,-20.95792889164));
#213 = CARTESIAN_POINT('',(3.904458501605,-15.25916713372));
#214 = CARTESIAN_POINT('',(-3.751665644813E-12,-7.629582158715));
#215 = CARTESIAN_POINT('',(0.,1.891505835916E-14));
#216 = ( GEOMETRIC_REPRESENTATION_CONTEXT(2) 
PARAMETRIC_REPRESENTATION_CONTEXT() REPRESENTATION_CONTEXT('2D SPACE',''
  ) );
#217 = ORIENTED_EDGE('',*,*,#218,.F.);
#218 = EDGE_CURVE('',#22,#167,#219,.T.);
#219 = SURFACE_CURVE('',#220,(#263,#309),.PCURVE_S1.);
#220 = B_SPLINE_CURVE_WITH_KNOTS('',6,(#221,#222,#223,#224,#225,#226,
    #227,#228,#229,#230,#231,#232,#233,#234,#235,#236,#237,#238,#239,
    #240,#241,#242,#243,#244,#245,#246,#247,#248,#249,#250,#251,#252,
    #253,#254,#255,#256,#257,#258,#259,#260,#261,#262),.UNSPECIFIED.,.F.
  ,.F.,(7,5,5,5,5,5,5,5,7),(0.,0.236908634752,0.466559764097,
    0.582317833267,0.621745414456,0.657350126912,0.690105420294,
    0.795258447282,1.),.UNSPECIFIED.);
#221 = CARTESIAN_POINT('',(-180.,0.,106.00000000053));
#222 = CARTESIAN_POINT('',(-175.1946213868,0.,105.53940398435));
#223 = CARTESIAN_POINT('',(-170.3780923071,0.,105.19416630557));
#224 = CARTESIAN_POINT('',(-165.5545300973,0.,104.9602574754));
#225 = CARTESIAN_POINT('',(-160.7273414582,0.,104.83113917825));
#226 = CARTESIAN_POINT('',(-155.8992198479,0.,104.79794222457));
#227 = CARTESIAN_POINT('',(-146.3928973173,0.,104.90080111409));
#228 = CARTESIAN_POINT('',(-141.7145934032,0.,105.03170301338));
#229 = CARTESIAN_POINT('',(-137.0387439994,0.,105.23332501284));
#230 = CARTESIAN_POINT('',(-132.3661232254,0.,105.49468849115));
#231 = CARTESIAN_POINT('',(-127.6967768122,0.,105.80402741152));
#232 = CARTESIAN_POINT('',(-120.6777430768,0.,106.32352955351));
#233 = CARTESIAN_POINT('',(-118.3261133019,0.,106.5067930293));
#234 = CARTESIAN_POINT('',(-115.9750897732,0.,106.69769025295));
#235 = CARTESIAN_POINT('',(-113.6245768214,0.,106.89468206901));
#236 = CARTESIAN_POINT('',(-111.2744592843,0.,107.09623433631));
#237 = CARTESIAN_POINT('',(-108.1242353722,0.,107.3705223325));
#238 = CARTESIAN_POINT('',(-107.3238976225,0.,107.44056350566));
#239 = CARTESIAN_POINT('',(-106.5235855979,0.,107.51089844711));
#240 = CARTESIAN_POINT('',(-105.7232941963,0.,107.58146766581));
#241 = CARTESIAN_POINT('',(-104.9230182577,0.,107.65221200579));
#242 = CARTESIAN_POINT('',(-103.4000800327,0.,107.78706269176));
#243 = CARTESIAN_POINT('',(-102.6774158757,0.,107.85114759435));
#244 = CARTESIAN_POINT('',(-101.954756256,0.,107.91528404414));
#245 = CARTESIAN_POINT('',(-101.2320973602,0.,107.97942902914));
#246 = CARTESIAN_POINT('',(-100.5094353985,0.,108.04353983503));
#247 = CARTESIAN_POINT('',(-99.12193246604,0.,108.16648364435));
#248 = CARTESIAN_POINT('',(-98.45709255685,0.,108.22532842699));
#249 = CARTESIAN_POINT('',(-97.79224394816,0.,108.28407537055));
#250 = CARTESIAN_POINT('',(-97.1273837657,0.,108.34269171133));
#251 = CARTESIAN_POINT('',(-96.46250919032,0.,108.40114494451));
#252 = CARTESIAN_POINT('',(-93.6631417423,0.,108.64642579824));
#253 = CARTESIAN_POINT('',(-91.52849053145,0.,108.83143546106));
#254 = CARTESIAN_POINT('',(-89.39356991402,0.,109.01336550899));
#255 = CARTESIAN_POINT('',(-87.25829821687,0.,109.19117929547));
#256 = CARTESIAN_POINT('',(-85.12260655261,0.,109.36387629385));
#257 = CARTESIAN_POINT('',(-78.82714696238,0.,109.85492575542));
#258 = CARTESIAN_POINT('',(-74.66606512479,0.,110.15632170319));
#259 = CARTESIAN_POINT('',(-70.50277806546,0.,110.42761499717));
#260 = CARTESIAN_POINT('',(-66.33716451695,0.,110.66233172135));
#261 = CARTESIAN_POINT('',(-62.16940784726,0.,110.8547580413));
#262 = CARTESIAN_POINT('',(-58.,0.,111.00000000238));
#263 = PCURVE('',#44,#264);
#264 = DEFINITIONAL_REPRESENTATION('',(#265),#308);
#265 = B_SPLINE_CURVE_WITH_KNOTS('',6,(#266,#267,#268,#269,#270,#271,
    #272,#273,#274,#275,#276,#277,#278,#279,#280,#281,#282,#283,#284,
    #285,#286,#287,#288,#289,#290,#291,#292,#293,#294,#295,#296,#297,
    #298,#299,#300,#301,#302,#303,#304,#305,#306,#307),.UNSPECIFIED.,.F.
  ,.F.,(7,5,5,5,5,5,5,5,7),(0.,0.236908634752,0.466559764097,
    0.582317833267,0.621745414456,0.657350126912,0.690105420294,
    0.795258447282,1.),.UNSPECIFIED.);
#266 = CARTESIAN_POINT('',(0.5,0.));
#267 = CARTESIAN_POINT('',(0.5,3.817569686937E-02));
#268 = CARTESIAN_POINT('',(0.5,7.683627893839E-02));
#269 = CARTESIAN_POINT('',(0.5,0.115918337135));
#270 = CARTESIAN_POINT('',(0.5,0.155353794862));
#271 = CARTESIAN_POINT('',(0.5,0.195071310669));
#272 = CARTESIAN_POINT('',(0.5,0.273705506061));
#273 = CARTESIAN_POINT('',(0.5,0.312609790266));
#274 = CARTESIAN_POINT('',(0.5,0.351650313597));
#275 = CARTESIAN_POINT('',(0.5,0.390765903591));
#276 = CARTESIAN_POINT('',(0.5,0.429899349922));
#277 = CARTESIAN_POINT('',(0.5,0.488709094265));
#278 = CARTESIAN_POINT('',(0.5,0.508409732599));
#279 = CARTESIAN_POINT('',(0.5,0.528095349032));
#280 = CARTESIAN_POINT('',(0.5,0.547759593284));
#281 = CARTESIAN_POINT('',(0.5,0.567396390336));
#282 = CARTESIAN_POINT('',(0.5,0.593677054284));
#283 = CARTESIAN_POINT('',(0.5,0.600350255517));
#284 = CARTESIAN_POINT('',(0.5,0.607019374813));
#285 = CARTESIAN_POINT('',(0.5,0.61368418647));
#286 = CARTESIAN_POINT('',(0.5,0.620344467975));
#287 = CARTESIAN_POINT('',(0.5,0.633010216627));
#288 = CARTESIAN_POINT('',(0.5,0.639016560044));
#289 = CARTESIAN_POINT('',(0.5,0.645018868722));
#290 = CARTESIAN_POINT('',(0.5,0.651016983062));
#291 = CARTESIAN_POINT('',(0.5,0.657010745399));
#292 = CARTESIAN_POINT('',(0.5,0.66850993894));
#293 = CARTESIAN_POINT('',(0.5,0.67401606272));
#294 = CARTESIAN_POINT('',(0.5,0.679518250077));
#295 = CARTESIAN_POINT('',(0.5,0.685016381015));
#296 = CARTESIAN_POINT('',(0.5,0.690510336809));
#297 = CARTESIAN_POINT('',(0.5,0.713623249317));
#298 = CARTESIAN_POINT('',(0.5,0.731202249485));
#299 = CARTESIAN_POINT('',(0.5,0.748733136047));
#300 = CARTESIAN_POINT('',(0.5,0.766212137906));
#301 = CARTESIAN_POINT('',(0.5,0.783635599004));
#302 = CARTESIAN_POINT('',(0.5,0.834809910411));
#303 = CARTESIAN_POINT('',(0.5,0.868395807496));
#304 = CARTESIAN_POINT('',(0.5,0.901731756467));
#305 = CARTESIAN_POINT('',(0.5,0.934792917811));
#306 = CARTESIAN_POINT('',(0.5,0.967556124815));
#307 = CARTESIAN_POINT('',(0.5,1.));
#308 = ( GEOMETRIC_REPRESENTATION_CONTEXT(2) 
PARAMETRIC_REPRESENTATION_CONTEXT() REPRESENTATION_CONTEXT('2D SPACE',''
  ) );
#309 = PCURVE('',#153,#310);
#310 = DEFINITIONAL_REPRESENTATION('',(#311),#354);
#311 = B_SPLINE_CURVE_WITH_KNOTS('',6,(#312,#313,#314,#315,#316,#317,
    #318,#319,#320,#321,#322,#323,#324,#325,#326,#327,#328,#329,#330,
    #331,#332,#333,#334,#335,#336,#337,#338,#339,#340,#341,#342,#343,
    #344,#345,#346,#347,#348,#349,#350,#351,#352,#353),.UNSPECIFIED.,.F.
  ,.F.,(7,5,5,5,5,5,5,5,7),(0.,0.236908634752,0.466559764097,
    0.582317833267,0.621745414456,0.657350126912,0.690105420294,
    0.795258447282,1.),.UNSPECIFIED.);
#312 = CARTESIAN_POINT('',(180.00000000053,120.));
#313 = CARTESIAN_POINT('',(179.53940398435,124.80537861316));
#314 = CARTESIAN_POINT('',(179.19416630557,129.62190769282));
#315 = CARTESIAN_POINT('',(178.9602574754,134.44546990267));
#316 = CARTESIAN_POINT('',(178.83113917825,139.27265854173));
#317 = CARTESIAN_POINT('',(178.79794222457,144.10078015209));
#318 = CARTESIAN_POINT('',(178.90080111409,153.60710268263));
#319 = CARTESIAN_POINT('',(179.03170301338,158.28540659677));
#320 = CARTESIAN_POINT('',(179.23332501284,162.96125600059));
#321 = CARTESIAN_POINT('',(179.49468849115,167.6338767745));
#322 = CARTESIAN_POINT('',(179.80402741152,172.30322318775));
#323 = CARTESIAN_POINT('',(180.32352955351,179.32225692316));
#324 = CARTESIAN_POINT('',(180.5067930293,181.67388669803));
#325 = CARTESIAN_POINT('',(180.69769025295,184.02491022677));
#326 = CARTESIAN_POINT('',(180.89468206901,186.37542317857));
#327 = CARTESIAN_POINT('',(181.09623433631,188.72554071566));
#328 = CARTESIAN_POINT('',(181.3705223325,191.8757646278));
#329 = CARTESIAN_POINT('',(181.44056350566,192.6761023774));
#330 = CARTESIAN_POINT('',(181.51089844711,193.47641440206));
#331 = CARTESIAN_POINT('',(181.58146766581,194.27670580369));
#332 = CARTESIAN_POINT('',(181.65221200579,195.07698174226));
#333 = CARTESIAN_POINT('',(181.78706269176,196.59991996728));
#334 = CARTESIAN_POINT('',(181.85114759435,197.32258412428));
#335 = CARTESIAN_POINT('',(181.91528404414,198.04524374396));
#336 = CARTESIAN_POINT('',(181.97942902914,198.76790263975));
#337 = CARTESIAN_POINT('',(182.04353983503,199.4905646014));
#338 = CARTESIAN_POINT('',(182.16648364435,200.87806753395));
#339 = CARTESIAN_POINT('',(182.22532842699,201.54290744314));
#340 = CARTESIAN_POINT('',(182.28407537055,202.20775605184));
#341 = CARTESIAN_POINT('',(182.34269171133,202.87261623429));
#342 = CARTESIAN_POINT('',(182.40114494451,203.53749080967));
#343 = CARTESIAN_POINT('',(182.64642579824,206.3368582577));
#344 = CARTESIAN_POINT('',(182.83143546106,208.47150946854));
#345 = CARTESIAN_POINT('',(183.01336550899,210.60643008598));
#346 = CARTESIAN_POINT('',(183.19117929547,212.74170178312));
#347 = CARTESIAN_POINT('',(183.36387629385,214.87739344738));
#348 = CARTESIAN_POINT('',(183.85492575542,221.17285303761));
#349 = CARTESIAN_POINT('',(184.15632170319,225.3339348752));
#350 = CARTESIAN_POINT('',(184.42761499717,229.49722193453));
#351 = CARTESIAN_POINT('',(184.66233172135,233.66283548304));
#352 = CARTESIAN_POINT('',(184.8547580413,237.83059215273));
#353 = CARTESIAN_POINT('',(185.00000000238,242.));
#354 = ( GEOMETRIC_REPRESENTATION_CONTEXT(2) 
PARAMETRIC_REPRESENTATION_CONTEXT() REPRESENTATION_CONTEXT('2D SPACE',''
  ) );
#355 = FACE_BOUND('',#356,.T.);
#356 = EDGE_LOOP('',(#357));
#357 = ORIENTED_EDGE('',*,*,#358,.T.);
#358 = EDGE_CURVE('',#359,#359,#361,.T.);
#359 = VERTEX_POINT('',#360);
#360 = CARTESIAN_POINT('',(-144.3,7.912699648918,113.));
#361 = SURFACE_CURVE('',#362,(#421,#516),.PCURVE_S1.);
#362 = B_SPLINE_CURVE_WITH_KNOTS('',8,(#363,#364,#365,#366,#367,#368,
    #369,#370,#371,#372,#373,#374,#375,#376,#377,#378,#379,#380,#381,
    #382,#383,#384,#385,#386,#387,#388,#389,#390,#391,#392,#393,#394,
    #395,#396,#397,#398,#399,#400,#401,#402,#403,#404,#405,#406,#407,
    #408,#409,#410,#411,#412,#413,#414,#415,#416,#417,#418,#419,#420),
  .UNSPECIFIED.,.T.,.F.,(9,7,7,7,7,7,7,7,9),(0.,0.166367104542,
    0.296598860575,0.46166588912,0.644758936032,0.767164267718,
    0.867625256303,1.,1.178668266888),.UNSPECIFIED.);
#363 = CARTESIAN_POINT('',(-144.3,7.912699648918,113.));
#364 = CARTESIAN_POINT('',(-144.3,7.930475190823,113.18937514753));
#365 = CARTESIAN_POINT('',(-144.3241096694,7.941199630836,113.3801985879
    ));
#366 = CARTESIAN_POINT('',(-144.3729732571,7.943930099972,
    113.56766452186));
#367 = CARTESIAN_POINT('',(-144.4457364575,7.938496725703,
    113.74753021812));
#368 = CARTESIAN_POINT('',(-144.5407880585,7.925394548494,113.9160634587
    ));
#369 = CARTESIAN_POINT('',(-144.6558370012,7.905653374799,
    114.07004071591));
#370 = CARTESIAN_POINT('',(-144.7880476553,7.880683946541,
    114.20673823072));
#371 = CARTESIAN_POINT('',(-145.0480065027,7.829717208137,
    114.41604497396));
#372 = CARTESIAN_POINT('',(-145.1707670121,7.805066232312,
    114.49635103778));
#373 = CARTESIAN_POINT('',(-145.3008566554,7.77882792905,114.56427221567
    ));
#374 = CARTESIAN_POINT('',(-145.43695514,7.751715024629,114.61916975737)
  );
#375 = CARTESIAN_POINT('',(-145.5777082595,7.724429059101,
    114.66052624651));
#376 = CARTESIAN_POINT('',(-145.7217212112,7.697623237386,114.6879368924
    ));
#377 = CARTESIAN_POINT('',(-145.8675465079,7.671867064936,
    114.70111977829));
#378 = CARTESIAN_POINT('',(-146.1988716236,7.616870767372,
    114.69845613355));
#379 = CARTESIAN_POINT('',(-146.3848265278,7.588495916454,
    114.67389877251));
#380 = CARTESIAN_POINT('',(-146.5679042633,7.563511586974,
    114.62589886877));
#381 = CARTESIAN_POINT('',(-146.7445665369,7.542563118562,
    114.55483802359));
#382 = CARTESIAN_POINT('',(-146.9113890972,7.525804216747,
    114.46170849389));
#383 = CARTESIAN_POINT('',(-147.0650757828,7.512895356425,
    114.34810580485));
#384 = CARTESIAN_POINT('',(-147.2025659141,7.503120214101,
    114.21633519203));
#385 = CARTESIAN_POINT('',(-147.4530841322,7.487313707013,
    113.90685764219));
#386 = CARTESIAN_POINT('',(-147.5621536348,7.481785319432,
    113.72527161915));
#387 = CARTESIAN_POINT('',(-147.6450594492,7.477892472969,
    113.52886952157));
#388 = CARTESIAN_POINT('',(-147.6996113037,7.474222280936,
    113.32216906064));
#389 = CARTESIAN_POINT('',(-147.7244644183,7.469572686376,
    113.10987785593));
#390 = CARTESIAN_POINT('',(-147.7191890445,7.463246883084,
    112.89685854934));
#391 = CARTESIAN_POINT('',(-147.6841928916,7.455224359322,
    112.68807288176));
#392 = CARTESIAN_POINT('',(-147.5791151393,7.439974021155,
    112.35503985774));
#393 = CARTESIAN_POINT('',(-147.5244657192,7.433358087814,
    112.22557659074));
#394 = CARTESIAN_POINT('',(-147.4577148795,7.426403190975,
    112.10148354597));
#395 = CARTESIAN_POINT('',(-147.3794834494,7.419388819924,
    111.98404948238));
#396 = CARTESIAN_POINT('',(-147.2905373593,7.412693727259,
    111.87446940036));
#397 = CARTESIAN_POINT('',(-147.1917766365,7.406768328082,
    111.77384459744));
#398 = CARTESIAN_POINT('',(-147.0842430728,7.402093172223,
    111.68316956275));
#399 = CARTESIAN_POINT('',(-146.8746841001,7.396686199709,111.537759533)
  );
#400 = CARTESIAN_POINT('',(-146.7750999549,7.395396661008,
    111.47947870234));
#401 = CARTESIAN_POINT('',(-146.6710825972,7.395509203506,
    111.42895548883));
#402 = CARTESIAN_POINT('',(-146.5633718419,7.39726332351,111.38660085719
    ));
#403 = CARTESIAN_POINT('',(-146.4527557121,7.400865511265,
    111.35273468976));
#404 = CARTESIAN_POINT('',(-146.3400673013,7.406471078706,111.3275760099
    ));
#405 = CARTESIAN_POINT('',(-146.2261816358,7.414165987211,
    111.31123320536));
#406 = CARTESIAN_POINT('',(-145.9615749841,7.436839060509,
    111.29376037519));
#407 = CARTESIAN_POINT('',(-145.8105697726,7.453361163161,
    111.29910456213));
#408 = CARTESIAN_POINT('',(-145.661068829,7.473526571549,111.31969976114
    ));
#409 = CARTESIAN_POINT('',(-145.51492261,7.497117898122,111.35512266944)
  );
#410 = CARTESIAN_POINT('',(-145.3737752902,7.523720752119,
    111.40469927684));
#411 = CARTESIAN_POINT('',(-145.2390829161,7.552764899996,
    111.46760215087));
#412 = CARTESIAN_POINT('',(-145.1121345297,7.583574613664,
    111.54289946292));
#413 = CARTESIAN_POINT('',(-144.83473116,7.658421500298,111.74651711211)
  );
#414 = CARTESIAN_POINT('',(-144.6914421216,7.703352819578,
    111.88427529256));
#415 = CARTESIAN_POINT('',(-144.5667353087,7.748538707583,
    112.04060981265));
#416 = CARTESIAN_POINT('',(-144.4630605498,7.792076704823,
    112.21307743736));
#417 = CARTESIAN_POINT('',(-144.3827380622,7.831980196935,
    112.39885678891));
#418 = CARTESIAN_POINT('',(-144.3278107955,7.866362660105,
    112.59466269375));
#419 = CARTESIAN_POINT('',(-144.3,7.893608463618,112.79660839302));
#420 = CARTESIAN_POINT('',(-144.3,7.912699648918,113.));
#421 = PCURVE('',#44,#422);
#422 = DEFINITIONAL_REPRESENTATION('',(#423),#515);
#423 = B_SPLINE_CURVE_WITH_KNOTS('',3,(#424,#425,#426,#427,#428,#429,
    #430,#431,#432,#433,#434,#435,#436,#437,#438,#439,#440,#441,#442,
    #443,#444,#445,#446,#447,#448,#449,#450,#451,#452,#453,#454,#455,
    #456,#457,#458,#459,#460,#461,#462,#463,#464,#465,#466,#467,#468,
    #469,#470,#471,#472,#473,#474,#475,#476,#477,#478,#479,#480,#481,
    #482,#483,#484,#485,#486,#487,#488,#489,#490,#491,#492,#493,#494,
    #495,#496,#497,#498,#499,#500,#501,#502,#503,#504,#505,#506,#507,
    #508,#509,#510,#511,#512,#513,#514),.UNSPECIFIED.,.T.,.F.,(4,1,1,1,1
    ,1,1,1,1,1,1,1,1,1,1,1,1,1,1,1,1,1,1,1,1,1,1,1,1,1,1,1,1,1,1,1,1,1,1
    ,1,1,1,1,1,1,1,1,1,1,1,1,1,1,1,1,1,1,1,1,1,1,1,1,1,1,1,1,1,1,1,1,1,1
    ,1,1,1,1,1,1,1,1,1,1,1,1,1,1,1,4),(0.,1.339395757827E-02,
    2.678791515654E-02,4.018187273482E-02,5.357583031309E-02,
    6.696978789136E-02,8.036374546963E-02,9.375770304791E-02,
    0.107151660626,0.120545618204,0.133939575783,0.147333533361,
    0.160727490939,0.174121448518,0.187515406096,0.200909363674,
    0.214303321252,0.227697278831,0.241091236409,0.254485193987,
    0.267879151565,0.281273109144,0.294667066722,0.3080610243,
    0.321454981879,0.334848939457,0.348242897035,0.361636854613,
    0.375030812192,0.38842476977,0.401818727348,0.415212684926,
    0.428606642505,0.442000600083,0.455394557661,0.46878851524,
    0.482182472818,0.495576430396,0.508970387974,0.522364345553,
    0.535758303131,0.549152260709,0.562546218287,0.575940175866,
    0.589334133444,0.602728091022,0.616122048601,0.629516006179,
    0.642909963757,0.656303921335,0.669697878914,0.683091836492,
    0.69648579407,0.709879751648,0.723273709227,0.736667666805,
    0.750061624383,0.763455581962,0.77684953954,0.790243497118,
    0.803637454696,0.817031412275,0.830425369853,0.843819327431,
    0.857213285009,0.870607242588,0.884001200166,0.897395157744,
    0.910789115323,0.924183072901,0.937577030479,0.950970988057,
    0.964364945636,0.977758903214,0.991152860792,1.00454681837,
    1.017940775949,1.031334733527,1.044728691105,1.058122648684,
    1.071516606262,1.08491056384,1.098304521418,1.111698478997,
    1.125092436575,1.138486394153,1.151880351731,1.16527430931,
    1.178668266888),.QUASI_UNIFORM_KNOTS.);
#424 = CARTESIAN_POINT('',(0.733260527022,0.291183444146));
#425 = CARTESIAN_POINT('',(0.733987678697,0.291183505487));
#426 = CARTESIAN_POINT('',(0.73545347512,0.291159126323));
#427 = CARTESIAN_POINT('',(0.737674082237,0.291049346188));
#428 = CARTESIAN_POINT('',(0.739903857243,0.290866383598));
#429 = CARTESIAN_POINT('',(0.742130678047,0.290611195713));
#430 = CARTESIAN_POINT('',(0.744342780418,0.290285241677));
#431 = CARTESIAN_POINT('',(0.74652878071,0.289890513297));
#432 = CARTESIAN_POINT('',(0.748677625992,0.28942946236));
#433 = CARTESIAN_POINT('',(0.750778571827,0.288904970826));
#434 = CARTESIAN_POINT('',(0.752821159648,0.288320324842));
#435 = CARTESIAN_POINT('',(0.754795218902,0.287679192065));
#436 = CARTESIAN_POINT('',(0.756690834871,0.286985636806));
#437 = CARTESIAN_POINT('',(0.758498507366,0.28624403269));
#438 = CARTESIAN_POINT('',(0.76020867302,0.285459400639));
#439 = CARTESIAN_POINT('',(0.761817083734,0.284634560394));
#440 = CARTESIAN_POINT('',(0.763316543761,0.283773613991));
#441 = CARTESIAN_POINT('',(0.764700520327,0.282880558592));
#442 = CARTESIAN_POINT('',(0.765962564406,0.28195948923));
#443 = CARTESIAN_POINT('',(0.767096471433,0.28101454992));
#444 = CARTESIAN_POINT('',(0.768096259134,0.280049950253));
#445 = CARTESIAN_POINT('',(0.768956201877,0.279069978266));
#446 = CARTESIAN_POINT('',(0.769670884828,0.278078969312));
#447 = CARTESIAN_POINT('',(0.770235183359,0.277081461087));
#448 = CARTESIAN_POINT('',(0.770644580564,0.276081654283));
#449 = CARTESIAN_POINT('',(0.770894725625,0.275084090425));
#450 = CARTESIAN_POINT('',(0.770981783314,0.274094312617));
#451 = CARTESIAN_POINT('',(0.770903077914,0.27311752956));
#452 = CARTESIAN_POINT('',(0.770656937671,0.27215895145));
#453 = CARTESIAN_POINT('',(0.770242757943,0.271223690686));
#454 = CARTESIAN_POINT('',(0.769661016888,0.270316776218));
#455 = CARTESIAN_POINT('',(0.768913313517,0.269443133193));
#456 = CARTESIAN_POINT('',(0.768002412704,0.268607567565));
#457 = CARTESIAN_POINT('',(0.766932287849,0.267814740492));
#458 = CARTESIAN_POINT('',(0.765708213936,0.26706914865));
#459 = CARTESIAN_POINT('',(0.764336710386,0.266375056283));
#460 = CARTESIAN_POINT('',(0.7628260855,0.265736574699));
#461 = CARTESIAN_POINT('',(0.761182878943,0.265156416764));
#462 = CARTESIAN_POINT('',(0.759416637603,0.264637998903));
#463 = CARTESIAN_POINT('',(0.757537313769,0.264184122516));
#464 = CARTESIAN_POINT('',(0.755555500793,0.263797212354));
#465 = CARTESIAN_POINT('',(0.753482267294,0.263479283273));
#466 = CARTESIAN_POINT('',(0.751329116851,0.26323197056));
#467 = CARTESIAN_POINT('',(0.749107929665,0.26305653535));
#468 = CARTESIAN_POINT('',(0.746830921801,0.262953869736));
#469 = CARTESIAN_POINT('',(0.744510612115,0.262924495178));
#470 = CARTESIAN_POINT('',(0.742159790539,0.26296855647));
#471 = CARTESIAN_POINT('',(0.739791513336,0.263085807499));
#472 = CARTESIAN_POINT('',(0.73741902047,0.263275598362));
#473 = CARTESIAN_POINT('',(0.735055961116,0.263536823692));
#474 = CARTESIAN_POINT('',(0.732715481429,0.263867975346));
#475 = CARTESIAN_POINT('',(0.730408962494,0.264267478815));
#476 = CARTESIAN_POINT('',(0.72814929506,0.264733215015));
#477 = CARTESIAN_POINT('',(0.725948542255,0.26526281021));
#478 = CARTESIAN_POINT('',(0.723818533761,0.26585357963));
#479 = CARTESIAN_POINT('',(0.721770689946,0.266502554052));
#480 = CARTESIAN_POINT('',(0.719816043762,0.267206475919));
#481 = CARTESIAN_POINT('',(0.717965187857,0.267961802115));
#482 = CARTESIAN_POINT('',(0.716228268079,0.268764678341));
#483 = CARTESIAN_POINT('',(0.714614811119,0.26961098814));
#484 = CARTESIAN_POINT('',(0.713133572828,0.270496412539));
#485 = CARTESIAN_POINT('',(0.711793009488,0.271416079422));
#486 = CARTESIAN_POINT('',(0.710600456999,0.272364974407));
#487 = CARTESIAN_POINT('',(0.709562234985,0.273337857567));
#488 = CARTESIAN_POINT('',(0.708683540244,0.274329286447));
#489 = CARTESIAN_POINT('',(0.707968377479,0.275333651654));
#490 = CARTESIAN_POINT('',(0.707419573699,0.276345053738));
#491 = CARTESIAN_POINT('',(0.707038414848,0.277357854154));
#492 = CARTESIAN_POINT('',(0.706824888477,0.278366355237));
#493 = CARTESIAN_POINT('',(0.706777689587,0.279365090595));
#494 = CARTESIAN_POINT('',(0.706894368805,0.280348915756));
#495 = CARTESIAN_POINT('',(0.707171527542,0.281312971529));
#496 = CARTESIAN_POINT('',(0.70760497458,0.282252679502));
#497 = CARTESIAN_POINT('',(0.708189873674,0.283163731826));
#498 = CARTESIAN_POINT('',(0.708920847528,0.284042068095));
#499 = CARTESIAN_POINT('',(0.709792145435,0.284883906656));
#500 = CARTESIAN_POINT('',(0.710797478235,0.285685568753));
#501 = CARTESIAN_POINT('',(0.711931190548,0.286444213855));
#502 = CARTESIAN_POINT('',(0.713187552952,0.287156949543));
#503 = CARTESIAN_POINT('',(0.714560587008,0.287820853145));
#504 = CARTESIAN_POINT('',(0.716044197624,0.288433078588));
#505 = CARTESIAN_POINT('',(0.717632108326,0.288990843597));
#506 = CARTESIAN_POINT('',(0.719317846582,0.289491451077));
#507 = CARTESIAN_POINT('',(0.721094710884,0.289932303899));
#508 = CARTESIAN_POINT('',(0.722955736613,0.290310924444));
#509 = CARTESIAN_POINT('',(0.724893651714,0.290624978329));
#510 = CARTESIAN_POINT('',(0.726900831544,0.290872299228));
#511 = CARTESIAN_POINT('',(0.728969214586,0.291050935617));
#512 = CARTESIAN_POINT('',(0.731090312417,0.291159149027));
#513 = CARTESIAN_POINT('',(0.732533309185,0.29118347394));
#514 = CARTESIAN_POINT('',(0.733260527022,0.291183444146));
#515 = ( GEOMETRIC_REPRESENTATION_CONTEXT(2) 
PARAMETRIC_REPRESENTATION_CONTEXT() REPRESENTATION_CONTEXT('2D SPACE',''
  ) );
#516 = PCURVE('',#517,#522);
#517 = CYLINDRICAL_SURFACE('',#518,1.7);
#518 = AXIS2_PLACEMENT_3D('',#519,#520,#521);
#519 = CARTESIAN_POINT('',(-146.,9.,113.));
#520 = DIRECTION('',(-0.,1.,-0.));
#521 = DIRECTION('',(1.,0.,0.));
#522 = DEFINITIONAL_REPRESENTATION('',(#523),#615);
#523 = B_SPLINE_CURVE_WITH_KNOTS('',3,(#524,#525,#526,#527,#528,#529,
    #530,#531,#532,#533,#534,#535,#536,#537,#538,#539,#540,#541,#542,
    #543,#544,#545,#546,#547,#548,#549,#550,#551,#552,#553,#554,#555,
    #556,#557,#558,#559,#560,#561,#562,#563,#564,#565,#566,#567,#568,
    #569,#570,#571,#572,#573,#574,#575,#576,#577,#578,#579,#580,#581,
    #582,#583,#584,#585,#586,#587,#588,#589,#590,#591,#592,#593,#594,
    #595,#596,#597,#598,#599,#600,#601,#602,#603,#604,#605,#606,#607,
    #608,#609,#610,#611,#612,#613,#614),.UNSPECIFIED.,.F.,.F.,(4,1,1,1,1
    ,1,1,1,1,1,1,1,1,1,1,1,1,1,1,1,1,1,1,1,1,1,1,1,1,1,1,1,1,1,1,1,1,1,1
    ,1,1,1,1,1,1,1,1,1,1,1,1,1,1,1,1,1,1,1,1,1,1,1,1,1,1,1,1,1,1,1,1,1,1
    ,1,1,1,1,1,1,1,1,1,1,1,1,1,1,1,4),(0.,1.339395757827E-02,
    2.678791515654E-02,4.018187273482E-02,5.357583031309E-02,
    6.696978789136E-02,8.036374546963E-02,9.375770304791E-02,
    0.107151660626,0.120545618204,0.133939575783,0.147333533361,
    0.160727490939,0.174121448518,0.187515406096,0.200909363674,
    0.214303321252,0.227697278831,0.241091236409,0.254485193987,
    0.267879151565,0.281273109144,0.294667066722,0.3080610243,
    0.321454981879,0.334848939457,0.348242897035,0.361636854613,
    0.375030812192,0.38842476977,0.401818727348,0.415212684926,
    0.428606642505,0.442000600083,0.455394557661,0.46878851524,
    0.482182472818,0.495576430396,0.508970387974,0.522364345553,
    0.535758303131,0.549152260709,0.562546218287,0.575940175866,
    0.589334133444,0.602728091022,0.616122048601,0.629516006179,
    0.642909963757,0.656303921335,0.669697878914,0.683091836492,
    0.69648579407,0.709879751648,0.723273709227,0.736667666805,
    0.750061624383,0.763455581962,0.77684953954,0.790243497118,
    0.803637454696,0.817031412275,0.830425369853,0.843819327431,
    0.857213285009,0.870607242588,0.884001200166,0.897395157744,
    0.910789115323,0.924183072901,0.937577030479,0.950970988057,
    0.964364945636,0.977758903214,0.991152860792,1.00454681837,
    1.017940775949,1.031334733527,1.044728691105,1.058122648684,
    1.071516606262,1.08491056384,1.098304521418,1.111698478997,
    1.125092436575,1.138486394153,1.151880351731,1.16527430931,
    1.178668266888),.QUASI_UNIFORM_KNOTS.);
#524 = CARTESIAN_POINT('',(0.,-1.087300351082));
#525 = CARTESIAN_POINT('',(-2.391775214473E-02,-1.083479841937));
#526 = CARTESIAN_POINT('',(-7.184858970095E-02,-1.076708305735));
#527 = CARTESIAN_POINT('',(-0.143946217562,-1.06924119032));
#528 = CARTESIAN_POINT('',(-0.216152665275,-1.064565605047));
#529 = CARTESIAN_POINT('',(-0.288403113072,-1.062714295975));
#530 = CARTESIAN_POINT('',(-0.360644470994,-1.063678517141));
#531 = CARTESIAN_POINT('',(-0.432834520174,-1.067404400659));
#532 = CARTESIAN_POINT('',(-0.50493789897,-1.073797720592));
#533 = CARTESIAN_POINT('',(-0.576923589314,-1.082726586179));
#534 = CARTESIAN_POINT('',(-0.648762222873,-1.094024809513));
#535 = CARTESIAN_POINT('',(-0.720424189664,-1.107495447142));
#536 = CARTESIAN_POINT('',(-0.791875356953,-1.122913789346));
#537 = CARTESIAN_POINT('',(-0.863081244076,-1.140033220582));
#538 = CARTESIAN_POINT('',(-0.933978392971,-1.158581002605));
#539 = CARTESIAN_POINT('',(-1.004710659395,-1.178331496303));
#540 = CARTESIAN_POINT('',(-1.07530115483,-1.199027565681));
#541 = CARTESIAN_POINT('',(-1.145790222746,-1.220415049371));
#542 = CARTESIAN_POINT('',(-1.216213888413,-1.242241260989));
#543 = CARTESIAN_POINT('',(-1.286609103977,-1.264259039315));
#544 = CARTESIAN_POINT('',(-1.357012119739,-1.286229324252));
#545 = CARTESIAN_POINT('',(-1.427457818187,-1.307923824365));
#546 = CARTESIAN_POINT('',(-1.497981987006,-1.329128536865));
#547 = CARTESIAN_POINT('',(-1.568610437784,-1.349643510776));
#548 = CARTESIAN_POINT('',(-1.639397044419,-1.36929652944));
#549 = CARTESIAN_POINT('',(-1.710376206016,-1.387930795893));
#550 = CARTESIAN_POINT('',(-1.781514750333,-1.405397785127));
#551 = CARTESIAN_POINT('',(-1.852803815663,-1.421585787971));
#552 = CARTESIAN_POINT('',(-1.924232820155,-1.436414194307));
#553 = CARTESIAN_POINT('',(-1.995794266312,-1.449835824051));
#554 = CARTESIAN_POINT('',(-2.067480479751,-1.461836258248));
#555 = CARTESIAN_POINT('',(-2.139282641515,-1.472433124824));
#556 = CARTESIAN_POINT('',(-2.211189079942,-1.48167453476));
#557 = CARTESIAN_POINT('',(-2.283184020647,-1.489636897289));
#558 = CARTESIAN_POINT('',(-2.355244390308,-1.496421970239));
#559 = CARTESIAN_POINT('',(-2.427342402925,-1.502153458677));
#560 = CARTESIAN_POINT('',(-2.499424708466,-1.506972019331));
#561 = CARTESIAN_POINT('',(-2.571563703136,-1.511038353292));
#562 = CARTESIAN_POINT('',(-2.643722885131,-1.51451230366));
#563 = CARTESIAN_POINT('',(-2.715890231288,-1.51755828361));
#564 = CARTESIAN_POINT('',(-2.788056148392,-1.520337827781));
#565 = CARTESIAN_POINT('',(-2.860216851976,-1.523004998964));
#566 = CARTESIAN_POINT('',(-2.932371419064,-1.525701671964));
#567 = CARTESIAN_POINT('',(-3.004520839384,-1.528553488525));
#568 = CARTESIAN_POINT('',(-3.07666671267,-1.531666275431));
#569 = CARTESIAN_POINT('',(-3.148810058165,-1.535122988968));
#570 = CARTESIAN_POINT('',(-3.220950223254,-1.538981202465));
#571 = CARTESIAN_POINT('',(-3.293083009315,-1.54327110443));
#572 = CARTESIAN_POINT('',(-3.365201031733,-1.54799425408));
#573 = CARTESIAN_POINT('',(-3.437284467054,-1.553122309201));
#574 = CARTESIAN_POINT('',(-3.509325694882,-1.558598825364));
#575 = CARTESIAN_POINT('',(-3.581367275403,-1.564343953445));
#576 = CARTESIAN_POINT('',(-3.653399769757,-1.570247961535));
#577 = CARTESIAN_POINT('',(-3.725431365027,-1.576178475398));
#578 = CARTESIAN_POINT('',(-3.797468142903,-1.581981740354));
#579 = CARTESIAN_POINT('',(-3.86951778663,-1.587486038354));
#580 = CARTESIAN_POINT('',(-3.94158700135,-1.592505128246));
#581 = CARTESIAN_POINT('',(-4.013681001956,-1.596842329769));
#582 = CARTESIAN_POINT('',(-4.085800515653,-1.60029490112));
#583 = CARTESIAN_POINT('',(-4.157945339285,-1.602659490166));
#584 = CARTESIAN_POINT('',(-4.230117968094,-1.603736816423));
#585 = CARTESIAN_POINT('',(-4.302294281488,-1.60333727696));
#586 = CARTESIAN_POINT('',(-4.374456251501,-1.601288451096));
#587 = CARTESIAN_POINT('',(-4.446582503536,-1.5974396585));
#588 = CARTESIAN_POINT('',(-4.51864759594,-1.591667373201));
#589 = CARTESIAN_POINT('',(-4.590621472085,-1.583879875877));
#590 = CARTESIAN_POINT('',(-4.662457603596,-1.574024097128));
#591 = CARTESIAN_POINT('',(-4.734128903196,-1.562083817964));
#592 = CARTESIAN_POINT('',(-4.805600736724,-1.548082557768));
#593 = CARTESIAN_POINT('',(-4.876848170716,-1.532082586147));
#594 = CARTESIAN_POINT('',(-4.947859639303,-1.514180572324));
#595 = CARTESIAN_POINT('',(-5.018632452894,-1.494505221923));
#596 = CARTESIAN_POINT('',(-5.089171286265,-1.473214162006));
#597 = CARTESIAN_POINT('',(-5.159486913756,-1.450490653174));
#598 = CARTESIAN_POINT('',(-5.229594098089,-1.426540552598));
#599 = CARTESIAN_POINT('',(-5.299514702597,-1.401587253722));
#600 = CARTESIAN_POINT('',(-5.369261746646,-1.375873275782));
#601 = CARTESIAN_POINT('',(-5.43890688571,-1.349631637243));
#602 = CARTESIAN_POINT('',(-5.508511304523,-1.323107671584));
#603 = CARTESIAN_POINT('',(-5.578124451662,-1.296557904391));
#604 = CARTESIAN_POINT('',(-5.64779353902,-1.27024434406));
#605 = CARTESIAN_POINT('',(-5.71756151263,-1.244432815395));
#606 = CARTESIAN_POINT('',(-5.787467882505,-1.219390061016));
#607 = CARTESIAN_POINT('',(-5.857548537744,-1.195381017082));
#608 = CARTESIAN_POINT('',(-5.927835581191,-1.172665899515));
#609 = CARTESIAN_POINT('',(-5.998356835558,-1.151497080477));
#610 = CARTESIAN_POINT('',(-6.069135228077,-1.132116074929));
#611 = CARTESIAN_POINT('',(-6.140187296997,-1.114749197167));
#612 = CARTESIAN_POINT('',(-6.211523180605,-1.099607090822));
#613 = CARTESIAN_POINT('',(-6.25926686846,-1.091114673842));
#614 = CARTESIAN_POINT('',(-6.28318530718,-1.087300351082));
#615 = ( GEOMETRIC_REPRESENTATION_CONTEXT(2) 
PARAMETRIC_REPRESENTATION_CONTEXT() REPRESENTATION_CONTEXT('2D SPACE',''
  ) );
#616 = FACE_BOUND('',#617,.T.);
#617 = EDGE_LOOP('',(#618));
#618 = ORIENTED_EDGE('',*,*,#619,.T.);
#619 = EDGE_CURVE('',#620,#620,#622,.T.);
#620 = VERTEX_POINT('',#621);
#621 = CARTESIAN_POINT('',(-100.3,13.956156489211,122.));
#622 = SURFACE_CURVE('',#623,(#675,#748),.PCURVE_S1.);
#623 = B_SPLINE_CURVE_WITH_KNOTS('',8,(#624,#625,#626,#627,#628,#629,
    #630,#631,#632,#633,#634,#635,#636,#637,#638,#639,#640,#641,#642,
    #643,#644,#645,#646,#647,#648,#649,#650,#651,#652,#653,#654,#655,
    #656,#657,#658,#659,#660,#661,#662,#663,#664,#665,#666,#667,#668,
    #669,#670,#671,#672,#673,#674),.UNSPECIFIED.,.T.,.F.,(9,7,7,7,7,7,7,
    9),(0.,1.,2.060295634356,3.252515005659,4.097612584523,
    5.179589235432,5.842590137948,6.621571928721),.UNSPECIFIED.);
#624 = CARTESIAN_POINT('',(-100.3,13.956156489211,122.));
#625 = CARTESIAN_POINT('',(-100.3,13.979906184321,122.2011420299));
#626 = CARTESIAN_POINT('',(-100.3271988034,13.998701783299,
    122.40362949263));
#627 = CARTESIAN_POINT('',(-100.3822324303,14.011594888093,
    122.60235259615));
#628 = CARTESIAN_POINT('',(-100.4643153027,14.018147323235,
    122.79256871658));
#629 = CARTESIAN_POINT('',(-100.5718203977,14.018404934638,
    122.96988144531));
#630 = CARTESIAN_POINT('',(-100.7022474082,14.012849359199,
    123.13031773608));
#631 = CARTESIAN_POINT('',(-100.8523030732,14.002291889631,
    123.27033749353));
#632 = CARTESIAN_POINT('',(-101.192605807,13.972403883291,
    123.51134682481));
#633 = CARTESIAN_POINT('',(-101.38531053,13.952531820068,123.60988461873
    ));
#634 = CARTESIAN_POINT('',(-101.5910382433,13.929317477023,
    123.67995140807));
#635 = CARTESIAN_POINT('',(-101.8049719945,13.904064020296,
    123.71987747047));
#636 = CARTESIAN_POINT('',(-102.0222377252,13.877965263551,
    123.72876315639));
#637 = CARTESIAN_POINT('',(-102.2378813733,13.851990422988,
    123.70656396801));
#638 = CARTESIAN_POINT('',(-102.4468923492,13.826781630269,
    123.65402816334));
#639 = CARTESIAN_POINT('',(-102.8663377012,13.775624809523,
    123.48223259558));
#640 = CARTESIAN_POINT('',(-103.074459636,13.749884030516,123.3551781804
    ));
#641 = CARTESIAN_POINT('',(-103.2609629505,13.726077220629,
    123.19465601005));
#642 = CARTESIAN_POINT('',(-103.4197696587,13.704161375432,
    123.00525208385));
#643 = CARTESIAN_POINT('',(-103.5458462409,13.683618945282,
    122.7924550909));
#644 = CARTESIAN_POINT('',(-103.635513959,13.66379131167,122.56275583686
    ));
#645 = CARTESIAN_POINT('',(-103.6862737547,13.644278142299,
    122.32340491202));
#646 = CARTESIAN_POINT('',(-103.7062961309,13.611612589566,
    121.91195789747));
#647 = CARTESIAN_POINT('',(-103.6950000758,13.598236276392,
    121.74024091989));
#648 = CARTESIAN_POINT('',(-103.6639345671,13.585049169356,
    121.57021567122));
#649 = CARTESIAN_POINT('',(-103.6134245764,13.572160448011,
    121.40451786405));
#650 = CARTESIAN_POINT('',(-103.5441762481,13.55980715002,
    121.24566049334));
#651 = CARTESIAN_POINT('',(-103.457236805,13.548356775054,
    121.09603398968));
#652 = CARTESIAN_POINT('',(-103.3540204286,13.538274667012,
    120.95788618409));
#653 = CARTESIAN_POINT('',(-103.0857981625,13.51952585672,
    120.67365588919));
#654 = CARTESIAN_POINT('',(-102.911071201,13.512012175865,
    120.53566123595));
#655 = CARTESIAN_POINT('',(-102.7163283608,13.508611617305,
    120.42425985401));
#656 = CARTESIAN_POINT('',(-102.506622766,13.510411333823,
    120.34272266164));
#657 = CARTESIAN_POINT('',(-102.2873742975,13.518317443267,
    120.29325145879));
#658 = CARTESIAN_POINT('',(-102.0643505663,13.532763294394,
    120.27681915708));
#659 = CARTESIAN_POINT('',(-101.8435689578,13.553540608557,
    120.29329004617));
#660 = CARTESIAN_POINT('',(-101.5010616224,13.595709200892,
    120.36940746307));
#661 = CARTESIAN_POINT('',(-101.3738637829,13.613774269625,
    120.40991438542));
#662 = CARTESIAN_POINT('',(-101.2508363278,13.633698448924,
    120.46161838897));
#663 = CARTESIAN_POINT('',(-101.1330871821,13.655228871794,
    120.52398250221));
#664 = CARTESIAN_POINT('',(-101.0216129098,13.678058723394,
    120.59636557021));
#665 = CARTESIAN_POINT('',(-100.9173100887,13.701842287572,
    120.67805092684));
#666 = CARTESIAN_POINT('',(-100.8209841359,13.726210202492,
    120.76826012463));
#667 = CARTESIAN_POINT('',(-100.6303978815,13.779658583845,
    120.9811678125));
#668 = CARTESIAN_POINT('',(-100.5394226638,13.808824394654,
    121.10681647511));
#669 = CARTESIAN_POINT('',(-100.4615913531,13.837674405366,
    121.24176158477));
#670 = CARTESIAN_POINT('',(-100.3979322816,13.865578651418,
    121.38454291855));
#671 = CARTESIAN_POINT('',(-100.3493297986,13.891916641862,
    121.53357176491));
#672 = CARTESIAN_POINT('',(-100.3165113452,13.916109092857,
    121.68711612458));
#673 = CARTESIAN_POINT('',(-100.3,13.937652168574,121.84328234119));
#674 = CARTESIAN_POINT('',(-100.3,13.956156489211,122.));
#675 = PCURVE('',#44,#676);
#676 = DEFINITIONAL_REPRESENTATION('',(#677),#747);
#677 = B_SPLINE_CURVE_WITH_KNOTS('',3,(#678,#679,#680,#681,#682,#683,
    #684,#685,#686,#687,#688,#689,#690,#691,#692,#693,#694,#695,#696,
    #697,#698,#699,#700,#701,#702,#703,#704,#705,#706,#707,#708,#709,
    #710,#711,#712,#713,#714,#715,#716,#717,#718,#719,#720,#721,#722,
    #723,#724,#725,#726,#727,#728,#729,#730,#731,#732,#733,#734,#735,
    #736,#737,#738,#739,#740,#741,#742,#743,#744,#745,#746),
  .UNSPECIFIED.,.F.,.F.,(4,1,1,1,1,1,1,1,1,1,1,1,1,1,1,1,1,1,1,1,1,1,1,1
    ,1,1,1,1,1,1,1,1,1,1,1,1,1,1,1,1,1,1,1,1,1,1,1,1,1,1,1,1,1,1,1,1,1,1
    ,1,1,1,1,1,1,1,1,4),(0.,0.100326847405,0.20065369481,0.300980542215,
    0.401307389619,0.501634237024,0.601961084429,0.702287931834,
    0.802614779239,0.902941626644,1.003268474049,1.103595321453,
    1.203922168858,1.304249016263,1.404575863668,1.504902711073,
    1.605229558478,1.705556405883,1.805883253288,1.906210100692,
    2.006536948097,2.106863795502,2.207190642907,2.307517490312,
    2.407844337717,2.508171185122,2.608498032526,2.708824879931,
    2.809151727336,2.909478574741,3.009805422146,3.110132269551,
    3.210459116956,3.31078596436,3.411112811765,3.51143965917,
    3.611766506575,3.71209335398,3.812420201385,3.91274704879,
    4.013073896195,4.113400743599,4.213727591004,4.314054438409,
    4.414381285814,4.514708133219,4.615034980624,4.715361828029,
    4.815688675433,4.916015522838,5.016342370243,5.116669217648,
    5.216996065053,5.317322912458,5.417649759863,5.517976607267,
    5.618303454672,5.718630302077,5.818957149482,5.919283996887,
    6.019610844292,6.119937691697,6.220264539102,6.320591386506,
    6.420918233911,6.521245081316,6.621571928721),
  .QUASI_UNIFORM_KNOTS.);
#678 = CARTESIAN_POINT('',(0.728659649522,0.658745527944));
#679 = CARTESIAN_POINT('',(0.72919683613,0.658745668285));
#680 = CARTESIAN_POINT('',(0.730282975597,0.658703037473));
#681 = CARTESIAN_POINT('',(0.731931717604,0.658511382037));
#682 = CARTESIAN_POINT('',(0.733584096335,0.658192428711));
#683 = CARTESIAN_POINT('',(0.735224671214,0.657748737608));
#684 = CARTESIAN_POINT('',(0.736838308252,0.657184090305));
#685 = CARTESIAN_POINT('',(0.73841022394,0.656503624303));
#686 = CARTESIAN_POINT('',(0.739926004597,0.655713723339));
#687 = CARTESIAN_POINT('',(0.741371583792,0.654822083343));
#688 = CARTESIAN_POINT('',(0.742733515359,0.653837556525));
#689 = CARTESIAN_POINT('',(0.74399827007,0.652770947172));
#690 = CARTESIAN_POINT('',(0.745155385645,0.651632485676));
#691 = CARTESIAN_POINT('',(0.746196136031,0.650431719983));
#692 = CARTESIAN_POINT('',(0.747111191826,0.649180104631));
#693 = CARTESIAN_POINT('',(0.747892873194,0.647888814964));
#694 = CARTESIAN_POINT('',(0.748534434585,0.646569282321));
#695 = CARTESIAN_POINT('',(0.749030204703,0.645233014454));
#696 = CARTESIAN_POINT('',(0.749375548254,0.643891618841));
#697 = CARTESIAN_POINT('',(0.749566913764,0.642556766114));
#698 = CARTESIAN_POINT('',(0.749601920042,0.641240201938));
#699 = CARTESIAN_POINT('',(0.749479405323,0.639953614501));
#700 = CARTESIAN_POINT('',(0.74919981155,0.638709001207));
#701 = CARTESIAN_POINT('',(0.748764098853,0.637515654174));
#702 = CARTESIAN_POINT('',(0.748175333673,0.636385747419));
#703 = CARTESIAN_POINT('',(0.747438244282,0.635330014952));
#704 = CARTESIAN_POINT('',(0.746559016572,0.63435837183));
#705 = CARTESIAN_POINT('',(0.745545188033,0.633479794379));
#706 = CARTESIAN_POINT('',(0.74440556279,0.632702368557));
#707 = CARTESIAN_POINT('',(0.743150155763,0.632033267902));
#708 = CARTESIAN_POINT('',(0.741790159199,0.631478725639));
#709 = CARTESIAN_POINT('',(0.740337916678,0.631043984271));
#710 = CARTESIAN_POINT('',(0.738806954605,0.630733211336));
#711 = CARTESIAN_POINT('',(0.737211886945,0.630549413448));
#712 = CARTESIAN_POINT('',(0.735568897873,0.630494185146));
#713 = CARTESIAN_POINT('',(0.733891258862,0.630567865016));
#714 = CARTESIAN_POINT('',(0.732195231607,0.630769895249));
#715 = CARTESIAN_POINT('',(0.730496619485,0.631098457317));
#716 = CARTESIAN_POINT('',(0.728811273104,0.631550649591));
#717 = CARTESIAN_POINT('',(0.727154870158,0.632122520847));
#718 = CARTESIAN_POINT('',(0.7255429767,0.632809041937));
#719 = CARTESIAN_POINT('',(0.72399069996,0.633604281699));
#720 = CARTESIAN_POINT('',(0.722513645223,0.634500644256));
#721 = CARTESIAN_POINT('',(0.721123748834,0.635491627207));
#722 = CARTESIAN_POINT('',(0.719835508249,0.636568060797));
#723 = CARTESIAN_POINT('',(0.718662616465,0.637719244724));
#724 = CARTESIAN_POINT('',(0.71761679316,0.638934076991));
#725 = CARTESIAN_POINT('',(0.716708183725,0.640200892154));
#726 = CARTESIAN_POINT('',(0.715945284168,0.641507611412));
#727 = CARTESIAN_POINT('',(0.715334946734,0.642841777823));
#728 = CARTESIAN_POINT('',(0.714882324061,0.644190627336));
#729 = CARTESIAN_POINT('',(0.714590770777,0.645541058028));
#730 = CARTESIAN_POINT('',(0.714461743581,0.646879928013));
#731 = CARTESIAN_POINT('',(0.714494460127,0.648193120636));
#732 = CARTESIAN_POINT('',(0.714686239372,0.649470283599));
#733 = CARTESIAN_POINT('',(0.715033291424,0.650700480874));
#734 = CARTESIAN_POINT('',(0.715530469204,0.651873380689));
#735 = CARTESIAN_POINT('',(0.716171602178,0.652979502044));
#736 = CARTESIAN_POINT('',(0.716949646969,0.654010090344));
#737 = CARTESIAN_POINT('',(0.717856824168,0.654957080582));
#738 = CARTESIAN_POINT('',(0.718884750375,0.655813112111));
#739 = CARTESIAN_POINT('',(0.720024819273,0.656571615745));
#740 = CARTESIAN_POINT('',(0.721267642593,0.657226320691));
#741 = CARTESIAN_POINT('',(0.722603307832,0.657771566096));
#742 = CARTESIAN_POINT('',(0.72402129836,0.658202265645));
#743 = CARTESIAN_POINT('',(0.725510442324,0.658514018965));
#744 = CARTESIAN_POINT('',(0.727058958106,0.658703068186));
#745 = CARTESIAN_POINT('',(0.728122311824,0.658745610109));
#746 = CARTESIAN_POINT('',(0.728659649522,0.658745527944));
#747 = ( GEOMETRIC_REPRESENTATION_CONTEXT(2) 
PARAMETRIC_REPRESENTATION_CONTEXT() REPRESENTATION_CONTEXT('2D SPACE',''
  ) );
#748 = PCURVE('',#749,#754);
#749 = CYLINDRICAL_SURFACE('',#750,1.7);
#750 = AXIS2_PLACEMENT_3D('',#751,#752,#753);
#751 = CARTESIAN_POINT('',(-102.,15.,122.));
#752 = DIRECTION('',(-0.,1.,-0.));
#753 = DIRECTION('',(1.,0.,0.));
#754 = DEFINITIONAL_REPRESENTATION('',(#755),#825);
#755 = B_SPLINE_CURVE_WITH_KNOTS('',3,(#756,#757,#758,#759,#760,#761,
    #762,#763,#764,#765,#766,#767,#768,#769,#770,#771,#772,#773,#774,
    #775,#776,#777,#778,#779,#780,#781,#782,#783,#784,#785,#786,#787,
    #788,#789,#790,#791,#792,#793,#794,#795,#796,#797,#798,#799,#800,
    #801,#802,#803,#804,#805,#806,#807,#808,#809,#810,#811,#812,#813,
    #814,#815,#816,#817,#818,#819,#820,#821,#822,#823,#824),
  .UNSPECIFIED.,.F.,.F.,(4,1,1,1,1,1,1,1,1,1,1,1,1,1,1,1,1,1,1,1,1,1,1,1
    ,1,1,1,1,1,1,1,1,1,1,1,1,1,1,1,1,1,1,1,1,1,1,1,1,1,1,1,1,1,1,1,1,1,1
    ,1,1,1,1,1,1,1,1,4),(0.,0.100326847405,0.20065369481,0.300980542215,
    0.401307389619,0.501634237024,0.601961084429,0.702287931834,
    0.802614779239,0.902941626644,1.003268474049,1.103595321453,
    1.203922168858,1.304249016263,1.404575863668,1.504902711073,
    1.605229558478,1.705556405883,1.805883253288,1.906210100692,
    2.006536948097,2.106863795502,2.207190642907,2.307517490312,
    2.407844337717,2.508171185122,2.608498032526,2.708824879931,
    2.809151727336,2.909478574741,3.009805422146,3.110132269551,
    3.210459116956,3.31078596436,3.411112811765,3.51143965917,
    3.611766506575,3.71209335398,3.812420201385,3.91274704879,
    4.013073896195,4.113400743599,4.213727591004,4.314054438409,
    4.414381285814,4.514708133219,4.615034980624,4.715361828029,
    4.815688675433,4.916015522838,5.016342370243,5.116669217648,
    5.216996065053,5.317322912458,5.417649759863,5.517976607267,
    5.618303454672,5.718630302077,5.818957149482,5.919283996887,
    6.019610844292,6.119937691697,6.220264539102,6.320591386506,
    6.420918233911,6.521245081316,6.621571928721),
  .QUASI_UNIFORM_KNOTS.);
#756 = CARTESIAN_POINT('',(0.,-1.043843510789));
#757 = CARTESIAN_POINT('',(-3.165806229894E-02,-1.037482536741));
#758 = CARTESIAN_POINT('',(-9.511010687511E-02,-1.025718134404));
#759 = CARTESIAN_POINT('',(-0.190603228339,-1.011130207202));
#760 = CARTESIAN_POINT('',(-0.286306718114,-0.999819456826));
#761 = CARTESIAN_POINT('',(-0.382157823246,-0.991890768566));
#762 = CARTESIAN_POINT('',(-0.478107032564,-0.987378528695));
#763 = CARTESIAN_POINT('',(-0.574113886012,-0.986239861087));
#764 = CARTESIAN_POINT('',(-0.670138884421,-0.988362253254));
#765 = CARTESIAN_POINT('',(-0.766131293388,-0.993567485755));
#766 = CARTESIAN_POINT('',(-0.862036551307,-1.001619580213));
#767 = CARTESIAN_POINT('',(-0.95772284675,-1.012223353824));
#768 = CARTESIAN_POINT('',(-1.053198056869,-1.025058681479));
#769 = CARTESIAN_POINT('',(-1.148558096023,-1.039802905168));
#770 = CARTESIAN_POINT('',(-1.243775678344,-1.056107593855));
#771 = CARTESIAN_POINT('',(-1.338877515938,-1.073631618248));
#772 = CARTESIAN_POINT('',(-1.433888544762,-1.092044135533));
#773 = CARTESIAN_POINT('',(-1.528840761563,-1.111033876718));
#774 = CARTESIAN_POINT('',(-1.623765661587,-1.130315113588));
#775 = CARTESIAN_POINT('',(-1.71869225143,-1.149633140208));
#776 = CARTESIAN_POINT('',(-1.813640568809,-1.168767863212));
#777 = CARTESIAN_POINT('',(-1.908626284146,-1.187538175366));
#778 = CARTESIAN_POINT('',(-2.003620963176,-1.205797281913));
#779 = CARTESIAN_POINT('',(-2.098785245239,-1.223476519114));
#780 = CARTESIAN_POINT('',(-2.194031378883,-1.240500998179));
#781 = CARTESIAN_POINT('',(-2.289330933858,-1.256848133571));
#782 = CARTESIAN_POINT('',(-2.384665933809,-1.272532696446));
#783 = CARTESIAN_POINT('',(-2.480032631487,-1.287601329224));
#784 = CARTESIAN_POINT('',(-2.575433446557,-1.302123609073));
#785 = CARTESIAN_POINT('',(-2.670873301793,-1.316183347669));
#786 = CARTESIAN_POINT('',(-2.766355079867,-1.329869354874));
#787 = CARTESIAN_POINT('',(-2.861875693693,-1.343266217968));
#788 = CARTESIAN_POINT('',(-2.957419211993,-1.356444896466));
#789 = CARTESIAN_POINT('',(-3.052956413016,-1.369454699706));
#790 = CARTESIAN_POINT('',(-3.148412040205,-1.382311982041));
#791 = CARTESIAN_POINT('',(-3.243907748333,-1.395026817824));
#792 = CARTESIAN_POINT('',(-3.339409748957,-1.407551160616));
#793 = CARTESIAN_POINT('',(-3.434925614837,-1.419803077126));
#794 = CARTESIAN_POINT('',(-3.530464012079,-1.431660471427));
#795 = CARTESIAN_POINT('',(-3.626040252549,-1.442962735197));
#796 = CARTESIAN_POINT('',(-3.72166419913,-1.453512302524));
#797 = CARTESIAN_POINT('',(-3.817354832186,-1.463080404538));
#798 = CARTESIAN_POINT('',(-3.913064004594,-1.4714081534));
#799 = CARTESIAN_POINT('',(-4.008946453952,-1.478235643657));
#800 = CARTESIAN_POINT('',(-4.104952081569,-1.48327434072));
#801 = CARTESIAN_POINT('',(-4.200996285278,-1.486242482994));
#802 = CARTESIAN_POINT('',(-4.297037322564,-1.486880649698));
#803 = CARTESIAN_POINT('',(-4.393042613462,-1.484960250591));
#804 = CARTESIAN_POINT('',(-4.488987669424,-1.480294099763));
#805 = CARTESIAN_POINT('',(-4.584847156341,-1.472746302932));
#806 = CARTESIAN_POINT('',(-4.680589940861,-1.462241375491));
#807 = CARTESIAN_POINT('',(-4.776166324853,-1.448774103574));
#808 = CARTESIAN_POINT('',(-4.871518148111,-1.432413005729));
#809 = CARTESIAN_POINT('',(-4.966495063224,-1.413323690019));
#810 = CARTESIAN_POINT('',(-5.061183885144,-1.391696833758));
#811 = CARTESIAN_POINT('',(-5.155596650418,-1.367792869011));
#812 = CARTESIAN_POINT('',(-5.249747934345,-1.341927087785));
#813 = CARTESIAN_POINT('',(-5.343671911357,-1.31445509577));
#814 = CARTESIAN_POINT('',(-5.437412807895,-1.285766399099));
#815 = CARTESIAN_POINT('',(-5.531022450837,-1.25627626384));
#816 = CARTESIAN_POINT('',(-5.624562076319,-1.226416047887));
#817 = CARTESIAN_POINT('',(-5.718120832525,-1.196619070797));
#818 = CARTESIAN_POINT('',(-5.81176188312,-1.167330209808));
#819 = CARTESIAN_POINT('',(-5.905548955116,-1.138989483537));
#820 = CARTESIAN_POINT('',(-5.999538254302,-1.112026822572));
#821 = CARTESIAN_POINT('',(-6.093777241386,-1.086852229956));
#822 = CARTESIAN_POINT('',(-6.188303722297,-1.063853156441));
#823 = CARTESIAN_POINT('',(-6.251522317276,-1.050195239089));
#824 = CARTESIAN_POINT('',(-6.28318530718,-1.043843510789));
#825 = ( GEOMETRIC_REPRESENTATION_CONTEXT(2) 
PARAMETRIC_REPRESENTATION_CONTEXT() REPRESENTATION_CONTEXT('2D SPACE',''
  ) );
#826 = ADVANCED_FACE('',(#827),#112,.F.);
#827 = FACE_BOUND('',#828,.F.);
#828 = EDGE_LOOP('',(#829,#830));
#829 = ORIENTED_EDGE('',*,*,#21,.T.);
#830 = ORIENTED_EDGE('',*,*,#831,.F.);
#831 = EDGE_CURVE('',#22,#24,#832,.T.);
#832 = SURFACE_CURVE('',#833,(#837,#844),.PCURVE_S1.);
#833 = LINE('',#834,#835);
#834 = CARTESIAN_POINT('',(-180.,0.,20.));
#835 = VECTOR('',#836,1.);
#836 = DIRECTION('',(0.,0.,1.));
#837 = PCURVE('',#112,#838);
#838 = DEFINITIONAL_REPRESENTATION('',(#839),#843);
#839 = LINE('',#840,#841);
#840 = CARTESIAN_POINT('',(94.,-1.754825291315E-14));
#841 = VECTOR('',#842,1.);
#842 = DIRECTION('',(-1.,2.156680655256E-16));
#843 = ( GEOMETRIC_REPRESENTATION_CONTEXT(2) 
PARAMETRIC_REPRESENTATION_CONTEXT() REPRESENTATION_CONTEXT('2D SPACE',''
  ) );
#844 = PCURVE('',#153,#845);
#845 = DEFINITIONAL_REPRESENTATION('',(#846),#850);
#846 = LINE('',#847,#848);
#847 = CARTESIAN_POINT('',(94.,120.));
#848 = VECTOR('',#849,1.);
#849 = DIRECTION('',(1.,0.));
#850 = ( GEOMETRIC_REPRESENTATION_CONTEXT(2) 
PARAMETRIC_REPRESENTATION_CONTEXT() REPRESENTATION_CONTEXT('2D SPACE',''
  ) );
#851 = ADVANCED_FACE('',(#852,#878),#153,.F.);
#852 = FACE_BOUND('',#853,.F.);
#853 = EDGE_LOOP('',(#854,#855,#856,#877));
#854 = ORIENTED_EDGE('',*,*,#831,.T.);
#855 = ORIENTED_EDGE('',*,*,#136,.T.);
#856 = ORIENTED_EDGE('',*,*,#857,.T.);
#857 = EDGE_CURVE('',#137,#167,#858,.T.);
#858 = SURFACE_CURVE('',#859,(#863,#870),.PCURVE_S1.);
#859 = LINE('',#860,#861);
#860 = CARTESIAN_POINT('',(-58.,0.,36.5));
#861 = VECTOR('',#862,1.);
#862 = DIRECTION('',(0.,0.,-1.));
#863 = PCURVE('',#153,#864);
#864 = DEFINITIONAL_REPRESENTATION('',(#865),#869);
#865 = LINE('',#866,#867);
#866 = CARTESIAN_POINT('',(110.5,242.));
#867 = VECTOR('',#868,1.);
#868 = DIRECTION('',(-1.,0.));
#869 = ( GEOMETRIC_REPRESENTATION_CONTEXT(2) 
PARAMETRIC_REPRESENTATION_CONTEXT() REPRESENTATION_CONTEXT('2D SPACE',''
  ) );
#870 = PCURVE('',#194,#871);
#871 = DEFINITIONAL_REPRESENTATION('',(#872),#876);
#872 = LINE('',#873,#874);
#873 = CARTESIAN_POINT('',(110.5,-5.170276424242E-14));
#874 = VECTOR('',#875,1.);
#875 = DIRECTION('',(1.,-6.224656875534E-16));
#876 = ( GEOMETRIC_REPRESENTATION_CONTEXT(2) 
PARAMETRIC_REPRESENTATION_CONTEXT() REPRESENTATION_CONTEXT('2D SPACE',''
  ) );
#877 = ORIENTED_EDGE('',*,*,#218,.F.);
#878 = FACE_BOUND('',#879,.F.);
#879 = EDGE_LOOP('',(#880,#968,#996,#1136));
#880 = ORIENTED_EDGE('',*,*,#881,.F.);
#881 = EDGE_CURVE('',#882,#884,#886,.T.);
#882 = VERTEX_POINT('',#883);
#883 = CARTESIAN_POINT('',(-178.,5.410516926417E-16,112.19471106298));
#884 = VERTEX_POINT('',#885);
#885 = CARTESIAN_POINT('',(-61.,4.228356048161E-15,145.1501096798));
#886 = SURFACE_CURVE('',#887,(#892,#900),.PCURVE_S1.);
#887 = ( BOUNDED_CURVE() B_SPLINE_CURVE(3,(#888,#889,#890,#891),
.UNSPECIFIED.,.F.,.F.) B_SPLINE_CURVE_WITH_KNOTS((4,4),(0.,1.),
.PIECEWISE_BEZIER_KNOTS.) CURVE() GEOMETRIC_REPRESENTATION_ITEM() 
RATIONAL_B_SPLINE_CURVE((1.,1.,1.,1.)) REPRESENTATION_ITEM('') );
#888 = CARTESIAN_POINT('',(-180.,3.971044878913E-16,112.));
#889 = CARTESIAN_POINT('',(-138.0415551699,3.182775435741E-15,
    115.62620572417));
#890 = CARTESIAN_POINT('',(-100.8371335987,2.060911854855E-14,
    147.95123005626));
#891 = CARTESIAN_POINT('',(-58.,3.051941748505E-15,145.));
#892 = PCURVE('',#153,#893);
#893 = DEFINITIONAL_REPRESENTATION('',(#894),#899);
#894 = ( BOUNDED_CURVE() B_SPLINE_CURVE(3,(#895,#896,#897,#898),
.UNSPECIFIED.,.F.,.F.) B_SPLINE_CURVE_WITH_KNOTS((4,4),(0.,1.),
.PIECEWISE_BEZIER_KNOTS.) CURVE() GEOMETRIC_REPRESENTATION_ITEM() 
RATIONAL_B_SPLINE_CURVE((1.,1.,1.,1.)) REPRESENTATION_ITEM('') );
#895 = CARTESIAN_POINT('',(186.,120.));
#896 = CARTESIAN_POINT('',(189.62620572417,161.95844483008));
#897 = CARTESIAN_POINT('',(221.95123005626,199.16286640127));
#898 = CARTESIAN_POINT('',(219.,242.));
#899 = ( GEOMETRIC_REPRESENTATION_CONTEXT(2) 
PARAMETRIC_REPRESENTATION_CONTEXT() REPRESENTATION_CONTEXT('2D SPACE',''
  ) );
#900 = PCURVE('',#901,#962);
#901 = ( BOUNDED_SURFACE() B_SPLINE_SURFACE(14,3,(
    (#902,#903,#904,#905)
    ,(#906,#907,#908,#909)
    ,(#910,#911,#912,#913)
    ,(#914,#915,#916,#917)
    ,(#918,#919,#920,#921)
    ,(#922,#923,#924,#925)
    ,(#926,#927,#928,#929)
    ,(#930,#931,#932,#933)
    ,(#934,#935,#936,#937)
    ,(#938,#939,#940,#941)
    ,(#942,#943,#944,#945)
    ,(#946,#947,#948,#949)
    ,(#950,#951,#952,#953)
    ,(#954,#955,#956,#957)
    ,(#958,#959,#960,#961
)),.UNSPECIFIED.,.T.,.F.,.F.) B_SPLINE_SURFACE_WITH_KNOTS((15,15),(4,4),
  (0.,1.),(0.,1.),.PIECEWISE_BEZIER_KNOTS.) 
GEOMETRIC_REPRESENTATION_ITEM() RATIONAL_B_SPLINE_SURFACE((
    (1.,1.,1.,1.)
    ,(1.,1.,1.,1.)
    ,(1.,1.,1.,1.)
    ,(1.,1.,1.,1.)
    ,(1.,1.,1.,1.)
    ,(1.,1.,1.,1.)
    ,(1.,1.,1.,1.)
    ,(1.,1.,1.,1.)
    ,(1.,1.,1.,1.)
    ,(1.,1.,1.,1.)
    ,(1.,1.,1.,1.)
    ,(1.,1.,1.,1.)
    ,(1.,1.,1.,1.)
    ,(1.,1.,1.,1.)
,(1.,1.,1.,1.))) REPRESENTATION_ITEM('') SURFACE() );
#902 = CARTESIAN_POINT('',(-180.,3.971044878913E-16,112.));
#903 = CARTESIAN_POINT('',(-138.0415551699,3.182775435741E-15,
    115.62620572417));
#904 = CARTESIAN_POINT('',(-100.8371335987,2.060911854855E-14,
    147.95123005626));
#905 = CARTESIAN_POINT('',(-58.,3.051941748505E-15,145.));
#906 = CARTESIAN_POINT('',(-180.,-0.673198425769,112.));
#907 = CARTESIAN_POINT('',(-138.0415551699,-2.484987219665,
    115.62620572417));
#908 = CARTESIAN_POINT('',(-100.8371335987,-6.526807331603,
    147.95123005626));
#909 = CARTESIAN_POINT('',(-58.,-6.731984257695,145.));
#910 = CARTESIAN_POINT('',(-180.,-1.346397100034,111.56616885457));
#911 = CARTESIAN_POINT('',(-138.0415551699,-4.969975356588,
    114.36290679336));
#912 = CARTESIAN_POINT('',(-100.8371335987,-13.05361707237,
    143.99867321497));
#913 = CARTESIAN_POINT('',(-58.,-13.46397100032,141.52937022078));
#914 = CARTESIAN_POINT('',(-180.,-1.849229019853,110.69853023939));
#915 = CARTESIAN_POINT('',(-138.0415551699,-6.826086194917,
    111.83628359849));
#916 = CARTESIAN_POINT('',(-100.8371335987,-17.92868352425,
    136.09356480465));
#917 = CARTESIAN_POINT('',(-58.,-18.49229019857,134.58810622561));
#918 = CARTESIAN_POINT('',(-180.,-2.011346393752,109.52671863536));
#919 = CARTESIAN_POINT('',(-138.0415551699,-7.424512434115,
    108.42428961654));
#920 = CARTESIAN_POINT('',(-100.8371335987,-19.50044724775,
    125.41801464389));
#921 = CARTESIAN_POINT('',(-58.,-20.11346393743,125.21423016408));
#922 = CARTESIAN_POINT('',(-180.,-1.723465291496,108.31058613099));
#923 = CARTESIAN_POINT('',(-138.0415551699,-6.361852700502,
    104.88216523181));
#924 = CARTESIAN_POINT('',(-100.8371335987,-16.70937641845,
    114.33627709982));
#925 = CARTESIAN_POINT('',(-58.,-17.23465291508,115.4835894337));
#926 = CARTESIAN_POINT('',(-180.,-0.998827867918,107.38169610108));
#927 = CARTESIAN_POINT('',(-138.0415551699,-3.686987953846,
    102.17864717901));
#928 = CARTESIAN_POINT('',(-100.8371335987,-9.683856648414,
    105.87639222077));
#929 = CARTESIAN_POINT('',(-58.,-9.988278679055,108.05533277326));
#930 = CARTESIAN_POINT('',(-180.,8.260059303211E-14,107.03260004076));
#931 = CARTESIAN_POINT('',(-138.0415551699,-7.806804050976E-11,
    101.16022702112));
#932 = CARTESIAN_POINT('',(-100.8371335987,-3.570400147337E-10,
    102.69167537866));
#933 = CARTESIAN_POINT('',(-58.,-9.736211836753E-11,105.25874236743));
#934 = CARTESIAN_POINT('',(-180.,0.998827867918,107.38169610108));
#935 = CARTESIAN_POINT('',(-138.0415551699,3.68698795399,102.17864717901
    ));
#936 = CARTESIAN_POINT('',(-100.8371335987,9.683856649067,
    105.87639222077));
#937 = CARTESIAN_POINT('',(-58.,9.988278679235,108.05533277327));
#938 = CARTESIAN_POINT('',(-180.,1.723465291496,108.31058613099));
#939 = CARTESIAN_POINT('',(-138.0415551699,6.361852700393,
    104.88216523181));
#940 = CARTESIAN_POINT('',(-100.8371335987,16.709376417961,
    114.33627709981));
#941 = CARTESIAN_POINT('',(-58.,17.234652914946,115.48358943369));
#942 = CARTESIAN_POINT('',(-180.,2.011346393752,109.52671863536));
#943 = CARTESIAN_POINT('',(-138.0415551699,7.424512434184,
    108.42428961654));
#944 = CARTESIAN_POINT('',(-100.8371335987,19.500447248066,
    125.41801464389));
#945 = CARTESIAN_POINT('',(-58.,20.11346393752,125.21423016408));
#946 = CARTESIAN_POINT('',(-180.,1.849229019852,110.69853023939));
#947 = CARTESIAN_POINT('',(-138.0415551699,6.826086194883,
    111.83628359848));
#948 = CARTESIAN_POINT('',(-100.8371335987,17.928683524106,
    136.09356480465));
#949 = CARTESIAN_POINT('',(-58.,18.492290198533,134.58810622561));
#950 = CARTESIAN_POINT('',(-180.,1.346397100034,111.56616885457));
#951 = CARTESIAN_POINT('',(-138.0415551699,4.969975356601,
    114.36290679336));
#952 = CARTESIAN_POINT('',(-100.8371335987,13.053617072427,
    143.99867321497));
#953 = CARTESIAN_POINT('',(-58.,13.463971000337,141.52937022078));
#954 = CARTESIAN_POINT('',(-180.,0.673198425769,112.));
#955 = CARTESIAN_POINT('',(-138.0415551699,2.484987219662,
    115.62620572417));
#956 = CARTESIAN_POINT('',(-100.8371335987,6.526807331591,
    147.95123005626));
#957 = CARTESIAN_POINT('',(-58.,6.731984257692,145.));
#958 = CARTESIAN_POINT('',(-180.,7.134687472955E-16,112.));
#959 = CARTESIAN_POINT('',(-138.0415551699,3.444870585193E-15,
    115.62620572417));
#960 = CARTESIAN_POINT('',(-100.8371335987,5.922502405817E-15,
    147.95123005626));
#961 = CARTESIAN_POINT('',(-58.,9.768298021352E-15,145.));
#962 = DEFINITIONAL_REPRESENTATION('',(#963),#967);
#963 = LINE('',#964,#965);
#964 = CARTESIAN_POINT('',(1.,0.));
#965 = VECTOR('',#966,1.);
#966 = DIRECTION('',(0.,1.));
#967 = ( GEOMETRIC_REPRESENTATION_CONTEXT(2) 
PARAMETRIC_REPRESENTATION_CONTEXT() REPRESENTATION_CONTEXT('2D SPACE',''
  ) );
#968 = ORIENTED_EDGE('',*,*,#969,.F.);
#969 = EDGE_CURVE('',#970,#882,#972,.T.);
#970 = VERTEX_POINT('',#971);
#971 = CARTESIAN_POINT('',(-178.,1.883415635246E-16,107.81666604233));
#972 = SURFACE_CURVE('',#973,(#977,#984),.PCURVE_S1.);
#973 = LINE('',#974,#975);
#974 = CARTESIAN_POINT('',(-178.,0.,-1.5));
#975 = VECTOR('',#976,1.);
#976 = DIRECTION('',(0.,0.,1.));
#977 = PCURVE('',#153,#978);
#978 = DEFINITIONAL_REPRESENTATION('',(#979),#983);
#979 = LINE('',#980,#981);
#980 = CARTESIAN_POINT('',(72.5,122.));
#981 = VECTOR('',#982,1.);
#982 = DIRECTION('',(1.,0.));
#983 = ( GEOMETRIC_REPRESENTATION_CONTEXT(2) 
PARAMETRIC_REPRESENTATION_CONTEXT() REPRESENTATION_CONTEXT('2D SPACE',''
  ) );
#984 = PCURVE('',#985,#990);
#985 = PLANE('',#986);
#986 = AXIS2_PLACEMENT_3D('',#987,#988,#989);
#987 = CARTESIAN_POINT('',(-178.,-50.,71.));
#988 = DIRECTION('',(1.,0.,0.));
#989 = DIRECTION('',(0.,0.,1.));
#990 = DEFINITIONAL_REPRESENTATION('',(#991),#995);
#991 = LINE('',#992,#993);
#992 = CARTESIAN_POINT('',(-72.5,-50.));
#993 = VECTOR('',#994,1.);
#994 = DIRECTION('',(1.,0.));
#995 = ( GEOMETRIC_REPRESENTATION_CONTEXT(2) 
PARAMETRIC_REPRESENTATION_CONTEXT() REPRESENTATION_CONTEXT('2D SPACE',''
  ) );
#996 = ORIENTED_EDGE('',*,*,#997,.T.);
#997 = EDGE_CURVE('',#970,#998,#1000,.T.);
#998 = VERTEX_POINT('',#999);
#999 = CARTESIAN_POINT('',(-61.,-2.807085327685E-15,112.8854719062));
#1000 = SURFACE_CURVE('',#1001,(#1044,#1090),.PCURVE_S1.);
#1001 = B_SPLINE_CURVE_WITH_KNOTS('',6,(#1002,#1003,#1004,#1005,#1006,
    #1007,#1008,#1009,#1010,#1011,#1012,#1013,#1014,#1015,#1016,#1017,
    #1018,#1019,#1020,#1021,#1022,#1023,#1024,#1025,#1026,#1027,#1028,
    #1029,#1030,#1031,#1032,#1033,#1034,#1035,#1036,#1037,#1038,#1039,
    #1040,#1041,#1042,#1043),.UNSPECIFIED.,.F.,.F.,(7,5,5,5,5,5,5,5,7),(
    0.,0.239752296058,0.471689556731,0.591587474489,0.632074086067,
    0.6657558547,0.694574088374,0.785652183716,1.),.UNSPECIFIED.);
#1002 = CARTESIAN_POINT('',(-178.0000752575,0.,107.81667280164));
#1003 = CARTESIAN_POINT('',(-173.3327746316,0.,107.40827117444));
#1004 = CARTESIAN_POINT('',(-168.6559915224,0.,107.10740378706));
#1005 = CARTESIAN_POINT('',(-163.9733995707,0.,106.90992015978));
#1006 = CARTESIAN_POINT('',(-159.2880095455,0.,106.80945612394));
#1007 = CARTESIAN_POINT('',(-154.6021663426,0.,106.79763408081));
#1008 = CARTESIAN_POINT('',(-145.3855970574,0.,106.92955587541));
#1009 = CARTESIAN_POINT('',(-140.8547662207,0.,107.06824138966));
#1010 = CARTESIAN_POINT('',(-136.3263375654,0.,107.27190771814));
#1011 = CARTESIAN_POINT('',(-131.8009489775,0.,107.53050980524));
#1012 = CARTESIAN_POINT('',(-127.2786047955,0.,107.83333795019));
#1013 = CARTESIAN_POINT('',(-120.4221806455,0.,108.3433693893));
#1014 = CARTESIAN_POINT('',(-118.0863243271,0.,108.52610031215));
#1015 = CARTESIAN_POINT('',(-115.7510597167,0.,108.71625676142));
#1016 = CARTESIAN_POINT('',(-113.4162918991,0.,108.91233033018));
#1017 = CARTESIAN_POINT('',(-111.081907333,0.,109.11281798913));
#1018 = CARTESIAN_POINT('',(-107.9595955153,0.,109.38492839412));
#1019 = CARTESIAN_POINT('',(-107.1714449648,0.,109.45395286009));
#1020 = CARTESIAN_POINT('',(-106.383318709,0.,109.52325459351));
#1021 = CARTESIAN_POINT('',(-105.5952118685,0.,109.5927768076));
#1022 = CARTESIAN_POINT('',(-104.8071195125,0.,109.66246303408));
#1023 = CARTESIAN_POINT('',(-103.3634119136,0.,109.79032047469));
#1024 = CARTESIAN_POINT('',(-102.7077937593,0.,109.84845848893));
#1025 = CARTESIAN_POINT('',(-102.0521793323,0.,109.90663884381));
#1026 = CARTESIAN_POINT('',(-101.3965657848,0.,109.96482941771));
#1027 = CARTESIAN_POINT('',(-100.7409502841,0.,110.02299828954));
#1028 = CARTESIAN_POINT('',(-99.52437912036,0.,110.13083751091));
#1029 = CARTESIAN_POINT('',(-98.96342474132,0.,110.18052217971));
#1030 = CARTESIAN_POINT('',(-98.40246511331,0.,110.2301478796));
#1031 = CARTESIAN_POINT('',(-97.84149849902,0.,110.27969487303));
#1032 = CARTESIAN_POINT('',(-97.28052318633,0.,110.32914355042));
#1033 = CARTESIAN_POINT('',(-94.94657980231,0.,110.53438136786));
#1034 = CARTESIAN_POINT('',(-93.1735189422,0.,110.68911168207));
#1035 = CARTESIAN_POINT('',(-91.40030062207,0.,110.84205061726));
#1036 = CARTESIAN_POINT('',(-89.6268757053,0.,110.99259703147));
#1037 = CARTESIAN_POINT('',(-87.85320043297,0.,111.14016605636));
#1038 = CARTESIAN_POINT('',(-81.90430017431,0.,111.62314915841));
#1039 = CARTESIAN_POINT('',(-77.72778219661,0.,111.94247963144));
#1040 = CARTESIAN_POINT('',(-73.54916468515,0.,112.2348076725));
#1041 = CARTESIAN_POINT('',(-69.36821787168,0.,112.49332382609));
#1042 = CARTESIAN_POINT('',(-65.18501218412,0.,112.71196257708));
#1043 = CARTESIAN_POINT('',(-60.99992335771,0.,112.88547520059));
#1044 = PCURVE('',#153,#1045);
#1045 = DEFINITIONAL_REPRESENTATION('',(#1046),#1089);
#1046 = B_SPLINE_CURVE_WITH_KNOTS('',6,(#1047,#1048,#1049,#1050,#1051,
    #1052,#1053,#1054,#1055,#1056,#1057,#1058,#1059,#1060,#1061,#1062,
    #1063,#1064,#1065,#1066,#1067,#1068,#1069,#1070,#1071,#1072,#1073,
    #1074,#1075,#1076,#1077,#1078,#1079,#1080,#1081,#1082,#1083,#1084,
    #1085,#1086,#1087,#1088),.UNSPECIFIED.,.F.,.F.,(7,5,5,5,5,5,5,5,7),(
    0.,0.239752296058,0.471689556731,0.591587474489,0.632074086067,
    0.6657558547,0.694574088374,0.785652183716,1.),.UNSPECIFIED.);
#1047 = CARTESIAN_POINT('',(181.81667280164,121.99992474247));
#1048 = CARTESIAN_POINT('',(181.40827117444,126.66722536837));
#1049 = CARTESIAN_POINT('',(181.10740378706,131.34400847758));
#1050 = CARTESIAN_POINT('',(180.90992015978,136.02660042928));
#1051 = CARTESIAN_POINT('',(180.80945612394,140.71199045446));
#1052 = CARTESIAN_POINT('',(180.79763408081,145.3978336573));
#1053 = CARTESIAN_POINT('',(180.92955587541,154.61440294251));
#1054 = CARTESIAN_POINT('',(181.06824138966,159.14523377926));
#1055 = CARTESIAN_POINT('',(181.27190771814,163.6736624345));
#1056 = CARTESIAN_POINT('',(181.53050980524,168.19905102249));
#1057 = CARTESIAN_POINT('',(181.83333795019,172.72139520444));
#1058 = CARTESIAN_POINT('',(182.3433693893,179.57781935448));
#1059 = CARTESIAN_POINT('',(182.52610031215,181.9136756728));
#1060 = CARTESIAN_POINT('',(182.71625676142,184.24894028323));
#1061 = CARTESIAN_POINT('',(182.91233033018,186.58370810082));
#1062 = CARTESIAN_POINT('',(183.11281798913,188.91809266694));
#1063 = CARTESIAN_POINT('',(183.38492839412,192.04040448465));
#1064 = CARTESIAN_POINT('',(183.45395286009,192.8285550351));
#1065 = CARTESIAN_POINT('',(183.52325459351,193.61668129097));
#1066 = CARTESIAN_POINT('',(183.5927768076,194.40478813143));
#1067 = CARTESIAN_POINT('',(183.66246303408,195.19288048748));
#1068 = CARTESIAN_POINT('',(183.79032047469,196.63658808633));
#1069 = CARTESIAN_POINT('',(183.84845848893,197.29220624061));
#1070 = CARTESIAN_POINT('',(183.90663884381,197.94782066764));
#1071 = CARTESIAN_POINT('',(183.96482941771,198.60343421517));
#1072 = CARTESIAN_POINT('',(184.02299828954,199.25904971581));
#1073 = CARTESIAN_POINT('',(184.13083751091,200.47562087964));
#1074 = CARTESIAN_POINT('',(184.18052217971,201.03657525867));
#1075 = CARTESIAN_POINT('',(184.2301478796,201.59753488668));
#1076 = CARTESIAN_POINT('',(184.27969487303,202.15850150097));
#1077 = CARTESIAN_POINT('',(184.32914355042,202.71947681366));
#1078 = CARTESIAN_POINT('',(184.53438136786,205.05342019768));
#1079 = CARTESIAN_POINT('',(184.68911168207,206.82648105779));
#1080 = CARTESIAN_POINT('',(184.84205061726,208.59969937793));
#1081 = CARTESIAN_POINT('',(184.99259703147,210.37312429469));
#1082 = CARTESIAN_POINT('',(185.14016605636,212.14679956702));
#1083 = CARTESIAN_POINT('',(185.62314915841,218.09569982568));
#1084 = CARTESIAN_POINT('',(185.94247963144,222.27221780339));
#1085 = CARTESIAN_POINT('',(186.2348076725,226.45083531484));
#1086 = CARTESIAN_POINT('',(186.49332382609,230.63178212831));
#1087 = CARTESIAN_POINT('',(186.71196257708,234.81498781587));
#1088 = CARTESIAN_POINT('',(186.88547520059,239.00007664228));
#1089 = ( GEOMETRIC_REPRESENTATION_CONTEXT(2) 
PARAMETRIC_REPRESENTATION_CONTEXT() REPRESENTATION_CONTEXT('2D SPACE',''
  ) );
#1090 = PCURVE('',#901,#1091);
#1091 = DEFINITIONAL_REPRESENTATION('',(#1092),#1135);
#1092 = B_SPLINE_CURVE_WITH_KNOTS('',6,(#1093,#1094,#1095,#1096,#1097,
    #1098,#1099,#1100,#1101,#1102,#1103,#1104,#1105,#1106,#1107,#1108,
    #1109,#1110,#1111,#1112,#1113,#1114,#1115,#1116,#1117,#1118,#1119,
    #1120,#1121,#1122,#1123,#1124,#1125,#1126,#1127,#1128,#1129,#1130,
    #1131,#1132,#1133,#1134),.UNSPECIFIED.,.F.,.F.,(7,5,5,5,5,5,5,5,7),(
    0.,0.239752296058,0.471689556731,0.591587474489,0.632074086067,
    0.6657558547,0.694574088374,0.785652183716,1.),.UNSPECIFIED.);
#1093 = CARTESIAN_POINT('',(0.5,1.591650941288E-02));
#1094 = CARTESIAN_POINT('',(0.5,5.312714093057E-02));
#1095 = CARTESIAN_POINT('',(0.5,9.077809021887E-02));
#1096 = CARTESIAN_POINT('',(0.5,0.128810180053));
#1097 = CARTESIAN_POINT('',(0.5,0.167160490387));
#1098 = CARTESIAN_POINT('',(0.5,0.205763774079));
#1099 = CARTESIAN_POINT('',(0.5,0.282083122301));
#1100 = CARTESIAN_POINT('',(0.5,0.31978731959));
#1101 = CARTESIAN_POINT('',(0.5,0.357611690702));
#1102 = CARTESIAN_POINT('',(0.5,0.395501006998));
#1103 = CARTESIAN_POINT('',(0.5,0.433403592844));
#1104 = CARTESIAN_POINT('',(0.5,0.490850046879));
#1105 = CARTESIAN_POINT('',(0.5,0.510417727618));
#1106 = CARTESIAN_POINT('',(0.5,0.529970144773));
#1107 = CARTESIAN_POINT('',(0.5,0.549501089074));
#1108 = CARTESIAN_POINT('',(0.5,0.569004618496));
#1109 = CARTESIAN_POINT('',(0.5,0.595049829069));
#1110 = CARTESIAN_POINT('',(0.5,0.60162077321));
#1111 = CARTESIAN_POINT('',(0.5,0.608187729785));
#1112 = CARTESIAN_POINT('',(0.5,0.614750483539));
#1113 = CARTESIAN_POINT('',(0.5,0.621308822205));
#1114 = CARTESIAN_POINT('',(0.5,0.633314726256));
#1115 = CARTESIAN_POINT('',(0.5,0.638763715433));
#1116 = CARTESIAN_POINT('',(0.5,0.64420938352));
#1117 = CARTESIAN_POINT('',(0.5,0.649651611317));
#1118 = CARTESIAN_POINT('',(0.5,0.655090280931));
#1119 = CARTESIAN_POINT('',(0.5,0.665175475522));
#1120 = CARTESIAN_POINT('',(0.5,0.669822985099));
#1121 = CARTESIAN_POINT('',(0.5,0.674467731489));
#1122 = CARTESIAN_POINT('',(0.5,0.679109642318));
#1123 = CARTESIAN_POINT('',(0.5,0.683748645863));
#1124 = CARTESIAN_POINT('',(0.5,0.703036517829));
#1125 = CARTESIAN_POINT('',(0.5,0.717658611307));
#1126 = CARTESIAN_POINT('',(0.5,0.732248717026));
#1127 = CARTESIAN_POINT('',(0.5,0.746804648217));
#1128 = CARTESIAN_POINT('',(0.5,0.761324274748));
#1129 = CARTESIAN_POINT('',(0.5,0.809886458673));
#1130 = CARTESIAN_POINT('',(0.5,0.843754733779));
#1131 = CARTESIAN_POINT('',(0.5,0.877383615023));
#1132 = CARTESIAN_POINT('',(0.5,0.910747392469));
#1133 = CARTESIAN_POINT('',(0.5,0.943822026693));
#1134 = CARTESIAN_POINT('',(0.5,0.976585311754));
#1135 = ( GEOMETRIC_REPRESENTATION_CONTEXT(2) 
PARAMETRIC_REPRESENTATION_CONTEXT() REPRESENTATION_CONTEXT('2D SPACE',''
  ) );
#1136 = ORIENTED_EDGE('',*,*,#1137,.T.);
#1137 = EDGE_CURVE('',#998,#884,#1138,.T.);
#1138 = SURFACE_CURVE('',#1139,(#1143,#1150),.PCURVE_S1.);
#1139 = LINE('',#1140,#1141);
#1140 = CARTESIAN_POINT('',(-61.,0.,-1.5));
#1141 = VECTOR('',#1142,1.);
#1142 = DIRECTION('',(0.,0.,1.));
#1143 = PCURVE('',#153,#1144);
#1144 = DEFINITIONAL_REPRESENTATION('',(#1145),#1149);
#1145 = LINE('',#1146,#1147);
#1146 = CARTESIAN_POINT('',(72.5,239.));
#1147 = VECTOR('',#1148,1.);
#1148 = DIRECTION('',(1.,0.));
#1149 = ( GEOMETRIC_REPRESENTATION_CONTEXT(2) 
PARAMETRIC_REPRESENTATION_CONTEXT() REPRESENTATION_CONTEXT('2D SPACE',''
  ) );
#1150 = PCURVE('',#1151,#1156);
#1151 = PLANE('',#1152);
#1152 = AXIS2_PLACEMENT_3D('',#1153,#1154,#1155);
#1153 = CARTESIAN_POINT('',(-61.,-50.,71.));
#1154 = DIRECTION('',(1.,0.,0.));
#1155 = DIRECTION('',(0.,0.,1.));
#1156 = DEFINITIONAL_REPRESENTATION('',(#1157),#1161);
#1157 = LINE('',#1158,#1159);
#1158 = CARTESIAN_POINT('',(-72.5,-50.));
#1159 = VECTOR('',#1160,1.);
#1160 = DIRECTION('',(1.,0.));
#1161 = ( GEOMETRIC_REPRESENTATION_CONTEXT(2) 
PARAMETRIC_REPRESENTATION_CONTEXT() REPRESENTATION_CONTEXT('2D SPACE',''
  ) );
#1162 = ADVANCED_FACE('',(#1163,#1167),#194,.F.);
#1163 = FACE_BOUND('',#1164,.F.);
#1164 = EDGE_LOOP('',(#1165,#1166));
#1165 = ORIENTED_EDGE('',*,*,#857,.F.);
#1166 = ORIENTED_EDGE('',*,*,#166,.F.);
#1167 = FACE_BOUND('',#1168,.F.);
#1168 = EDGE_LOOP('',(#1169));
#1169 = ORIENTED_EDGE('',*,*,#1170,.F.);
#1170 = EDGE_CURVE('',#1171,#1171,#1173,.T.);
#1171 = VERTEX_POINT('',#1172);
#1172 = CARTESIAN_POINT('',(-58.,9.7,129.));
#1173 = SURFACE_CURVE('',#1174,(#1179,#1186),.PCURVE_S1.);
#1174 = CIRCLE('',#1175,1.7);
#1175 = AXIS2_PLACEMENT_3D('',#1176,#1177,#1178);
#1176 = CARTESIAN_POINT('',(-58.,8.,129.));
#1177 = DIRECTION('',(-1.,0.,0.));
#1178 = DIRECTION('',(0.,1.,0.));
#1179 = PCURVE('',#194,#1180);
#1180 = DEFINITIONAL_REPRESENTATION('',(#1181),#1185);
#1181 = CIRCLE('',#1182,1.7);
#1182 = AXIS2_PLACEMENT_2D('',#1183,#1184);
#1183 = CARTESIAN_POINT('',(18.,-8.));
#1184 = DIRECTION('',(-6.224656875534E-16,-1.));
#1185 = ( GEOMETRIC_REPRESENTATION_CONTEXT(2) 
PARAMETRIC_REPRESENTATION_CONTEXT() REPRESENTATION_CONTEXT('2D SPACE',''
  ) );
#1186 = PCURVE('',#1187,#1192);
#1187 = CYLINDRICAL_SURFACE('',#1188,1.7);
#1188 = AXIS2_PLACEMENT_3D('',#1189,#1190,#1191);
#1189 = CARTESIAN_POINT('',(-63.,8.,129.));
#1190 = DIRECTION('',(-1.,-0.,-0.));
#1191 = DIRECTION('',(0.,1.,0.));
#1192 = DEFINITIONAL_REPRESENTATION('',(#1193),#1197);
#1193 = LINE('',#1194,#1195);
#1194 = CARTESIAN_POINT('',(-6.28318530718,-5.));
#1195 = VECTOR('',#1196,1.);
#1196 = DIRECTION('',(1.,-0.));
#1197 = ( GEOMETRIC_REPRESENTATION_CONTEXT(2) 
PARAMETRIC_REPRESENTATION_CONTEXT() REPRESENTATION_CONTEXT('2D SPACE',''
  ) );
#1198 = ADVANCED_FACE('',(#1199),#517,.F.);
#1199 = FACE_BOUND('',#1200,.T.);
#1200 = EDGE_LOOP('',(#1201,#1224,#1225,#1226));
#1201 = ORIENTED_EDGE('',*,*,#1202,.F.);
#1202 = EDGE_CURVE('',#359,#1203,#1205,.T.);
#1203 = VERTEX_POINT('',#1204);
#1204 = CARTESIAN_POINT('',(-144.3,0.,113.));
#1205 = SEAM_CURVE('',#1206,(#1210,#1217),.PCURVE_S1.);
#1206 = LINE('',#1207,#1208);
#1207 = CARTESIAN_POINT('',(-144.3,9.,113.));
#1208 = VECTOR('',#1209,1.);
#1209 = DIRECTION('',(0.,-1.,0.));
#1210 = PCURVE('',#517,#1211);
#1211 = DEFINITIONAL_REPRESENTATION('',(#1212),#1216);
#1212 = LINE('',#1213,#1214);
#1213 = CARTESIAN_POINT('',(-6.28318530718,0.));
#1214 = VECTOR('',#1215,1.);
#1215 = DIRECTION('',(-0.,-1.));
#1216 = ( GEOMETRIC_REPRESENTATION_CONTEXT(2) 
PARAMETRIC_REPRESENTATION_CONTEXT() REPRESENTATION_CONTEXT('2D SPACE',''
  ) );
#1217 = PCURVE('',#517,#1218);
#1218 = DEFINITIONAL_REPRESENTATION('',(#1219),#1223);
#1219 = LINE('',#1220,#1221);
#1220 = CARTESIAN_POINT('',(-0.,0.));
#1221 = VECTOR('',#1222,1.);
#1222 = DIRECTION('',(-0.,-1.));
#1223 = ( GEOMETRIC_REPRESENTATION_CONTEXT(2) 
PARAMETRIC_REPRESENTATION_CONTEXT() REPRESENTATION_CONTEXT('2D SPACE',''
  ) );
#1224 = ORIENTED_EDGE('',*,*,#358,.F.);
#1225 = ORIENTED_EDGE('',*,*,#1202,.T.);
#1226 = ORIENTED_EDGE('',*,*,#1227,.F.);
#1227 = EDGE_CURVE('',#1203,#1203,#1228,.T.);
#1228 = SURFACE_CURVE('',#1229,(#1234,#1241),.PCURVE_S1.);
#1229 = CIRCLE('',#1230,1.7);
#1230 = AXIS2_PLACEMENT_3D('',#1231,#1232,#1233);
#1231 = CARTESIAN_POINT('',(-146.,0.,113.));
#1232 = DIRECTION('',(-0.,1.,0.));
#1233 = DIRECTION('',(1.,0.,0.));
#1234 = PCURVE('',#517,#1235);
#1235 = DEFINITIONAL_REPRESENTATION('',(#1236),#1240);
#1236 = LINE('',#1237,#1238);
#1237 = CARTESIAN_POINT('',(-6.28318530718,-9.));
#1238 = VECTOR('',#1239,1.);
#1239 = DIRECTION('',(1.,-0.));
#1240 = ( GEOMETRIC_REPRESENTATION_CONTEXT(2) 
PARAMETRIC_REPRESENTATION_CONTEXT() REPRESENTATION_CONTEXT('2D SPACE',''
  ) );
#1241 = PCURVE('',#1242,#1247);
#1242 = PLANE('',#1243);
#1243 = AXIS2_PLACEMENT_3D('',#1244,#1245,#1246);
#1244 = CARTESIAN_POINT('',(-300.,0.,-74.));
#1245 = DIRECTION('',(0.,1.,0.));
#1246 = DIRECTION('',(0.,0.,1.));
#1247 = DEFINITIONAL_REPRESENTATION('',(#1248),#1252);
#1248 = CIRCLE('',#1249,1.7);
#1249 = AXIS2_PLACEMENT_2D('',#1250,#1251);
#1250 = CARTESIAN_POINT('',(187.,154.));
#1251 = DIRECTION('',(0.,1.));
#1252 = ( GEOMETRIC_REPRESENTATION_CONTEXT(2) 
PARAMETRIC_REPRESENTATION_CONTEXT() REPRESENTATION_CONTEXT('2D SPACE',''
  ) );
#1253 = ADVANCED_FACE('',(#1254),#749,.F.);
#1254 = FACE_BOUND('',#1255,.T.);
#1255 = EDGE_LOOP('',(#1256,#1279,#1280,#1281));
#1256 = ORIENTED_EDGE('',*,*,#1257,.F.);
#1257 = EDGE_CURVE('',#620,#1258,#1260,.T.);
#1258 = VERTEX_POINT('',#1259);
#1259 = CARTESIAN_POINT('',(-100.3,0.,122.));
#1260 = SEAM_CURVE('',#1261,(#1265,#1272),.PCURVE_S1.);
#1261 = LINE('',#1262,#1263);
#1262 = CARTESIAN_POINT('',(-100.3,15.,122.));
#1263 = VECTOR('',#1264,1.);
#1264 = DIRECTION('',(0.,-1.,0.));
#1265 = PCURVE('',#749,#1266);
#1266 = DEFINITIONAL_REPRESENTATION('',(#1267),#1271);
#1267 = LINE('',#1268,#1269);
#1268 = CARTESIAN_POINT('',(-6.28318530718,0.));
#1269 = VECTOR('',#1270,1.);
#1270 = DIRECTION('',(-0.,-1.));
#1271 = ( GEOMETRIC_REPRESENTATION_CONTEXT(2) 
PARAMETRIC_REPRESENTATION_CONTEXT() REPRESENTATION_CONTEXT('2D SPACE',''
  ) );
#1272 = PCURVE('',#749,#1273);
#1273 = DEFINITIONAL_REPRESENTATION('',(#1274),#1278);
#1274 = LINE('',#1275,#1276);
#1275 = CARTESIAN_POINT('',(-0.,0.));
#1276 = VECTOR('',#1277,1.);
#1277 = DIRECTION('',(-0.,-1.));
#1278 = ( GEOMETRIC_REPRESENTATION_CONTEXT(2) 
PARAMETRIC_REPRESENTATION_CONTEXT() REPRESENTATION_CONTEXT('2D SPACE',''
  ) );
#1279 = ORIENTED_EDGE('',*,*,#619,.F.);
#1280 = ORIENTED_EDGE('',*,*,#1257,.T.);
#1281 = ORIENTED_EDGE('',*,*,#1282,.F.);
#1282 = EDGE_CURVE('',#1258,#1258,#1283,.T.);
#1283 = SURFACE_CURVE('',#1284,(#1289,#1296),.PCURVE_S1.);
#1284 = CIRCLE('',#1285,1.7);
#1285 = AXIS2_PLACEMENT_3D('',#1286,#1287,#1288);
#1286 = CARTESIAN_POINT('',(-102.,0.,122.));
#1287 = DIRECTION('',(-0.,1.,0.));
#1288 = DIRECTION('',(1.,0.,0.));
#1289 = PCURVE('',#749,#1290);
#1290 = DEFINITIONAL_REPRESENTATION('',(#1291),#1295);
#1291 = LINE('',#1292,#1293);
#1292 = CARTESIAN_POINT('',(-6.28318530718,-15.));
#1293 = VECTOR('',#1294,1.);
#1294 = DIRECTION('',(1.,-0.));
#1295 = ( GEOMETRIC_REPRESENTATION_CONTEXT(2) 
PARAMETRIC_REPRESENTATION_CONTEXT() REPRESENTATION_CONTEXT('2D SPACE',''
  ) );
#1296 = PCURVE('',#1297,#1302);
#1297 = PLANE('',#1298);
#1298 = AXIS2_PLACEMENT_3D('',#1299,#1300,#1301);
#1299 = CARTESIAN_POINT('',(-300.,0.,-74.));
#1300 = DIRECTION('',(0.,1.,0.));
#1301 = DIRECTION('',(0.,0.,1.));
#1302 = DEFINITIONAL_REPRESENTATION('',(#1303),#1307);
#1303 = CIRCLE('',#1304,1.7);
#1304 = AXIS2_PLACEMENT_2D('',#1305,#1306);
#1305 = CARTESIAN_POINT('',(196.,198.));
#1306 = DIRECTION('',(0.,1.));
#1307 = ( GEOMETRIC_REPRESENTATION_CONTEXT(2) 
PARAMETRIC_REPRESENTATION_CONTEXT() REPRESENTATION_CONTEXT('2D SPACE',''
  ) );
#1308 = ADVANCED_FACE('',(#1309,#2189,#2638),#901,.F.);
#1309 = FACE_BOUND('',#1310,.F.);
#1310 = EDGE_LOOP('',(#1311,#1719,#1720,#2188));
#1311 = ORIENTED_EDGE('',*,*,#1312,.F.);
#1312 = EDGE_CURVE('',#882,#970,#1313,.T.);
#1313 = SURFACE_CURVE('',#1314,(#1447,#1583),.PCURVE_S1.);
#1314 = B_SPLINE_CURVE_WITH_KNOTS('',6,(#1315,#1316,#1317,#1318,#1319,
    #1320,#1321,#1322,#1323,#1324,#1325,#1326,#1327,#1328,#1329,#1330,
    #1331,#1332,#1333,#1334,#1335,#1336,#1337,#1338,#1339,#1340,#1341,
    #1342,#1343,#1344,#1345,#1346,#1347,#1348,#1349,#1350,#1351,#1352,
    #1353,#1354,#1355,#1356,#1357,#1358,#1359,#1360,#1361,#1362,#1363,
    #1364,#1365,#1366,#1367,#1368,#1369,#1370,#1371,#1372,#1373,#1374,
    #1375,#1376,#1377,#1378,#1379,#1380,#1381,#1382,#1383,#1384,#1385,
    #1386,#1387,#1388,#1389,#1390,#1391,#1392,#1393,#1394,#1395,#1396,
    #1397,#1398,#1399,#1400,#1401,#1402,#1403,#1404,#1405,#1406,#1407,
    #1408,#1409,#1410,#1411,#1412,#1413,#1414,#1415,#1416,#1417,#1418,
    #1419,#1420,#1421,#1422,#1423,#1424,#1425,#1426,#1427,#1428,#1429,
    #1430,#1431,#1432,#1433,#1434,#1435,#1436,#1437,#1438,#1439,#1440,
    #1441,#1442,#1443,#1444,#1445,#1446),.UNSPECIFIED.,.T.,.F.,(7,5,5,5,
    5,5,5,5,5,5,5,5,5,5,5,5,5,5,5,5,5,5,5,5,5,5,7),(0.,
    5.574366686344E-02,9.043208973678E-02,0.13336086337,0.164936642866,
    0.188794421848,0.249996025497,0.311197631997,0.335055412036,
    0.366631191213,0.409559963149,0.444248387384,0.462269685405,0.5,
    0.537730314596,0.555751612617,0.590440036851,0.633368808788,
    0.664944587964,0.688802368004,0.750003974503,0.811205578152,
    0.835063357134,0.86663913663,0.909567910263,0.944256333136,1.),
  .UNSPECIFIED.);
#1315 = CARTESIAN_POINT('',(-178.,2.13162820728E-14,112.19471106298));
#1316 = CARTESIAN_POINT('',(-178.,0.113741568954,112.19471121069));
#1317 = CARTESIAN_POINT('',(-178.,0.227569970499,112.18290252966));
#1318 = CARTESIAN_POINT('',(-178.,0.339749278645,112.15925631221));
#1319 = CARTESIAN_POINT('',(-178.,0.448914946729,112.12444767669));
#1320 = CARTESIAN_POINT('',(-178.,0.553985083915,112.07944602697));
#1321 = CARTESIAN_POINT('',(-178.,0.716465717429,111.99183276013));
#1322 = CARTESIAN_POINT('',(-178.,0.776909989208,111.95472597806));
#1323 = CARTESIAN_POINT('',(-178.,0.83530125781,111.9143864324));
#1324 = CARTESIAN_POINT('',(-178.,0.891521078082,111.87108756596));
#1325 = CARTESIAN_POINT('',(-178.,0.945493431263,111.82509381796));
#1326 = CARTESIAN_POINT('',(-178.,1.061130345176,111.71668718438));
#1327 = CARTESIAN_POINT('',(-178.,1.121571642762,111.65297429057));
#1328 = CARTESIAN_POINT('',(-178.,1.178419834509,111.58595870565));
#1329 = CARTESIAN_POINT('',(-178.,1.231649429466,111.51605537695));
#1330 = CARTESIAN_POINT('',(-178.,1.281271887625,111.44362964261));
#1331 = CARTESIAN_POINT('',(-178.,1.361191149594,111.31408100302));
#1332 = CARTESIAN_POINT('',(-178.,1.39312601985,111.25797968106));
#1333 = CARTESIAN_POINT('',(-178.,1.423137891032,111.20080480961));
#1334 = CARTESIAN_POINT('',(-178.,1.451241239798,111.14266935347));
#1335 = CARTESIAN_POINT('',(-178.,1.477452220299,111.08367551767));
#1336 = CARTESIAN_POINT('',(-178.,1.520176512437,110.97876121998));
#1337 = CARTESIAN_POINT('',(-178.,1.537493767492,110.933170369));
#1338 = CARTESIAN_POINT('',(-178.,1.553747732628,110.88718192567));
#1339 = CARTESIAN_POINT('',(-178.,1.568945354641,110.84083329816));
#1340 = CARTESIAN_POINT('',(-178.,1.583093223836,110.79415957161));
#1341 = CARTESIAN_POINT('',(-178.,1.629814515042,110.62670938538));
#1342 = CARTESIAN_POINT('',(-178.,1.656561382456,110.50431463588));
#1343 = CARTESIAN_POINT('',(-178.,1.676547014973,110.38054044452));
#1344 = CARTESIAN_POINT('',(-178.,1.689844787158,110.25588036774));
#1345 = CARTESIAN_POINT('',(-178.,1.696492609442,110.13079033358));
#1346 = CARTESIAN_POINT('',(-178.,1.696492609547,109.88058694399));
#1347 = CARTESIAN_POINT('',(-178.,1.689844786644,109.75549690408));
#1348 = CARTESIAN_POINT('',(-178.,1.676547013961,109.63083682152));
#1349 = CARTESIAN_POINT('',(-178.,1.656561381452,109.50706262428));
#1350 = CARTESIAN_POINT('',(-178.,1.629814514477,109.38466786878));
#1351 = CARTESIAN_POINT('',(-178.,1.583093223753,109.21721767408));
#1352 = CARTESIAN_POINT('',(-178.,1.568945354687,109.17054394521));
#1353 = CARTESIAN_POINT('',(-178.,1.553747732747,109.12419531539));
#1354 = CARTESIAN_POINT('',(-178.,1.537493767579,109.07820686976));
#1355 = CARTESIAN_POINT('',(-178.,1.52017651234,109.03261601652));
#1356 = CARTESIAN_POINT('',(-178.,1.477452220618,108.92770171702));
#1357 = CARTESIAN_POINT('',(-178.,1.451241240784,108.86870788161));
#1358 = CARTESIAN_POINT('',(-178.,1.423137892405,108.810572426));
#1359 = CARTESIAN_POINT('',(-178.,1.393126021247,108.75339755526));
#1360 = CARTESIAN_POINT('',(-178.,1.361191150621,108.69729623425));
#1361 = CARTESIAN_POINT('',(-178.,1.281271888264,108.56774759979));
#1362 = CARTESIAN_POINT('',(-178.,1.231649429991,108.49532186963));
#1363 = CARTESIAN_POINT('',(-178.,1.178419834585,108.42541854564));
#1364 = CARTESIAN_POINT('',(-178.,1.121571642564,108.35840296558));
#1365 = CARTESIAN_POINT('',(-178.,1.061130345567,108.29469007609));
#1366 = CARTESIAN_POINT('',(-178.,0.945493431396,108.1862834438));
#1367 = CARTESIAN_POINT('',(-178.,0.891521076497,108.14028969372));
#1368 = CARTESIAN_POINT('',(-178.,0.835301255295,108.09699082413));
#1369 = CARTESIAN_POINT('',(-178.,0.776909986658,108.05665127378));
#1370 = CARTESIAN_POINT('',(-178.,0.716465715475,108.01954448561));
#1371 = CARTESIAN_POINT('',(-178.,0.621761369592,107.9684777709));
#1372 = CARTESIAN_POINT('',(-178.,0.588874718125,107.95196243106));
#1373 = CARTESIAN_POINT('',(-178.,0.555504714807,107.9364292643));
#1374 = CARTESIAN_POINT('',(-178.,0.521679593899,107.92191447251));
#1375 = CARTESIAN_POINT('',(-178.,0.487431669549,107.90845246983));
#1376 = CARTESIAN_POINT('',(-178.,0.380285050145,107.87016323454));
#1377 = CARTESIAN_POINT('',(-178.,0.306066744313,107.84900338698));
#1378 = CARTESIAN_POINT('',(-178.,0.23050063807,107.8328982139));
#1379 = CARTESIAN_POINT('',(-178.,0.153990117962,107.82207646902));
#1380 = CARTESIAN_POINT('',(-178.,7.698786794222E-02,107.81666604233));
#1381 = CARTESIAN_POINT('',(-178.,-7.698786794223E-02,107.81666604233));
#1382 = CARTESIAN_POINT('',(-178.,-0.153990117962,107.82207646902));
#1383 = CARTESIAN_POINT('',(-178.,-0.23050063807,107.8328982139));
#1384 = CARTESIAN_POINT('',(-178.,-0.306066744313,107.84900338699));
#1385 = CARTESIAN_POINT('',(-178.,-0.380285050145,107.87016323454));
#1386 = CARTESIAN_POINT('',(-178.,-0.487431669549,107.90845246983));
#1387 = CARTESIAN_POINT('',(-178.,-0.521679593899,107.92191447251));
#1388 = CARTESIAN_POINT('',(-178.,-0.555504714807,107.9364292643));
#1389 = CARTESIAN_POINT('',(-178.,-0.588874718125,107.95196243106));
#1390 = CARTESIAN_POINT('',(-178.,-0.621761369592,107.9684777709));
#1391 = CARTESIAN_POINT('',(-178.,-0.716465715475,108.01954448561));
#1392 = CARTESIAN_POINT('',(-178.,-0.776909986658,108.05665127378));
#1393 = CARTESIAN_POINT('',(-178.,-0.835301255295,108.09699082413));
#1394 = CARTESIAN_POINT('',(-178.,-0.891521076497,108.14028969372));
#1395 = CARTESIAN_POINT('',(-178.,-0.945493431396,108.1862834438));
#1396 = CARTESIAN_POINT('',(-178.,-1.061130345567,108.29469007609));
#1397 = CARTESIAN_POINT('',(-178.,-1.121571642564,108.35840296558));
#1398 = CARTESIAN_POINT('',(-178.,-1.178419834585,108.42541854564));
#1399 = CARTESIAN_POINT('',(-178.,-1.231649429991,108.49532186963));
#1400 = CARTESIAN_POINT('',(-178.,-1.281271888264,108.56774759979));
#1401 = CARTESIAN_POINT('',(-178.,-1.361191150621,108.69729623425));
#1402 = CARTESIAN_POINT('',(-178.,-1.393126021247,108.75339755526));
#1403 = CARTESIAN_POINT('',(-178.,-1.423137892405,108.810572426));
#1404 = CARTESIAN_POINT('',(-178.,-1.451241240784,108.86870788161));
#1405 = CARTESIAN_POINT('',(-178.,-1.477452220618,108.92770171702));
#1406 = CARTESIAN_POINT('',(-178.,-1.52017651234,109.03261601652));
#1407 = CARTESIAN_POINT('',(-178.,-1.537493767579,109.07820686976));
#1408 = CARTESIAN_POINT('',(-178.,-1.553747732747,109.12419531539));
#1409 = CARTESIAN_POINT('',(-178.,-1.568945354687,109.17054394522));
#1410 = CARTESIAN_POINT('',(-178.,-1.583093223753,109.21721767408));
#1411 = CARTESIAN_POINT('',(-178.,-1.629814514477,109.38466786878));
#1412 = CARTESIAN_POINT('',(-178.,-1.656561381452,109.50706262428));
#1413 = CARTESIAN_POINT('',(-178.,-1.676547013961,109.63083682152));
#1414 = CARTESIAN_POINT('',(-178.,-1.689844786644,109.75549690408));
#1415 = CARTESIAN_POINT('',(-178.,-1.696492609547,109.88058694399));
#1416 = CARTESIAN_POINT('',(-178.,-1.696492609442,110.13079033358));
#1417 = CARTESIAN_POINT('',(-178.,-1.689844787158,110.25588036774));
#1418 = CARTESIAN_POINT('',(-178.,-1.676547014973,110.38054044452));
#1419 = CARTESIAN_POINT('',(-178.,-1.656561382456,110.50431463588));
#1420 = CARTESIAN_POINT('',(-178.,-1.629814515042,110.62670938538));
#1421 = CARTESIAN_POINT('',(-178.,-1.583093223836,110.79415957161));
#1422 = CARTESIAN_POINT('',(-178.,-1.568945354641,110.84083329816));
#1423 = CARTESIAN_POINT('',(-178.,-1.553747732628,110.88718192567));
#1424 = CARTESIAN_POINT('',(-178.,-1.537493767492,110.933170369));
#1425 = CARTESIAN_POINT('',(-178.,-1.520176512437,110.97876121998));
#1426 = CARTESIAN_POINT('',(-178.,-1.477452220299,111.08367551767));
#1427 = CARTESIAN_POINT('',(-178.,-1.451241239798,111.14266935347));
#1428 = CARTESIAN_POINT('',(-178.,-1.423137891032,111.20080480961));
#1429 = CARTESIAN_POINT('',(-178.,-1.39312601985,111.25797968106));
#1430 = CARTESIAN_POINT('',(-178.,-1.361191149594,111.31408100302));
#1431 = CARTESIAN_POINT('',(-178.,-1.281271887624,111.44362964261));
#1432 = CARTESIAN_POINT('',(-178.,-1.231649429466,111.51605537695));
#1433 = CARTESIAN_POINT('',(-178.,-1.178419834509,111.58595870565));
#1434 = CARTESIAN_POINT('',(-178.,-1.121571642762,111.65297429057));
#1435 = CARTESIAN_POINT('',(-178.,-1.061130345176,111.71668718438));
#1436 = CARTESIAN_POINT('',(-178.,-0.945493431263,111.82509381796));
#1437 = CARTESIAN_POINT('',(-178.,-0.891521078082,111.87108756596));
#1438 = CARTESIAN_POINT('',(-178.,-0.83530125781,111.9143864324));
#1439 = CARTESIAN_POINT('',(-178.,-0.776909989208,111.95472597806));
#1440 = CARTESIAN_POINT('',(-178.,-0.716465717429,111.99183276013));
#1441 = CARTESIAN_POINT('',(-178.,-0.553985083915,112.07944602697));
#1442 = CARTESIAN_POINT('',(-178.,-0.448914946729,112.12444767669));
#1443 = CARTESIAN_POINT('',(-178.,-0.339749278646,112.15925631221));
#1444 = CARTESIAN_POINT('',(-178.,-0.227569970499,112.18290252966));
#1445 = CARTESIAN_POINT('',(-178.,-0.113741568954,112.19471121069));
#1446 = CARTESIAN_POINT('',(-178.,0.,112.19471106298));
#1447 = PCURVE('',#901,#1448);
#1448 = DEFINITIONAL_REPRESENTATION('',(#1449),#1582);
#1449 = B_SPLINE_CURVE_WITH_KNOTS('',6,(#1450,#1451,#1452,#1453,#1454,
    #1455,#1456,#1457,#1458,#1459,#1460,#1461,#1462,#1463,#1464,#1465,
    #1466,#1467,#1468,#1469,#1470,#1471,#1472,#1473,#1474,#1475,#1476,
    #1477,#1478,#1479,#1480,#1481,#1482,#1483,#1484,#1485,#1486,#1487,
    #1488,#1489,#1490,#1491,#1492,#1493,#1494,#1495,#1496,#1497,#1498,
    #1499,#1500,#1501,#1502,#1503,#1504,#1505,#1506,#1507,#1508,#1509,
    #1510,#1511,#1512,#1513,#1514,#1515,#1516,#1517,#1518,#1519,#1520,
    #1521,#1522,#1523,#1524,#1525,#1526,#1527,#1528,#1529,#1530,#1531,
    #1532,#1533,#1534,#1535,#1536,#1537,#1538,#1539,#1540,#1541,#1542,
    #1543,#1544,#1545,#1546,#1547,#1548,#1549,#1550,#1551,#1552,#1553,
    #1554,#1555,#1556,#1557,#1558,#1559,#1560,#1561,#1562,#1563,#1564,
    #1565,#1566,#1567,#1568,#1569,#1570,#1571,#1572,#1573,#1574,#1575,
    #1576,#1577,#1578,#1579,#1580,#1581),.UNSPECIFIED.,.F.,.F.,(7,5,5,5,
    5,5,5,5,5,5,5,5,5,5,5,5,5,5,5,5,5,5,5,5,5,5,7),(0.,
    5.574366686344E-02,9.043208973678E-02,0.13336086337,0.164936642866,
    0.188794421848,0.249996025497,0.311197631997,0.335055412036,
    0.366631191213,0.409559963149,0.444248387384,0.462269685405,0.5,
    0.537730314596,0.555751612617,0.590440036851,0.633368808788,
    0.664944587964,0.688802368004,0.750003974503,0.811205578152,
    0.835063357134,0.86663913663,0.909567910263,0.944256333136,1.),
  .UNSPECIFIED.);
#1450 = CARTESIAN_POINT('',(1.,1.591710941288E-02));
#1451 = CARTESIAN_POINT('',(0.989329429019,1.591710941288E-02));
#1452 = CARTESIAN_POINT('',(0.978650777979,1.591710941288E-02));
#1453 = CARTESIAN_POINT('',(0.968040251637,1.591710941288E-02));
#1454 = CARTESIAN_POINT('',(0.957539816462,1.591710941288E-02));
#1455 = CARTESIAN_POINT('',(0.947183456943,1.591710941288E-02));
#1456 = CARTESIAN_POINT('',(0.930662992038,1.591710941288E-02));
#1457 = CARTESIAN_POINT('',(0.924390711371,1.591710941288E-02));
#1458 = CARTESIAN_POINT('',(0.918187371247,1.591710941288E-02));
#1459 = CARTESIAN_POINT('',(0.912054787909,1.591710941288E-02));
#1460 = CARTESIAN_POINT('',(0.905992852003,1.591710941288E-02));
#1461 = CARTESIAN_POINT('',(0.892583525979,1.591710941288E-02));
#1462 = CARTESIAN_POINT('',(0.885273417006,1.591710941288E-02));
#1463 = CARTESIAN_POINT('',(0.878065835839,1.591710941288E-02));
#1464 = CARTESIAN_POINT('',(0.870955731917,1.591710941288E-02));
#1465 = CARTESIAN_POINT('',(0.863936560201,1.591710941288E-02));
#1466 = CARTESIAN_POINT('',(0.851897890696,1.591710941288E-02));
#1467 = CARTESIAN_POINT('',(0.846840724528,1.591710941288E-02));
#1468 = CARTESIAN_POINT('',(0.841825466575,1.591710941288E-02));
#1469 = CARTESIAN_POINT('',(0.836849029063,1.591710941288E-02));
#1470 = CARTESIAN_POINT('',(0.831908271364,1.591710941288E-02));
#1471 = CARTESIAN_POINT('',(0.823291446949,1.591710941288E-02));
#1472 = CARTESIAN_POINT('',(0.819601454317,1.591710941288E-02));
#1473 = CARTESIAN_POINT('',(0.815928659968,1.591710941288E-02));
#1474 = CARTESIAN_POINT('',(0.812271712083,1.591710941288E-02));
#1475 = CARTESIAN_POINT('',(0.808629269157,1.591710941288E-02));
#1476 = CARTESIAN_POINT('',(0.795689950954,1.591710941288E-02));
#1477 = CARTESIAN_POINT('',(0.786466519458,1.591710941288E-02));
#1478 = CARTESIAN_POINT('',(0.77730743356,1.591710941288E-02));
#1479 = CARTESIAN_POINT('',(0.768190852646,1.591710941288E-02));
#1480 = CARTESIAN_POINT('',(0.75909536744,1.591710941288E-02));
#1481 = CARTESIAN_POINT('',(0.740904632137,1.591710941288E-02));
#1482 = CARTESIAN_POINT('',(0.73180914675,1.591710941288E-02));
#1483 = CARTESIAN_POINT('',(0.722692565877,1.591710941288E-02));
#1484 = CARTESIAN_POINT('',(0.713533480175,1.591710941288E-02));
#1485 = CARTESIAN_POINT('',(0.704310048918,1.591710941288E-02));
#1486 = CARTESIAN_POINT('',(0.691370730902,1.591710941288E-02));
#1487 = CARTESIAN_POINT('',(0.68772828802,1.591710941288E-02));
#1488 = CARTESIAN_POINT('',(0.684071340156,1.591710941288E-02));
#1489 = CARTESIAN_POINT('',(0.680398545801,1.591710941288E-02));
#1490 = CARTESIAN_POINT('',(0.676708553129,1.591710941288E-02));
#1491 = CARTESIAN_POINT('',(0.668091728801,1.591710941288E-02));
#1492 = CARTESIAN_POINT('',(0.663150971204,1.591710941288E-02));
#1493 = CARTESIAN_POINT('',(0.658174533722,1.591710941288E-02));
#1494 = CARTESIAN_POINT('',(0.653159275729,1.591710941288E-02));
#1495 = CARTESIAN_POINT('',(0.648102109457,1.591710941288E-02));
#1496 = CARTESIAN_POINT('',(0.636063439795,1.591710941288E-02));
#1497 = CARTESIAN_POINT('',(0.62904426799,1.591710941288E-02));
#1498 = CARTESIAN_POINT('',(0.621934163944,1.591710941288E-02));
#1499 = CARTESIAN_POINT('',(0.614726582697,1.591710941288E-02));
#1500 = CARTESIAN_POINT('',(0.607416473775,1.591710941288E-02));
#1501 = CARTESIAN_POINT('',(0.594007147724,1.591710941288E-02));
#1502 = CARTESIAN_POINT('',(0.587945211663,1.591710941288E-02));
#1503 = CARTESIAN_POINT('',(0.581812628298,1.591710941288E-02));
#1504 = CARTESIAN_POINT('',(0.575609288277,1.591710941288E-02));
#1505 = CARTESIAN_POINT('',(0.5693370078,1.591710941288E-02));
#1506 = CARTESIAN_POINT('',(0.559707803579,1.591710941288E-02));
#1507 = CARTESIAN_POINT('',(0.556398155783,1.591710941288E-02));
#1508 = CARTESIAN_POINT('',(0.553071658681,1.591710941288E-02));
#1509 = CARTESIAN_POINT('',(0.549729108192,1.591710941288E-02));
#1510 = CARTESIAN_POINT('',(0.54637149409,1.591710941288E-02));
#1511 = CARTESIAN_POINT('',(0.535941266909,1.591710941288E-02));
#1512 = CARTESIAN_POINT('',(0.52882047275,1.591710941288E-02));
#1513 = CARTESIAN_POINT('',(0.521651021668,1.591710941288E-02));
#1514 = CARTESIAN_POINT('',(0.514446417999,1.591710941288E-02));
#1515 = CARTESIAN_POINT('',(0.5072225544,1.591710941288E-02));
#1516 = CARTESIAN_POINT('',(0.4927774456,1.591710941288E-02));
#1517 = CARTESIAN_POINT('',(0.485553582001,1.591710941288E-02));
#1518 = CARTESIAN_POINT('',(0.478348978332,1.591710941288E-02));
#1519 = CARTESIAN_POINT('',(0.47117952725,1.591710941288E-02));
#1520 = CARTESIAN_POINT('',(0.464058733091,1.591710941288E-02));
#1521 = CARTESIAN_POINT('',(0.45362850591,1.591710941288E-02));
#1522 = CARTESIAN_POINT('',(0.450270891808,1.591710941288E-02));
#1523 = CARTESIAN_POINT('',(0.446928341319,1.591710941288E-02));
#1524 = CARTESIAN_POINT('',(0.443601844217,1.591710941288E-02));
#1525 = CARTESIAN_POINT('',(0.440292196421,1.591710941288E-02));
#1526 = CARTESIAN_POINT('',(0.4306629922,1.591710941288E-02));
#1527 = CARTESIAN_POINT('',(0.424390711723,1.591710941288E-02));
#1528 = CARTESIAN_POINT('',(0.418187371702,1.591710941288E-02));
#1529 = CARTESIAN_POINT('',(0.412054788336,1.591710941288E-02));
#1530 = CARTESIAN_POINT('',(0.405992852276,1.591710941288E-02));
#1531 = CARTESIAN_POINT('',(0.392583526225,1.591710941288E-02));
#1532 = CARTESIAN_POINT('',(0.385273417303,1.591710941288E-02));
#1533 = CARTESIAN_POINT('',(0.378065836056,1.591710941288E-02));
#1534 = CARTESIAN_POINT('',(0.37095573201,1.591710941288E-02));
#1535 = CARTESIAN_POINT('',(0.363936560205,1.591710941288E-02));
#1536 = CARTESIAN_POINT('',(0.351897890543,1.591710941288E-02));
#1537 = CARTESIAN_POINT('',(0.346840724271,1.591710941288E-02));
#1538 = CARTESIAN_POINT('',(0.341825466278,1.591710941288E-02));
#1539 = CARTESIAN_POINT('',(0.336849028796,1.591710941288E-02));
#1540 = CARTESIAN_POINT('',(0.331908271199,1.591710941288E-02));
#1541 = CARTESIAN_POINT('',(0.323291446871,1.591710941288E-02));
#1542 = CARTESIAN_POINT('',(0.319601454199,1.591710941288E-02));
#1543 = CARTESIAN_POINT('',(0.315928659844,1.591710941288E-02));
#1544 = CARTESIAN_POINT('',(0.31227171198,1.591710941288E-02));
#1545 = CARTESIAN_POINT('',(0.308629269098,1.591710941288E-02));
#1546 = CARTESIAN_POINT('',(0.295689951082,1.591710941288E-02));
#1547 = CARTESIAN_POINT('',(0.286466519825,1.591710941288E-02));
#1548 = CARTESIAN_POINT('',(0.277307434123,1.591710941288E-02));
#1549 = CARTESIAN_POINT('',(0.26819085325,1.591710941288E-02));
#1550 = CARTESIAN_POINT('',(0.259095367863,1.591710941288E-02));
#1551 = CARTESIAN_POINT('',(0.24090463256,1.591710941288E-02));
#1552 = CARTESIAN_POINT('',(0.231809147354,1.591710941288E-02));
#1553 = CARTESIAN_POINT('',(0.22269256644,1.591710941288E-02));
#1554 = CARTESIAN_POINT('',(0.213533480542,1.591710941288E-02));
#1555 = CARTESIAN_POINT('',(0.204310049046,1.591710941288E-02));
#1556 = CARTESIAN_POINT('',(0.191370730843,1.591710941288E-02));
#1557 = CARTESIAN_POINT('',(0.187728287917,1.591710941288E-02));
#1558 = CARTESIAN_POINT('',(0.184071340032,1.591710941288E-02));
#1559 = CARTESIAN_POINT('',(0.180398545683,1.591710941288E-02));
#1560 = CARTESIAN_POINT('',(0.176708553051,1.591710941288E-02));
#1561 = CARTESIAN_POINT('',(0.168091728636,1.591710941288E-02));
#1562 = CARTESIAN_POINT('',(0.163150970937,1.591710941288E-02));
#1563 = CARTESIAN_POINT('',(0.158174533425,1.591710941288E-02));
#1564 = CARTESIAN_POINT('',(0.153159275472,1.591710941288E-02));
#1565 = CARTESIAN_POINT('',(0.148102109304,1.591710941288E-02));
#1566 = CARTESIAN_POINT('',(0.136063439799,1.591710941288E-02));
#1567 = CARTESIAN_POINT('',(0.129044268083,1.591710941288E-02));
#1568 = CARTESIAN_POINT('',(0.121934164161,1.591710941288E-02));
#1569 = CARTESIAN_POINT('',(0.114726582994,1.591710941288E-02));
#1570 = CARTESIAN_POINT('',(0.107416474021,1.591710941288E-02));
#1571 = CARTESIAN_POINT('',(9.400714799655E-02,1.591710941288E-02));
#1572 = CARTESIAN_POINT('',(8.79452120912E-02,1.591710941288E-02));
#1573 = CARTESIAN_POINT('',(8.181262875257E-02,1.591710941288E-02));
#1574 = CARTESIAN_POINT('',(7.560928862895E-02,1.591710941288E-02));
#1575 = CARTESIAN_POINT('',(6.933700796195E-02,1.591710941288E-02));
#1576 = CARTESIAN_POINT('',(5.281654305724E-02,1.591710941288E-02));
#1577 = CARTESIAN_POINT('',(4.246018353807E-02,1.591710941288E-02));
#1578 = CARTESIAN_POINT('',(3.195974836305E-02,1.591710941288E-02));
#1579 = CARTESIAN_POINT('',(2.134922202068E-02,1.591710941288E-02));
#1580 = CARTESIAN_POINT('',(1.067057098075E-02,1.591710941288E-02));
#1581 = CARTESIAN_POINT('',(0.,1.591710941288E-02));
#1582 = ( GEOMETRIC_REPRESENTATION_CONTEXT(2) 
PARAMETRIC_REPRESENTATION_CONTEXT() REPRESENTATION_CONTEXT('2D SPACE',''
  ) );
#1583 = PCURVE('',#985,#1584);
#1584 = DEFINITIONAL_REPRESENTATION('',(#1585),#1718);
#1585 = B_SPLINE_CURVE_WITH_KNOTS('',6,(#1586,#1587,#1588,#1589,#1590,
    #1591,#1592,#1593,#1594,#1595,#1596,#1597,#1598,#1599,#1600,#1601,
    #1602,#1603,#1604,#1605,#1606,#1607,#1608,#1609,#1610,#1611,#1612,
    #1613,#1614,#1615,#1616,#1617,#1618,#1619,#1620,#1621,#1622,#1623,
    #1624,#1625,#1626,#1627,#1628,#1629,#1630,#1631,#1632,#1633,#1634,
    #1635,#1636,#1637,#1638,#1639,#1640,#1641,#1642,#1643,#1644,#1645,
    #1646,#1647,#1648,#1649,#1650,#1651,#1652,#1653,#1654,#1655,#1656,
    #1657,#1658,#1659,#1660,#1661,#1662,#1663,#1664,#1665,#1666,#1667,
    #1668,#1669,#1670,#1671,#1672,#1673,#1674,#1675,#1676,#1677,#1678,
    #1679,#1680,#1681,#1682,#1683,#1684,#1685,#1686,#1687,#1688,#1689,
    #1690,#1691,#1692,#1693,#1694,#1695,#1696,#1697,#1698,#1699,#1700,
    #1701,#1702,#1703,#1704,#1705,#1706,#1707,#1708,#1709,#1710,#1711,
    #1712,#1713,#1714,#1715,#1716,#1717),.UNSPECIFIED.,.F.,.F.,(7,5,5,5,
    5,5,5,5,5,5,5,5,5,5,5,5,5,5,5,5,5,5,5,5,5,5,7),(0.,
    5.574366686344E-02,9.043208973678E-02,0.13336086337,0.164936642866,
    0.188794421848,0.249996025497,0.311197631997,0.335055412036,
    0.366631191213,0.409559963149,0.444248387384,0.462269685405,0.5,
    0.537730314596,0.555751612617,0.590440036851,0.633368808788,
    0.664944587964,0.688802368004,0.750003974503,0.811205578152,
    0.835063357134,0.86663913663,0.909567910263,0.944256333136,1.),
  .UNSPECIFIED.);
#1586 = CARTESIAN_POINT('',(41.194711062987,-50.));
#1587 = CARTESIAN_POINT('',(41.194711210695,-50.11374156895));
#1588 = CARTESIAN_POINT('',(41.182902529663,-50.22756997049));
#1589 = CARTESIAN_POINT('',(41.159256312213,-50.33974927864));
#1590 = CARTESIAN_POINT('',(41.124447676696,-50.44891494672));
#1591 = CARTESIAN_POINT('',(41.079446026971,-50.55398508391));
#1592 = CARTESIAN_POINT('',(40.991832760135,-50.71646571742));
#1593 = CARTESIAN_POINT('',(40.954725978068,-50.7769099892));
#1594 = CARTESIAN_POINT('',(40.914386432403,-50.83530125781));
#1595 = CARTESIAN_POINT('',(40.871087565961,-50.89152107808));
#1596 = CARTESIAN_POINT('',(40.825093817964,-50.94549343126));
#1597 = CARTESIAN_POINT('',(40.71668718438,-51.06113034517));
#1598 = CARTESIAN_POINT('',(40.652974290574,-51.12157164276));
#1599 = CARTESIAN_POINT('',(40.58595870565,-51.1784198345));
#1600 = CARTESIAN_POINT('',(40.516055376957,-51.23164942946));
#1601 = CARTESIAN_POINT('',(40.443629642615,-51.28127188762));
#1602 = CARTESIAN_POINT('',(40.314081003026,-51.36119114959));
#1603 = CARTESIAN_POINT('',(40.257979681065,-51.39312601985));
#1604 = CARTESIAN_POINT('',(40.200804809615,-51.42313789103));
#1605 = CARTESIAN_POINT('',(40.142669353478,-51.45124123979));
#1606 = CARTESIAN_POINT('',(40.083675517671,-51.47745222029));
#1607 = CARTESIAN_POINT('',(39.978761219983,-51.52017651243));
#1608 = CARTESIAN_POINT('',(39.933170369004,-51.53749376749));
#1609 = CARTESIAN_POINT('',(39.887181925676,-51.55374773262));
#1610 = CARTESIAN_POINT('',(39.840833298163,-51.56894535464));
#1611 = CARTESIAN_POINT('',(39.794159571616,-51.58309322383));
#1612 = CARTESIAN_POINT('',(39.626709385382,-51.62981451504));
#1613 = CARTESIAN_POINT('',(39.504314635887,-51.65656138245));
#1614 = CARTESIAN_POINT('',(39.380540444526,-51.67654701497));
#1615 = CARTESIAN_POINT('',(39.255880367745,-51.68984478715));
#1616 = CARTESIAN_POINT('',(39.130790333586,-51.69649260944));
#1617 = CARTESIAN_POINT('',(38.880586943998,-51.69649260954));
#1618 = CARTESIAN_POINT('',(38.755496904087,-51.68984478664));
#1619 = CARTESIAN_POINT('',(38.630836821522,-51.67654701396));
#1620 = CARTESIAN_POINT('',(38.507062624285,-51.65656138145));
#1621 = CARTESIAN_POINT('',(38.38466786878,-51.62981451447));
#1622 = CARTESIAN_POINT('',(38.217217674081,-51.58309322375));
#1623 = CARTESIAN_POINT('',(38.170543945219,-51.56894535468));
#1624 = CARTESIAN_POINT('',(38.12419531539,-51.55374773274));
#1625 = CARTESIAN_POINT('',(38.07820686976,-51.53749376757));
#1626 = CARTESIAN_POINT('',(38.032616016523,-51.52017651234));
#1627 = CARTESIAN_POINT('',(37.92770171702,-51.47745222061));
#1628 = CARTESIAN_POINT('',(37.868707881618,-51.45124124078));
#1629 = CARTESIAN_POINT('',(37.810572426004,-51.4231378924));
#1630 = CARTESIAN_POINT('',(37.753397555262,-51.39312602124));
#1631 = CARTESIAN_POINT('',(37.697296234255,-51.36119115062));
#1632 = CARTESIAN_POINT('',(37.567747599791,-51.28127188826));
#1633 = CARTESIAN_POINT('',(37.495321869635,-51.23164942999));
#1634 = CARTESIAN_POINT('',(37.425418545641,-51.17841983458));
#1635 = CARTESIAN_POINT('',(37.358402965587,-51.12157164256));
#1636 = CARTESIAN_POINT('',(37.294690076095,-51.06113034556));
#1637 = CARTESIAN_POINT('',(37.186283443803,-50.94549343139));
#1638 = CARTESIAN_POINT('',(37.140289693727,-50.89152107649));
#1639 = CARTESIAN_POINT('',(37.09699082413,-50.83530125529));
#1640 = CARTESIAN_POINT('',(37.056651273785,-50.77690998665));
#1641 = CARTESIAN_POINT('',(37.019544485612,-50.71646571547));
#1642 = CARTESIAN_POINT('',(36.968477770906,-50.62176136959));
#1643 = CARTESIAN_POINT('',(36.951962431067,-50.58887471812));
#1644 = CARTESIAN_POINT('',(36.936429264307,-50.5555047148));
#1645 = CARTESIAN_POINT('',(36.921914472514,-50.52167959389));
#1646 = CARTESIAN_POINT('',(36.908452469837,-50.48743166954));
#1647 = CARTESIAN_POINT('',(36.870163234545,-50.38028505014));
#1648 = CARTESIAN_POINT('',(36.849003386989,-50.30606674431));
#1649 = CARTESIAN_POINT('',(36.832898213904,-50.23050063807));
#1650 = CARTESIAN_POINT('',(36.822076469026,-50.15399011796));
#1651 = CARTESIAN_POINT('',(36.816666042332,-50.07698786794));
#1652 = CARTESIAN_POINT('',(36.816666042332,-49.92301213205));
#1653 = CARTESIAN_POINT('',(36.822076469026,-49.84600988203));
#1654 = CARTESIAN_POINT('',(36.832898213904,-49.76949936193));
#1655 = CARTESIAN_POINT('',(36.84900338699,-49.69393325568));
#1656 = CARTESIAN_POINT('',(36.870163234546,-49.61971494985));
#1657 = CARTESIAN_POINT('',(36.908452469837,-49.51256833045));
#1658 = CARTESIAN_POINT('',(36.921914472514,-49.4783204061));
#1659 = CARTESIAN_POINT('',(36.936429264307,-49.44449528519));
#1660 = CARTESIAN_POINT('',(36.951962431067,-49.41112528187));
#1661 = CARTESIAN_POINT('',(36.968477770906,-49.3782386304));
#1662 = CARTESIAN_POINT('',(37.019544485612,-49.28353428452));
#1663 = CARTESIAN_POINT('',(37.056651273785,-49.22309001334));
#1664 = CARTESIAN_POINT('',(37.09699082413,-49.1646987447));
#1665 = CARTESIAN_POINT('',(37.140289693727,-49.1084789235));
#1666 = CARTESIAN_POINT('',(37.186283443803,-49.0545065686));
#1667 = CARTESIAN_POINT('',(37.294690076095,-48.93886965443));
#1668 = CARTESIAN_POINT('',(37.358402965587,-48.87842835743));
#1669 = CARTESIAN_POINT('',(37.425418545641,-48.82158016541));
#1670 = CARTESIAN_POINT('',(37.495321869635,-48.76835057));
#1671 = CARTESIAN_POINT('',(37.567747599791,-48.71872811173));
#1672 = CARTESIAN_POINT('',(37.697296234255,-48.63880884937));
#1673 = CARTESIAN_POINT('',(37.753397555263,-48.60687397875));
#1674 = CARTESIAN_POINT('',(37.810572426004,-48.57686210759));
#1675 = CARTESIAN_POINT('',(37.868707881618,-48.54875875921));
#1676 = CARTESIAN_POINT('',(37.92770171702,-48.52254777938));
#1677 = CARTESIAN_POINT('',(38.032616016523,-48.47982348766));
#1678 = CARTESIAN_POINT('',(38.078206869761,-48.46250623242));
#1679 = CARTESIAN_POINT('',(38.12419531539,-48.44625226725));
#1680 = CARTESIAN_POINT('',(38.17054394522,-48.43105464531));
#1681 = CARTESIAN_POINT('',(38.217217674081,-48.41690677624));
#1682 = CARTESIAN_POINT('',(38.38466786878,-48.37018548552));
#1683 = CARTESIAN_POINT('',(38.507062624285,-48.34343861854));
#1684 = CARTESIAN_POINT('',(38.630836821522,-48.32345298603));
#1685 = CARTESIAN_POINT('',(38.755496904087,-48.31015521335));
#1686 = CARTESIAN_POINT('',(38.880586943998,-48.30350739045));
#1687 = CARTESIAN_POINT('',(39.130790333586,-48.30350739055));
#1688 = CARTESIAN_POINT('',(39.255880367745,-48.31015521284));
#1689 = CARTESIAN_POINT('',(39.380540444526,-48.32345298502));
#1690 = CARTESIAN_POINT('',(39.504314635887,-48.34343861754));
#1691 = CARTESIAN_POINT('',(39.626709385382,-48.37018548495));
#1692 = CARTESIAN_POINT('',(39.794159571616,-48.41690677616));
#1693 = CARTESIAN_POINT('',(39.840833298163,-48.43105464535));
#1694 = CARTESIAN_POINT('',(39.887181925676,-48.44625226737));
#1695 = CARTESIAN_POINT('',(39.933170369004,-48.4625062325));
#1696 = CARTESIAN_POINT('',(39.978761219983,-48.47982348756));
#1697 = CARTESIAN_POINT('',(40.083675517671,-48.5225477797));
#1698 = CARTESIAN_POINT('',(40.142669353478,-48.5487587602));
#1699 = CARTESIAN_POINT('',(40.200804809615,-48.57686210896));
#1700 = CARTESIAN_POINT('',(40.257979681065,-48.60687398015));
#1701 = CARTESIAN_POINT('',(40.314081003026,-48.6388088504));
#1702 = CARTESIAN_POINT('',(40.443629642615,-48.71872811237));
#1703 = CARTESIAN_POINT('',(40.516055376957,-48.76835057053));
#1704 = CARTESIAN_POINT('',(40.58595870565,-48.82158016549));
#1705 = CARTESIAN_POINT('',(40.652974290574,-48.87842835723));
#1706 = CARTESIAN_POINT('',(40.71668718438,-48.93886965482));
#1707 = CARTESIAN_POINT('',(40.825093817964,-49.05450656873));
#1708 = CARTESIAN_POINT('',(40.871087565961,-49.10847892191));
#1709 = CARTESIAN_POINT('',(40.914386432403,-49.16469874219));
#1710 = CARTESIAN_POINT('',(40.954725978068,-49.22309001079));
#1711 = CARTESIAN_POINT('',(40.991832760135,-49.28353428257));
#1712 = CARTESIAN_POINT('',(41.079446026971,-49.44601491608));
#1713 = CARTESIAN_POINT('',(41.124447676697,-49.55108505327));
#1714 = CARTESIAN_POINT('',(41.159256312212,-49.66025072135));
#1715 = CARTESIAN_POINT('',(41.182902529663,-49.7724300295));
#1716 = CARTESIAN_POINT('',(41.194711210695,-49.88625843104));
#1717 = CARTESIAN_POINT('',(41.194711062987,-50.));
#1718 = ( GEOMETRIC_REPRESENTATION_CONTEXT(2) 
PARAMETRIC_REPRESENTATION_CONTEXT() REPRESENTATION_CONTEXT('2D SPACE',''
  ) );
#1719 = ORIENTED_EDGE('',*,*,#881,.T.);
#1720 = ORIENTED_EDGE('',*,*,#1721,.T.);
#1721 = EDGE_CURVE('',#884,#998,#1722,.T.);
#1722 = SURFACE_CURVE('',#1723,(#1876,#2032),.PCURVE_S1.);
#1723 = B_SPLINE_CURVE_WITH_KNOTS('',7,(#1724,#1725,#1726,#1727,#1728,
    #1729,#1730,#1731,#1732,#1733,#1734,#1735,#1736,#1737,#1738,#1739,
    #1740,#1741,#1742,#1743,#1744,#1745,#1746,#1747,#1748,#1749,#1750,
    #1751,#1752,#1753,#1754,#1755,#1756,#1757,#1758,#1759,#1760,#1761,
    #1762,#1763,#1764,#1765,#1766,#1767,#1768,#1769,#1770,#1771,#1772,
    #1773,#1774,#1775,#1776,#1777,#1778,#1779,#1780,#1781,#1782,#1783,
    #1784,#1785,#1786,#1787,#1788,#1789,#1790,#1791,#1792,#1793,#1794,
    #1795,#1796,#1797,#1798,#1799,#1800,#1801,#1802,#1803,#1804,#1805,
    #1806,#1807,#1808,#1809,#1810,#1811,#1812,#1813,#1814,#1815,#1816,
    #1817,#1818,#1819,#1820,#1821,#1822,#1823,#1824,#1825,#1826,#1827,
    #1828,#1829,#1830,#1831,#1832,#1833,#1834,#1835,#1836,#1837,#1838,
    #1839,#1840,#1841,#1842,#1843,#1844,#1845,#1846,#1847,#1848,#1849,
    #1850,#1851,#1852,#1853,#1854,#1855,#1856,#1857,#1858,#1859,#1860,
    #1861,#1862,#1863,#1864,#1865,#1866,#1867,#1868,#1869,#1870,#1871,
    #1872,#1873,#1874,#1875),.UNSPECIFIED.,.T.,.F.,(8,6,6,6,6,6,6,6,6,6,
    6,6,6,6,6,6,6,6,6,6,6,6,6,6,6,8),(0.,7.449695262874E-02,
    0.113991473366,0.157277615674,0.18486389372,0.204424455975,
    0.24999593143,0.315128538115,0.342714790771,0.386000893153,
    0.425495377668,0.448876420358,0.499999263108,0.535636351833,
    0.551123319106,0.574504375367,0.613998882805,0.657285010311,
    0.684871278979,0.750003923467,0.795575425373,0.815135998982,
    0.842722293039,0.886008460471,0.925503004131,1.),.UNSPECIFIED.);
#1724 = CARTESIAN_POINT('',(-61.,6.394884621841E-14,145.1501096798));
#1725 = CARTESIAN_POINT('',(-61.,1.039692019685,145.15010980202));
#1726 = CARTESIAN_POINT('',(-61.,2.079768565417,145.05913056984));
#1727 = CARTESIAN_POINT('',(-61.,3.109961517928,144.87705554199));
#1728 = CARTESIAN_POINT('',(-61.,4.120914328537,144.60590805275));
#1729 = CARTESIAN_POINT('',(-61.,5.104018550452,144.24910867828));
#1730 = CARTESIAN_POINT('',(-61.,6.051383406639,143.81134216412));
#1731 = CARTESIAN_POINT('',(-61.,7.435380547554,143.02680795211));
#1732 = CARTESIAN_POINT('',(-61.,7.902929712476,142.73387472105));
#1733 = CARTESIAN_POINT('',(-61.,8.357509598101,142.42067319327));
#1734 = CARTESIAN_POINT('',(-61.,8.798217013052,142.08810616545));
#1735 = CARTESIAN_POINT('',(-61.,9.224242897457,141.7371189405));
#1736 = CARTESIAN_POINT('',(-61.,9.634863389605,141.3686873237));
#1737 = CARTESIAN_POINT('',(-61.,10.461878330162,140.56197432297));
#1738 = CARTESIAN_POINT('',(-61.,10.875047902985,140.12037778416));
#1739 = CARTESIAN_POINT('',(-61.,11.268094088874,139.6603224085));
#1740 = CARTESIAN_POINT('',(-61.,11.640292282214,139.18312905183));
#1741 = CARTESIAN_POINT('',(-61.,11.99102506537,138.69012221712));
#1742 = CARTESIAN_POINT('',(-61.,12.319768480085,138.18261925187));
#1743 = CARTESIAN_POINT('',(-61.,12.821289692819,137.33007754592));
#1744 = CARTESIAN_POINT('',(-61.,13.007389767118,136.99287587133));
#1745 = CARTESIAN_POINT('',(-61.,13.184264042143,136.65065080391));
#1746 = CARTESIAN_POINT('',(-61.,13.351811036056,136.30373642945));
#1747 = CARTESIAN_POINT('',(-61.,13.509941218247,135.95246413128));
#1748 = CARTESIAN_POINT('',(-61.,13.65857596277,135.59716208408));
#1749 = CARTESIAN_POINT('',(-61.,13.896257082718,134.98359394537));
#1750 = CARTESIAN_POINT('',(-61.,13.990058823041,134.72717036597));
#1751 = CARTESIAN_POINT('',(-61.,14.079027374504,134.46899981244));
#1752 = CARTESIAN_POINT('',(-61.,14.163140598506,134.20919736146));
#1753 = CARTESIAN_POINT('',(-61.,14.242378566078,133.94787736342));
#1754 = CARTESIAN_POINT('',(-61.,14.316723557885,133.68515344244));
#1755 = CARTESIAN_POINT('',(-61.,14.547930562205,132.80604624561));
#1756 = CARTESIAN_POINT('',(-61.,14.683056935508,132.18395186293));
#1757 = CARTESIAN_POINT('',(-61.,14.791343448691,131.55627523958));
#1758 = CARTESIAN_POINT('',(-61.,14.872648587865,130.92442643157));
#1759 = CARTESIAN_POINT('',(-61.,14.926881452502,130.28980522722));
#1760 = CARTESIAN_POINT('',(-61.,14.95399814724,129.65380071464));
#1761 = CARTESIAN_POINT('',(-61.,14.953998009008,128.10877930474));
#1762 = CARTESIAN_POINT('',(-61.,14.898606336576,127.19979887813));
#1763 = CARTESIAN_POINT('',(-61.,14.787827668669,126.29484419106));
#1764 = CARTESIAN_POINT('',(-61.,14.621839782649,125.39797743391));
#1765 = CARTESIAN_POINT('',(-61.,14.401024622523,124.51332297427));
#1766 = CARTESIAN_POINT('',(-61.,14.125999200506,123.64506196517));
#1767 = CARTESIAN_POINT('',(-61.,13.658575959121,122.43841961751));
#1768 = CARTESIAN_POINT('',(-61.,13.509941214224,122.08311757063));
#1769 = CARTESIAN_POINT('',(-61.,13.35181103179,121.73184527275));
#1770 = CARTESIAN_POINT('',(-61.,13.184264037813,121.38493089851));
#1771 = CARTESIAN_POINT('',(-61.,13.007389762938,121.0427058312));
#1772 = CARTESIAN_POINT('',(-61.,12.821289689024,120.70550415658));
#1773 = CARTESIAN_POINT('',(-61.,12.319768478492,119.85296245121));
#1774 = CARTESIAN_POINT('',(-61.,11.991025066034,119.34545948633));
#1775 = CARTESIAN_POINT('',(-61.,11.640292285791,118.85245265143));
#1776 = CARTESIAN_POINT('',(-61.,11.268094095853,118.37525929401));
#1777 = CARTESIAN_POINT('',(-61.,10.875047913584,117.91520391722));
#1778 = CARTESIAN_POINT('',(-61.,10.461878344265,117.47360737714));
#1779 = CARTESIAN_POINT('',(-61.,9.634863407452,116.66689437245));
#1780 = CARTESIAN_POINT('',(-61.,9.224242915455,116.29846275306));
#1781 = CARTESIAN_POINT('',(-61.,8.798217030483,115.94747552621));
#1782 = CARTESIAN_POINT('',(-61.,8.357509614125,115.61490849752));
#1783 = CARTESIAN_POINT('',(-61.,7.90292972624,115.3017069701));
#1784 = CARTESIAN_POINT('',(-61.,7.43538055837,115.00877374064));
#1785 = CARTESIAN_POINT('',(-61.,6.671993487612,114.57603973539));
#1786 = CARTESIAN_POINT('',(-61.,6.3839238242,114.42252079192));
#1787 = CARTESIAN_POINT('',(-61.,6.091866790351,114.27657674545));
#1788 = CARTESIAN_POINT('',(-61.,5.796040364233,114.1383741584));
#1789 = CARTESIAN_POINT('',(-61.,5.49667308875,114.00806967511));
#1790 = CARTESIAN_POINT('',(-61.,5.194004071544,113.88581002182));
#1791 = CARTESIAN_POINT('',(-61.,4.219821144704,113.52229880443));
#1792 = CARTESIAN_POINT('',(-61.,3.536710058374,113.31195448722));
#1793 = CARTESIAN_POINT('',(-61.,2.841642167656,113.14215781879));
#1794 = CARTESIAN_POINT('',(-61.,2.137435027735,113.01401879575));
#1795 = CARTESIAN_POINT('',(-61.,1.427027194174,112.92831669771));
#1796 = CARTESIAN_POINT('',(-61.,0.713482110996,112.88547198203));
#1797 = CARTESIAN_POINT('',(-61.,-0.497359419272,112.88547185334));
#1798 = CARTESIAN_POINT('',(-61.,-0.994729478153,112.90629189013));
#1799 = CARTESIAN_POINT('',(-61.,-1.49104571242,112.94793178483));
#1800 = CARTESIAN_POINT('',(-61.,-1.985265565079,113.01029694664));
#1801 = CARTESIAN_POINT('',(-61.,-2.476368061624,113.09320191994));
#1802 = CARTESIAN_POINT('',(-61.,-2.963353485292,113.19637376176));
#1803 = CARTESIAN_POINT('',(-61.,-3.654659904541,113.37294344771));
#1804 = CARTESIAN_POINT('',(-61.,-3.863116412814,113.43019201312));
#1805 = CARTESIAN_POINT('',(-61.,-4.070533473975,113.49117194307));
#1806 = CARTESIAN_POINT('',(-61.,-4.276833636313,113.55585149793));
#1807 = CARTESIAN_POINT('',(-61.,-4.481941099563,113.6241963708));
#1808 = CARTESIAN_POINT('',(-61.,-4.685781714912,113.69616968753));
#1809 = CARTESIAN_POINT('',(-61.,-5.194004071544,113.88581002182));
#1810 = CARTESIAN_POINT('',(-61.,-5.49667308875,114.00806967511));
#1811 = CARTESIAN_POINT('',(-61.,-5.796040364233,114.1383741584));
#1812 = CARTESIAN_POINT('',(-61.,-6.091866790351,114.27657674545));
#1813 = CARTESIAN_POINT('',(-61.,-6.3839238242,114.42252079192));
#1814 = CARTESIAN_POINT('',(-61.,-6.671993487612,114.57603973539));
#1815 = CARTESIAN_POINT('',(-61.,-7.43538055837,115.00877374064));
#1816 = CARTESIAN_POINT('',(-61.,-7.90292972624,115.3017069701));
#1817 = CARTESIAN_POINT('',(-61.,-8.357509614125,115.61490849752));
#1818 = CARTESIAN_POINT('',(-61.,-8.798217030483,115.94747552621));
#1819 = CARTESIAN_POINT('',(-61.,-9.224242915455,116.29846275306));
#1820 = CARTESIAN_POINT('',(-61.,-9.634863407452,116.66689437245));
#1821 = CARTESIAN_POINT('',(-61.,-10.46187834426,117.47360737714));
#1822 = CARTESIAN_POINT('',(-61.,-10.87504791358,117.91520391722));
#1823 = CARTESIAN_POINT('',(-61.,-11.26809409585,118.37525929401));
#1824 = CARTESIAN_POINT('',(-61.,-11.64029228579,118.85245265143));
#1825 = CARTESIAN_POINT('',(-61.,-11.99102506603,119.34545948633));
#1826 = CARTESIAN_POINT('',(-61.,-12.31976847849,119.85296245121));
#1827 = CARTESIAN_POINT('',(-61.,-12.82128968902,120.70550415658));
#1828 = CARTESIAN_POINT('',(-61.,-13.00738976293,121.0427058312));
#1829 = CARTESIAN_POINT('',(-61.,-13.18426403781,121.38493089851));
#1830 = CARTESIAN_POINT('',(-61.,-13.35181103179,121.73184527275));
#1831 = CARTESIAN_POINT('',(-61.,-13.50994121422,122.08311757063));
#1832 = CARTESIAN_POINT('',(-61.,-13.65857595912,122.43841961751));
#1833 = CARTESIAN_POINT('',(-61.,-14.1259992005,123.64506196517));
#1834 = CARTESIAN_POINT('',(-61.,-14.40102462252,124.51332297427));
#1835 = CARTESIAN_POINT('',(-61.,-14.62183978264,125.39797743392));
#1836 = CARTESIAN_POINT('',(-61.,-14.78782766866,126.29484419106));
#1837 = CARTESIAN_POINT('',(-61.,-14.89860633657,127.19979887813));
#1838 = CARTESIAN_POINT('',(-61.,-14.953998009,128.10877930474));
#1839 = CARTESIAN_POINT('',(-61.,-14.95399814724,129.65380071464));
#1840 = CARTESIAN_POINT('',(-61.,-14.9268814525,130.28980522722));
#1841 = CARTESIAN_POINT('',(-61.,-14.87264858786,130.92442643157));
#1842 = CARTESIAN_POINT('',(-61.,-14.79134344869,131.55627523958));
#1843 = CARTESIAN_POINT('',(-61.,-14.6830569355,132.18395186293));
#1844 = CARTESIAN_POINT('',(-61.,-14.5479305622,132.80604624561));
#1845 = CARTESIAN_POINT('',(-61.,-14.31672355788,133.68515344244));
#1846 = CARTESIAN_POINT('',(-61.,-14.24237856607,133.94787736342));
#1847 = CARTESIAN_POINT('',(-61.,-14.1631405985,134.20919736146));
#1848 = CARTESIAN_POINT('',(-61.,-14.0790273745,134.46899981244));
#1849 = CARTESIAN_POINT('',(-61.,-13.99005882304,134.72717036597));
#1850 = CARTESIAN_POINT('',(-61.,-13.89625708271,134.98359394537));
#1851 = CARTESIAN_POINT('',(-61.,-13.65857596277,135.59716208408));
#1852 = CARTESIAN_POINT('',(-61.,-13.50994121824,135.95246413128));
#1853 = CARTESIAN_POINT('',(-61.,-13.35181103605,136.30373642945));
#1854 = CARTESIAN_POINT('',(-61.,-13.18426404214,136.65065080391));
#1855 = CARTESIAN_POINT('',(-61.,-13.00738976711,136.99287587133));
#1856 = CARTESIAN_POINT('',(-61.,-12.82128969281,137.33007754592));
#1857 = CARTESIAN_POINT('',(-61.,-12.31976848008,138.18261925187));
#1858 = CARTESIAN_POINT('',(-61.,-11.99102506537,138.69012221712));
#1859 = CARTESIAN_POINT('',(-61.,-11.64029228221,139.18312905183));
#1860 = CARTESIAN_POINT('',(-61.,-11.26809408887,139.6603224085));
#1861 = CARTESIAN_POINT('',(-61.,-10.87504790298,140.12037778416));
#1862 = CARTESIAN_POINT('',(-61.,-10.46187833016,140.56197432297));
#1863 = CARTESIAN_POINT('',(-61.,-9.634863389605,141.3686873237));
#1864 = CARTESIAN_POINT('',(-61.,-9.224242897456,141.7371189405));
#1865 = CARTESIAN_POINT('',(-61.,-8.798217013051,142.08810616545));
#1866 = CARTESIAN_POINT('',(-61.,-8.357509598101,142.42067319327));
#1867 = CARTESIAN_POINT('',(-61.,-7.902929712476,142.73387472105));
#1868 = CARTESIAN_POINT('',(-61.,-7.435380547553,143.02680795211));
#1869 = CARTESIAN_POINT('',(-61.,-6.05138340664,143.81134216412));
#1870 = CARTESIAN_POINT('',(-61.,-5.104018550446,144.2491086783));
#1871 = CARTESIAN_POINT('',(-61.,-4.120914328549,144.60590805273));
#1872 = CARTESIAN_POINT('',(-61.,-3.109961517915,144.87705554201));
#1873 = CARTESIAN_POINT('',(-61.,-2.079768565425,145.05913056983));
#1874 = CARTESIAN_POINT('',(-61.,-1.039692019683,145.15010980202));
#1875 = CARTESIAN_POINT('',(-61.,-7.105427357601E-15,145.1501096798));
#1876 = PCURVE('',#901,#1877);
#1877 = DEFINITIONAL_REPRESENTATION('',(#1878),#2031);
#1878 = B_SPLINE_CURVE_WITH_KNOTS('',7,(#1879,#1880,#1881,#1882,#1883,
    #1884,#1885,#1886,#1887,#1888,#1889,#1890,#1891,#1892,#1893,#1894,
    #1895,#1896,#1897,#1898,#1899,#1900,#1901,#1902,#1903,#1904,#1905,
    #1906,#1907,#1908,#1909,#1910,#1911,#1912,#1913,#1914,#1915,#1916,
    #1917,#1918,#1919,#1920,#1921,#1922,#1923,#1924,#1925,#1926,#1927,
    #1928,#1929,#1930,#1931,#1932,#1933,#1934,#1935,#1936,#1937,#1938,
    #1939,#1940,#1941,#1942,#1943,#1944,#1945,#1946,#1947,#1948,#1949,
    #1950,#1951,#1952,#1953,#1954,#1955,#1956,#1957,#1958,#1959,#1960,
    #1961,#1962,#1963,#1964,#1965,#1966,#1967,#1968,#1969,#1970,#1971,
    #1972,#1973,#1974,#1975,#1976,#1977,#1978,#1979,#1980,#1981,#1982,
    #1983,#1984,#1985,#1986,#1987,#1988,#1989,#1990,#1991,#1992,#1993,
    #1994,#1995,#1996,#1997,#1998,#1999,#2000,#2001,#2002,#2003,#2004,
    #2005,#2006,#2007,#2008,#2009,#2010,#2011,#2012,#2013,#2014,#2015,
    #2016,#2017,#2018,#2019,#2020,#2021,#2022,#2023,#2024,#2025,#2026,
    #2027,#2028,#2029,#2030),.UNSPECIFIED.,.F.,.F.,(8,6,6,6,6,6,6,6,6,6,
    6,6,6,6,6,6,6,6,6,6,6,6,6,6,6,8),(0.,7.449695262874E-02,
    0.113991473366,0.157277615674,0.18486389372,0.204424455975,
    0.24999593143,0.315128538115,0.342714790771,0.386000893153,
    0.425495377668,0.448876420358,0.499999263108,0.535636351833,
    0.551123319106,0.574504375367,0.613998882805,0.657285010311,
    0.684871278979,0.750003923467,0.795575425373,0.815135998982,
    0.842722293039,0.886008460471,0.925503004131,1.),.UNSPECIFIED.);
#1879 = CARTESIAN_POINT('',(1.,0.976584711754));
#1880 = CARTESIAN_POINT('',(0.98893458935,0.976584711754));
#1881 = CARTESIAN_POINT('',(0.977865090523,0.976584711754));
#1882 = CARTESIAN_POINT('',(0.966813401231,0.976584711754));
#1883 = CARTESIAN_POINT('',(0.955791512442,0.976584711754));
#1884 = CARTESIAN_POINT('',(0.94480895278,0.976584711754));
#1885 = CARTESIAN_POINT('',(0.933874452066,0.976584711754));
#1886 = CARTESIAN_POINT('',(0.917234914886,0.976584711754));
#1887 = CARTESIAN_POINT('',(0.911485641422,0.976584711754));
#1888 = CARTESIAN_POINT('',(0.905753181277,0.976584711754));
#1889 = CARTESIAN_POINT('',(0.900038153817,0.976584711754));
#1890 = CARTESIAN_POINT('',(0.894340885314,0.976584711754));
#1891 = CARTESIAN_POINT('',(0.888661498145,0.976584711754));
#1892 = CARTESIAN_POINT('',(0.876794976878,0.976584711754));
#1893 = CARTESIAN_POINT('',(0.870611365941,0.976584711754));
#1894 = CARTESIAN_POINT('',(0.864449061585,0.976584711754));
#1895 = CARTESIAN_POINT('',(0.858307617166,0.976584711754));
#1896 = CARTESIAN_POINT('',(0.852186299215,0.976584711754));
#1897 = CARTESIAN_POINT('',(0.846084141651,0.976584711754));
#1898 = CARTESIAN_POINT('',(0.836122573777,0.976584711754));
#1899 = CARTESIAN_POINT('',(0.832252462758,0.976584711754));
#1900 = CARTESIAN_POINT('',(0.828389361243,0.976584711754));
#1901 = CARTESIAN_POINT('',(0.824532936468,0.976584711754));
#1902 = CARTESIAN_POINT('',(0.820682829133,0.976584711754));
#1903 = CARTESIAN_POINT('',(0.816838653916,0.976584711754));
#1904 = CARTESIAN_POINT('',(0.810278131223,0.976584711754));
#1905 = CARTESIAN_POINT('',(0.807559040133,0.976584711754));
#1906 = CARTESIAN_POINT('',(0.804842580994,0.976584711754));
#1907 = CARTESIAN_POINT('',(0.802128603805,0.976584711754));
#1908 = CARTESIAN_POINT('',(0.799416954304,0.976584711754));
#1909 = CARTESIAN_POINT('',(0.796707473965,0.976584711754));
#1910 = CARTESIAN_POINT('',(0.78769222716,0.976584711754));
#1911 = CARTESIAN_POINT('',(0.78139540034,0.976584711754));
#1912 = CARTESIAN_POINT('',(0.775107377668,0.976584711754));
#1913 = CARTESIAN_POINT('',(0.768826025403,0.976584711754));
#1914 = CARTESIAN_POINT('',(0.762549181002,0.976584711754));
#1915 = CARTESIAN_POINT('',(0.756274616184,0.976584711754));
#1916 = CARTESIAN_POINT('',(0.741032063282,0.976584711754));
#1917 = CARTESIAN_POINT('',(0.732064415305,0.976584711754));
#1918 = CARTESIAN_POINT('',(0.723090008835,0.976584711754));
#1919 = CARTESIAN_POINT('',(0.714102373874,0.976584711754));
#1920 = CARTESIAN_POINT('',(0.705095424486,0.976584711754));
#1921 = CARTESIAN_POINT('',(0.696063265632,0.976584711754));
#1922 = CARTESIAN_POINT('',(0.683161346085,0.976584711754));
#1923 = CARTESIAN_POINT('',(0.67931717087,0.976584711754));
#1924 = CARTESIAN_POINT('',(0.675467063535,0.976584711754));
#1925 = CARTESIAN_POINT('',(0.671610638761,0.976584711754));
#1926 = CARTESIAN_POINT('',(0.667747537245,0.976584711754));
#1927 = CARTESIAN_POINT('',(0.663877426225,0.976584711754));
#1928 = CARTESIAN_POINT('',(0.653915858357,0.976584711754));
#1929 = CARTESIAN_POINT('',(0.647813700799,0.976584711754));
#1930 = CARTESIAN_POINT('',(0.64169238285,0.976584711754));
#1931 = CARTESIAN_POINT('',(0.635550938429,0.976584711754));
#1932 = CARTESIAN_POINT('',(0.629388634067,0.976584711754));
#1933 = CARTESIAN_POINT('',(0.623205023124,0.976584711754));
#1934 = CARTESIAN_POINT('',(0.611338501824,0.976584711754));
#1935 = CARTESIAN_POINT('',(0.605659114627,0.976584711754));
#1936 = CARTESIAN_POINT('',(0.599961846102,0.976584711754));
#1937 = CARTESIAN_POINT('',(0.594246818634,0.976584711754));
#1938 = CARTESIAN_POINT('',(0.588514358498,0.976584711754));
#1939 = CARTESIAN_POINT('',(0.582765085064,0.976584711754));
#1940 = CARTESIAN_POINT('',(0.573587024704,0.976584711754));
#1941 = CARTESIAN_POINT('',(0.570168486932,0.976584711754));
#1942 = CARTESIAN_POINT('',(0.566744574693,0.976584711754));
#1943 = CARTESIAN_POINT('',(0.563315506246,0.976584711754));
#1944 = CARTESIAN_POINT('',(0.559881530101,0.976584711754));
#1945 = CARTESIAN_POINT('',(0.556442925016,0.976584711754));
#1946 = CARTESIAN_POINT('',(0.545472016046,0.976584711754));
#1947 = CARTESIAN_POINT('',(0.537922751228,0.976584711754));
#1948 = CARTESIAN_POINT('',(0.530356461421,0.976584711754));
#1949 = CARTESIAN_POINT('',(0.52277689616,0.976584711754));
#1950 = CARTESIAN_POINT('',(0.515187803019,0.976584711754));
#1951 = CARTESIAN_POINT('',(0.50759356915,0.976584711754));
#1952 = CARTESIAN_POINT('',(0.494706618745,0.976584711754));
#1953 = CARTESIAN_POINT('',(0.489413125288,0.976584711754));
#1954 = CARTESIAN_POINT('',(0.484121281597,0.976584711754));
#1955 = CARTESIAN_POINT('',(0.47883262252,0.976584711754));
#1956 = CARTESIAN_POINT('',(0.473548565562,0.976584711754));
#1957 = CARTESIAN_POINT('',(0.468270520669,0.976584711754));
#1958 = CARTESIAN_POINT('',(0.460709566521,0.976584711754));
#1959 = CARTESIAN_POINT('',(0.45842053264,0.976584711754));
#1960 = CARTESIAN_POINT('',(0.456133007227,0.976584711754));
#1961 = CARTESIAN_POINT('',(0.453847094361,0.976584711754));
#1962 = CARTESIAN_POINT('',(0.451562893332,0.976584711754));
#1963 = CARTESIAN_POINT('',(0.449280498642,0.976584711754));
#1964 = CARTESIAN_POINT('',(0.443557074984,0.976584711754));
#1965 = CARTESIAN_POINT('',(0.440118469899,0.976584711754));
#1966 = CARTESIAN_POINT('',(0.436684493754,0.976584711754));
#1967 = CARTESIAN_POINT('',(0.433255425307,0.976584711754));
#1968 = CARTESIAN_POINT('',(0.429831513068,0.976584711754));
#1969 = CARTESIAN_POINT('',(0.426412975296,0.976584711754));
#1970 = CARTESIAN_POINT('',(0.417234914936,0.976584711754));
#1971 = CARTESIAN_POINT('',(0.411485641502,0.976584711754));
#1972 = CARTESIAN_POINT('',(0.405753181366,0.976584711754));
#1973 = CARTESIAN_POINT('',(0.400038153898,0.976584711754));
#1974 = CARTESIAN_POINT('',(0.394340885373,0.976584711754));
#1975 = CARTESIAN_POINT('',(0.388661498176,0.976584711754));
#1976 = CARTESIAN_POINT('',(0.376794976876,0.976584711754));
#1977 = CARTESIAN_POINT('',(0.370611365933,0.976584711754));
#1978 = CARTESIAN_POINT('',(0.364449061571,0.976584711754));
#1979 = CARTESIAN_POINT('',(0.35830761715,0.976584711754));
#1980 = CARTESIAN_POINT('',(0.352186299201,0.976584711754));
#1981 = CARTESIAN_POINT('',(0.346084141643,0.976584711754));
#1982 = CARTESIAN_POINT('',(0.336122573775,0.976584711754));
#1983 = CARTESIAN_POINT('',(0.332252462755,0.976584711754));
#1984 = CARTESIAN_POINT('',(0.328389361239,0.976584711754));
#1985 = CARTESIAN_POINT('',(0.324532936465,0.976584711754));
#1986 = CARTESIAN_POINT('',(0.32068282913,0.976584711754));
#1987 = CARTESIAN_POINT('',(0.316838653915,0.976584711754));
#1988 = CARTESIAN_POINT('',(0.303936734368,0.976584711754));
#1989 = CARTESIAN_POINT('',(0.294904575514,0.976584711754));
#1990 = CARTESIAN_POINT('',(0.285897626126,0.976584711754));
#1991 = CARTESIAN_POINT('',(0.276909991165,0.976584711754));
#1992 = CARTESIAN_POINT('',(0.267935584695,0.976584711754));
#1993 = CARTESIAN_POINT('',(0.258967936718,0.976584711754));
#1994 = CARTESIAN_POINT('',(0.243725383816,0.976584711754));
#1995 = CARTESIAN_POINT('',(0.237450818998,0.976584711754));
#1996 = CARTESIAN_POINT('',(0.231173974597,0.976584711754));
#1997 = CARTESIAN_POINT('',(0.224892622332,0.976584711754));
#1998 = CARTESIAN_POINT('',(0.21860459966,0.976584711754));
#1999 = CARTESIAN_POINT('',(0.21230777284,0.976584711754));
#2000 = CARTESIAN_POINT('',(0.203292526035,0.976584711754));
#2001 = CARTESIAN_POINT('',(0.200583045696,0.976584711754));
#2002 = CARTESIAN_POINT('',(0.197871396195,0.976584711754));
#2003 = CARTESIAN_POINT('',(0.195157419006,0.976584711754));
#2004 = CARTESIAN_POINT('',(0.192440959867,0.976584711754));
#2005 = CARTESIAN_POINT('',(0.189721868777,0.976584711754));
#2006 = CARTESIAN_POINT('',(0.183161346084,0.976584711754));
#2007 = CARTESIAN_POINT('',(0.179317170867,0.976584711754));
#2008 = CARTESIAN_POINT('',(0.175467063532,0.976584711754));
#2009 = CARTESIAN_POINT('',(0.171610638757,0.976584711754));
#2010 = CARTESIAN_POINT('',(0.167747537242,0.976584711754));
#2011 = CARTESIAN_POINT('',(0.163877426223,0.976584711754));
#2012 = CARTESIAN_POINT('',(0.153915858349,0.976584711754));
#2013 = CARTESIAN_POINT('',(0.147813700785,0.976584711754));
#2014 = CARTESIAN_POINT('',(0.141692382834,0.976584711754));
#2015 = CARTESIAN_POINT('',(0.135550938415,0.976584711754));
#2016 = CARTESIAN_POINT('',(0.129388634059,0.976584711754));
#2017 = CARTESIAN_POINT('',(0.123205023122,0.976584711754));
#2018 = CARTESIAN_POINT('',(0.111338501855,0.976584711754));
#2019 = CARTESIAN_POINT('',(0.105659114686,0.976584711754));
#2020 = CARTESIAN_POINT('',(9.996184618271E-02,0.976584711754));
#2021 = CARTESIAN_POINT('',(9.424681872302E-02,0.976584711754));
#2022 = CARTESIAN_POINT('',(8.851435857763E-02,0.976584711754));
#2023 = CARTESIAN_POINT('',(8.27650851138E-02,0.976584711754));
#2024 = CARTESIAN_POINT('',(6.612554793394E-02,0.976584711754));
#2025 = CARTESIAN_POINT('',(5.519104722019E-02,0.976584711754));
#2026 = CARTESIAN_POINT('',(4.420848755728E-02,0.976584711754));
#2027 = CARTESIAN_POINT('',(3.318659876946E-02,0.976584711754));
#2028 = CARTESIAN_POINT('',(2.213490947666E-02,0.976584711754));
#2029 = CARTESIAN_POINT('',(1.106541064998E-02,0.976584711754));
#2030 = CARTESIAN_POINT('',(0.,0.976584711754));
#2031 = ( GEOMETRIC_REPRESENTATION_CONTEXT(2) 
PARAMETRIC_REPRESENTATION_CONTEXT() REPRESENTATION_CONTEXT('2D SPACE',''
  ) );
#2032 = PCURVE('',#1151,#2033);
#2033 = DEFINITIONAL_REPRESENTATION('',(#2034),#2187);
#2034 = B_SPLINE_CURVE_WITH_KNOTS('',7,(#2035,#2036,#2037,#2038,#2039,
    #2040,#2041,#2042,#2043,#2044,#2045,#2046,#2047,#2048,#2049,#2050,
    #2051,#2052,#2053,#2054,#2055,#2056,#2057,#2058,#2059,#2060,#2061,
    #2062,#2063,#2064,#2065,#2066,#2067,#2068,#2069,#2070,#2071,#2072,
    #2073,#2074,#2075,#2076,#2077,#2078,#2079,#2080,#2081,#2082,#2083,
    #2084,#2085,#2086,#2087,#2088,#2089,#2090,#2091,#2092,#2093,#2094,
    #2095,#2096,#2097,#2098,#2099,#2100,#2101,#2102,#2103,#2104,#2105,
    #2106,#2107,#2108,#2109,#2110,#2111,#2112,#2113,#2114,#2115,#2116,
    #2117,#2118,#2119,#2120,#2121,#2122,#2123,#2124,#2125,#2126,#2127,
    #2128,#2129,#2130,#2131,#2132,#2133,#2134,#2135,#2136,#2137,#2138,
    #2139,#2140,#2141,#2142,#2143,#2144,#2145,#2146,#2147,#2148,#2149,
    #2150,#2151,#2152,#2153,#2154,#2155,#2156,#2157,#2158,#2159,#2160,
    #2161,#2162,#2163,#2164,#2165,#2166,#2167,#2168,#2169,#2170,#2171,
    #2172,#2173,#2174,#2175,#2176,#2177,#2178,#2179,#2180,#2181,#2182,
    #2183,#2184,#2185,#2186),.UNSPECIFIED.,.F.,.F.,(8,6,6,6,6,6,6,6,6,6,
    6,6,6,6,6,6,6,6,6,6,6,6,6,6,6,8),(0.,7.449695262874E-02,
    0.113991473366,0.157277615674,0.18486389372,0.204424455975,
    0.24999593143,0.315128538115,0.342714790771,0.386000893153,
    0.425495377668,0.448876420358,0.499999263108,0.535636351833,
    0.551123319106,0.574504375367,0.613998882805,0.657285010311,
    0.684871278979,0.750003923467,0.795575425373,0.815135998982,
    0.842722293039,0.886008460471,0.925503004131,1.),.UNSPECIFIED.);
#2035 = CARTESIAN_POINT('',(74.150109679805,-50.));
#2036 = CARTESIAN_POINT('',(74.150109802021,-51.03969201968));
#2037 = CARTESIAN_POINT('',(74.059130569849,-52.07976856541));
#2038 = CARTESIAN_POINT('',(73.87705554199,-53.10996151792));
#2039 = CARTESIAN_POINT('',(73.605908052759,-54.12091432853));
#2040 = CARTESIAN_POINT('',(73.249108678286,-55.10401855045));
#2041 = CARTESIAN_POINT('',(72.811342164127,-56.05138340663));
#2042 = CARTESIAN_POINT('',(72.026807952117,-57.43538054755));
#2043 = CARTESIAN_POINT('',(71.733874721052,-57.90292971247));
#2044 = CARTESIAN_POINT('',(71.420673193279,-58.3575095981));
#2045 = CARTESIAN_POINT('',(71.088106165458,-58.79821701305));
#2046 = CARTESIAN_POINT('',(70.737118940507,-59.22424289745));
#2047 = CARTESIAN_POINT('',(70.368687323709,-59.6348633896));
#2048 = CARTESIAN_POINT('',(69.561974322978,-60.46187833016));
#2049 = CARTESIAN_POINT('',(69.12037778416,-60.87504790298));
#2050 = CARTESIAN_POINT('',(68.660322408502,-61.26809408887));
#2051 = CARTESIAN_POINT('',(68.183129051838,-61.64029228221));
#2052 = CARTESIAN_POINT('',(67.690122217127,-61.99102506537));
#2053 = CARTESIAN_POINT('',(67.182619251877,-62.31976848008));
#2054 = CARTESIAN_POINT('',(66.330077545925,-62.82128969281));
#2055 = CARTESIAN_POINT('',(65.99287587133,-63.00738976711));
#2056 = CARTESIAN_POINT('',(65.65065080391,-63.18426404214));
#2057 = CARTESIAN_POINT('',(65.303736429458,-63.35181103605));
#2058 = CARTESIAN_POINT('',(64.952464131289,-63.50994121824));
#2059 = CARTESIAN_POINT('',(64.597162084083,-63.65857596277));
#2060 = CARTESIAN_POINT('',(63.983593945378,-63.89625708271));
#2061 = CARTESIAN_POINT('',(63.727170365971,-63.99005882304));
#2062 = CARTESIAN_POINT('',(63.468999812445,-64.0790273745));
#2063 = CARTESIAN_POINT('',(63.209197361464,-64.1631405985));
#2064 = CARTESIAN_POINT('',(62.947877363425,-64.24237856607));
#2065 = CARTESIAN_POINT('',(62.685153442448,-64.31672355788));
#2066 = CARTESIAN_POINT('',(61.806046245613,-64.5479305622));
#2067 = CARTESIAN_POINT('',(61.183951862938,-64.6830569355));
#2068 = CARTESIAN_POINT('',(60.556275239588,-64.79134344869));
#2069 = CARTESIAN_POINT('',(59.924426431578,-64.87264858786));
#2070 = CARTESIAN_POINT('',(59.289805227224,-64.9268814525));
#2071 = CARTESIAN_POINT('',(58.653800714647,-64.95399814724));
#2072 = CARTESIAN_POINT('',(57.108779304745,-64.953998009));
#2073 = CARTESIAN_POINT('',(56.199798878139,-64.89860633657));
#2074 = CARTESIAN_POINT('',(55.294844191062,-64.78782766866));
#2075 = CARTESIAN_POINT('',(54.397977433919,-64.62183978264));
#2076 = CARTESIAN_POINT('',(53.513322974273,-64.40102462252));
#2077 = CARTESIAN_POINT('',(52.645061965178,-64.1259992005));
#2078 = CARTESIAN_POINT('',(51.438419617513,-63.65857595912));
#2079 = CARTESIAN_POINT('',(51.083117570635,-63.50994121422));
#2080 = CARTESIAN_POINT('',(50.731845272754,-63.35181103179));
#2081 = CARTESIAN_POINT('',(50.384930898516,-63.18426403781));
#2082 = CARTESIAN_POINT('',(50.042705831206,-63.00738976293));
#2083 = CARTESIAN_POINT('',(49.705504156586,-62.82128968902));
#2084 = CARTESIAN_POINT('',(48.852962451216,-62.31976847849));
#2085 = CARTESIAN_POINT('',(48.345459486338,-61.99102506603));
#2086 = CARTESIAN_POINT('',(47.852452651432,-61.64029228579));
#2087 = CARTESIAN_POINT('',(47.375259294019,-61.26809409585));
#2088 = CARTESIAN_POINT('',(46.91520391722,-60.87504791358));
#2089 = CARTESIAN_POINT('',(46.473607377148,-60.46187834426));
#2090 = CARTESIAN_POINT('',(45.666894372455,-59.63486340745));
#2091 = CARTESIAN_POINT('',(45.298462753064,-59.22424291545));
#2092 = CARTESIAN_POINT('',(44.947475526216,-58.79821703048));
#2093 = CARTESIAN_POINT('',(44.61490849752,-58.35750961412));
#2094 = CARTESIAN_POINT('',(44.301706970107,-57.90292972624));
#2095 = CARTESIAN_POINT('',(44.00877374064,-57.43538055837));
#2096 = CARTESIAN_POINT('',(43.57603973539,-56.67199348761));
#2097 = CARTESIAN_POINT('',(43.422520791923,-56.3839238242));
#2098 = CARTESIAN_POINT('',(43.276576745452,-56.09186679035));
#2099 = CARTESIAN_POINT('',(43.138374158403,-55.79604036423));
#2100 = CARTESIAN_POINT('',(43.008069675113,-55.49667308875));
#2101 = CARTESIAN_POINT('',(42.885810021821,-55.19400407154));
#2102 = CARTESIAN_POINT('',(42.522298804438,-54.2198211447));
#2103 = CARTESIAN_POINT('',(42.311954487221,-53.53671005837));
#2104 = CARTESIAN_POINT('',(42.142157818797,-52.84164216765));
#2105 = CARTESIAN_POINT('',(42.014018795753,-52.13743502773));
#2106 = CARTESIAN_POINT('',(41.928316697712,-51.42702719417));
#2107 = CARTESIAN_POINT('',(41.885471982037,-50.71348211099));
#2108 = CARTESIAN_POINT('',(41.885471853346,-49.50264058072));
#2109 = CARTESIAN_POINT('',(41.906291890132,-49.00527052184));
#2110 = CARTESIAN_POINT('',(41.947931784832,-48.50895428758));
#2111 = CARTESIAN_POINT('',(42.010296946642,-48.01473443492));
#2112 = CARTESIAN_POINT('',(42.093201919949,-47.52363193837));
#2113 = CARTESIAN_POINT('',(42.196373761764,-47.0366465147));
#2114 = CARTESIAN_POINT('',(42.372943447713,-46.34534009545));
#2115 = CARTESIAN_POINT('',(42.430192013128,-46.13688358718));
#2116 = CARTESIAN_POINT('',(42.491171943072,-45.92946652602));
#2117 = CARTESIAN_POINT('',(42.55585149793,-45.72316636368));
#2118 = CARTESIAN_POINT('',(42.624196370809,-45.51805890043));
#2119 = CARTESIAN_POINT('',(42.696169687538,-45.31421828508));
#2120 = CARTESIAN_POINT('',(42.885810021821,-44.80599592845));
#2121 = CARTESIAN_POINT('',(43.008069675113,-44.50332691125));
#2122 = CARTESIAN_POINT('',(43.138374158403,-44.20395963576));
#2123 = CARTESIAN_POINT('',(43.276576745452,-43.90813320964));
#2124 = CARTESIAN_POINT('',(43.422520791923,-43.6160761758));
#2125 = CARTESIAN_POINT('',(43.57603973539,-43.32800651238));
#2126 = CARTESIAN_POINT('',(44.00877374064,-42.56461944163));
#2127 = CARTESIAN_POINT('',(44.301706970107,-42.09707027376));
#2128 = CARTESIAN_POINT('',(44.61490849752,-41.64249038587));
#2129 = CARTESIAN_POINT('',(44.947475526217,-41.20178296951));
#2130 = CARTESIAN_POINT('',(45.298462753064,-40.77575708454));
#2131 = CARTESIAN_POINT('',(45.666894372455,-40.36513659254));
#2132 = CARTESIAN_POINT('',(46.473607377148,-39.53812165573));
#2133 = CARTESIAN_POINT('',(46.91520391722,-39.12495208641));
#2134 = CARTESIAN_POINT('',(47.375259294019,-38.73190590414));
#2135 = CARTESIAN_POINT('',(47.852452651432,-38.3597077142));
#2136 = CARTESIAN_POINT('',(48.345459486338,-38.00897493396));
#2137 = CARTESIAN_POINT('',(48.852962451215,-37.6802315215));
#2138 = CARTESIAN_POINT('',(49.705504156586,-37.17871031097));
#2139 = CARTESIAN_POINT('',(50.042705831206,-36.99261023706));
#2140 = CARTESIAN_POINT('',(50.384930898516,-36.81573596218));
#2141 = CARTESIAN_POINT('',(50.731845272754,-36.64818896821));
#2142 = CARTESIAN_POINT('',(51.083117570635,-36.49005878577));
#2143 = CARTESIAN_POINT('',(51.438419617513,-36.34142404087));
#2144 = CARTESIAN_POINT('',(52.645061965178,-35.87400079949));
#2145 = CARTESIAN_POINT('',(53.513322974273,-35.59897537747));
#2146 = CARTESIAN_POINT('',(54.39797743392,-35.37816021735));
#2147 = CARTESIAN_POINT('',(55.294844191062,-35.21217233133));
#2148 = CARTESIAN_POINT('',(56.199798878139,-35.10139366342));
#2149 = CARTESIAN_POINT('',(57.108779304745,-35.04600199099));
#2150 = CARTESIAN_POINT('',(58.653800714647,-35.04600185276));
#2151 = CARTESIAN_POINT('',(59.289805227224,-35.07311854749));
#2152 = CARTESIAN_POINT('',(59.924426431579,-35.12735141213));
#2153 = CARTESIAN_POINT('',(60.556275239588,-35.2086565513));
#2154 = CARTESIAN_POINT('',(61.183951862938,-35.31694306449));
#2155 = CARTESIAN_POINT('',(61.806046245614,-35.45206943779));
#2156 = CARTESIAN_POINT('',(62.685153442448,-35.68327644211));
#2157 = CARTESIAN_POINT('',(62.947877363425,-35.75762143392));
#2158 = CARTESIAN_POINT('',(63.209197361464,-35.83685940149));
#2159 = CARTESIAN_POINT('',(63.468999812445,-35.92097262549));
#2160 = CARTESIAN_POINT('',(63.727170365971,-36.00994117695));
#2161 = CARTESIAN_POINT('',(63.983593945378,-36.10374291728));
#2162 = CARTESIAN_POINT('',(64.597162084083,-36.34142403723));
#2163 = CARTESIAN_POINT('',(64.952464131289,-36.49005878175));
#2164 = CARTESIAN_POINT('',(65.303736429458,-36.64818896394));
#2165 = CARTESIAN_POINT('',(65.65065080391,-36.81573595785));
#2166 = CARTESIAN_POINT('',(65.99287587133,-36.99261023288));
#2167 = CARTESIAN_POINT('',(66.330077545926,-37.17871030718));
#2168 = CARTESIAN_POINT('',(67.182619251877,-37.68023151991));
#2169 = CARTESIAN_POINT('',(67.690122217126,-38.00897493463));
#2170 = CARTESIAN_POINT('',(68.183129051838,-38.35970771778));
#2171 = CARTESIAN_POINT('',(68.660322408502,-38.73190591112));
#2172 = CARTESIAN_POINT('',(69.120377784161,-39.12495209701));
#2173 = CARTESIAN_POINT('',(69.561974322978,-39.53812166983));
#2174 = CARTESIAN_POINT('',(70.368687323709,-40.36513661039));
#2175 = CARTESIAN_POINT('',(70.737118940507,-40.77575710254));
#2176 = CARTESIAN_POINT('',(71.088106165458,-41.20178298694));
#2177 = CARTESIAN_POINT('',(71.420673193279,-41.64249040189));
#2178 = CARTESIAN_POINT('',(71.733874721052,-42.09707028752));
#2179 = CARTESIAN_POINT('',(72.026807952117,-42.56461945244));
#2180 = CARTESIAN_POINT('',(72.811342164122,-43.94861659336));
#2181 = CARTESIAN_POINT('',(73.249108678303,-44.89598144955));
#2182 = CARTESIAN_POINT('',(73.60590805273,-45.87908567145));
#2183 = CARTESIAN_POINT('',(73.877055542017,-46.89003848208));
#2184 = CARTESIAN_POINT('',(74.059130569835,-47.92023143457));
#2185 = CARTESIAN_POINT('',(74.150109802025,-48.96030798031));
#2186 = CARTESIAN_POINT('',(74.150109679805,-50.));
#2187 = ( GEOMETRIC_REPRESENTATION_CONTEXT(2) 
PARAMETRIC_REPRESENTATION_CONTEXT() REPRESENTATION_CONTEXT('2D SPACE',''
  ) );
#2188 = ORIENTED_EDGE('',*,*,#997,.F.);
#2189 = FACE_BOUND('',#2190,.F.);
#2190 = EDGE_LOOP('',(#2191));
#2191 = ORIENTED_EDGE('',*,*,#2192,.F.);
#2192 = EDGE_CURVE('',#2193,#2193,#2195,.T.);
#2193 = VERTEX_POINT('',#2194);
#2194 = CARTESIAN_POINT('',(-142.,6.172729666019,113.));
#2195 = SURFACE_CURVE('',#2196,(#2311,#2472),.PCURVE_S1.);
#2196 = B_SPLINE_CURVE_WITH_KNOTS('',8,(#2197,#2198,#2199,#2200,#2201,
    #2202,#2203,#2204,#2205,#2206,#2207,#2208,#2209,#2210,#2211,#2212,
    #2213,#2214,#2215,#2216,#2217,#2218,#2219,#2220,#2221,#2222,#2223,
    #2224,#2225,#2226,#2227,#2228,#2229,#2230,#2231,#2232,#2233,#2234,
    #2235,#2236,#2237,#2238,#2239,#2240,#2241,#2242,#2243,#2244,#2245,
    #2246,#2247,#2248,#2249,#2250,#2251,#2252,#2253,#2254,#2255,#2256,
    #2257,#2258,#2259,#2260,#2261,#2262,#2263,#2264,#2265,#2266,#2267,
    #2268,#2269,#2270,#2271,#2272,#2273,#2274,#2275,#2276,#2277,#2278,
    #2279,#2280,#2281,#2282,#2283,#2284,#2285,#2286,#2287,#2288,#2289,
    #2290,#2291,#2292,#2293,#2294,#2295,#2296,#2297,#2298,#2299,#2300,
    #2301,#2302,#2303,#2304,#2305,#2306,#2307,#2308,#2309,#2310),
  .UNSPECIFIED.,.T.,.F.,(9,7,7,7,7,7,7,7,7,7,7,7,7,7,7,7,9),(0.,
    0.274977985986,1.,1.418551873845,1.822334794469,2.20026758346,
    2.673528130014,2.90985370107,3.22282865629,3.535605567692,
    3.745566708388,4.309129400767,4.849563475947,5.178586932417,
    5.474144824186,5.732075579678,5.950847782174),.UNSPECIFIED.);
#2197 = CARTESIAN_POINT('',(-142.,6.172729666019,113.));
#2198 = CARTESIAN_POINT('',(-142.,6.147737856095,112.85100984193));
#2199 = CARTESIAN_POINT('',(-142.0063424235,6.119091974963,
    112.70317982396));
#2200 = CARTESIAN_POINT('',(-142.0188538649,6.087004597073,
    112.55696507114));
#2201 = CARTESIAN_POINT('',(-142.0373121618,6.051717563006,
    112.41274265286));
#2202 = CARTESIAN_POINT('',(-142.0614683338,6.013487490356,
    112.27082053336));
#2203 = CARTESIAN_POINT('',(-142.09106446,5.972574256481,112.1314450669)
  );
#2204 = CARTESIAN_POINT('',(-142.1258474924,5.929232453124,
    111.99480703759));
#2205 = CARTESIAN_POINT('',(-142.2703372983,5.763667780493,
    111.50836521152));
#2206 = CARTESIAN_POINT('',(-142.4091049526,5.628891876659,
    111.17701092089));
#2207 = CARTESIAN_POINT('',(-142.5776639314,5.483351995729,
    110.86727414621));
#2208 = CARTESIAN_POINT('',(-142.7731315988,5.330646628081,
    110.57982901083));
#2209 = CARTESIAN_POINT('',(-142.9931801343,5.17426608748,
    110.31506697498));
#2210 = CARTESIAN_POINT('',(-143.2366139594,5.017722063596,
    110.07349452406));
#2211 = CARTESIAN_POINT('',(-143.5030615249,4.864551926466,
    109.85550371637));
#2212 = CARTESIAN_POINT('',(-143.9637865829,4.635195251564,
    109.55113351507));
#2213 = CARTESIAN_POINT('',(-144.1405758247,4.554028599198,
    109.44832793033));
#2214 = CARTESIAN_POINT('',(-144.3258277257,4.47653371011,
    109.35441770408));
#2215 = CARTESIAN_POINT('',(-144.5196965785,4.403895358191,
    109.27007993383));
#2216 = CARTESIAN_POINT('',(-144.7221221959,4.337566707591,
    109.19622601546));
#2217 = CARTESIAN_POINT('',(-144.9327861012,4.279220090759,
    109.13397027006));
#2218 = CARTESIAN_POINT('',(-145.1509717482,4.230557292713,
    109.0845574387));
#2219 = CARTESIAN_POINT('',(-145.5915322292,4.156502299532,
    109.01488764884));
#2220 = CARTESIAN_POINT('',(-145.8137707044,4.130302542927,
    108.9936179606));
#2221 = CARTESIAN_POINT('',(-146.0393096796,4.1156856982,108.98654907686
    ));
#2222 = CARTESIAN_POINT('',(-146.2657444395,4.113213166454,
    108.99420735793));
#2223 = CARTESIAN_POINT('',(-146.4908765279,4.122479578045,
    109.01657830459));
#2224 = CARTESIAN_POINT('',(-146.7126969774,4.142306771919,
    109.05321840702));
#2225 = CARTESIAN_POINT('',(-146.9293737969,4.171062714535,
    109.10330827917));
#2226 = CARTESIAN_POINT('',(-147.335712793,4.240497822442,
    109.22404033865));
#2227 = CARTESIAN_POINT('',(-147.5266790466,4.28037465253,109.2932990707
    ));
#2228 = CARTESIAN_POINT('',(-147.7117119401,4.325278749022,
    109.37285207761));
#2229 = CARTESIAN_POINT('',(-147.8904990677,4.373953900993,
    109.46215868193));
#2230 = CARTESIAN_POINT('',(-148.0628043331,4.425259703613,
    109.56075847613));
#2231 = CARTESIAN_POINT('',(-148.2284466754,4.478197584743,
    109.66828471571));
#2232 = CARTESIAN_POINT('',(-148.3872895076,4.531900581438,
    109.78448940413));
#2233 = CARTESIAN_POINT('',(-148.72945676,4.652881528562,110.06560269046
    ));
#2234 = CARTESIAN_POINT('',(-148.9086760933,4.720104904627,
    110.23525958942));
#2235 = CARTESIAN_POINT('',(-149.0765238284,4.785758215965,
    110.41797878018));
#2236 = CARTESIAN_POINT('',(-149.2322443535,4.848420508485,
    110.61343553601));
#2237 = CARTESIAN_POINT('',(-149.3748405617,4.906745900455,
    110.82115995318));
#2238 = CARTESIAN_POINT('',(-149.5031496581,4.959477003851,
    111.04046862842));
#2239 = CARTESIAN_POINT('',(-149.6159132006,5.005500367483,
    111.27038607645));
#2240 = CARTESIAN_POINT('',(-149.7598717745,5.063135240763,
    111.62889837339));
#2241 = CARTESIAN_POINT('',(-149.803629833,5.080435366263,
    111.75056748511));
#2242 = CARTESIAN_POINT('',(-149.8430430007,5.095728241944,
    111.8742966933));
#2243 = CARTESIAN_POINT('',(-149.8779661115,5.10892114025,
    111.99986002852));
#2244 = CARTESIAN_POINT('',(-149.9082706099,5.119943234573,
    112.12701200184));
#2245 = CARTESIAN_POINT('',(-149.9338483571,5.128747977609,
    112.25548650642));
#2246 = CARTESIAN_POINT('',(-149.9546154388,5.13531547971,
    112.38499571909));
#2247 = CARTESIAN_POINT('',(-149.9915736523,5.145401729899,
    112.68770189883));
#2248 = CARTESIAN_POINT('',(-150.0041021565,5.147242355623,
    112.86149173111));
#2249 = CARTESIAN_POINT('',(-150.0079638847,5.145193849038,
    113.03585969583));
#2250 = CARTESIAN_POINT('',(-150.0031304682,5.13936887441,
    113.21011256328));
#2251 = CARTESIAN_POINT('',(-149.9896584616,5.129962368779,
    113.38360214825));
#2252 = CARTESIAN_POINT('',(-149.9676704587,5.117239420151,
    113.55572459087));
#2253 = CARTESIAN_POINT('',(-149.9373416321,5.101524330726,
    113.72591944707));
#2254 = CARTESIAN_POINT('',(-149.8604660892,5.064869000659,
    114.06131158202));
#2255 = CARTESIAN_POINT('',(-149.8139243813,5.043929618053,
    114.22653399795));
#2256 = CARTESIAN_POINT('',(-149.75946484,5.020736228257,114.38889372756
    ));
#2257 = CARTESIAN_POINT('',(-149.6973025156,4.995692581837,
    114.54800459757));
#2258 = CARTESIAN_POINT('',(-149.6276554907,4.969233652871,
    114.70352868383));
#2259 = CARTESIAN_POINT('',(-149.5507312883,4.941819070241,
    114.85516882252));
#2260 = CARTESIAN_POINT('',(-149.4667134407,4.913928996371,
    115.00266131899));
#2261 = CARTESIAN_POINT('',(-149.3146850072,4.8673561777,115.2418341974)
  );
#2262 = CARTESIAN_POINT('',(-149.2504974115,4.848662591051,
    115.3359137157));
#2263 = CARTESIAN_POINT('',(-149.1832315794,4.830132400307,
    115.42793469863));
#2264 = CARTESIAN_POINT('',(-149.1129336667,4.811923253819,115.517818075
    ));
#2265 = CARTESIAN_POINT('',(-149.0396511232,4.79419849214,
    115.60547893294));
#2266 = CARTESIAN_POINT('',(-148.963433979,4.777125898691,
    115.69082703988));
#2267 = CARTESIAN_POINT('',(-148.8843361325,4.760876450439,
    115.77376736257));
#2268 = CARTESIAN_POINT('',(-148.5825341806,4.704681030789,
    116.07009370171));
#2269 = CARTESIAN_POINT('',(-148.3411178544,4.670688908514,
    116.26910747292));
#2270 = CARTESIAN_POINT('',(-148.0803868791,4.647394768077,
    116.44753518385));
#2271 = CARTESIAN_POINT('',(-147.8032446633,4.63838249365,
    116.60241367929));
#2272 = CARTESIAN_POINT('',(-147.5132117037,4.646495719076,116.731425932
    ));
#2273 = CARTESIAN_POINT('',(-147.2144473745,4.672705746125,
    116.83299763365));
#2274 = CARTESIAN_POINT('',(-146.9119091256,4.715777193239,
    116.90649889496));
#2275 = CARTESIAN_POINT('',(-146.3237205433,4.827160758496,
    116.9975111506));
#2276 = CARTESIAN_POINT('',(-146.0372501465,4.894484634638,
    117.01729366018));
#2277 = CARTESIAN_POINT('',(-145.7546436217,4.972549456425,
    117.01348322193));
#2278 = CARTESIAN_POINT('',(-145.4774531921,5.058783592665,
    116.98752647101));
#2279 = CARTESIAN_POINT('',(-145.2067539961,5.150699256211,
    116.94069318498));
#2280 = CARTESIAN_POINT('',(-144.9432833479,5.246116715454,
    116.8739930802));
#2281 = CARTESIAN_POINT('',(-144.6874703518,5.343176239661,
    116.7881138433));
#2282 = CARTESIAN_POINT('',(-144.288498359,5.499428453267,
    116.61906749846));
#2283 = CARTESIAN_POINT('',(-144.1405326591,5.558535899027,
    116.54803057721));
#2284 = CARTESIAN_POINT('',(-143.9956808632,5.617237271547,
    116.46997286649));
#2285 = CARTESIAN_POINT('',(-143.8541064881,5.675144801092,
    116.3849092308));
#2286 = CARTESIAN_POINT('',(-143.7160275774,5.731863832686,
    116.29283866898));
#2287 = CARTESIAN_POINT('',(-143.5817098457,5.786990828595,
    116.19375454756));
#2288 = CARTESIAN_POINT('',(-143.451462868,5.840112445367,
    116.08765083229));
#2289 = CARTESIAN_POINT('',(-143.212613498,5.936342825289,
    115.87290410414));
#2290 = CARTESIAN_POINT('',(-143.1031750827,5.979913157919,
    115.76563355232));
#2291 = CARTESIAN_POINT('',(-142.9975970561,6.02120315815,
    115.65273023644));
#2292 = CARTESIAN_POINT('',(-142.8962061481,6.05988316113,
    115.53424850998));
#2293 = CARTESIAN_POINT('',(-142.7993734689,6.095612225492,
    115.41029097716));
#2294 = CARTESIAN_POINT('',(-142.7075024371,6.128047213879,
    115.28102355248));
#2295 = CARTESIAN_POINT('',(-142.621013997,6.1568560908,115.14669410825)
  );
#2296 = CARTESIAN_POINT('',(-142.4699161515,6.203447423711,
    114.8863162591));
#2297 = CARTESIAN_POINT('',(-142.4039132891,6.222169781334,
    114.76137415426));
#2298 = CARTESIAN_POINT('',(-142.342625385,6.237692414248,
    114.63310087693));
#2299 = CARTESIAN_POINT('',(-142.2863331121,6.249832505732,
    114.50181149448));
#2300 = CARTESIAN_POINT('',(-142.2352882686,6.258440262314,
    114.36786612744));
#2301 = CARTESIAN_POINT('',(-142.1897061146,6.263406140995,
    114.23167352029));
#2302 = CARTESIAN_POINT('',(-142.1497547444,6.264669560174,
    114.09369571627));
#2303 = CARTESIAN_POINT('',(-142.0865224361,6.26015913523,
    113.83635139174));
#2304 = CARTESIAN_POINT('',(-142.0616249651,6.255423985972,
    113.71731206369));
#2305 = CARTESIAN_POINT('',(-142.0409155796,6.248020890014,
    113.59764797414));
#2306 = CARTESIAN_POINT('',(-142.024421367,6.237975807707,113.4776589288
    ));
#2307 = CARTESIAN_POINT('',(-142.0121343148,6.225340376149,
    113.35763209154));
#2308 = CARTESIAN_POINT('',(-142.0040156202,6.210188869081,
    113.23784165868));
#2309 = CARTESIAN_POINT('',(-142.,6.192615156792,113.11854853339));
#2310 = CARTESIAN_POINT('',(-142.,6.172729666019,113.));
#2311 = PCURVE('',#901,#2312);
#2312 = DEFINITIONAL_REPRESENTATION('',(#2313),#2471);
#2313 = B_SPLINE_CURVE_WITH_KNOTS('',3,(#2314,#2315,#2316,#2317,#2318,
    #2319,#2320,#2321,#2322,#2323,#2324,#2325,#2326,#2327,#2328,#2329,
    #2330,#2331,#2332,#2333,#2334,#2335,#2336,#2337,#2338,#2339,#2340,
    #2341,#2342,#2343,#2344,#2345,#2346,#2347,#2348,#2349,#2350,#2351,
    #2352,#2353,#2354,#2355,#2356,#2357,#2358,#2359,#2360,#2361,#2362,
    #2363,#2364,#2365,#2366,#2367,#2368,#2369,#2370,#2371,#2372,#2373,
    #2374,#2375,#2376,#2377,#2378,#2379,#2380,#2381,#2382,#2383,#2384,
    #2385,#2386,#2387,#2388,#2389,#2390,#2391,#2392,#2393,#2394,#2395,
    #2396,#2397,#2398,#2399,#2400,#2401,#2402,#2403,#2404,#2405,#2406,
    #2407,#2408,#2409,#2410,#2411,#2412,#2413,#2414,#2415,#2416,#2417,
    #2418,#2419,#2420,#2421,#2422,#2423,#2424,#2425,#2426,#2427,#2428,
    #2429,#2430,#2431,#2432,#2433,#2434,#2435,#2436,#2437,#2438,#2439,
    #2440,#2441,#2442,#2443,#2444,#2445,#2446,#2447,#2448,#2449,#2450,
    #2451,#2452,#2453,#2454,#2455,#2456,#2457,#2458,#2459,#2460,#2461,
    #2462,#2463,#2464,#2465,#2466,#2467,#2468,#2469,#2470),
  .UNSPECIFIED.,.T.,.F.,(4,1,1,1,1,1,1,1,1,1,1,1,1,1,1,1,1,1,1,1,1,1,1,1
    ,1,1,1,1,1,1,1,1,1,1,1,1,1,1,1,1,1,1,1,1,1,1,1,1,1,1,1,1,1,1,1,1,1,1
    ,1,1,1,1,1,1,1,1,1,1,1,1,1,1,1,1,1,1,1,1,1,1,1,1,1,1,1,1,1,1,1,1,1,1
    ,1,1,1,1,1,1,1,1,1,1,1,1,1,1,1,1,1,1,1,1,1,1,1,1,1,1,1,1,1,1,1,1,1,1
    ,1,1,1,1,1,1,1,1,1,1,1,1,1,1,1,1,1,1,1,1,1,1,1,1,1,1,1,1,4),(0.,
    3.864186871541E-02,7.728373743082E-02,0.115925606146,0.154567474862,
    0.193209343577,0.231851212292,0.270493081008,0.309134949723,
    0.347776818439,0.386418687154,0.42506055587,0.463702424585,
    0.5023442933,0.540986162016,0.579628030731,0.618269899447,
    0.656911768162,0.695553636877,0.734195505593,0.772837374308,
    0.811479243024,0.850121111739,0.888762980454,0.92740484917,
    0.966046717885,1.004688586601,1.043330455316,1.081972324032,
    1.120614192747,1.159256061462,1.197897930178,1.236539798893,
    1.275181667609,1.313823536324,1.352465405039,1.391107273755,
    1.42974914247,1.468391011186,1.507032879901,1.545674748616,
    1.584316617332,1.622958486047,1.661600354763,1.700242223478,
    1.738884092194,1.777525960909,1.816167829624,1.85480969834,
    1.893451567055,1.932093435771,1.970735304486,2.009377173201,
    2.048019041917,2.086660910632,2.125302779348,2.163944648063,
    2.202586516779,2.241228385494,2.279870254209,2.318512122925,
    2.35715399164,2.395795860356,2.434437729071,2.473079597786,
    2.511721466502,2.550363335217,2.589005203933,2.627647072648,
    2.666288941363,2.704930810079,2.743572678794,2.78221454751,
    2.820856416225,2.859498284941,2.898140153656,2.936782022371,
    2.975423891087,3.014065759802,3.052707628518,3.091349497233,
    3.129991365948,3.168633234664,3.207275103379,3.245916972095,
    3.28455884081,3.323200709525,3.361842578241,3.400484446956,
    3.439126315672,3.477768184387,3.516410053103,3.555051921818,
    3.593693790533,3.632335659249,3.670977527964,3.70961939668,
    3.748261265395,3.78690313411,3.825545002826,3.864186871541,
    3.902828740257,3.941470608972,3.980112477687,4.018754346403,
    4.057396215118,4.096038083834,4.134679952549,4.173321821265,
    4.21196368998,4.250605558695,4.289247427411,4.327889296126,
    4.366531164842,4.405173033557,4.443814902272,4.482456770988,
    4.521098639703,4.559740508419,4.598382377134,4.637024245849,
    4.675666114565,4.71430798328,4.752949851996,4.791591720711,
    4.830233589427,4.868875458142,4.907517326857,4.946159195573,
    4.984801064288,5.023442933004,5.062084801719,5.100726670434,
    5.13936853915,5.178010407865,5.216652276581,5.255294145296,
    5.293936014012,5.332577882727,5.371219751442,5.409861620158,
    5.448503488873,5.487145357589,5.525787226304,5.564429095019,
    5.603070963735,5.64171283245,5.680354701166,5.718996569881,
    5.757638438596,5.796280307312,5.834922176027,5.873564044743,
    5.912205913458,5.950847782174),.QUASI_UNIFORM_KNOTS.);
#2314 = CARTESIAN_POINT('',(0.719219059173,0.310331595168));
#2315 = CARTESIAN_POINT('',(0.717986044737,0.310331611035));
#2316 = CARTESIAN_POINT('',(0.715533180195,0.310312101514));
#2317 = CARTESIAN_POINT('',(0.711897512547,0.310225896035));
#2318 = CARTESIAN_POINT('',(0.708309890303,0.310084370612));
#2319 = CARTESIAN_POINT('',(0.704773749447,0.309889361071));
#2320 = CARTESIAN_POINT('',(0.701291938301,0.309642767558));
#2321 = CARTESIAN_POINT('',(0.697866913358,0.309346554134));
#2322 = CARTESIAN_POINT('',(0.694499972869,0.309002606504));
#2323 = CARTESIAN_POINT('',(0.691194450005,0.308613039084));
#2324 = CARTESIAN_POINT('',(0.687953279329,0.308180042675));
#2325 = CARTESIAN_POINT('',(0.684774510109,0.307705099001));
#2326 = CARTESIAN_POINT('',(0.681657876703,0.307189714264));
#2327 = CARTESIAN_POINT('',(0.678603045579,0.306635240186));
#2328 = CARTESIAN_POINT('',(0.675610053302,0.306042929865));
#2329 = CARTESIAN_POINT('',(0.672679167647,0.305413927316));
#2330 = CARTESIAN_POINT('',(0.669810911831,0.304749271887));
#2331 = CARTESIAN_POINT('',(0.667006052338,0.304049896149));
#2332 = CARTESIAN_POINT('',(0.664265603042,0.303316623205));
#2333 = CARTESIAN_POINT('',(0.661590831097,0.302550161858));
#2334 = CARTESIAN_POINT('',(0.658983268733,0.301751100031));
#2335 = CARTESIAN_POINT('',(0.65644472978,0.30091989578));
#2336 = CARTESIAN_POINT('',(0.653977334355,0.300056866782));
#2337 = CARTESIAN_POINT('',(0.651583533967,0.299162173258));
#2338 = CARTESIAN_POINT('',(0.649266171469,0.298235810789));
#2339 = CARTESIAN_POINT('',(0.64702845468,0.297277548624));
#2340 = CARTESIAN_POINT('',(0.644874304721,0.296287050253));
#2341 = CARTESIAN_POINT('',(0.64280736881,0.295263288513));
#2342 = CARTESIAN_POINT('',(0.640835226065,0.294206632152));
#2343 = CARTESIAN_POINT('',(0.638965400996,0.293117125784));
#2344 = CARTESIAN_POINT('',(0.637205385619,0.291994229827));
#2345 = CARTESIAN_POINT('',(0.635564387668,0.290837809729));
#2346 = CARTESIAN_POINT('',(0.634052741034,0.289647904463));
#2347 = CARTESIAN_POINT('',(0.632681922764,0.288424827171));
#2348 = CARTESIAN_POINT('',(0.631464369707,0.287169185617));
#2349 = CARTESIAN_POINT('',(0.630413294002,0.285881932872));
#2350 = CARTESIAN_POINT('',(0.629542422256,0.284564432764));
#2351 = CARTESIAN_POINT('',(0.628865673844,0.283218505353));
#2352 = CARTESIAN_POINT('',(0.628396705342,0.281846620554));
#2353 = CARTESIAN_POINT('',(0.62814845088,0.280451386945));
#2354 = CARTESIAN_POINT('',(0.628132459291,0.279039240354));
#2355 = CARTESIAN_POINT('',(0.628356457483,0.277616090155));
#2356 = CARTESIAN_POINT('',(0.628824721825,0.276187680061));
#2357 = CARTESIAN_POINT('',(0.629538107023,0.274759496764));
#2358 = CARTESIAN_POINT('',(0.630494231478,0.273336801669));
#2359 = CARTESIAN_POINT('',(0.631687685315,0.271924624586));
#2360 = CARTESIAN_POINT('',(0.633110259272,0.270527785785));
#2361 = CARTESIAN_POINT('',(0.634751283739,0.269150839168));
#2362 = CARTESIAN_POINT('',(0.636597659786,0.267798296639));
#2363 = CARTESIAN_POINT('',(0.638635094609,0.266473798027));
#2364 = CARTESIAN_POINT('',(0.640855146762,0.265176852418));
#2365 = CARTESIAN_POINT('',(0.643246812372,0.263908963905));
#2366 = CARTESIAN_POINT('',(0.645800320484,0.262670946444));
#2367 = CARTESIAN_POINT('',(0.648506339225,0.261463631297));
#2368 = CARTESIAN_POINT('',(0.651356326258,0.26028770177));
#2369 = CARTESIAN_POINT('',(0.654342539609,0.259143761295));
#2370 = CARTESIAN_POINT('',(0.657458173697,0.258032321585));
#2371 = CARTESIAN_POINT('',(0.660697276986,0.256953864453));
#2372 = CARTESIAN_POINT('',(0.664055394212,0.25590868274));
#2373 = CARTESIAN_POINT('',(0.667527519634,0.254897537462));
#2374 = CARTESIAN_POINT('',(0.671108763481,0.253921346772));
#2375 = CARTESIAN_POINT('',(0.674795384647,0.252980912898));
#2376 = CARTESIAN_POINT('',(0.678583318524,0.252077319684));
#2377 = CARTESIAN_POINT('',(0.682468503485,0.251211794153));
#2378 = CARTESIAN_POINT('',(0.686446728098,0.250385714916));
#2379 = CARTESIAN_POINT('',(0.690513607489,0.249600583625));
#2380 = CARTESIAN_POINT('',(0.69466452453,0.248858007767));
#2381 = CARTESIAN_POINT('',(0.698894575383,0.248159681337));
#2382 = CARTESIAN_POINT('',(0.703198515809,0.247507364749));
#2383 = CARTESIAN_POINT('',(0.707570672982,0.246902867948));
#2384 = CARTESIAN_POINT('',(0.712004957322,0.24634801526));
#2385 = CARTESIAN_POINT('',(0.716494461663,0.245844669625));
#2386 = CARTESIAN_POINT('',(0.721029799315,0.245394815849));
#2387 = CARTESIAN_POINT('',(0.725602269385,0.245000153589));
#2388 = CARTESIAN_POINT('',(0.730202510977,0.244662244674));
#2389 = CARTESIAN_POINT('',(0.73482078903,0.244382445281));
#2390 = CARTESIAN_POINT('',(0.739446817754,0.244161895253));
#2391 = CARTESIAN_POINT('',(0.744069887698,0.244001480761));
#2392 = CARTESIAN_POINT('',(0.748679782104,0.243901792862));
#2393 = CARTESIAN_POINT('',(0.753265340447,0.24386316431));
#2394 = CARTESIAN_POINT('',(0.75781623518,0.243885622726));
#2395 = CARTESIAN_POINT('',(0.762322501478,0.24396894068));
#2396 = CARTESIAN_POINT('',(0.766774598752,0.244112659744));
#2397 = CARTESIAN_POINT('',(0.771163318392,0.244316115388));
#2398 = CARTESIAN_POINT('',(0.77547981413,0.244578465034));
#2399 = CARTESIAN_POINT('',(0.779715335518,0.244898683395));
#2400 = CARTESIAN_POINT('',(0.783862842517,0.245275732736));
#2401 = CARTESIAN_POINT('',(0.787915522986,0.245708534769));
#2402 = CARTESIAN_POINT('',(0.791866796143,0.246195989574));
#2403 = CARTESIAN_POINT('',(0.795710288089,0.246737001407));
#2404 = CARTESIAN_POINT('',(0.799439775303,0.247330498798));
#2405 = CARTESIAN_POINT('',(0.80304914932,0.247975458279));
#2406 = CARTESIAN_POINT('',(0.806532348235,0.248670918668));
#2407 = CARTESIAN_POINT('',(0.809883417509,0.24941602916));
#2408 = CARTESIAN_POINT('',(0.81309575165,0.25020989114));
#2409 = CARTESIAN_POINT('',(0.816162843974,0.251051728621));
#2410 = CARTESIAN_POINT('',(0.819077527368,0.251940683204));
#2411 = CARTESIAN_POINT('',(0.821832687258,0.25287604025));
#2412 = CARTESIAN_POINT('',(0.824419268125,0.253856364459));
#2413 = CARTESIAN_POINT('',(0.826834094993,0.254882679757));
#2414 = CARTESIAN_POINT('',(0.829067933807,0.255954140053));
#2415 = CARTESIAN_POINT('',(0.83110882079,0.257068106431));
#2416 = CARTESIAN_POINT('',(0.832946966091,0.258222162073));
#2417 = CARTESIAN_POINT('',(0.834573590975,0.259413574382));
#2418 = CARTESIAN_POINT('',(0.835981403659,0.260639438595));
#2419 = CARTESIAN_POINT('',(0.837164640793,0.261896636275));
#2420 = CARTESIAN_POINT('',(0.838119221973,0.263181841018));
#2421 = CARTESIAN_POINT('',(0.838842863843,0.264491508564));
#2422 = CARTESIAN_POINT('',(0.839335188159,0.265821869655));
#2423 = CARTESIAN_POINT('',(0.839597814163,0.267168914465));
#2424 = CARTESIAN_POINT('',(0.839634421857,0.268528394366));
#2425 = CARTESIAN_POINT('',(0.83945084067,0.269895748705));
#2426 = CARTESIAN_POINT('',(0.839054959642,0.271266300054));
#2427 = CARTESIAN_POINT('',(0.83845723066,0.272634436752));
#2428 = CARTESIAN_POINT('',(0.837668179608,0.273997986678));
#2429 = CARTESIAN_POINT('',(0.836698270104,0.275354925397));
#2430 = CARTESIAN_POINT('',(0.835558008594,0.276703307456));
#2431 = CARTESIAN_POINT('',(0.834257614931,0.278041462487));
#2432 = CARTESIAN_POINT('',(0.832806929841,0.279367910019));
#2433 = CARTESIAN_POINT('',(0.831215293854,0.280681354553));
#2434 = CARTESIAN_POINT('',(0.829491463442,0.281980663574));
#2435 = CARTESIAN_POINT('',(0.827643540942,0.28326485419));
#2436 = CARTESIAN_POINT('',(0.825678919876,0.284533080636));
#2437 = CARTESIAN_POINT('',(0.823604236247,0.285784625635));
#2438 = CARTESIAN_POINT('',(0.821425335408,0.287018888874));
#2439 = CARTESIAN_POINT('',(0.819147199465,0.288235394217));
#2440 = CARTESIAN_POINT('',(0.816774019999,0.289433733525));
#2441 = CARTESIAN_POINT('',(0.814308706821,0.290613751893));
#2442 = CARTESIAN_POINT('',(0.811755744347,0.291774238596));
#2443 = CARTESIAN_POINT('',(0.80911773239,0.29291463347));
#2444 = CARTESIAN_POINT('',(0.806397132303,0.294034144587));
#2445 = CARTESIAN_POINT('',(0.803596123414,0.295131856175));
#2446 = CARTESIAN_POINT('',(0.800716673094,0.296206709969));
#2447 = CARTESIAN_POINT('',(0.797760533934,0.297257521685));
#2448 = CARTESIAN_POINT('',(0.794729288319,0.298282975506));
#2449 = CARTESIAN_POINT('',(0.791624246304,0.29928166342));
#2450 = CARTESIAN_POINT('',(0.788446853411,0.300251959295));
#2451 = CARTESIAN_POINT('',(0.785199028909,0.30119195515));
#2452 = CARTESIAN_POINT('',(0.781882626441,0.302099656803));
#2453 = CARTESIAN_POINT('',(0.778499923058,0.302972864096));
#2454 = CARTESIAN_POINT('',(0.775053539847,0.303809234938));
#2455 = CARTESIAN_POINT('',(0.771546530529,0.30460630257));
#2456 = CARTESIAN_POINT('',(0.767982424868,0.305361510423));
#2457 = CARTESIAN_POINT('',(0.764365351635,0.306072237067));
#2458 = CARTESIAN_POINT('',(0.760699827121,0.306735882925));
#2459 = CARTESIAN_POINT('',(0.75699217006,0.307349695894));
#2460 = CARTESIAN_POINT('',(0.753248892751,0.307911157273));
#2461 = CARTESIAN_POINT('',(0.749476932791,0.308417972314));
#2462 = CARTESIAN_POINT('',(0.745683685977,0.308868117152));
#2463 = CARTESIAN_POINT('',(0.74187710088,0.309259876359));
#2464 = CARTESIAN_POINT('',(0.738065804263,0.309591895315));
#2465 = CARTESIAN_POINT('',(0.734257547453,0.30986334029));
#2466 = CARTESIAN_POINT('',(0.730460752271,0.310073757037));
#2467 = CARTESIAN_POINT('',(0.726682969562,0.310223194918));
#2468 = CARTESIAN_POINT('',(0.722931353552,0.310312088637));
#2469 = CARTESIAN_POINT('',(0.720452103787,0.310331624547));
#2470 = CARTESIAN_POINT('',(0.719219059173,0.310331595168));
#2471 = ( GEOMETRIC_REPRESENTATION_CONTEXT(2) 
PARAMETRIC_REPRESENTATION_CONTEXT() REPRESENTATION_CONTEXT('2D SPACE',''
  ) );
#2472 = PCURVE('',#2473,#2478);
#2473 = CYLINDRICAL_SURFACE('',#2474,4.);
#2474 = AXIS2_PLACEMENT_3D('',#2475,#2476,#2477);
#2475 = CARTESIAN_POINT('',(-146.,8.,113.));
#2476 = DIRECTION('',(-0.,1.,-0.));
#2477 = DIRECTION('',(1.,0.,0.));
#2478 = DEFINITIONAL_REPRESENTATION('',(#2479),#2637);
#2479 = B_SPLINE_CURVE_WITH_KNOTS('',3,(#2480,#2481,#2482,#2483,#2484,
    #2485,#2486,#2487,#2488,#2489,#2490,#2491,#2492,#2493,#2494,#2495,
    #2496,#2497,#2498,#2499,#2500,#2501,#2502,#2503,#2504,#2505,#2506,
    #2507,#2508,#2509,#2510,#2511,#2512,#2513,#2514,#2515,#2516,#2517,
    #2518,#2519,#2520,#2521,#2522,#2523,#2524,#2525,#2526,#2527,#2528,
    #2529,#2530,#2531,#2532,#2533,#2534,#2535,#2536,#2537,#2538,#2539,
    #2540,#2541,#2542,#2543,#2544,#2545,#2546,#2547,#2548,#2549,#2550,
    #2551,#2552,#2553,#2554,#2555,#2556,#2557,#2558,#2559,#2560,#2561,
    #2562,#2563,#2564,#2565,#2566,#2567,#2568,#2569,#2570,#2571,#2572,
    #2573,#2574,#2575,#2576,#2577,#2578,#2579,#2580,#2581,#2582,#2583,
    #2584,#2585,#2586,#2587,#2588,#2589,#2590,#2591,#2592,#2593,#2594,
    #2595,#2596,#2597,#2598,#2599,#2600,#2601,#2602,#2603,#2604,#2605,
    #2606,#2607,#2608,#2609,#2610,#2611,#2612,#2613,#2614,#2615,#2616,
    #2617,#2618,#2619,#2620,#2621,#2622,#2623,#2624,#2625,#2626,#2627,
    #2628,#2629,#2630,#2631,#2632,#2633,#2634,#2635,#2636),
  .UNSPECIFIED.,.F.,.F.,(4,1,1,1,1,1,1,1,1,1,1,1,1,1,1,1,1,1,1,1,1,1,1,1
    ,1,1,1,1,1,1,1,1,1,1,1,1,1,1,1,1,1,1,1,1,1,1,1,1,1,1,1,1,1,1,1,1,1,1
    ,1,1,1,1,1,1,1,1,1,1,1,1,1,1,1,1,1,1,1,1,1,1,1,1,1,1,1,1,1,1,1,1,1,1
    ,1,1,1,1,1,1,1,1,1,1,1,1,1,1,1,1,1,1,1,1,1,1,1,1,1,1,1,1,1,1,1,1,1,1
    ,1,1,1,1,1,1,1,1,1,1,1,1,1,1,1,1,1,1,1,1,1,1,1,1,1,1,1,1,4),(0.,
    3.864186871541E-02,7.728373743082E-02,0.115925606146,0.154567474862,
    0.193209343577,0.231851212292,0.270493081008,0.309134949723,
    0.347776818439,0.386418687154,0.42506055587,0.463702424585,
    0.5023442933,0.540986162016,0.579628030731,0.618269899447,
    0.656911768162,0.695553636877,0.734195505593,0.772837374308,
    0.811479243024,0.850121111739,0.888762980454,0.92740484917,
    0.966046717885,1.004688586601,1.043330455316,1.081972324032,
    1.120614192747,1.159256061462,1.197897930178,1.236539798893,
    1.275181667609,1.313823536324,1.352465405039,1.391107273755,
    1.42974914247,1.468391011186,1.507032879901,1.545674748616,
    1.584316617332,1.622958486047,1.661600354763,1.700242223478,
    1.738884092194,1.777525960909,1.816167829624,1.85480969834,
    1.893451567055,1.932093435771,1.970735304486,2.009377173201,
    2.048019041917,2.086660910632,2.125302779348,2.163944648063,
    2.202586516779,2.241228385494,2.279870254209,2.318512122925,
    2.35715399164,2.395795860356,2.434437729071,2.473079597786,
    2.511721466502,2.550363335217,2.589005203933,2.627647072648,
    2.666288941363,2.704930810079,2.743572678794,2.78221454751,
    2.820856416225,2.859498284941,2.898140153656,2.936782022371,
    2.975423891087,3.014065759802,3.052707628518,3.091349497233,
    3.129991365948,3.168633234664,3.207275103379,3.245916972095,
    3.28455884081,3.323200709525,3.361842578241,3.400484446956,
    3.439126315672,3.477768184387,3.516410053103,3.555051921818,
    3.593693790533,3.632335659249,3.670977527964,3.70961939668,
    3.748261265395,3.78690313411,3.825545002826,3.864186871541,
    3.902828740257,3.941470608972,3.980112477687,4.018754346403,
    4.057396215118,4.096038083834,4.134679952549,4.173321821265,
    4.21196368998,4.250605558695,4.289247427411,4.327889296126,
    4.366531164842,4.405173033557,4.443814902272,4.482456770988,
    4.521098639703,4.559740508419,4.598382377134,4.637024245849,
    4.675666114565,4.71430798328,4.752949851996,4.791591720711,
    4.830233589427,4.868875458142,4.907517326857,4.946159195573,
    4.984801064288,5.023442933004,5.062084801719,5.100726670434,
    5.13936853915,5.178010407865,5.216652276581,5.255294145296,
    5.293936014012,5.332577882727,5.371219751442,5.409861620158,
    5.448503488873,5.487145357589,5.525787226304,5.564429095019,
    5.603070963735,5.64171283245,5.680354701166,5.718996569881,
    5.757638438596,5.796280307312,5.834922176027,5.873564044743,
    5.912205913458,5.950847782174),.QUASI_UNIFORM_KNOTS.);
#2480 = CARTESIAN_POINT('',(-6.28318530718,-1.827270333981));
#2481 = CARTESIAN_POINT('',(-6.269226540244,-1.836634644255));
#2482 = CARTESIAN_POINT('',(-6.241418458341,-1.856714551342));
#2483 = CARTESIAN_POINT('',(-6.200054125472,-1.890666587201));
#2484 = CARTESIAN_POINT('',(-6.159059844457,-1.928233252529));
#2485 = CARTESIAN_POINT('',(-6.118447979906,-1.969182516365));
#2486 = CARTESIAN_POINT('',(-6.078224778913,-2.013279138441));
#2487 = CARTESIAN_POINT('',(-6.038392574152,-2.060283284101));
#2488 = CARTESIAN_POINT('',(-5.998940446017,-2.109967114977));
#2489 = CARTESIAN_POINT('',(-5.959881455892,-2.162069369208));
#2490 = CARTESIAN_POINT('',(-5.921224782517,-2.216326033368));
#2491 = CARTESIAN_POINT('',(-5.882920949561,-2.272557621363));
#2492 = CARTESIAN_POINT('',(-5.844938826006,-2.330567717805));
#2493 = CARTESIAN_POINT('',(-5.807244783799,-2.390168563831));
#2494 = CARTESIAN_POINT('',(-5.769807583582,-2.451173456426));
#2495 = CARTESIAN_POINT('',(-5.732596451587,-2.513398096458));
#2496 = CARTESIAN_POINT('',(-5.695581038759,-2.576659581609));
#2497 = CARTESIAN_POINT('',(-5.658730910737,-2.640776056346));
#2498 = CARTESIAN_POINT('',(-5.622015179659,-2.705566191596));
#2499 = CARTESIAN_POINT('',(-5.585402095896,-2.770848694111));
#2500 = CARTESIAN_POINT('',(-5.548858634442,-2.836441761014));
#2501 = CARTESIAN_POINT('',(-5.512350037818,-2.902162491057));
#2502 = CARTESIAN_POINT('',(-5.475839346197,-2.967826149778));
#2503 = CARTESIAN_POINT('',(-5.439286730709,-3.033245532424));
#2504 = CARTESIAN_POINT('',(-5.402649217519,-3.098229381507));
#2505 = CARTESIAN_POINT('',(-5.365878494742,-3.162583602475));
#2506 = CARTESIAN_POINT('',(-5.328925275921,-3.226101146923));
#2507 = CARTESIAN_POINT('',(-5.291718430228,-3.288593127678));
#2508 = CARTESIAN_POINT('',(-5.254239792188,-3.349760718797));
#2509 = CARTESIAN_POINT('',(-5.216457980602,-3.409310494339));
#2510 = CARTESIAN_POINT('',(-5.17832152018,-3.46695966953));
#2511 = CARTESIAN_POINT('',(-5.139792642716,-3.522381231901));
#2512 = CARTESIAN_POINT('',(-5.100837760081,-3.575221977412));
#2513 = CARTESIAN_POINT('',(-5.061429883986,-3.625102397227));
#2514 = CARTESIAN_POINT('',(-5.021548237002,-3.671623145173));
#2515 = CARTESIAN_POINT('',(-4.98117897986,-3.714371804313));
#2516 = CARTESIAN_POINT('',(-4.940316426097,-3.752931933181));
#2517 = CARTESIAN_POINT('',(-4.898963777881,-3.786894335384));
#2518 = CARTESIAN_POINT('',(-4.8571384305,-3.815870381404));
#2519 = CARTESIAN_POINT('',(-4.814856304718,-3.839514006341));
#2520 = CARTESIAN_POINT('',(-4.772242956119,-3.857496214198));
#2521 = CARTESIAN_POINT('',(-4.729401979184,-3.869622578307));
#2522 = CARTESIAN_POINT('',(-4.686428435791,-3.875819203137));
#2523 = CARTESIAN_POINT('',(-4.643407926489,-3.876130873709));
#2524 = CARTESIAN_POINT('',(-4.600419290794,-3.870712077963));
#2525 = CARTESIAN_POINT('',(-4.55753595061,-3.85981664846));
#2526 = CARTESIAN_POINT('',(-4.514827988025,-3.843785501051));
#2527 = CARTESIAN_POINT('',(-4.472361704008,-3.823031962046));
#2528 = CARTESIAN_POINT('',(-4.430207697267,-3.798030388609));
#2529 = CARTESIAN_POINT('',(-4.388416666217,-3.769288920403));
#2530 = CARTESIAN_POINT('',(-4.346913265923,-3.73723388268));
#2531 = CARTESIAN_POINT('',(-4.305686892065,-3.702321384707));
#2532 = CARTESIAN_POINT('',(-4.264707572334,-3.664983167417));
#2533 = CARTESIAN_POINT('',(-4.223947369644,-3.625635179754));
#2534 = CARTESIAN_POINT('',(-4.183374591322,-3.584671625516));
#2535 = CARTESIAN_POINT('',(-4.142955227587,-3.542464351357));
#2536 = CARTESIAN_POINT('',(-4.102651699538,-3.499361289751));
#2537 = CARTESIAN_POINT('',(-4.062424244816,-3.455688392393));
#2538 = CARTESIAN_POINT('',(-4.022223574569,-3.411742759766));
#2539 = CARTESIAN_POINT('',(-3.982015145738,-3.36782112172));
#2540 = CARTESIAN_POINT('',(-3.94176857422,-3.324209995328));
#2541 = CARTESIAN_POINT('',(-3.901445733313,-3.281174140213));
#2542 = CARTESIAN_POINT('',(-3.861016726418,-3.238975205162));
#2543 = CARTESIAN_POINT('',(-3.820454922349,-3.197866932557));
#2544 = CARTESIAN_POINT('',(-3.779737769888,-3.158096310048));
#2545 = CARTESIAN_POINT('',(-3.738846215612,-3.119902800664));
#2546 = CARTESIAN_POINT('',(-3.697764628533,-3.08351775962));
#2547 = CARTESIAN_POINT('',(-3.656480738428,-3.049163495916));
#2548 = CARTESIAN_POINT('',(-3.61498563275,-3.017052060539));
#2549 = CARTESIAN_POINT('',(-3.57327413333,-2.987383998272));
#2550 = CARTESIAN_POINT('',(-3.531344262654,-2.960346055735));
#2551 = CARTESIAN_POINT('',(-3.489200709422,-2.936111660491));
#2552 = CARTESIAN_POINT('',(-3.446869851408,-2.914843632776));
#2553 = CARTESIAN_POINT('',(-3.404369955085,-2.896673288843));
#2554 = CARTESIAN_POINT('',(-3.361723968845,-2.88170671539));
#2555 = CARTESIAN_POINT('',(-3.318956907108,-2.870020845094));
#2556 = CARTESIAN_POINT('',(-3.276097685049,-2.861662266028));
#2557 = CARTESIAN_POINT('',(-3.233178185105,-2.856644700303));
#2558 = CARTESIAN_POINT('',(-3.190225020289,-2.854947896392));
#2559 = CARTESIAN_POINT('',(-3.147273207859,-2.856518528435));
#2560 = CARTESIAN_POINT('',(-3.104349947489,-2.861269647788));
#2561 = CARTESIAN_POINT('',(-3.06147915289,-2.869083743504));
#2562 = CARTESIAN_POINT('',(-3.018680995967,-2.879814877405));
#2563 = CARTESIAN_POINT('',(-2.97597286091,-2.893290853593));
#2564 = CARTESIAN_POINT('',(-2.933369059496,-2.909315667818));
#2565 = CARTESIAN_POINT('',(-2.890883612256,-2.927670295231));
#2566 = CARTESIAN_POINT('',(-2.848513763074,-2.948122986846));
#2567 = CARTESIAN_POINT('',(-2.806253959288,-2.970427216518));
#2568 = CARTESIAN_POINT('',(-2.76409554191,-2.99432310655));
#2569 = CARTESIAN_POINT('',(-2.722026574356,-3.019539014883));
#2570 = CARTESIAN_POINT('',(-2.680031971088,-3.045792664612));
#2571 = CARTESIAN_POINT('',(-2.63809331652,-3.07279224114));
#2572 = CARTESIAN_POINT('',(-2.596189074247,-3.10023702377));
#2573 = CARTESIAN_POINT('',(-2.554292995476,-3.127818859224));
#2574 = CARTESIAN_POINT('',(-2.51238324112,-3.155216645704));
#2575 = CARTESIAN_POINT('',(-2.470432761318,-3.18210291348));
#2576 = CARTESIAN_POINT('',(-2.428419553776,-3.208137698622));
#2577 = CARTESIAN_POINT('',(-2.386316028919,-3.232976178285));
#2578 = CARTESIAN_POINT('',(-2.344124411004,-3.256251807676));
#2579 = CARTESIAN_POINT('',(-2.30174352634,-3.277647627576));
#2580 = CARTESIAN_POINT('',(-2.259157798064,-3.296788731915));
#2581 = CARTESIAN_POINT('',(-2.21641539588,-3.313279101763));
#2582 = CARTESIAN_POINT('',(-2.173545660531,-3.326752030527));
#2583 = CARTESIAN_POINT('',(-2.130582130625,-3.336866191224));
#2584 = CARTESIAN_POINT('',(-2.087557256508,-3.343316490064));
#2585 = CARTESIAN_POINT('',(-2.044504710215,-3.345840808438));
#2586 = CARTESIAN_POINT('',(-2.001459691463,-3.344227358621));
#2587 = CARTESIAN_POINT('',(-1.958459840515,-3.338321099208));
#2588 = CARTESIAN_POINT('',(-1.915546034034,-3.328029321423));
#2589 = CARTESIAN_POINT('',(-1.872763468977,-3.313326307717));
#2590 = CARTESIAN_POINT('',(-1.83016226072,-3.29425630901));
#2591 = CARTESIAN_POINT('',(-1.787800372157,-3.270937088328));
#2592 = CARTESIAN_POINT('',(-1.745738512778,-3.243555099299));
#2593 = CARTESIAN_POINT('',(-1.704065774771,-3.212385255076));
#2594 = CARTESIAN_POINT('',(-1.66276825516,-3.177677895886));
#2595 = CARTESIAN_POINT('',(-1.621831635818,-3.139700836292));
#2596 = CARTESIAN_POINT('',(-1.581242760718,-3.098739401077));
#2597 = CARTESIAN_POINT('',(-1.540983636718,-3.055084422394));
#2598 = CARTESIAN_POINT('',(-1.501033772565,-3.009029165444));
#2599 = CARTESIAN_POINT('',(-1.461370039569,-2.960864879169));
#2600 = CARTESIAN_POINT('',(-1.42196698675,-2.910877655444));
#2601 = CARTESIAN_POINT('',(-1.382796849145,-2.859345793941));
#2602 = CARTESIAN_POINT('',(-1.343829487814,-2.806537828147));
#2603 = CARTESIAN_POINT('',(-1.30503216207,-2.752711020948));
#2604 = CARTESIAN_POINT('',(-1.266369349593,-2.69811056833));
#2605 = CARTESIAN_POINT('',(-1.227801867918,-2.64296837613));
#2606 = CARTESIAN_POINT('',(-1.189288043461,-2.587505339181));
#2607 = CARTESIAN_POINT('',(-1.150776624472,-2.53192216813));
#2608 = CARTESIAN_POINT('',(-1.112249450087,-2.47646271411));
#2609 = CARTESIAN_POINT('',(-1.073665831395,-2.421334660515));
#2610 = CARTESIAN_POINT('',(-1.034990402136,-2.366750993015));
#2611 = CARTESIAN_POINT('',(-0.996189557656,-2.31292595921));
#2612 = CARTESIAN_POINT('',(-0.957231839868,-2.26007656521));
#2613 = CARTESIAN_POINT('',(-0.918087212196,-2.208422374124));
#2614 = CARTESIAN_POINT('',(-0.878727114925,-2.15818621891));
#2615 = CARTESIAN_POINT('',(-0.839122723114,-2.109592614795));
#2616 = CARTESIAN_POINT('',(-0.799249749749,-2.062874117956));
#2617 = CARTESIAN_POINT('',(-0.759091909679,-2.01827423711));
#2618 = CARTESIAN_POINT('',(-0.718633606356,-1.976037476251));
#2619 = CARTESIAN_POINT('',(-0.677865628773,-1.936414417874));
#2620 = CARTESIAN_POINT('',(-0.636783687064,-1.899657551935));
#2621 = CARTESIAN_POINT('',(-0.595389108867,-1.866019059175));
#2622 = CARTESIAN_POINT('',(-0.55368902544,-1.835747478783));
#2623 = CARTESIAN_POINT('',(-0.51169754057,-1.809084336479));
#2624 = CARTESIAN_POINT('',(-0.469433094815,-1.786258526234));
#2625 = CARTESIAN_POINT('',(-0.426934502908,-1.767488263097));
#2626 = CARTESIAN_POINT('',(-0.384242207151,-1.752963113633));
#2627 = CARTESIAN_POINT('',(-0.341401099676,-1.742842203148));
#2628 = CARTESIAN_POINT('',(-0.298460976873,-1.737249836624));
#2629 = CARTESIAN_POINT('',(-0.25547773587,-1.736271574846));
#2630 = CARTESIAN_POINT('',(-0.212514933651,-1.739949046914));
#2631 = CARTESIAN_POINT('',(-0.169626504084,-1.748279852667));
#2632 = CARTESIAN_POINT('',(-0.126874426018,-1.761216949073));
#2633 = CARTESIAN_POINT('',(-8.431158926933E-02,-1.778671335785));
#2634 = CARTESIAN_POINT('',(-4.198719263104E-02,-1.800519536491));
#2635 = CARTESIAN_POINT('',(-1.395927846812E-02,-1.817901362734));
#2636 = CARTESIAN_POINT('',(-8.881784197001E-16,-1.827270333981));
#2637 = ( GEOMETRIC_REPRESENTATION_CONTEXT(2) 
PARAMETRIC_REPRESENTATION_CONTEXT() REPRESENTATION_CONTEXT('2D SPACE',''
  ) );
#2638 = FACE_BOUND('',#2639,.F.);
#2639 = EDGE_LOOP('',(#2640));
#2640 = ORIENTED_EDGE('',*,*,#2641,.F.);
#2641 = EDGE_CURVE('',#2642,#2642,#2644,.T.);
#2642 = VERTEX_POINT('',#2643);
#2643 = CARTESIAN_POINT('',(-98.,12.138309465915,122.));
#2644 = SURFACE_CURVE('',#2645,(#2725,#2842),.PCURVE_S1.);
#2645 = B_SPLINE_CURVE_WITH_KNOTS('',8,(#2646,#2647,#2648,#2649,#2650,
    #2651,#2652,#2653,#2654,#2655,#2656,#2657,#2658,#2659,#2660,#2661,
    #2662,#2663,#2664,#2665,#2666,#2667,#2668,#2669,#2670,#2671,#2672,
    #2673,#2674,#2675,#2676,#2677,#2678,#2679,#2680,#2681,#2682,#2683,
    #2684,#2685,#2686,#2687,#2688,#2689,#2690,#2691,#2692,#2693,#2694,
    #2695,#2696,#2697,#2698,#2699,#2700,#2701,#2702,#2703,#2704,#2705,
    #2706,#2707,#2708,#2709,#2710,#2711,#2712,#2713,#2714,#2715,#2716,
    #2717,#2718,#2719,#2720,#2721,#2722,#2723,#2724),.UNSPECIFIED.,.T.,
  .F.,(9,7,7,7,7,7,7,7,7,7,7,9),(0.,0.225685253552,0.730410031313,1.,
    1.328091593887,1.720972492379,1.957700686583,2.268292518555,
    2.781242653934,3.250130883564,3.68365811598,3.898965986373),
  .UNSPECIFIED.);
#2646 = CARTESIAN_POINT('',(-98.,12.138309465915,122.));
#2647 = CARTESIAN_POINT('',(-98.,12.109319121495,121.81918219631));
#2648 = CARTESIAN_POINT('',(-98.00934158075,12.077359189172,
    121.63926735397));
#2649 = CARTESIAN_POINT('',(-98.02786086211,12.042639379037,
    121.46086571638));
#2650 = CARTESIAN_POINT('',(-98.05534240883,12.005399892397,
    121.28452066219));
#2651 = CARTESIAN_POINT('',(-98.09153917243,11.965901861478,
    121.11071502844));
#2652 = CARTESIAN_POINT('',(-98.13618937997,11.924419293395,
    120.93987689438));
#2653 = CARTESIAN_POINT('',(-98.18903036967,11.881232518389,
    120.77238482583));
#2654 = CARTESIAN_POINT('',(-98.38573615065,11.736858283638,
    120.2422212215));
#2655 = CARTESIAN_POINT('',(-98.56111658777,11.630160959013,
    119.89494539828));
#2656 = CARTESIAN_POINT('',(-98.77329446085,11.519419135647,
    119.56923869653));
#2657 = CARTESIAN_POINT('',(-99.0201010725,11.407756884406,
    119.26810669754));
#2658 = CARTESIAN_POINT('',(-99.29930700046,11.298559261993,
    118.99470111999));
#2659 = CARTESIAN_POINT('',(-99.60862705071,11.195366632888,
    118.75239851245));
#2660 = CARTESIAN_POINT('',(-99.94551959299,11.101676912125,
    118.54481058081));
#2661 = CARTESIAN_POINT('',(-100.5001500608,10.977286185535,
    118.28571994882));
#2662 = CARTESIAN_POINT('',(-100.700104559,10.937614463949,
    118.20663781396));
#2663 = CARTESIAN_POINT('',(-100.9061468138,10.902105943943,
    118.13939091091));
#2664 = CARTESIAN_POINT('',(-101.1174080204,10.871227470492,
    118.08462566959));
#2665 = CARTESIAN_POINT('',(-101.3329019164,10.845352827472,
    118.04291631605));
#2666 = CARTESIAN_POINT('',(-101.5515108765,10.824732546175,
    118.01473519839));
#2667 = CARTESIAN_POINT('',(-101.7719700953,10.809467110988,
    118.00040122148));
#2668 = CARTESIAN_POINT('',(-102.2616610276,10.787333561156,
    117.99952588045));
#2669 = CARTESIAN_POINT('',(-102.5312411413,10.783000238922,
    118.01968981177));
#2670 = CARTESIAN_POINT('',(-102.7990206965,10.78636857279,
    118.06069852722));
#2671 = CARTESIAN_POINT('',(-103.062713239,10.796919399169,
    118.12224808441));
#2672 = CARTESIAN_POINT('',(-103.3202717992,10.813845516307,
    118.20372409609));
#2673 = CARTESIAN_POINT('',(-103.5698609091,10.836167467771,
    118.30429450039));
#2674 = CARTESIAN_POINT('',(-103.8098389831,10.862834461569,
    118.42295227568));
#2675 = CARTESIAN_POINT('',(-104.3128556866,10.928673875718,
    118.72094467164));
#2676 = CARTESIAN_POINT('',(-104.5712057026,10.969291328119,
    118.90770223903));
#2677 = CARTESIAN_POINT('',(-104.8116970696,11.012906726602,
    119.11716838118));
#2678 = CARTESIAN_POINT('',(-105.0323750668,11.057808548216,
    119.34756179962));
#2679 = CARTESIAN_POINT('',(-105.2314023349,11.102422907535,
    119.59696637116));
#2680 = CARTESIAN_POINT('',(-105.4070588437,11.145397296916,
    119.86330285674));
#2681 = CARTESIAN_POINT('',(-105.557768571,11.185660416855,
    120.14428928057));
#2682 = CARTESIAN_POINT('',(-105.7570999716,11.244630333081,
    120.61399617083));
#2683 = CARTESIAN_POINT('',(-105.8224807632,11.265541895613,
    120.79497983418));
#2684 = CARTESIAN_POINT('',(-105.8779786519,11.285022929894,
    120.97973885741));
#2685 = CARTESIAN_POINT('',(-105.9233230136,11.30294903293,
    121.16764275525));
#2686 = CARTESIAN_POINT('',(-105.9582899045,11.319244687754,
    121.35803219681));
#2687 = CARTESIAN_POINT('',(-105.9827064641,11.333884735621,
    121.55021831732));
#2688 = CARTESIAN_POINT('',(-105.9964590315,11.346893885557,
    121.74348181405));
#2689 = CARTESIAN_POINT('',(-106.0035013099,11.373367369,122.19106555441
    ));
#2690 = CARTESIAN_POINT('',(-105.9890681549,11.385710634546,
    122.44567994947));
#2691 = CARTESIAN_POINT('',(-105.9560956893,11.395534447554,
    122.6992156476));
#2692 = CARTESIAN_POINT('',(-105.9046872792,11.403148146748,
    122.95002420435));
#2693 = CARTESIAN_POINT('',(-105.8351252291,11.408985615806,
    123.19650503325));
#2694 = CARTESIAN_POINT('',(-105.7478535323,11.413574722937,
    123.43710606419));
#2695 = CARTESIAN_POINT('',(-105.6434776207,11.417500604132,
    123.67032812167));
#2696 = CARTESIAN_POINT('',(-105.3234478291,11.427741286313,
    124.26534329883));
#2697 = CARTESIAN_POINT('',(-105.0792368817,11.433957466244,
    124.6125783243));
#2698 = CARTESIAN_POINT('',(-104.7936977017,11.442701709986,
    124.92924436965));
#2699 = CARTESIAN_POINT('',(-104.4716780074,11.456821515981,
    125.20954885846));
#2700 = CARTESIAN_POINT('',(-104.1187917602,11.478716851979,
    125.44865210797));
#2701 = CARTESIAN_POINT('',(-103.74144203,11.509808280304,
    125.64282160151));
#2702 = CARTESIAN_POINT('',(-103.3467003424,11.550227770958,
    125.78935280909));
#2703 = CARTESIAN_POINT('',(-102.5734450226,11.643206354219,
    125.97687644197));
#2704 = CARTESIAN_POINT('',(-102.196139409,11.694461457937,
    126.02592829211));
#2705 = CARTESIAN_POINT('',(-101.8160110943,11.751814792179,
    126.03390053604));
#2706 = CARTESIAN_POINT('',(-101.4378747369,11.813819999162,
    126.00108977252));
#2707 = CARTESIAN_POINT('',(-101.0662156953,11.878491638623,
    125.92826203861));
#2708 = CARTESIAN_POINT('',(-100.7052611793,11.943506320489,
    125.81652117527));
#2709 = CARTESIAN_POINT('',(-100.3590488997,12.006389916313,
    125.66727044402));
#2710 = CARTESIAN_POINT('',(-99.72861749077,12.118476378518,
    125.31087049881));
#2711 = CARTESIAN_POINT('',(-99.44129251806,12.168424572698,
    125.10871084127));
#2712 = CARTESIAN_POINT('',(-99.17326901713,12.212362568881,
    124.87705498667));
#2713 = CARTESIAN_POINT('',(-98.92821070806,12.248150579151,
    124.61791969736));
#2714 = CARTESIAN_POINT('',(-98.70965175591,12.273779052418,
    124.33394282528));
#2715 = CARTESIAN_POINT('',(-98.5208311428,12.287570760463,
    124.02852073417));
#2716 = CARTESIAN_POINT('',(-98.36457887755,12.288394356389,
    123.70593008084));
#2717 = CARTESIAN_POINT('',(-98.18202794058,12.269961283739,
    123.20593826609));
#2718 = CARTESIAN_POINT('',(-98.12988787895,12.260601712223,
    123.03714069851));
#2719 = CARTESIAN_POINT('',(-98.08639300976,12.247974045969,
    122.86612864634));
#2720 = CARTESIAN_POINT('',(-98.05165548654,12.232104776512,
    122.69355421627));
#2721 = CARTESIAN_POINT('',(-98.02570890188,12.213067783808,
    122.52005130606));
#2722 = CARTESIAN_POINT('',(-98.00852073952,12.190979996448,
    122.34623343726));
#2723 = CARTESIAN_POINT('',(-98.,12.165997124635,122.17269272715));
#2724 = CARTESIAN_POINT('',(-98.,12.138309465915,122.));
#2725 = PCURVE('',#901,#2726);
#2726 = DEFINITIONAL_REPRESENTATION('',(#2727),#2841);
#2727 = B_SPLINE_CURVE_WITH_KNOTS('',3,(#2728,#2729,#2730,#2731,#2732,
    #2733,#2734,#2735,#2736,#2737,#2738,#2739,#2740,#2741,#2742,#2743,
    #2744,#2745,#2746,#2747,#2748,#2749,#2750,#2751,#2752,#2753,#2754,
    #2755,#2756,#2757,#2758,#2759,#2760,#2761,#2762,#2763,#2764,#2765,
    #2766,#2767,#2768,#2769,#2770,#2771,#2772,#2773,#2774,#2775,#2776,
    #2777,#2778,#2779,#2780,#2781,#2782,#2783,#2784,#2785,#2786,#2787,
    #2788,#2789,#2790,#2791,#2792,#2793,#2794,#2795,#2796,#2797,#2798,
    #2799,#2800,#2801,#2802,#2803,#2804,#2805,#2806,#2807,#2808,#2809,
    #2810,#2811,#2812,#2813,#2814,#2815,#2816,#2817,#2818,#2819,#2820,
    #2821,#2822,#2823,#2824,#2825,#2826,#2827,#2828,#2829,#2830,#2831,
    #2832,#2833,#2834,#2835,#2836,#2837,#2838,#2839,#2840),
  .UNSPECIFIED.,.T.,.F.,(4,1,1,1,1,1,1,1,1,1,1,1,1,1,1,1,1,1,1,1,1,1,1,1
    ,1,1,1,1,1,1,1,1,1,1,1,1,1,1,1,1,1,1,1,1,1,1,1,1,1,1,1,1,1,1,1,1,1,1
    ,1,1,1,1,1,1,1,1,1,1,1,1,1,1,1,1,1,1,1,1,1,1,1,1,1,1,1,1,1,1,1,1,1,1
    ,1,1,1,1,1,1,1,1,1,1,1,1,1,1,1,1,1,1,4),(0.,3.544514533067E-02,
    7.089029066133E-02,0.106335435992,0.141780581323,0.177225726653,
    0.212670871984,0.248116017315,0.283561162645,0.319006307976,
    0.354451453307,0.389896598637,0.425341743968,0.460786889299,
    0.496232034629,0.53167717996,0.567122325291,0.602567470621,
    0.638012615952,0.673457761283,0.708902906613,0.744348051944,
    0.779793197275,0.815238342605,0.850683487936,0.886128633267,
    0.921573778597,0.957018923928,0.992464069259,1.027909214589,
    1.06335435992,1.098799505251,1.134244650581,1.169689795912,
    1.205134941243,1.240580086573,1.276025231904,1.311470377235,
    1.346915522565,1.382360667896,1.417805813227,1.453250958557,
    1.488696103888,1.524141249219,1.559586394549,1.59503153988,
    1.630476685211,1.665921830541,1.701366975872,1.736812121203,
    1.772257266533,1.807702411864,1.843147557195,1.878592702525,
    1.914037847856,1.949482993187,1.984928138517,2.020373283848,
    2.055818429179,2.091263574509,2.12670871984,2.162153865171,
    2.197599010501,2.233044155832,2.268489301163,2.303934446493,
    2.339379591824,2.374824737155,2.410269882485,2.445715027816,
    2.481160173147,2.516605318477,2.552050463808,2.587495609139,
    2.622940754469,2.6583858998,2.693831045131,2.729276190461,
    2.764721335792,2.800166481123,2.835611626453,2.871056771784,
    2.906501917115,2.941947062445,2.977392207776,3.012837353107,
    3.048282498437,3.083727643768,3.119172789099,3.154617934429,
    3.19006307976,3.225508225091,3.260953370421,3.296398515752,
    3.331843661083,3.367288806413,3.402733951744,3.438179097075,
    3.473624242405,3.509069387736,3.544514533067,3.579959678397,
    3.615404823728,3.650849969059,3.686295114389,3.72174025972,
    3.757185405051,3.792630550381,3.828075695712,3.863520841043,
    3.898965986373),.QUASI_UNIFORM_KNOTS.);
#2728 = CARTESIAN_POINT('',(0.720641130436,0.677796280926));
#2729 = CARTESIAN_POINT('',(0.71978787764,0.677796306899));
#2730 = CARTESIAN_POINT('',(0.718092668376,0.677760668013));
#2731 = CARTESIAN_POINT('',(0.715590089263,0.677602449118));
#2732 = CARTESIAN_POINT('',(0.713134304979,0.677341681366));
#2733 = CARTESIAN_POINT('',(0.710731125718,0.676980927249));
#2734 = CARTESIAN_POINT('',(0.708385973426,0.676522870543));
#2735 = CARTESIAN_POINT('',(0.706103785434,0.675970264193));
#2736 = CARTESIAN_POINT('',(0.703889376445,0.675325895025));
#2737 = CARTESIAN_POINT('',(0.701748412064,0.674592987753));
#2738 = CARTESIAN_POINT('',(0.699683620229,0.673773795432));
#2739 = CARTESIAN_POINT('',(0.697698771168,0.67287063681));
#2740 = CARTESIAN_POINT('',(0.69579780344,0.671885726314));
#2741 = CARTESIAN_POINT('',(0.69398502226,0.670821255646));
#2742 = CARTESIAN_POINT('',(0.692265018449,0.669679401622));
#2743 = CARTESIAN_POINT('',(0.690642667944,0.668462349216));
#2744 = CARTESIAN_POINT('',(0.689123113291,0.667172307051));
#2745 = CARTESIAN_POINT('',(0.687711752483,0.665811524038));
#2746 = CARTESIAN_POINT('',(0.686414225093,0.664382300423));
#2747 = CARTESIAN_POINT('',(0.685236404861,0.662887015705));
#2748 = CARTESIAN_POINT('',(0.684184368163,0.661328093231));
#2749 = CARTESIAN_POINT('',(0.683264449119,0.65970820147));
#2750 = CARTESIAN_POINT('',(0.682482968149,0.658029572665));
#2751 = CARTESIAN_POINT('',(0.681847500911,0.656297398019));
#2752 = CARTESIAN_POINT('',(0.681364805658,0.654517076501));
#2753 = CARTESIAN_POINT('',(0.681040935182,0.652694250247));
#2754 = CARTESIAN_POINT('',(0.680881194081,0.650835135289));
#2755 = CARTESIAN_POINT('',(0.680889949207,0.648946476367));
#2756 = CARTESIAN_POINT('',(0.681070449014,0.647035587166));
#2757 = CARTESIAN_POINT('',(0.681424602237,0.645110434987));
#2758 = CARTESIAN_POINT('',(0.681952761485,0.643179471721));
#2759 = CARTESIAN_POINT('',(0.682653876792,0.64125083881));
#2760 = CARTESIAN_POINT('',(0.683525279681,0.639333090003));
#2761 = CARTESIAN_POINT('',(0.684563122562,0.637434087688));
#2762 = CARTESIAN_POINT('',(0.685762497543,0.635561303956));
#2763 = CARTESIAN_POINT('',(0.687117607205,0.633721771056));
#2764 = CARTESIAN_POINT('',(0.688621904037,0.631922117439));
#2765 = CARTESIAN_POINT('',(0.690268195082,0.630168594089));
#2766 = CARTESIAN_POINT('',(0.692048820895,0.628467037997));
#2767 = CARTESIAN_POINT('',(0.693955488844,0.626823082457));
#2768 = CARTESIAN_POINT('',(0.69598094384,0.625240938028));
#2769 = CARTESIAN_POINT('',(0.698117750128,0.623724785231));
#2770 = CARTESIAN_POINT('',(0.700358302376,0.622278710064));
#2771 = CARTESIAN_POINT('',(0.702694891355,0.620906672952));
#2772 = CARTESIAN_POINT('',(0.705119691044,0.619612519322));
#2773 = CARTESIAN_POINT('',(0.707624761212,0.618399976072));
#2774 = CARTESIAN_POINT('',(0.710202041755,0.617272648536));
#2775 = CARTESIAN_POINT('',(0.71284333994,0.616234015229));
#2776 = CARTESIAN_POINT('',(0.715540330528,0.615287416574));
#2777 = CARTESIAN_POINT('',(0.718284488968,0.614436055364));
#2778 = CARTESIAN_POINT('',(0.721067258776,0.613682941662));
#2779 = CARTESIAN_POINT('',(0.723879065521,0.613031098469));
#2780 = CARTESIAN_POINT('',(0.726710169485,0.612483218438));
#2781 = CARTESIAN_POINT('',(0.72955076809,0.612041643031));
#2782 = CARTESIAN_POINT('',(0.732390905572,0.611708363673));
#2783 = CARTESIAN_POINT('',(0.735220499525,0.611484992477));
#2784 = CARTESIAN_POINT('',(0.738029294342,0.61137273535));
#2785 = CARTESIAN_POINT('',(0.740807000806,0.611372344075));
#2786 = CARTESIAN_POINT('',(0.74354371121,0.611484125585));
#2787 = CARTESIAN_POINT('',(0.746229220684,0.611707921816));
#2788 = CARTESIAN_POINT('',(0.748853793071,0.612043117559));
#2789 = CARTESIAN_POINT('',(0.751407961038,0.61248866759));
#2790 = CARTESIAN_POINT('',(0.753882582239,0.613043116139));
#2791 = CARTESIAN_POINT('',(0.756268792141,0.613704591525));
#2792 = CARTESIAN_POINT('',(0.758558153892,0.614470870183));
#2793 = CARTESIAN_POINT('',(0.760742163458,0.615339150454));
#2794 = CARTESIAN_POINT('',(0.762814176512,0.616306880541));
#2795 = CARTESIAN_POINT('',(0.764767153037,0.617371057931));
#2796 = CARTESIAN_POINT('',(0.766593378997,0.618527670237));
#2797 = CARTESIAN_POINT('',(0.768286259886,0.619772536665));
#2798 = CARTESIAN_POINT('',(0.769839810522,0.621101118528));
#2799 = CARTESIAN_POINT('',(0.771248776158,0.62250859815));
#2800 = CARTESIAN_POINT('',(0.772508595278,0.623989879249));
#2801 = CARTESIAN_POINT('',(0.77361541312,0.625539602735));
#2802 = CARTESIAN_POINT('',(0.774566088144,0.627152153202));
#2803 = CARTESIAN_POINT('',(0.775358205805,0.628821663725));
#2804 = CARTESIAN_POINT('',(0.775990095855,0.630542014351));
#2805 = CARTESIAN_POINT('',(0.776460853426,0.632306834841));
#2806 = CARTESIAN_POINT('',(0.776770369819,0.634109472382));
#2807 = CARTESIAN_POINT('',(0.77691935608,0.635943067732));
#2808 = CARTESIAN_POINT('',(0.77690943176,0.637800200712));
#2809 = CARTESIAN_POINT('',(0.77674297805,0.639675016672));
#2810 = CARTESIAN_POINT('',(0.776422796412,0.641561404002));
#2811 = CARTESIAN_POINT('',(0.775952123273,0.643453424038));
#2812 = CARTESIAN_POINT('',(0.775334529,0.645345297095));
#2813 = CARTESIAN_POINT('',(0.774573855999,0.647231394647));
#2814 = CARTESIAN_POINT('',(0.773674157073,0.649106229689));
#2815 = CARTESIAN_POINT('',(0.772639643557,0.650964447333));
#2816 = CARTESIAN_POINT('',(0.77147463869,0.652800815885));
#2817 = CARTESIAN_POINT('',(0.770183539323,0.654610215866));
#2818 = CARTESIAN_POINT('',(0.768770772567,0.656387637154));
#2819 = CARTESIAN_POINT('',(0.767240792046,0.65812814639));
#2820 = CARTESIAN_POINT('',(0.765597942444,0.659826966135));
#2821 = CARTESIAN_POINT('',(0.763846826697,0.661479137914));
#2822 = CARTESIAN_POINT('',(0.76199045138,0.663081056886));
#2823 = CARTESIAN_POINT('',(0.760033971242,0.664627080726));
#2824 = CARTESIAN_POINT('',(0.757982873768,0.666111635216));
#2825 = CARTESIAN_POINT('',(0.755842897682,0.667529242877));
#2826 = CARTESIAN_POINT('',(0.753620076379,0.66887454037));
#2827 = CARTESIAN_POINT('',(0.751320757607,0.670142304854));
#2828 = CARTESIAN_POINT('',(0.748951639701,0.671327484655));
#2829 = CARTESIAN_POINT('',(0.746519817066,0.672425236258));
#2830 = CARTESIAN_POINT('',(0.744032830998,0.673430971122));
#2831 = CARTESIAN_POINT('',(0.741498758199,0.674340406653));
#2832 = CARTESIAN_POINT('',(0.738926223093,0.675149654138));
#2833 = CARTESIAN_POINT('',(0.736324771187,0.675855235084));
#2834 = CARTESIAN_POINT('',(0.733703970027,0.676454451459));
#2835 = CARTESIAN_POINT('',(0.731073298286,0.676945383965));
#2836 = CARTESIAN_POINT('',(0.728442269479,0.677326853746));
#2837 = CARTESIAN_POINT('',(0.725819878488,0.677598497061));
#2838 = CARTESIAN_POINT('',(0.723214838981,0.677760574955));
#2839 = CARTESIAN_POINT('',(0.721495247587,0.677796330959));
#2840 = CARTESIAN_POINT('',(0.720641130436,0.677796280926));
#2841 = ( GEOMETRIC_REPRESENTATION_CONTEXT(2) 
PARAMETRIC_REPRESENTATION_CONTEXT() REPRESENTATION_CONTEXT('2D SPACE',''
  ) );
#2842 = PCURVE('',#2843,#2848);
#2843 = CYLINDRICAL_SURFACE('',#2844,4.);
#2844 = AXIS2_PLACEMENT_3D('',#2845,#2846,#2847);
#2845 = CARTESIAN_POINT('',(-102.,14.,122.));
#2846 = DIRECTION('',(-0.,1.,-0.));
#2847 = DIRECTION('',(1.,0.,0.));
#2848 = DEFINITIONAL_REPRESENTATION('',(#2849),#2963);
#2849 = B_SPLINE_CURVE_WITH_KNOTS('',3,(#2850,#2851,#2852,#2853,#2854,
    #2855,#2856,#2857,#2858,#2859,#2860,#2861,#2862,#2863,#2864,#2865,
    #2866,#2867,#2868,#2869,#2870,#2871,#2872,#2873,#2874,#2875,#2876,
    #2877,#2878,#2879,#2880,#2881,#2882,#2883,#2884,#2885,#2886,#2887,
    #2888,#2889,#2890,#2891,#2892,#2893,#2894,#2895,#2896,#2897,#2898,
    #2899,#2900,#2901,#2902,#2903,#2904,#2905,#2906,#2907,#2908,#2909,
    #2910,#2911,#2912,#2913,#2914,#2915,#2916,#2917,#2918,#2919,#2920,
    #2921,#2922,#2923,#2924,#2925,#2926,#2927,#2928,#2929,#2930,#2931,
    #2932,#2933,#2934,#2935,#2936,#2937,#2938,#2939,#2940,#2941,#2942,
    #2943,#2944,#2945,#2946,#2947,#2948,#2949,#2950,#2951,#2952,#2953,
    #2954,#2955,#2956,#2957,#2958,#2959,#2960,#2961,#2962),
  .UNSPECIFIED.,.F.,.F.,(4,1,1,1,1,1,1,1,1,1,1,1,1,1,1,1,1,1,1,1,1,1,1,1
    ,1,1,1,1,1,1,1,1,1,1,1,1,1,1,1,1,1,1,1,1,1,1,1,1,1,1,1,1,1,1,1,1,1,1
    ,1,1,1,1,1,1,1,1,1,1,1,1,1,1,1,1,1,1,1,1,1,1,1,1,1,1,1,1,1,1,1,1,1,1
    ,1,1,1,1,1,1,1,1,1,1,1,1,1,1,1,1,1,1,4),(0.,3.544514533067E-02,
    7.089029066133E-02,0.106335435992,0.141780581323,0.177225726653,
    0.212670871984,0.248116017315,0.283561162645,0.319006307976,
    0.354451453307,0.389896598637,0.425341743968,0.460786889299,
    0.496232034629,0.53167717996,0.567122325291,0.602567470621,
    0.638012615952,0.673457761283,0.708902906613,0.744348051944,
    0.779793197275,0.815238342605,0.850683487936,0.886128633267,
    0.921573778597,0.957018923928,0.992464069259,1.027909214589,
    1.06335435992,1.098799505251,1.134244650581,1.169689795912,
    1.205134941243,1.240580086573,1.276025231904,1.311470377235,
    1.346915522565,1.382360667896,1.417805813227,1.453250958557,
    1.488696103888,1.524141249219,1.559586394549,1.59503153988,
    1.630476685211,1.665921830541,1.701366975872,1.736812121203,
    1.772257266533,1.807702411864,1.843147557195,1.878592702525,
    1.914037847856,1.949482993187,1.984928138517,2.020373283848,
    2.055818429179,2.091263574509,2.12670871984,2.162153865171,
    2.197599010501,2.233044155832,2.268489301163,2.303934446493,
    2.339379591824,2.374824737155,2.410269882485,2.445715027816,
    2.481160173147,2.516605318477,2.552050463808,2.587495609139,
    2.622940754469,2.6583858998,2.693831045131,2.729276190461,
    2.764721335792,2.800166481123,2.835611626453,2.871056771784,
    2.906501917115,2.941947062445,2.977392207776,3.012837353107,
    3.048282498437,3.083727643768,3.119172789099,3.154617934429,
    3.19006307976,3.225508225091,3.260953370421,3.296398515752,
    3.331843661083,3.367288806413,3.402733951744,3.438179097075,
    3.473624242405,3.509069387736,3.544514533067,3.579959678397,
    3.615404823728,3.650849969059,3.686295114389,3.72174025972,
    3.757185405051,3.792630550381,3.828075695712,3.863520841043,
    3.898965986373),.QUASI_UNIFORM_KNOTS.);
#2850 = CARTESIAN_POINT('',(-6.28318530718,-1.861690534085));
#2851 = CARTESIAN_POINT('',(-6.264252242325,-1.873830112545));
#2852 = CARTESIAN_POINT('',(-6.226492976328,-1.899484394536));
#2853 = CARTESIAN_POINT('',(-6.170174714752,-1.941776753507));
#2854 = CARTESIAN_POINT('',(-6.114180453288,-1.987573801962));
#2855 = CARTESIAN_POINT('',(-6.058501947195,-2.036540618868));
#2856 = CARTESIAN_POINT('',(-6.003124894122,-2.088329538298));
#2857 = CARTESIAN_POINT('',(-5.94802636845,-2.142583306089));
#2858 = CARTESIAN_POINT('',(-5.893181881736,-2.198933800765));
#2859 = CARTESIAN_POINT('',(-5.838590984521,-2.256975285524));
#2860 = CARTESIAN_POINT('',(-5.784178964058,-2.316373086051));
#2861 = CARTESIAN_POINT('',(-5.729892576344,-2.376767051031));
#2862 = CARTESIAN_POINT('',(-5.67567852763,-2.437791915792));
#2863 = CARTESIAN_POINT('',(-5.621487872869,-2.499072593956));
#2864 = CARTESIAN_POINT('',(-5.567273728567,-2.560226549353));
#2865 = CARTESIAN_POINT('',(-5.512990972546,-2.620864625754));
#2866 = CARTESIAN_POINT('',(-5.458595542738,-2.680592652422));
#2867 = CARTESIAN_POINT('',(-5.404043982418,-2.739013170458));
#2868 = CARTESIAN_POINT('',(-5.349292854641,-2.795727590929));
#2869 = CARTESIAN_POINT('',(-5.294298752469,-2.850338218888));
#2870 = CARTESIAN_POINT('',(-5.239016263729,-2.902452133191));
#2871 = CARTESIAN_POINT('',(-5.183403620834,-2.95167957986));
#2872 = CARTESIAN_POINT('',(-5.127399632333,-2.997654323884));
#2873 = CARTESIAN_POINT('',(-5.071033396783,-3.039953269478));
#2874 = CARTESIAN_POINT('',(-5.014326372148,-3.078200133246));
#2875 = CARTESIAN_POINT('',(-4.957296061424,-3.112065779612));
#2876 = CARTESIAN_POINT('',(-4.899967056085,-3.141269733162));
#2877 = CARTESIAN_POINT('',(-4.842370188279,-3.165589775031));
#2878 = CARTESIAN_POINT('',(-4.784544724281,-3.184869111911));
#2879 = CARTESIAN_POINT('',(-4.726542261858,-3.199023047847));
#2880 = CARTESIAN_POINT('',(-4.668423563852,-3.208047949652));
#2881 = CARTESIAN_POINT('',(-4.610237077576,-3.212023907667));
#2882 = CARTESIAN_POINT('',(-4.552043268906,-3.21110858562));
#2883 = CARTESIAN_POINT('',(-4.493883695529,-3.205533134999));
#2884 = CARTESIAN_POINT('',(-4.43579179612,-3.195589212841));
#2885 = CARTESIAN_POINT('',(-4.37779271329,-3.181618579432));
#2886 = CARTESIAN_POINT('',(-4.319905341141,-3.164002390923));
#2887 = CARTESIAN_POINT('',(-4.262143968775,-3.143151482843));
#2888 = CARTESIAN_POINT('',(-4.204517413241,-3.119495949969));
#2889 = CARTESIAN_POINT('',(-4.147037107481,-3.093480109142));
#2890 = CARTESIAN_POINT('',(-4.089673129195,-3.065532471815));
#2891 = CARTESIAN_POINT('',(-4.032399155946,-3.036076707958));
#2892 = CARTESIAN_POINT('',(-3.975190832823,-3.005527461648));
#2893 = CARTESIAN_POINT('',(-3.91802443046,-2.974285760271));
#2894 = CARTESIAN_POINT('',(-3.860877259534,-2.94273569105));
#2895 = CARTESIAN_POINT('',(-3.803727628422,-2.911241070128));
#2896 = CARTESIAN_POINT('',(-3.74655492222,-2.880142433647));
#2897 = CARTESIAN_POINT('',(-3.68933977313,-2.849754307818));
#2898 = CARTESIAN_POINT('',(-3.632063936432,-2.820362600566));
#2899 = CARTESIAN_POINT('',(-3.574711515796,-2.792222787405));
#2900 = CARTESIAN_POINT('',(-3.517265412701,-2.765556358371));
#2901 = CARTESIAN_POINT('',(-3.459727352089,-2.74055733485));
#2902 = CARTESIAN_POINT('',(-3.402100077421,-2.71738070793));
#2903 = CARTESIAN_POINT('',(-3.344385881577,-2.696140512372));
#2904 = CARTESIAN_POINT('',(-3.286588964356,-2.676909643626));
#2905 = CARTESIAN_POINT('',(-3.228715489746,-2.659719194909));
#2906 = CARTESIAN_POINT('',(-3.170775264931,-2.64455875254));
#2907 = CARTESIAN_POINT('',(-3.112779831127,-2.631376013192));
#2908 = CARTESIAN_POINT('',(-3.054734554399,-2.620076795518));
#2909 = CARTESIAN_POINT('',(-2.996653803373,-2.610530282724));
#2910 = CARTESIAN_POINT('',(-2.93854581476,-2.602568486074));
#2911 = CARTESIAN_POINT('',(-2.880417525918,-2.595991020084));
#2912 = CARTESIAN_POINT('',(-2.822274043139,-2.590568896216));
#2913 = CARTESIAN_POINT('',(-2.764120624192,-2.586048995554));
#2914 = CARTESIAN_POINT('',(-2.705959524637,-2.582158452093));
#2915 = CARTESIAN_POINT('',(-2.647804721265,-2.578610359534));
#2916 = CARTESIAN_POINT('',(-2.589630399374,-2.575105918181));
#2917 = CARTESIAN_POINT('',(-2.531427498419,-2.571342591406));
#2918 = CARTESIAN_POINT('',(-2.473221442088,-2.567020434634));
#2919 = CARTESIAN_POINT('',(-2.415023220151,-2.561845336431));
#2920 = CARTESIAN_POINT('',(-2.356843927598,-2.555535648044));
#2921 = CARTESIAN_POINT('',(-2.298692053582,-2.547827549867));
#2922 = CARTESIAN_POINT('',(-2.240575228881,-2.538480350657));
#2923 = CARTESIAN_POINT('',(-2.182500680785,-2.527281349621));
#2924 = CARTESIAN_POINT('',(-2.124475997717,-2.514050316869));
#2925 = CARTESIAN_POINT('',(-2.066509802544,-2.498643521823));
#2926 = CARTESIAN_POINT('',(-2.008612568486,-2.480957327329));
#2927 = CARTESIAN_POINT('',(-1.950797276926,-2.460931150428));
#2928 = CARTESIAN_POINT('',(-1.893081148367,-2.438550379613));
#2929 = CARTESIAN_POINT('',(-1.83548413809,-2.413846909605));
#2930 = CARTESIAN_POINT('',(-1.778040588648,-2.386905890966));
#2931 = CARTESIAN_POINT('',(-1.720735437714,-2.357832982688));
#2932 = CARTESIAN_POINT('',(-1.663562888546,-2.326775436177));
#2933 = CARTESIAN_POINT('',(-1.606513153866,-2.293914613402));
#2934 = CARTESIAN_POINT('',(-1.549573446129,-2.259462879376));
#2935 = CARTESIAN_POINT('',(-1.492728421497,-2.223660748524));
#2936 = CARTESIAN_POINT('',(-1.435960579774,-2.18677388225));
#2937 = CARTESIAN_POINT('',(-1.379250529209,-2.149090093916));
#2938 = CARTESIAN_POINT('',(-1.322577145547,-2.110916349469));
#2939 = CARTESIAN_POINT('',(-1.26591772886,-2.072575864929));
#2940 = CARTESIAN_POINT('',(-1.209247800295,-2.034405118135));
#2941 = CARTESIAN_POINT('',(-1.152541904522,-1.996751614318));
#2942 = CARTESIAN_POINT('',(-1.095770301825,-1.959969440208));
#2943 = CARTESIAN_POINT('',(-1.038910591177,-1.924423838785));
#2944 = CARTESIAN_POINT('',(-0.981892009056,-1.890456244886));
#2945 = CARTESIAN_POINT('',(-0.924713256649,-1.858454874249));
#2946 = CARTESIAN_POINT('',(-0.867375293569,-1.82880490295));
#2947 = CARTESIAN_POINT('',(-0.809880538248,-1.801883983237));
#2948 = CARTESIAN_POINT('',(-0.752233784147,-1.778057710311));
#2949 = CARTESIAN_POINT('',(-0.694442776141,-1.757674782911));
#2950 = CARTESIAN_POINT('',(-0.636519039148,-1.741061887008));
#2951 = CARTESIAN_POINT('',(-0.578478904438,-1.728518225087));
#2952 = CARTESIAN_POINT('',(-0.520344646873,-1.720309647959));
#2953 = CARTESIAN_POINT('',(-0.46214649623,-1.716662208455));
#2954 = CARTESIAN_POINT('',(-0.403923035668,-1.717755365765));
#2955 = CARTESIAN_POINT('',(-0.34572980415,-1.723713462676));
#2956 = CARTESIAN_POINT('',(-0.287619803012,-1.734600055825));
#2957 = CARTESIAN_POINT('',(-0.229642652356,-1.750418006047));
#2958 = CARTESIAN_POINT('',(-0.171848634318,-1.771108823526));
#2959 = CARTESIAN_POINT('',(-0.114277946216,-1.79655664764));
#2960 = CARTESIAN_POINT('',(-5.696657136264E-02,-1.826597153197));
#2961 = CARTESIAN_POINT('',(-1.895289363607E-02,-1.849531722599));
#2962 = CARTESIAN_POINT('',(-8.881784197001E-16,-1.861690534085));
#2963 = ( GEOMETRIC_REPRESENTATION_CONTEXT(2) 
PARAMETRIC_REPRESENTATION_CONTEXT() REPRESENTATION_CONTEXT('2D SPACE',''
  ) );
#2964 = ADVANCED_FACE('',(#2965,#2969),#1151,.F.);
#2965 = FACE_BOUND('',#2966,.F.);
#2966 = EDGE_LOOP('',(#2967,#2968));
#2967 = ORIENTED_EDGE('',*,*,#1721,.F.);
#2968 = ORIENTED_EDGE('',*,*,#1137,.F.);
#2969 = FACE_BOUND('',#2970,.F.);
#2970 = EDGE_LOOP('',(#2971));
#2971 = ORIENTED_EDGE('',*,*,#2972,.T.);
#2972 = EDGE_CURVE('',#2973,#2973,#2975,.T.);
#2973 = VERTEX_POINT('',#2974);
#2974 = CARTESIAN_POINT('',(-61.,9.7,129.));
#2975 = SURFACE_CURVE('',#2976,(#2981,#2992),.PCURVE_S1.);
#2976 = CIRCLE('',#2977,1.7);
#2977 = AXIS2_PLACEMENT_3D('',#2978,#2979,#2980);
#2978 = CARTESIAN_POINT('',(-61.,8.,129.));
#2979 = DIRECTION('',(-1.,0.,0.));
#2980 = DIRECTION('',(0.,1.,0.));
#2981 = PCURVE('',#1151,#2982);
#2982 = DEFINITIONAL_REPRESENTATION('',(#2983),#2991);
#2983 = ( BOUNDED_CURVE() B_SPLINE_CURVE(2,(#2984,#2985,#2986,#2987,
#2988,#2989,#2990),.UNSPECIFIED.,.T.,.F.) B_SPLINE_CURVE_WITH_KNOTS((1,2
    ,2,2,2,1),(-2.094395102393,0.,2.094395102393,4.188790204786,
6.28318530718,8.377580409573),.UNSPECIFIED.) CURVE() 
GEOMETRIC_REPRESENTATION_ITEM() RATIONAL_B_SPLINE_CURVE((1.,0.5,1.,0.5,
1.,0.5,1.)) REPRESENTATION_ITEM('') );
#2984 = CARTESIAN_POINT('',(58.,-59.7));
#2985 = CARTESIAN_POINT('',(55.055513627133,-59.7));
#2986 = CARTESIAN_POINT('',(56.527756813566,-57.15));
#2987 = CARTESIAN_POINT('',(58.,-54.6));
#2988 = CARTESIAN_POINT('',(59.472243186434,-57.15));
#2989 = CARTESIAN_POINT('',(60.944486372867,-59.7));
#2990 = CARTESIAN_POINT('',(58.,-59.7));
#2991 = ( GEOMETRIC_REPRESENTATION_CONTEXT(2) 
PARAMETRIC_REPRESENTATION_CONTEXT() REPRESENTATION_CONTEXT('2D SPACE',''
  ) );
#2992 = PCURVE('',#1187,#2993);
#2993 = DEFINITIONAL_REPRESENTATION('',(#2994),#2998);
#2994 = LINE('',#2995,#2996);
#2995 = CARTESIAN_POINT('',(-6.28318530718,-2.));
#2996 = VECTOR('',#2997,1.);
#2997 = DIRECTION('',(1.,-0.));
#2998 = ( GEOMETRIC_REPRESENTATION_CONTEXT(2) 
PARAMETRIC_REPRESENTATION_CONTEXT() REPRESENTATION_CONTEXT('2D SPACE',''
  ) );
#2999 = ADVANCED_FACE('',(#3000),#985,.T.);
#3000 = FACE_BOUND('',#3001,.T.);
#3001 = EDGE_LOOP('',(#3002,#3003));
#3002 = ORIENTED_EDGE('',*,*,#1312,.F.);
#3003 = ORIENTED_EDGE('',*,*,#969,.F.);
#3004 = ADVANCED_FACE('',(#3005),#1187,.F.);
#3005 = FACE_BOUND('',#3006,.T.);
#3006 = EDGE_LOOP('',(#3007,#3008,#3029,#3030));
#3007 = ORIENTED_EDGE('',*,*,#2972,.T.);
#3008 = ORIENTED_EDGE('',*,*,#3009,.T.);
#3009 = EDGE_CURVE('',#2973,#1171,#3010,.T.);
#3010 = SEAM_CURVE('',#3011,(#3015,#3022),.PCURVE_S1.);
#3011 = LINE('',#3012,#3013);
#3012 = CARTESIAN_POINT('',(-63.,9.7,129.));
#3013 = VECTOR('',#3014,1.);
#3014 = DIRECTION('',(1.,0.,0.));
#3015 = PCURVE('',#1187,#3016);
#3016 = DEFINITIONAL_REPRESENTATION('',(#3017),#3021);
#3017 = LINE('',#3018,#3019);
#3018 = CARTESIAN_POINT('',(-6.28318530718,0.));
#3019 = VECTOR('',#3020,1.);
#3020 = DIRECTION('',(-0.,-1.));
#3021 = ( GEOMETRIC_REPRESENTATION_CONTEXT(2) 
PARAMETRIC_REPRESENTATION_CONTEXT() REPRESENTATION_CONTEXT('2D SPACE',''
  ) );
#3022 = PCURVE('',#1187,#3023);
#3023 = DEFINITIONAL_REPRESENTATION('',(#3024),#3028);
#3024 = LINE('',#3025,#3026);
#3025 = CARTESIAN_POINT('',(-0.,0.));
#3026 = VECTOR('',#3027,1.);
#3027 = DIRECTION('',(-0.,-1.));
#3028 = ( GEOMETRIC_REPRESENTATION_CONTEXT(2) 
PARAMETRIC_REPRESENTATION_CONTEXT() REPRESENTATION_CONTEXT('2D SPACE',''
  ) );
#3029 = ORIENTED_EDGE('',*,*,#1170,.F.);
#3030 = ORIENTED_EDGE('',*,*,#3009,.F.);
#3031 = ADVANCED_FACE('',(#3032,#3058),#1242,.F.);
#3032 = FACE_BOUND('',#3033,.F.);
#3033 = EDGE_LOOP('',(#3034));
#3034 = ORIENTED_EDGE('',*,*,#3035,.T.);
#3035 = EDGE_CURVE('',#3036,#3036,#3038,.T.);
#3036 = VERTEX_POINT('',#3037);
#3037 = CARTESIAN_POINT('',(-142.,0.,113.));
#3038 = SURFACE_CURVE('',#3039,(#3044,#3051),.PCURVE_S1.);
#3039 = CIRCLE('',#3040,4.);
#3040 = AXIS2_PLACEMENT_3D('',#3041,#3042,#3043);
#3041 = CARTESIAN_POINT('',(-146.,0.,113.));
#3042 = DIRECTION('',(-0.,1.,0.));
#3043 = DIRECTION('',(1.,0.,0.));
#3044 = PCURVE('',#1242,#3045);
#3045 = DEFINITIONAL_REPRESENTATION('',(#3046),#3050);
#3046 = CIRCLE('',#3047,4.);
#3047 = AXIS2_PLACEMENT_2D('',#3048,#3049);
#3048 = CARTESIAN_POINT('',(187.,154.));
#3049 = DIRECTION('',(0.,1.));
#3050 = ( GEOMETRIC_REPRESENTATION_CONTEXT(2) 
PARAMETRIC_REPRESENTATION_CONTEXT() REPRESENTATION_CONTEXT('2D SPACE',''
  ) );
#3051 = PCURVE('',#2473,#3052);
#3052 = DEFINITIONAL_REPRESENTATION('',(#3053),#3057);
#3053 = LINE('',#3054,#3055);
#3054 = CARTESIAN_POINT('',(-6.28318530718,-8.));
#3055 = VECTOR('',#3056,1.);
#3056 = DIRECTION('',(1.,-0.));
#3057 = ( GEOMETRIC_REPRESENTATION_CONTEXT(2) 
PARAMETRIC_REPRESENTATION_CONTEXT() REPRESENTATION_CONTEXT('2D SPACE',''
  ) );
#3058 = FACE_BOUND('',#3059,.F.);
#3059 = EDGE_LOOP('',(#3060));
#3060 = ORIENTED_EDGE('',*,*,#1227,.F.);
#3061 = ADVANCED_FACE('',(#3062,#3088),#1297,.F.);
#3062 = FACE_BOUND('',#3063,.F.);
#3063 = EDGE_LOOP('',(#3064));
#3064 = ORIENTED_EDGE('',*,*,#3065,.T.);
#3065 = EDGE_CURVE('',#3066,#3066,#3068,.T.);
#3066 = VERTEX_POINT('',#3067);
#3067 = CARTESIAN_POINT('',(-98.,0.,122.));
#3068 = SURFACE_CURVE('',#3069,(#3074,#3081),.PCURVE_S1.);
#3069 = CIRCLE('',#3070,4.);
#3070 = AXIS2_PLACEMENT_3D('',#3071,#3072,#3073);
#3071 = CARTESIAN_POINT('',(-102.,0.,122.));
#3072 = DIRECTION('',(-0.,1.,0.));
#3073 = DIRECTION('',(1.,0.,0.));
#3074 = PCURVE('',#1297,#3075);
#3075 = DEFINITIONAL_REPRESENTATION('',(#3076),#3080);
#3076 = CIRCLE('',#3077,4.);
#3077 = AXIS2_PLACEMENT_2D('',#3078,#3079);
#3078 = CARTESIAN_POINT('',(196.,198.));
#3079 = DIRECTION('',(0.,1.));
#3080 = ( GEOMETRIC_REPRESENTATION_CONTEXT(2) 
PARAMETRIC_REPRESENTATION_CONTEXT() REPRESENTATION_CONTEXT('2D SPACE',''
  ) );
#3081 = PCURVE('',#2843,#3082);
#3082 = DEFINITIONAL_REPRESENTATION('',(#3083),#3087);
#3083 = LINE('',#3084,#3085);
#3084 = CARTESIAN_POINT('',(-6.28318530718,-14.));
#3085 = VECTOR('',#3086,1.);
#3086 = DIRECTION('',(1.,-0.));
#3087 = ( GEOMETRIC_REPRESENTATION_CONTEXT(2) 
PARAMETRIC_REPRESENTATION_CONTEXT() REPRESENTATION_CONTEXT('2D SPACE',''
  ) );
#3088 = FACE_BOUND('',#3089,.F.);
#3089 = EDGE_LOOP('',(#3090));
#3090 = ORIENTED_EDGE('',*,*,#1282,.F.);
#3091 = ADVANCED_FACE('',(#3092),#2473,.T.);
#3092 = FACE_BOUND('',#3093,.F.);
#3093 = EDGE_LOOP('',(#3094,#3115,#3116,#3117));
#3094 = ORIENTED_EDGE('',*,*,#3095,.F.);
#3095 = EDGE_CURVE('',#2193,#3036,#3096,.T.);
#3096 = SEAM_CURVE('',#3097,(#3101,#3108),.PCURVE_S1.);
#3097 = LINE('',#3098,#3099);
#3098 = CARTESIAN_POINT('',(-142.,8.,113.));
#3099 = VECTOR('',#3100,1.);
#3100 = DIRECTION('',(0.,-1.,0.));
#3101 = PCURVE('',#2473,#3102);
#3102 = DEFINITIONAL_REPRESENTATION('',(#3103),#3107);
#3103 = LINE('',#3104,#3105);
#3104 = CARTESIAN_POINT('',(-6.28318530718,0.));
#3105 = VECTOR('',#3106,1.);
#3106 = DIRECTION('',(-0.,-1.));
#3107 = ( GEOMETRIC_REPRESENTATION_CONTEXT(2) 
PARAMETRIC_REPRESENTATION_CONTEXT() REPRESENTATION_CONTEXT('2D SPACE',''
  ) );
#3108 = PCURVE('',#2473,#3109);
#3109 = DEFINITIONAL_REPRESENTATION('',(#3110),#3114);
#3110 = LINE('',#3111,#3112);
#3111 = CARTESIAN_POINT('',(-0.,0.));
#3112 = VECTOR('',#3113,1.);
#3113 = DIRECTION('',(-0.,-1.));
#3114 = ( GEOMETRIC_REPRESENTATION_CONTEXT(2) 
PARAMETRIC_REPRESENTATION_CONTEXT() REPRESENTATION_CONTEXT('2D SPACE',''
  ) );
#3115 = ORIENTED_EDGE('',*,*,#2192,.T.);
#3116 = ORIENTED_EDGE('',*,*,#3095,.T.);
#3117 = ORIENTED_EDGE('',*,*,#3035,.F.);
#3118 = ADVANCED_FACE('',(#3119),#2843,.T.);
#3119 = FACE_BOUND('',#3120,.F.);
#3120 = EDGE_LOOP('',(#3121,#3142,#3143,#3144));
#3121 = ORIENTED_EDGE('',*,*,#3122,.F.);
#3122 = EDGE_CURVE('',#2642,#3066,#3123,.T.);
#3123 = SEAM_CURVE('',#3124,(#3128,#3135),.PCURVE_S1.);
#3124 = LINE('',#3125,#3126);
#3125 = CARTESIAN_POINT('',(-98.,14.,122.));
#3126 = VECTOR('',#3127,1.);
#3127 = DIRECTION('',(0.,-1.,0.));
#3128 = PCURVE('',#2843,#3129);
#3129 = DEFINITIONAL_REPRESENTATION('',(#3130),#3134);
#3130 = LINE('',#3131,#3132);
#3131 = CARTESIAN_POINT('',(-6.28318530718,0.));
#3132 = VECTOR('',#3133,1.);
#3133 = DIRECTION('',(-0.,-1.));
#3134 = ( GEOMETRIC_REPRESENTATION_CONTEXT(2) 
PARAMETRIC_REPRESENTATION_CONTEXT() REPRESENTATION_CONTEXT('2D SPACE',''
  ) );
#3135 = PCURVE('',#2843,#3136);
#3136 = DEFINITIONAL_REPRESENTATION('',(#3137),#3141);
#3137 = LINE('',#3138,#3139);
#3138 = CARTESIAN_POINT('',(-0.,0.));
#3139 = VECTOR('',#3140,1.);
#3140 = DIRECTION('',(-0.,-1.));
#3141 = ( GEOMETRIC_REPRESENTATION_CONTEXT(2) 
PARAMETRIC_REPRESENTATION_CONTEXT() REPRESENTATION_CONTEXT('2D SPACE',''
  ) );
#3142 = ORIENTED_EDGE('',*,*,#2641,.T.);
#3143 = ORIENTED_EDGE('',*,*,#3122,.T.);
#3144 = ORIENTED_EDGE('',*,*,#3065,.F.);
#3145 = ( GEOMETRIC_REPRESENTATION_CONTEXT(3) 
GLOBAL_UNCERTAINTY_ASSIGNED_CONTEXT((#3149)) 
GLOBAL_UNIT_ASSIGNED_CONTEXT((#3146,#3147,#3148)) REPRESENTATION_CONTEXT
('Context #1','3D Context with UNIT and UNCERTAINTY') );
#3146 = ( LENGTH_UNIT() NAMED_UNIT(*) SI_UNIT(.MILLI.,.METRE.) );
#3147 = ( NAMED_UNIT(*) PLANE_ANGLE_UNIT() SI_UNIT($,.RADIAN.) );
#3148 = ( NAMED_UNIT(*) SI_UNIT($,.STERADIAN.) SOLID_ANGLE_UNIT() );
#3149 = UNCERTAINTY_MEASURE_WITH_UNIT(LENGTH_MEASURE(2.E-06),#3146,
  'distance_accuracy_value','confusion accuracy');
#3150 = PRODUCT_RELATED_PRODUCT_CATEGORY('part',$,(#7));
ENDSEC;
END-ISO-10303-21;
