ISO-10303-21;
HEADER;
FILE_DESCRIPTION(('Open CASCADE Model'),'2;1');
FILE_NAME('Open CASCADE Shape Model','2026-09-08T23:35:12',('Author'),(
    'Open CASCADE'),'Open CASCADE STEP processor 7.9','Open CASCADE 7.9'
  ,'Unknown');
FILE_SCHEMA(('AUTOMOTIVE_DESIGN { 1 0 10303 214 1 1 1 1 }'));
ENDSEC;
DATA;
#1 = APPLICATION_PROTOCOL_DEFINITION('international standard',
  'automotive_design',2000,#2);
#2 = APPLICATION_CONTEXT(
  'core data for automotive mechanical design processes');
#3 = SHAPE_DEFINITION_REPRESENTATION(#4,#10);
#4 = PRODUCT_DEFINITION_SHAPE('','',#5);
#5 = PRODUCT_DEFINITION('design','',#6,#9);
#6 = PRODUCT_DEFINITION_FORMATION('','',#7);
#7 = PRODUCT('Open CASCADE STEP translator 7.9 15',
  'Open CASCADE STEP translator 7.9 15','',(#8));
#8 = PRODUCT_CONTEXT('',#2,'mechanical');
#9 = PRODUCT_DEFINITION_CONTEXT('part definition',#2,'design');
#10 = ADVANCED_BREP_SHAPE_REPRESENTATION('',(#11,#15),#3705);
#11 = AXIS2_PLACEMENT_3D('',#12,#13,#14);
#12 = CARTESIAN_POINT('',(0.,0.,0.));
#13 = DIRECTION('',(0.,0.,1.));
#14 = DIRECTION('',(1.,0.,-0.));
#15 = MANIFOLD_SOLID_BREP('',#16);
#16 = CLOSED_SHELL('',(#17,#244,#745,#794,#843,#870,#924,#1186,#1213,
    #1220,#1247,#1274,#2555,#2582,#2589,#2696,#2745,#2794,#2847,#2954,
    #3003,#3052,#3105,#3181,#3230,#3279,#3306,#3381,#3409,#3484,#3512,
    #3587,#3615,#3622,#3649,#3656,#3683,#3690,#3695,#3700));
#17 = ADVANCED_FACE('',(#18),#32,.F.);
#18 = FACE_BOUND('',#19,.F.);
#19 = EDGE_LOOP('',(#20,#55,#83,#111,#139,#162,#190,#218));
#20 = ORIENTED_EDGE('',*,*,#21,.F.);
#21 = EDGE_CURVE('',#22,#24,#26,.T.);
#22 = VERTEX_POINT('',#23);
#23 = CARTESIAN_POINT('',(-64.5,44.,16.));
#24 = VERTEX_POINT('',#25);
#25 = CARTESIAN_POINT('',(-64.5,49.7,16.));
#26 = SURFACE_CURVE('',#27,(#31,#43),.PCURVE_S1.);
#27 = LINE('',#28,#29);
#28 = CARTESIAN_POINT('',(-64.5,38.,16.));
#29 = VECTOR('',#30,1.);
#30 = DIRECTION('',(0.,1.,0.));
#31 = PCURVE('',#32,#37);
#32 = PLANE('',#33);
#33 = AXIS2_PLACEMENT_3D('',#34,#35,#36);
#34 = CARTESIAN_POINT('',(-64.5,38.,4.));
#35 = DIRECTION('',(1.,0.,0.));
#36 = DIRECTION('',(0.,0.,1.));
#37 = DEFINITIONAL_REPRESENTATION('',(#38),#42);
#38 = LINE('',#39,#40);
#39 = CARTESIAN_POINT('',(12.,0.));
#40 = VECTOR('',#41,1.);
#41 = DIRECTION('',(0.,-1.));
#42 = ( GEOMETRIC_REPRESENTATION_CONTEXT(2) 
PARAMETRIC_REPRESENTATION_CONTEXT() REPRESENTATION_CONTEXT('2D SPACE',''
  ) );
#43 = PCURVE('',#44,#49);
#44 = PLANE('',#45);
#45 = AXIS2_PLACEMENT_3D('',#46,#47,#48);
#46 = CARTESIAN_POINT('',(-64.5,38.,16.));
#47 = DIRECTION('',(0.,0.,1.));
#48 = DIRECTION('',(1.,0.,-0.));
#49 = DEFINITIONAL_REPRESENTATION('',(#50),#54);
#50 = LINE('',#51,#52);
#51 = CARTESIAN_POINT('',(0.,0.));
#52 = VECTOR('',#53,1.);
#53 = DIRECTION('',(0.,1.));
#54 = ( GEOMETRIC_REPRESENTATION_CONTEXT(2) 
PARAMETRIC_REPRESENTATION_CONTEXT() REPRESENTATION_CONTEXT('2D SPACE',''
  ) );
#55 = ORIENTED_EDGE('',*,*,#56,.F.);
#56 = EDGE_CURVE('',#57,#22,#59,.T.);
#57 = VERTEX_POINT('',#58);
#58 = CARTESIAN_POINT('',(-64.5,44.,4.));
#59 = SURFACE_CURVE('',#60,(#64,#71),.PCURVE_S1.);
#60 = LINE('',#61,#62);
#61 = CARTESIAN_POINT('',(-64.5,44.,4.));
#62 = VECTOR('',#63,1.);
#63 = DIRECTION('',(0.,0.,1.));
#64 = PCURVE('',#32,#65);
#65 = DEFINITIONAL_REPRESENTATION('',(#66),#70);
#66 = LINE('',#67,#68);
#67 = CARTESIAN_POINT('',(0.,-6.));
#68 = VECTOR('',#69,1.);
#69 = DIRECTION('',(1.,0.));
#70 = ( GEOMETRIC_REPRESENTATION_CONTEXT(2) 
PARAMETRIC_REPRESENTATION_CONTEXT() REPRESENTATION_CONTEXT('2D SPACE',''
  ) );
#71 = PCURVE('',#72,#77);
#72 = CYLINDRICAL_SURFACE('',#73,6.);
#73 = AXIS2_PLACEMENT_3D('',#74,#75,#76);
#74 = CARTESIAN_POINT('',(-58.5,44.,4.));
#75 = DIRECTION('',(0.,0.,1.));
#76 = DIRECTION('',(-1.,-0.,0.));
#77 = DEFINITIONAL_REPRESENTATION('',(#78),#82);
#78 = LINE('',#79,#80);
#79 = CARTESIAN_POINT('',(0.,0.));
#80 = VECTOR('',#81,1.);
#81 = DIRECTION('',(0.,1.));
#82 = ( GEOMETRIC_REPRESENTATION_CONTEXT(2) 
PARAMETRIC_REPRESENTATION_CONTEXT() REPRESENTATION_CONTEXT('2D SPACE',''
  ) );
#83 = ORIENTED_EDGE('',*,*,#84,.T.);
#84 = EDGE_CURVE('',#57,#85,#87,.T.);
#85 = VERTEX_POINT('',#86);
#86 = CARTESIAN_POINT('',(-64.5,74.,4.));
#87 = SURFACE_CURVE('',#88,(#92,#99),.PCURVE_S1.);
#88 = LINE('',#89,#90);
#89 = CARTESIAN_POINT('',(-64.5,38.,4.));
#90 = VECTOR('',#91,1.);
#91 = DIRECTION('',(0.,1.,0.));
#92 = PCURVE('',#32,#93);
#93 = DEFINITIONAL_REPRESENTATION('',(#94),#98);
#94 = LINE('',#95,#96);
#95 = CARTESIAN_POINT('',(0.,0.));
#96 = VECTOR('',#97,1.);
#97 = DIRECTION('',(0.,-1.));
#98 = ( GEOMETRIC_REPRESENTATION_CONTEXT(2) 
PARAMETRIC_REPRESENTATION_CONTEXT() REPRESENTATION_CONTEXT('2D SPACE',''
  ) );
#99 = PCURVE('',#100,#105);
#100 = PLANE('',#101);
#101 = AXIS2_PLACEMENT_3D('',#102,#103,#104);
#102 = CARTESIAN_POINT('',(-64.5,38.,4.));
#103 = DIRECTION('',(0.,0.,1.));
#104 = DIRECTION('',(1.,0.,-0.));
#105 = DEFINITIONAL_REPRESENTATION('',(#106),#110);
#106 = LINE('',#107,#108);
#107 = CARTESIAN_POINT('',(0.,0.));
#108 = VECTOR('',#109,1.);
#109 = DIRECTION('',(0.,1.));
#110 = ( GEOMETRIC_REPRESENTATION_CONTEXT(2) 
PARAMETRIC_REPRESENTATION_CONTEXT() REPRESENTATION_CONTEXT('2D SPACE',''
  ) );
#111 = ORIENTED_EDGE('',*,*,#112,.T.);
#112 = EDGE_CURVE('',#85,#113,#115,.T.);
#113 = VERTEX_POINT('',#114);
#114 = CARTESIAN_POINT('',(-64.5,74.,16.));
#115 = SURFACE_CURVE('',#116,(#120,#127),.PCURVE_S1.);
#116 = LINE('',#117,#118);
#117 = CARTESIAN_POINT('',(-64.5,74.,4.));
#118 = VECTOR('',#119,1.);
#119 = DIRECTION('',(0.,0.,1.));
#120 = PCURVE('',#32,#121);
#121 = DEFINITIONAL_REPRESENTATION('',(#122),#126);
#122 = LINE('',#123,#124);
#123 = CARTESIAN_POINT('',(0.,-36.));
#124 = VECTOR('',#125,1.);
#125 = DIRECTION('',(1.,0.));
#126 = ( GEOMETRIC_REPRESENTATION_CONTEXT(2) 
PARAMETRIC_REPRESENTATION_CONTEXT() REPRESENTATION_CONTEXT('2D SPACE',''
  ) );
#127 = PCURVE('',#128,#133);
#128 = CYLINDRICAL_SURFACE('',#129,6.);
#129 = AXIS2_PLACEMENT_3D('',#130,#131,#132);
#130 = CARTESIAN_POINT('',(-58.5,74.,4.));
#131 = DIRECTION('',(0.,0.,1.));
#132 = DIRECTION('',(-1.,-0.,0.));
#133 = DEFINITIONAL_REPRESENTATION('',(#134),#138);
#134 = LINE('',#135,#136);
#135 = CARTESIAN_POINT('',(6.28318530718,0.));
#136 = VECTOR('',#137,1.);
#137 = DIRECTION('',(-0.,1.));
#138 = ( GEOMETRIC_REPRESENTATION_CONTEXT(2) 
PARAMETRIC_REPRESENTATION_CONTEXT() REPRESENTATION_CONTEXT('2D SPACE',''
  ) );
#139 = ORIENTED_EDGE('',*,*,#140,.F.);
#140 = EDGE_CURVE('',#141,#113,#143,.T.);
#141 = VERTEX_POINT('',#142);
#142 = CARTESIAN_POINT('',(-64.5,68.3,16.));
#143 = SURFACE_CURVE('',#144,(#148,#155),.PCURVE_S1.);
#144 = LINE('',#145,#146);
#145 = CARTESIAN_POINT('',(-64.5,38.,16.));
#146 = VECTOR('',#147,1.);
#147 = DIRECTION('',(0.,1.,0.));
#148 = PCURVE('',#32,#149);
#149 = DEFINITIONAL_REPRESENTATION('',(#150),#154);
#150 = LINE('',#151,#152);
#151 = CARTESIAN_POINT('',(12.,0.));
#152 = VECTOR('',#153,1.);
#153 = DIRECTION('',(0.,-1.));
#154 = ( GEOMETRIC_REPRESENTATION_CONTEXT(2) 
PARAMETRIC_REPRESENTATION_CONTEXT() REPRESENTATION_CONTEXT('2D SPACE',''
  ) );
#155 = PCURVE('',#44,#156);
#156 = DEFINITIONAL_REPRESENTATION('',(#157),#161);
#157 = LINE('',#158,#159);
#158 = CARTESIAN_POINT('',(0.,0.));
#159 = VECTOR('',#160,1.);
#160 = DIRECTION('',(0.,1.));
#161 = ( GEOMETRIC_REPRESENTATION_CONTEXT(2) 
PARAMETRIC_REPRESENTATION_CONTEXT() REPRESENTATION_CONTEXT('2D SPACE',''
  ) );
#162 = ORIENTED_EDGE('',*,*,#163,.F.);
#163 = EDGE_CURVE('',#164,#141,#166,.T.);
#164 = VERTEX_POINT('',#165);
#165 = CARTESIAN_POINT('',(-64.5,68.3,12.));
#166 = SURFACE_CURVE('',#167,(#171,#178),.PCURVE_S1.);
#167 = LINE('',#168,#169);
#168 = CARTESIAN_POINT('',(-64.5,68.3,8.));
#169 = VECTOR('',#170,1.);
#170 = DIRECTION('',(0.,0.,1.));
#171 = PCURVE('',#32,#172);
#172 = DEFINITIONAL_REPRESENTATION('',(#173),#177);
#173 = LINE('',#174,#175);
#174 = CARTESIAN_POINT('',(4.,-30.3));
#175 = VECTOR('',#176,1.);
#176 = DIRECTION('',(1.,0.));
#177 = ( GEOMETRIC_REPRESENTATION_CONTEXT(2) 
PARAMETRIC_REPRESENTATION_CONTEXT() REPRESENTATION_CONTEXT('2D SPACE',''
  ) );
#178 = PCURVE('',#179,#184);
#179 = PLANE('',#180);
#180 = AXIS2_PLACEMENT_3D('',#181,#182,#183);
#181 = CARTESIAN_POINT('',(-65.5,68.3,12.));
#182 = DIRECTION('',(0.,1.,0.));
#183 = DIRECTION('',(0.,-0.,1.));
#184 = DEFINITIONAL_REPRESENTATION('',(#185),#189);
#185 = LINE('',#186,#187);
#186 = CARTESIAN_POINT('',(-4.,1.));
#187 = VECTOR('',#188,1.);
#188 = DIRECTION('',(1.,0.));
#189 = ( GEOMETRIC_REPRESENTATION_CONTEXT(2) 
PARAMETRIC_REPRESENTATION_CONTEXT() REPRESENTATION_CONTEXT('2D SPACE',''
  ) );
#190 = ORIENTED_EDGE('',*,*,#191,.T.);
#191 = EDGE_CURVE('',#164,#192,#194,.T.);
#192 = VERTEX_POINT('',#193);
#193 = CARTESIAN_POINT('',(-64.5,49.7,12.));
#194 = SURFACE_CURVE('',#195,(#199,#206),.PCURVE_S1.);
#195 = LINE('',#196,#197);
#196 = CARTESIAN_POINT('',(-64.5,43.85,12.));
#197 = VECTOR('',#198,1.);
#198 = DIRECTION('',(0.,-1.,0.));
#199 = PCURVE('',#32,#200);
#200 = DEFINITIONAL_REPRESENTATION('',(#201),#205);
#201 = LINE('',#202,#203);
#202 = CARTESIAN_POINT('',(8.,-5.85));
#203 = VECTOR('',#204,1.);
#204 = DIRECTION('',(0.,1.));
#205 = ( GEOMETRIC_REPRESENTATION_CONTEXT(2) 
PARAMETRIC_REPRESENTATION_CONTEXT() REPRESENTATION_CONTEXT('2D SPACE',''
  ) );
#206 = PCURVE('',#207,#212);
#207 = PLANE('',#208);
#208 = AXIS2_PLACEMENT_3D('',#209,#210,#211);
#209 = CARTESIAN_POINT('',(-65.5,49.7,12.));
#210 = DIRECTION('',(0.,0.,1.));
#211 = DIRECTION('',(1.,0.,-0.));
#212 = DEFINITIONAL_REPRESENTATION('',(#213),#217);
#213 = LINE('',#214,#215);
#214 = CARTESIAN_POINT('',(1.,-5.85));
#215 = VECTOR('',#216,1.);
#216 = DIRECTION('',(0.,-1.));
#217 = ( GEOMETRIC_REPRESENTATION_CONTEXT(2) 
PARAMETRIC_REPRESENTATION_CONTEXT() REPRESENTATION_CONTEXT('2D SPACE',''
  ) );
#218 = ORIENTED_EDGE('',*,*,#219,.T.);
#219 = EDGE_CURVE('',#192,#24,#220,.T.);
#220 = SURFACE_CURVE('',#221,(#225,#232),.PCURVE_S1.);
#221 = LINE('',#222,#223);
#222 = CARTESIAN_POINT('',(-64.5,49.7,8.));
#223 = VECTOR('',#224,1.);
#224 = DIRECTION('',(0.,0.,1.));
#225 = PCURVE('',#32,#226);
#226 = DEFINITIONAL_REPRESENTATION('',(#227),#231);
#227 = LINE('',#228,#229);
#228 = CARTESIAN_POINT('',(4.,-11.7));
#229 = VECTOR('',#230,1.);
#230 = DIRECTION('',(1.,0.));
#231 = ( GEOMETRIC_REPRESENTATION_CONTEXT(2) 
PARAMETRIC_REPRESENTATION_CONTEXT() REPRESENTATION_CONTEXT('2D SPACE',''
  ) );
#232 = PCURVE('',#233,#238);
#233 = PLANE('',#234);
#234 = AXIS2_PLACEMENT_3D('',#235,#236,#237);
#235 = CARTESIAN_POINT('',(-65.5,49.7,12.));
#236 = DIRECTION('',(0.,1.,0.));
#237 = DIRECTION('',(0.,-0.,1.));
#238 = DEFINITIONAL_REPRESENTATION('',(#239),#243);
#239 = LINE('',#240,#241);
#240 = CARTESIAN_POINT('',(-4.,1.));
#241 = VECTOR('',#242,1.);
#242 = DIRECTION('',(1.,0.));
#243 = ( GEOMETRIC_REPRESENTATION_CONTEXT(2) 
PARAMETRIC_REPRESENTATION_CONTEXT() REPRESENTATION_CONTEXT('2D SPACE',''
  ) );
#244 = ADVANCED_FACE('',(#245,#517,#631),#44,.T.);
#245 = FACE_BOUND('',#246,.T.);
#246 = EDGE_LOOP('',(#247,#248,#272,#300,#333,#361,#390,#418,#444,#445,
    #468,#496));
#247 = ORIENTED_EDGE('',*,*,#21,.F.);
#248 = ORIENTED_EDGE('',*,*,#249,.T.);
#249 = EDGE_CURVE('',#22,#250,#252,.T.);
#250 = VERTEX_POINT('',#251);
#251 = CARTESIAN_POINT('',(-58.5,38.,16.));
#252 = SURFACE_CURVE('',#253,(#258,#265),.PCURVE_S1.);
#253 = CIRCLE('',#254,6.);
#254 = AXIS2_PLACEMENT_3D('',#255,#256,#257);
#255 = CARTESIAN_POINT('',(-58.5,44.,16.));
#256 = DIRECTION('',(0.,0.,1.));
#257 = DIRECTION('',(0.,-1.,0.));
#258 = PCURVE('',#44,#259);
#259 = DEFINITIONAL_REPRESENTATION('',(#260),#264);
#260 = CIRCLE('',#261,6.);
#261 = AXIS2_PLACEMENT_2D('',#262,#263);
#262 = CARTESIAN_POINT('',(6.,6.));
#263 = DIRECTION('',(0.,-1.));
#264 = ( GEOMETRIC_REPRESENTATION_CONTEXT(2) 
PARAMETRIC_REPRESENTATION_CONTEXT() REPRESENTATION_CONTEXT('2D SPACE',''
  ) );
#265 = PCURVE('',#72,#266);
#266 = DEFINITIONAL_REPRESENTATION('',(#267),#271);
#267 = LINE('',#268,#269);
#268 = CARTESIAN_POINT('',(-4.712388980385,12.));
#269 = VECTOR('',#270,1.);
#270 = DIRECTION('',(1.,0.));
#271 = ( GEOMETRIC_REPRESENTATION_CONTEXT(2) 
PARAMETRIC_REPRESENTATION_CONTEXT() REPRESENTATION_CONTEXT('2D SPACE',''
  ) );
#272 = ORIENTED_EDGE('',*,*,#273,.T.);
#273 = EDGE_CURVE('',#250,#274,#276,.T.);
#274 = VERTEX_POINT('',#275);
#275 = CARTESIAN_POINT('',(2.5,38.,16.));
#276 = SURFACE_CURVE('',#277,(#281,#288),.PCURVE_S1.);
#277 = LINE('',#278,#279);
#278 = CARTESIAN_POINT('',(-64.5,38.,16.));
#279 = VECTOR('',#280,1.);
#280 = DIRECTION('',(1.,0.,0.));
#281 = PCURVE('',#44,#282);
#282 = DEFINITIONAL_REPRESENTATION('',(#283),#287);
#283 = LINE('',#284,#285);
#284 = CARTESIAN_POINT('',(0.,0.));
#285 = VECTOR('',#286,1.);
#286 = DIRECTION('',(1.,0.));
#287 = ( GEOMETRIC_REPRESENTATION_CONTEXT(2) 
PARAMETRIC_REPRESENTATION_CONTEXT() REPRESENTATION_CONTEXT('2D SPACE',''
  ) );
#288 = PCURVE('',#289,#294);
#289 = PLANE('',#290);
#290 = AXIS2_PLACEMENT_3D('',#291,#292,#293);
#291 = CARTESIAN_POINT('',(-64.5,38.,4.));
#292 = DIRECTION('',(0.,1.,0.));
#293 = DIRECTION('',(0.,-0.,1.));
#294 = DEFINITIONAL_REPRESENTATION('',(#295),#299);
#295 = LINE('',#296,#297);
#296 = CARTESIAN_POINT('',(12.,0.));
#297 = VECTOR('',#298,1.);
#298 = DIRECTION('',(0.,1.));
#299 = ( GEOMETRIC_REPRESENTATION_CONTEXT(2) 
PARAMETRIC_REPRESENTATION_CONTEXT() REPRESENTATION_CONTEXT('2D SPACE',''
  ) );
#300 = ORIENTED_EDGE('',*,*,#301,.F.);
#301 = EDGE_CURVE('',#302,#274,#304,.T.);
#302 = VERTEX_POINT('',#303);
#303 = CARTESIAN_POINT('',(8.5,44.,16.));
#304 = SURFACE_CURVE('',#305,(#310,#321),.PCURVE_S1.);
#305 = CIRCLE('',#306,6.);
#306 = AXIS2_PLACEMENT_3D('',#307,#308,#309);
#307 = CARTESIAN_POINT('',(2.5,44.,16.));
#308 = DIRECTION('',(-0.,-0.,-1.));
#309 = DIRECTION('',(0.,-1.,0.));
#310 = PCURVE('',#44,#311);
#311 = DEFINITIONAL_REPRESENTATION('',(#312),#320);
#312 = ( BOUNDED_CURVE() B_SPLINE_CURVE(2,(#313,#314,#315,#316,#317,#318
,#319),.UNSPECIFIED.,.T.,.F.) B_SPLINE_CURVE_WITH_KNOTS((1,2,2,2,2,1),(
    -2.094395102393,0.,2.094395102393,4.188790204786,6.28318530718,
8.377580409573),.UNSPECIFIED.) CURVE() GEOMETRIC_REPRESENTATION_ITEM() 
RATIONAL_B_SPLINE_CURVE((1.,0.5,1.,0.5,1.,0.5,1.)) REPRESENTATION_ITEM(
  '') );
#313 = CARTESIAN_POINT('',(67.,0.));
#314 = CARTESIAN_POINT('',(56.607695154587,0.));
#315 = CARTESIAN_POINT('',(61.803847577293,9.));
#316 = CARTESIAN_POINT('',(67.,18.));
#317 = CARTESIAN_POINT('',(72.196152422707,9.));
#318 = CARTESIAN_POINT('',(77.392304845413,8.881784197001E-15));
#319 = CARTESIAN_POINT('',(67.,0.));
#320 = ( GEOMETRIC_REPRESENTATION_CONTEXT(2) 
PARAMETRIC_REPRESENTATION_CONTEXT() REPRESENTATION_CONTEXT('2D SPACE',''
  ) );
#321 = PCURVE('',#322,#327);
#322 = CYLINDRICAL_SURFACE('',#323,6.);
#323 = AXIS2_PLACEMENT_3D('',#324,#325,#326);
#324 = CARTESIAN_POINT('',(2.5,44.,4.));
#325 = DIRECTION('',(0.,0.,1.));
#326 = DIRECTION('',(1.,0.,-0.));
#327 = DEFINITIONAL_REPRESENTATION('',(#328),#332);
#328 = LINE('',#329,#330);
#329 = CARTESIAN_POINT('',(10.995574287565,12.));
#330 = VECTOR('',#331,1.);
#331 = DIRECTION('',(-1.,0.));
#332 = ( GEOMETRIC_REPRESENTATION_CONTEXT(2) 
PARAMETRIC_REPRESENTATION_CONTEXT() REPRESENTATION_CONTEXT('2D SPACE',''
  ) );
#333 = ORIENTED_EDGE('',*,*,#334,.T.);
#334 = EDGE_CURVE('',#302,#335,#337,.T.);
#335 = VERTEX_POINT('',#336);
#336 = CARTESIAN_POINT('',(8.5,74.,16.));
#337 = SURFACE_CURVE('',#338,(#342,#349),.PCURVE_S1.);
#338 = LINE('',#339,#340);
#339 = CARTESIAN_POINT('',(8.5,38.,16.));
#340 = VECTOR('',#341,1.);
#341 = DIRECTION('',(0.,1.,0.));
#342 = PCURVE('',#44,#343);
#343 = DEFINITIONAL_REPRESENTATION('',(#344),#348);
#344 = LINE('',#345,#346);
#345 = CARTESIAN_POINT('',(73.,0.));
#346 = VECTOR('',#347,1.);
#347 = DIRECTION('',(0.,1.));
#348 = ( GEOMETRIC_REPRESENTATION_CONTEXT(2) 
PARAMETRIC_REPRESENTATION_CONTEXT() REPRESENTATION_CONTEXT('2D SPACE',''
  ) );
#349 = PCURVE('',#350,#355);
#350 = PLANE('',#351);
#351 = AXIS2_PLACEMENT_3D('',#352,#353,#354);
#352 = CARTESIAN_POINT('',(8.5,38.,4.));
#353 = DIRECTION('',(1.,0.,0.));
#354 = DIRECTION('',(0.,0.,1.));
#355 = DEFINITIONAL_REPRESENTATION('',(#356),#360);
#356 = LINE('',#357,#358);
#357 = CARTESIAN_POINT('',(12.,0.));
#358 = VECTOR('',#359,1.);
#359 = DIRECTION('',(0.,-1.));
#360 = ( GEOMETRIC_REPRESENTATION_CONTEXT(2) 
PARAMETRIC_REPRESENTATION_CONTEXT() REPRESENTATION_CONTEXT('2D SPACE',''
  ) );
#361 = ORIENTED_EDGE('',*,*,#362,.T.);
#362 = EDGE_CURVE('',#335,#363,#365,.T.);
#363 = VERTEX_POINT('',#364);
#364 = CARTESIAN_POINT('',(2.5,80.,16.));
#365 = SURFACE_CURVE('',#366,(#371,#378),.PCURVE_S1.);
#366 = CIRCLE('',#367,6.);
#367 = AXIS2_PLACEMENT_3D('',#368,#369,#370);
#368 = CARTESIAN_POINT('',(2.5,74.,16.));
#369 = DIRECTION('',(0.,0.,1.));
#370 = DIRECTION('',(0.,-1.,0.));
#371 = PCURVE('',#44,#372);
#372 = DEFINITIONAL_REPRESENTATION('',(#373),#377);
#373 = CIRCLE('',#374,6.);
#374 = AXIS2_PLACEMENT_2D('',#375,#376);
#375 = CARTESIAN_POINT('',(67.,36.));
#376 = DIRECTION('',(0.,-1.));
#377 = ( GEOMETRIC_REPRESENTATION_CONTEXT(2) 
PARAMETRIC_REPRESENTATION_CONTEXT() REPRESENTATION_CONTEXT('2D SPACE',''
  ) );
#378 = PCURVE('',#379,#384);
#379 = CYLINDRICAL_SURFACE('',#380,6.);
#380 = AXIS2_PLACEMENT_3D('',#381,#382,#383);
#381 = CARTESIAN_POINT('',(2.5,74.,4.));
#382 = DIRECTION('',(0.,0.,1.));
#383 = DIRECTION('',(1.,0.,-0.));
#384 = DEFINITIONAL_REPRESENTATION('',(#385),#389);
#385 = LINE('',#386,#387);
#386 = CARTESIAN_POINT('',(-1.570796326795,12.));
#387 = VECTOR('',#388,1.);
#388 = DIRECTION('',(1.,0.));
#389 = ( GEOMETRIC_REPRESENTATION_CONTEXT(2) 
PARAMETRIC_REPRESENTATION_CONTEXT() REPRESENTATION_CONTEXT('2D SPACE',''
  ) );
#390 = ORIENTED_EDGE('',*,*,#391,.F.);
#391 = EDGE_CURVE('',#392,#363,#394,.T.);
#392 = VERTEX_POINT('',#393);
#393 = CARTESIAN_POINT('',(-58.5,80.,16.));
#394 = SURFACE_CURVE('',#395,(#399,#406),.PCURVE_S1.);
#395 = LINE('',#396,#397);
#396 = CARTESIAN_POINT('',(-64.5,80.,16.));
#397 = VECTOR('',#398,1.);
#398 = DIRECTION('',(1.,0.,0.));
#399 = PCURVE('',#44,#400);
#400 = DEFINITIONAL_REPRESENTATION('',(#401),#405);
#401 = LINE('',#402,#403);
#402 = CARTESIAN_POINT('',(0.,42.));
#403 = VECTOR('',#404,1.);
#404 = DIRECTION('',(1.,0.));
#405 = ( GEOMETRIC_REPRESENTATION_CONTEXT(2) 
PARAMETRIC_REPRESENTATION_CONTEXT() REPRESENTATION_CONTEXT('2D SPACE',''
  ) );
#406 = PCURVE('',#407,#412);
#407 = PLANE('',#408);
#408 = AXIS2_PLACEMENT_3D('',#409,#410,#411);
#409 = CARTESIAN_POINT('',(-64.5,80.,4.));
#410 = DIRECTION('',(0.,1.,0.));
#411 = DIRECTION('',(0.,-0.,1.));
#412 = DEFINITIONAL_REPRESENTATION('',(#413),#417);
#413 = LINE('',#414,#415);
#414 = CARTESIAN_POINT('',(12.,0.));
#415 = VECTOR('',#416,1.);
#416 = DIRECTION('',(0.,1.));
#417 = ( GEOMETRIC_REPRESENTATION_CONTEXT(2) 
PARAMETRIC_REPRESENTATION_CONTEXT() REPRESENTATION_CONTEXT('2D SPACE',''
  ) );
#418 = ORIENTED_EDGE('',*,*,#419,.F.);
#419 = EDGE_CURVE('',#113,#392,#420,.T.);
#420 = SURFACE_CURVE('',#421,(#426,#437),.PCURVE_S1.);
#421 = CIRCLE('',#422,6.);
#422 = AXIS2_PLACEMENT_3D('',#423,#424,#425);
#423 = CARTESIAN_POINT('',(-58.5,74.,16.));
#424 = DIRECTION('',(-0.,-0.,-1.));
#425 = DIRECTION('',(0.,-1.,0.));
#426 = PCURVE('',#44,#427);
#427 = DEFINITIONAL_REPRESENTATION('',(#428),#436);
#428 = ( BOUNDED_CURVE() B_SPLINE_CURVE(2,(#429,#430,#431,#432,#433,#434
,#435),.UNSPECIFIED.,.T.,.F.) B_SPLINE_CURVE_WITH_KNOTS((1,2,2,2,2,1),(
    -2.094395102393,0.,2.094395102393,4.188790204786,6.28318530718,
8.377580409573),.UNSPECIFIED.) CURVE() GEOMETRIC_REPRESENTATION_ITEM() 
RATIONAL_B_SPLINE_CURVE((1.,0.5,1.,0.5,1.,0.5,1.)) REPRESENTATION_ITEM(
  '') );
#429 = CARTESIAN_POINT('',(6.,30.));
#430 = CARTESIAN_POINT('',(-4.392304845413,30.));
#431 = CARTESIAN_POINT('',(0.803847577293,39.));
#432 = CARTESIAN_POINT('',(6.,48.));
#433 = CARTESIAN_POINT('',(11.196152422707,39.));
#434 = CARTESIAN_POINT('',(16.392304845413,30.));
#435 = CARTESIAN_POINT('',(6.,30.));
#436 = ( GEOMETRIC_REPRESENTATION_CONTEXT(2) 
PARAMETRIC_REPRESENTATION_CONTEXT() REPRESENTATION_CONTEXT('2D SPACE',''
  ) );
#437 = PCURVE('',#128,#438);
#438 = DEFINITIONAL_REPRESENTATION('',(#439),#443);
#439 = LINE('',#440,#441);
#440 = CARTESIAN_POINT('',(7.853981633975,12.));
#441 = VECTOR('',#442,1.);
#442 = DIRECTION('',(-1.,0.));
#443 = ( GEOMETRIC_REPRESENTATION_CONTEXT(2) 
PARAMETRIC_REPRESENTATION_CONTEXT() REPRESENTATION_CONTEXT('2D SPACE',''
  ) );
#444 = ORIENTED_EDGE('',*,*,#140,.F.);
#445 = ORIENTED_EDGE('',*,*,#446,.F.);
#446 = EDGE_CURVE('',#447,#141,#449,.T.);
#447 = VERTEX_POINT('',#448);
#448 = CARTESIAN_POINT('',(-10.5,68.3,16.));
#449 = SURFACE_CURVE('',#450,(#454,#461),.PCURVE_S1.);
#450 = LINE('',#451,#452);
#451 = CARTESIAN_POINT('',(-65.,68.3,16.));
#452 = VECTOR('',#453,1.);
#453 = DIRECTION('',(-1.,0.,0.));
#454 = PCURVE('',#44,#455);
#455 = DEFINITIONAL_REPRESENTATION('',(#456),#460);
#456 = LINE('',#457,#458);
#457 = CARTESIAN_POINT('',(-0.5,30.3));
#458 = VECTOR('',#459,1.);
#459 = DIRECTION('',(-1.,0.));
#460 = ( GEOMETRIC_REPRESENTATION_CONTEXT(2) 
PARAMETRIC_REPRESENTATION_CONTEXT() REPRESENTATION_CONTEXT('2D SPACE',''
  ) );
#461 = PCURVE('',#179,#462);
#462 = DEFINITIONAL_REPRESENTATION('',(#463),#467);
#463 = LINE('',#464,#465);
#464 = CARTESIAN_POINT('',(4.,0.5));
#465 = VECTOR('',#466,1.);
#466 = DIRECTION('',(0.,-1.));
#467 = ( GEOMETRIC_REPRESENTATION_CONTEXT(2) 
PARAMETRIC_REPRESENTATION_CONTEXT() REPRESENTATION_CONTEXT('2D SPACE',''
  ) );
#468 = ORIENTED_EDGE('',*,*,#469,.F.);
#469 = EDGE_CURVE('',#470,#447,#472,.T.);
#470 = VERTEX_POINT('',#471);
#471 = CARTESIAN_POINT('',(-10.5,49.7,16.));
#472 = SURFACE_CURVE('',#473,(#477,#484),.PCURVE_S1.);
#473 = LINE('',#474,#475);
#474 = CARTESIAN_POINT('',(-10.5,43.85,16.));
#475 = VECTOR('',#476,1.);
#476 = DIRECTION('',(0.,1.,0.));
#477 = PCURVE('',#44,#478);
#478 = DEFINITIONAL_REPRESENTATION('',(#479),#483);
#479 = LINE('',#480,#481);
#480 = CARTESIAN_POINT('',(54.,5.85));
#481 = VECTOR('',#482,1.);
#482 = DIRECTION('',(0.,1.));
#483 = ( GEOMETRIC_REPRESENTATION_CONTEXT(2) 
PARAMETRIC_REPRESENTATION_CONTEXT() REPRESENTATION_CONTEXT('2D SPACE',''
  ) );
#484 = PCURVE('',#485,#490);
#485 = PLANE('',#486);
#486 = AXIS2_PLACEMENT_3D('',#487,#488,#489);
#487 = CARTESIAN_POINT('',(-10.5,49.7,12.));
#488 = DIRECTION('',(1.,0.,0.));
#489 = DIRECTION('',(0.,0.,1.));
#490 = DEFINITIONAL_REPRESENTATION('',(#491),#495);
#491 = LINE('',#492,#493);
#492 = CARTESIAN_POINT('',(4.,5.85));
#493 = VECTOR('',#494,1.);
#494 = DIRECTION('',(0.,-1.));
#495 = ( GEOMETRIC_REPRESENTATION_CONTEXT(2) 
PARAMETRIC_REPRESENTATION_CONTEXT() REPRESENTATION_CONTEXT('2D SPACE',''
  ) );
#496 = ORIENTED_EDGE('',*,*,#497,.T.);
#497 = EDGE_CURVE('',#470,#24,#498,.T.);
#498 = SURFACE_CURVE('',#499,(#503,#510),.PCURVE_S1.);
#499 = LINE('',#500,#501);
#500 = CARTESIAN_POINT('',(-65.,49.7,16.));
#501 = VECTOR('',#502,1.);
#502 = DIRECTION('',(-1.,0.,0.));
#503 = PCURVE('',#44,#504);
#504 = DEFINITIONAL_REPRESENTATION('',(#505),#509);
#505 = LINE('',#506,#507);
#506 = CARTESIAN_POINT('',(-0.5,11.7));
#507 = VECTOR('',#508,1.);
#508 = DIRECTION('',(-1.,0.));
#509 = ( GEOMETRIC_REPRESENTATION_CONTEXT(2) 
PARAMETRIC_REPRESENTATION_CONTEXT() REPRESENTATION_CONTEXT('2D SPACE',''
  ) );
#510 = PCURVE('',#233,#511);
#511 = DEFINITIONAL_REPRESENTATION('',(#512),#516);
#512 = LINE('',#513,#514);
#513 = CARTESIAN_POINT('',(4.,0.5));
#514 = VECTOR('',#515,1.);
#515 = DIRECTION('',(0.,-1.));
#516 = ( GEOMETRIC_REPRESENTATION_CONTEXT(2) 
PARAMETRIC_REPRESENTATION_CONTEXT() REPRESENTATION_CONTEXT('2D SPACE',''
  ) );
#517 = FACE_BOUND('',#518,.T.);
#518 = EDGE_LOOP('',(#519,#549,#577,#605));
#519 = ORIENTED_EDGE('',*,*,#520,.T.);
#520 = EDGE_CURVE('',#521,#523,#525,.T.);
#521 = VERTEX_POINT('',#522);
#522 = CARTESIAN_POINT('',(-30.5,44.5,16.));
#523 = VERTEX_POINT('',#524);
#524 = CARTESIAN_POINT('',(-45.5,44.5,16.));
#525 = SURFACE_CURVE('',#526,(#530,#537),.PCURVE_S1.);
#526 = LINE('',#527,#528);
#527 = CARTESIAN_POINT('',(-55.,44.5,16.));
#528 = VECTOR('',#529,1.);
#529 = DIRECTION('',(-1.,0.,0.));
#530 = PCURVE('',#44,#531);
#531 = DEFINITIONAL_REPRESENTATION('',(#532),#536);
#532 = LINE('',#533,#534);
#533 = CARTESIAN_POINT('',(9.5,6.5));
#534 = VECTOR('',#535,1.);
#535 = DIRECTION('',(-1.,0.));
#536 = ( GEOMETRIC_REPRESENTATION_CONTEXT(2) 
PARAMETRIC_REPRESENTATION_CONTEXT() REPRESENTATION_CONTEXT('2D SPACE',''
  ) );
#537 = PCURVE('',#538,#543);
#538 = PLANE('',#539);
#539 = AXIS2_PLACEMENT_3D('',#540,#541,#542);
#540 = CARTESIAN_POINT('',(-45.5,44.5,10.));
#541 = DIRECTION('',(0.,1.,0.));
#542 = DIRECTION('',(0.,-0.,1.));
#543 = DEFINITIONAL_REPRESENTATION('',(#544),#548);
#544 = LINE('',#545,#546);
#545 = CARTESIAN_POINT('',(6.,-9.5));
#546 = VECTOR('',#547,1.);
#547 = DIRECTION('',(0.,-1.));
#548 = ( GEOMETRIC_REPRESENTATION_CONTEXT(2) 
PARAMETRIC_REPRESENTATION_CONTEXT() REPRESENTATION_CONTEXT('2D SPACE',''
  ) );
#549 = ORIENTED_EDGE('',*,*,#550,.T.);
#550 = EDGE_CURVE('',#523,#551,#553,.T.);
#551 = VERTEX_POINT('',#552);
#552 = CARTESIAN_POINT('',(-45.5,49.5,16.));
#553 = SURFACE_CURVE('',#554,(#558,#565),.PCURVE_S1.);
#554 = LINE('',#555,#556);
#555 = CARTESIAN_POINT('',(-45.5,41.25,16.));
#556 = VECTOR('',#557,1.);
#557 = DIRECTION('',(0.,1.,0.));
#558 = PCURVE('',#44,#559);
#559 = DEFINITIONAL_REPRESENTATION('',(#560),#564);
#560 = LINE('',#561,#562);
#561 = CARTESIAN_POINT('',(19.,3.25));
#562 = VECTOR('',#563,1.);
#563 = DIRECTION('',(0.,1.));
#564 = ( GEOMETRIC_REPRESENTATION_CONTEXT(2) 
PARAMETRIC_REPRESENTATION_CONTEXT() REPRESENTATION_CONTEXT('2D SPACE',''
  ) );
#565 = PCURVE('',#566,#571);
#566 = PLANE('',#567);
#567 = AXIS2_PLACEMENT_3D('',#568,#569,#570);
#568 = CARTESIAN_POINT('',(-45.5,44.5,10.));
#569 = DIRECTION('',(1.,0.,0.));
#570 = DIRECTION('',(0.,0.,1.));
#571 = DEFINITIONAL_REPRESENTATION('',(#572),#576);
#572 = LINE('',#573,#574);
#573 = CARTESIAN_POINT('',(6.,3.25));
#574 = VECTOR('',#575,1.);
#575 = DIRECTION('',(0.,-1.));
#576 = ( GEOMETRIC_REPRESENTATION_CONTEXT(2) 
PARAMETRIC_REPRESENTATION_CONTEXT() REPRESENTATION_CONTEXT('2D SPACE',''
  ) );
#577 = ORIENTED_EDGE('',*,*,#578,.F.);
#578 = EDGE_CURVE('',#579,#551,#581,.T.);
#579 = VERTEX_POINT('',#580);
#580 = CARTESIAN_POINT('',(-30.5,49.5,16.));
#581 = SURFACE_CURVE('',#582,(#586,#593),.PCURVE_S1.);
#582 = LINE('',#583,#584);
#583 = CARTESIAN_POINT('',(-55.,49.5,16.));
#584 = VECTOR('',#585,1.);
#585 = DIRECTION('',(-1.,0.,0.));
#586 = PCURVE('',#44,#587);
#587 = DEFINITIONAL_REPRESENTATION('',(#588),#592);
#588 = LINE('',#589,#590);
#589 = CARTESIAN_POINT('',(9.5,11.5));
#590 = VECTOR('',#591,1.);
#591 = DIRECTION('',(-1.,0.));
#592 = ( GEOMETRIC_REPRESENTATION_CONTEXT(2) 
PARAMETRIC_REPRESENTATION_CONTEXT() REPRESENTATION_CONTEXT('2D SPACE',''
  ) );
#593 = PCURVE('',#594,#599);
#594 = PLANE('',#595);
#595 = AXIS2_PLACEMENT_3D('',#596,#597,#598);
#596 = CARTESIAN_POINT('',(-45.5,49.5,10.));
#597 = DIRECTION('',(0.,1.,0.));
#598 = DIRECTION('',(0.,-0.,1.));
#599 = DEFINITIONAL_REPRESENTATION('',(#600),#604);
#600 = LINE('',#601,#602);
#601 = CARTESIAN_POINT('',(6.,-9.5));
#602 = VECTOR('',#603,1.);
#603 = DIRECTION('',(0.,-1.));
#604 = ( GEOMETRIC_REPRESENTATION_CONTEXT(2) 
PARAMETRIC_REPRESENTATION_CONTEXT() REPRESENTATION_CONTEXT('2D SPACE',''
  ) );
#605 = ORIENTED_EDGE('',*,*,#606,.F.);
#606 = EDGE_CURVE('',#521,#579,#607,.T.);
#607 = SURFACE_CURVE('',#608,(#612,#619),.PCURVE_S1.);
#608 = LINE('',#609,#610);
#609 = CARTESIAN_POINT('',(-30.5,41.25,16.));
#610 = VECTOR('',#611,1.);
#611 = DIRECTION('',(0.,1.,0.));
#612 = PCURVE('',#44,#613);
#613 = DEFINITIONAL_REPRESENTATION('',(#614),#618);
#614 = LINE('',#615,#616);
#615 = CARTESIAN_POINT('',(34.,3.25));
#616 = VECTOR('',#617,1.);
#617 = DIRECTION('',(0.,1.));
#618 = ( GEOMETRIC_REPRESENTATION_CONTEXT(2) 
PARAMETRIC_REPRESENTATION_CONTEXT() REPRESENTATION_CONTEXT('2D SPACE',''
  ) );
#619 = PCURVE('',#620,#625);
#620 = PLANE('',#621);
#621 = AXIS2_PLACEMENT_3D('',#622,#623,#624);
#622 = CARTESIAN_POINT('',(-30.5,44.5,10.));
#623 = DIRECTION('',(1.,0.,0.));
#624 = DIRECTION('',(0.,0.,1.));
#625 = DEFINITIONAL_REPRESENTATION('',(#626),#630);
#626 = LINE('',#627,#628);
#627 = CARTESIAN_POINT('',(6.,3.25));
#628 = VECTOR('',#629,1.);
#629 = DIRECTION('',(0.,-1.));
#630 = ( GEOMETRIC_REPRESENTATION_CONTEXT(2) 
PARAMETRIC_REPRESENTATION_CONTEXT() REPRESENTATION_CONTEXT('2D SPACE',''
  ) );
#631 = FACE_BOUND('',#632,.T.);
#632 = EDGE_LOOP('',(#633,#663,#691,#719));
#633 = ORIENTED_EDGE('',*,*,#634,.T.);
#634 = EDGE_CURVE('',#635,#637,#639,.T.);
#635 = VERTEX_POINT('',#636);
#636 = CARTESIAN_POINT('',(-30.5,68.5,16.));
#637 = VERTEX_POINT('',#638);
#638 = CARTESIAN_POINT('',(-45.5,68.5,16.));
#639 = SURFACE_CURVE('',#640,(#644,#651),.PCURVE_S1.);
#640 = LINE('',#641,#642);
#641 = CARTESIAN_POINT('',(-55.,68.5,16.));
#642 = VECTOR('',#643,1.);
#643 = DIRECTION('',(-1.,0.,0.));
#644 = PCURVE('',#44,#645);
#645 = DEFINITIONAL_REPRESENTATION('',(#646),#650);
#646 = LINE('',#647,#648);
#647 = CARTESIAN_POINT('',(9.5,30.5));
#648 = VECTOR('',#649,1.);
#649 = DIRECTION('',(-1.,0.));
#650 = ( GEOMETRIC_REPRESENTATION_CONTEXT(2) 
PARAMETRIC_REPRESENTATION_CONTEXT() REPRESENTATION_CONTEXT('2D SPACE',''
  ) );
#651 = PCURVE('',#652,#657);
#652 = PLANE('',#653);
#653 = AXIS2_PLACEMENT_3D('',#654,#655,#656);
#654 = CARTESIAN_POINT('',(-45.5,68.5,10.));
#655 = DIRECTION('',(0.,1.,0.));
#656 = DIRECTION('',(0.,-0.,1.));
#657 = DEFINITIONAL_REPRESENTATION('',(#658),#662);
#658 = LINE('',#659,#660);
#659 = CARTESIAN_POINT('',(6.,-9.5));
#660 = VECTOR('',#661,1.);
#661 = DIRECTION('',(0.,-1.));
#662 = ( GEOMETRIC_REPRESENTATION_CONTEXT(2) 
PARAMETRIC_REPRESENTATION_CONTEXT() REPRESENTATION_CONTEXT('2D SPACE',''
  ) );
#663 = ORIENTED_EDGE('',*,*,#664,.T.);
#664 = EDGE_CURVE('',#637,#665,#667,.T.);
#665 = VERTEX_POINT('',#666);
#666 = CARTESIAN_POINT('',(-45.5,73.5,16.));
#667 = SURFACE_CURVE('',#668,(#672,#679),.PCURVE_S1.);
#668 = LINE('',#669,#670);
#669 = CARTESIAN_POINT('',(-45.5,53.25,16.));
#670 = VECTOR('',#671,1.);
#671 = DIRECTION('',(0.,1.,0.));
#672 = PCURVE('',#44,#673);
#673 = DEFINITIONAL_REPRESENTATION('',(#674),#678);
#674 = LINE('',#675,#676);
#675 = CARTESIAN_POINT('',(19.,15.25));
#676 = VECTOR('',#677,1.);
#677 = DIRECTION('',(0.,1.));
#678 = ( GEOMETRIC_REPRESENTATION_CONTEXT(2) 
PARAMETRIC_REPRESENTATION_CONTEXT() REPRESENTATION_CONTEXT('2D SPACE',''
  ) );
#679 = PCURVE('',#680,#685);
#680 = PLANE('',#681);
#681 = AXIS2_PLACEMENT_3D('',#682,#683,#684);
#682 = CARTESIAN_POINT('',(-45.5,68.5,10.));
#683 = DIRECTION('',(1.,0.,0.));
#684 = DIRECTION('',(0.,0.,1.));
#685 = DEFINITIONAL_REPRESENTATION('',(#686),#690);
#686 = LINE('',#687,#688);
#687 = CARTESIAN_POINT('',(6.,15.25));
#688 = VECTOR('',#689,1.);
#689 = DIRECTION('',(0.,-1.));
#690 = ( GEOMETRIC_REPRESENTATION_CONTEXT(2) 
PARAMETRIC_REPRESENTATION_CONTEXT() REPRESENTATION_CONTEXT('2D SPACE',''
  ) );
#691 = ORIENTED_EDGE('',*,*,#692,.F.);
#692 = EDGE_CURVE('',#693,#665,#695,.T.);
#693 = VERTEX_POINT('',#694);
#694 = CARTESIAN_POINT('',(-30.5,73.5,16.));
#695 = SURFACE_CURVE('',#696,(#700,#707),.PCURVE_S1.);
#696 = LINE('',#697,#698);
#697 = CARTESIAN_POINT('',(-55.,73.5,16.));
#698 = VECTOR('',#699,1.);
#699 = DIRECTION('',(-1.,0.,0.));
#700 = PCURVE('',#44,#701);
#701 = DEFINITIONAL_REPRESENTATION('',(#702),#706);
#702 = LINE('',#703,#704);
#703 = CARTESIAN_POINT('',(9.5,35.5));
#704 = VECTOR('',#705,1.);
#705 = DIRECTION('',(-1.,0.));
#706 = ( GEOMETRIC_REPRESENTATION_CONTEXT(2) 
PARAMETRIC_REPRESENTATION_CONTEXT() REPRESENTATION_CONTEXT('2D SPACE',''
  ) );
#707 = PCURVE('',#708,#713);
#708 = PLANE('',#709);
#709 = AXIS2_PLACEMENT_3D('',#710,#711,#712);
#710 = CARTESIAN_POINT('',(-45.5,73.5,10.));
#711 = DIRECTION('',(0.,1.,0.));
#712 = DIRECTION('',(0.,-0.,1.));
#713 = DEFINITIONAL_REPRESENTATION('',(#714),#718);
#714 = LINE('',#715,#716);
#715 = CARTESIAN_POINT('',(6.,-9.5));
#716 = VECTOR('',#717,1.);
#717 = DIRECTION('',(0.,-1.));
#718 = ( GEOMETRIC_REPRESENTATION_CONTEXT(2) 
PARAMETRIC_REPRESENTATION_CONTEXT() REPRESENTATION_CONTEXT('2D SPACE',''
  ) );
#719 = ORIENTED_EDGE('',*,*,#720,.F.);
#720 = EDGE_CURVE('',#635,#693,#721,.T.);
#721 = SURFACE_CURVE('',#722,(#726,#733),.PCURVE_S1.);
#722 = LINE('',#723,#724);
#723 = CARTESIAN_POINT('',(-30.5,53.25,16.));
#724 = VECTOR('',#725,1.);
#725 = DIRECTION('',(0.,1.,0.));
#726 = PCURVE('',#44,#727);
#727 = DEFINITIONAL_REPRESENTATION('',(#728),#732);
#728 = LINE('',#729,#730);
#729 = CARTESIAN_POINT('',(34.,15.25));
#730 = VECTOR('',#731,1.);
#731 = DIRECTION('',(0.,1.));
#732 = ( GEOMETRIC_REPRESENTATION_CONTEXT(2) 
PARAMETRIC_REPRESENTATION_CONTEXT() REPRESENTATION_CONTEXT('2D SPACE',''
  ) );
#733 = PCURVE('',#734,#739);
#734 = PLANE('',#735);
#735 = AXIS2_PLACEMENT_3D('',#736,#737,#738);
#736 = CARTESIAN_POINT('',(-30.5,68.5,10.));
#737 = DIRECTION('',(1.,0.,0.));
#738 = DIRECTION('',(0.,0.,1.));
#739 = DEFINITIONAL_REPRESENTATION('',(#740),#744);
#740 = LINE('',#741,#742);
#741 = CARTESIAN_POINT('',(6.,15.25));
#742 = VECTOR('',#743,1.);
#743 = DIRECTION('',(0.,-1.));
#744 = ( GEOMETRIC_REPRESENTATION_CONTEXT(2) 
PARAMETRIC_REPRESENTATION_CONTEXT() REPRESENTATION_CONTEXT('2D SPACE',''
  ) );
#745 = ADVANCED_FACE('',(#746),#233,.T.);
#746 = FACE_BOUND('',#747,.T.);
#747 = EDGE_LOOP('',(#748,#771,#772,#773));
#748 = ORIENTED_EDGE('',*,*,#749,.F.);
#749 = EDGE_CURVE('',#192,#750,#752,.T.);
#750 = VERTEX_POINT('',#751);
#751 = CARTESIAN_POINT('',(-10.5,49.7,12.));
#752 = SURFACE_CURVE('',#753,(#757,#764),.PCURVE_S1.);
#753 = LINE('',#754,#755);
#754 = CARTESIAN_POINT('',(-65.5,49.7,12.));
#755 = VECTOR('',#756,1.);
#756 = DIRECTION('',(1.,0.,0.));
#757 = PCURVE('',#233,#758);
#758 = DEFINITIONAL_REPRESENTATION('',(#759),#763);
#759 = LINE('',#760,#761);
#760 = CARTESIAN_POINT('',(0.,0.));
#761 = VECTOR('',#762,1.);
#762 = DIRECTION('',(0.,1.));
#763 = ( GEOMETRIC_REPRESENTATION_CONTEXT(2) 
PARAMETRIC_REPRESENTATION_CONTEXT() REPRESENTATION_CONTEXT('2D SPACE',''
  ) );
#764 = PCURVE('',#207,#765);
#765 = DEFINITIONAL_REPRESENTATION('',(#766),#770);
#766 = LINE('',#767,#768);
#767 = CARTESIAN_POINT('',(0.,0.));
#768 = VECTOR('',#769,1.);
#769 = DIRECTION('',(1.,0.));
#770 = ( GEOMETRIC_REPRESENTATION_CONTEXT(2) 
PARAMETRIC_REPRESENTATION_CONTEXT() REPRESENTATION_CONTEXT('2D SPACE',''
  ) );
#771 = ORIENTED_EDGE('',*,*,#219,.T.);
#772 = ORIENTED_EDGE('',*,*,#497,.F.);
#773 = ORIENTED_EDGE('',*,*,#774,.F.);
#774 = EDGE_CURVE('',#750,#470,#775,.T.);
#775 = SURFACE_CURVE('',#776,(#780,#787),.PCURVE_S1.);
#776 = LINE('',#777,#778);
#777 = CARTESIAN_POINT('',(-10.5,49.7,12.));
#778 = VECTOR('',#779,1.);
#779 = DIRECTION('',(0.,0.,1.));
#780 = PCURVE('',#233,#781);
#781 = DEFINITIONAL_REPRESENTATION('',(#782),#786);
#782 = LINE('',#783,#784);
#783 = CARTESIAN_POINT('',(0.,55.));
#784 = VECTOR('',#785,1.);
#785 = DIRECTION('',(1.,0.));
#786 = ( GEOMETRIC_REPRESENTATION_CONTEXT(2) 
PARAMETRIC_REPRESENTATION_CONTEXT() REPRESENTATION_CONTEXT('2D SPACE',''
  ) );
#787 = PCURVE('',#485,#788);
#788 = DEFINITIONAL_REPRESENTATION('',(#789),#793);
#789 = LINE('',#790,#791);
#790 = CARTESIAN_POINT('',(0.,0.));
#791 = VECTOR('',#792,1.);
#792 = DIRECTION('',(1.,0.));
#793 = ( GEOMETRIC_REPRESENTATION_CONTEXT(2) 
PARAMETRIC_REPRESENTATION_CONTEXT() REPRESENTATION_CONTEXT('2D SPACE',''
  ) );
#794 = ADVANCED_FACE('',(#795),#207,.T.);
#795 = FACE_BOUND('',#796,.T.);
#796 = EDGE_LOOP('',(#797,#820,#821,#822));
#797 = ORIENTED_EDGE('',*,*,#798,.F.);
#798 = EDGE_CURVE('',#164,#799,#801,.T.);
#799 = VERTEX_POINT('',#800);
#800 = CARTESIAN_POINT('',(-10.5,68.3,12.));
#801 = SURFACE_CURVE('',#802,(#806,#813),.PCURVE_S1.);
#802 = LINE('',#803,#804);
#803 = CARTESIAN_POINT('',(-65.5,68.3,12.));
#804 = VECTOR('',#805,1.);
#805 = DIRECTION('',(1.,0.,0.));
#806 = PCURVE('',#207,#807);
#807 = DEFINITIONAL_REPRESENTATION('',(#808),#812);
#808 = LINE('',#809,#810);
#809 = CARTESIAN_POINT('',(0.,18.6));
#810 = VECTOR('',#811,1.);
#811 = DIRECTION('',(1.,0.));
#812 = ( GEOMETRIC_REPRESENTATION_CONTEXT(2) 
PARAMETRIC_REPRESENTATION_CONTEXT() REPRESENTATION_CONTEXT('2D SPACE',''
  ) );
#813 = PCURVE('',#179,#814);
#814 = DEFINITIONAL_REPRESENTATION('',(#815),#819);
#815 = LINE('',#816,#817);
#816 = CARTESIAN_POINT('',(0.,0.));
#817 = VECTOR('',#818,1.);
#818 = DIRECTION('',(0.,1.));
#819 = ( GEOMETRIC_REPRESENTATION_CONTEXT(2) 
PARAMETRIC_REPRESENTATION_CONTEXT() REPRESENTATION_CONTEXT('2D SPACE',''
  ) );
#820 = ORIENTED_EDGE('',*,*,#191,.T.);
#821 = ORIENTED_EDGE('',*,*,#749,.T.);
#822 = ORIENTED_EDGE('',*,*,#823,.T.);
#823 = EDGE_CURVE('',#750,#799,#824,.T.);
#824 = SURFACE_CURVE('',#825,(#829,#836),.PCURVE_S1.);
#825 = LINE('',#826,#827);
#826 = CARTESIAN_POINT('',(-10.5,49.7,12.));
#827 = VECTOR('',#828,1.);
#828 = DIRECTION('',(0.,1.,0.));
#829 = PCURVE('',#207,#830);
#830 = DEFINITIONAL_REPRESENTATION('',(#831),#835);
#831 = LINE('',#832,#833);
#832 = CARTESIAN_POINT('',(55.,0.));
#833 = VECTOR('',#834,1.);
#834 = DIRECTION('',(0.,1.));
#835 = ( GEOMETRIC_REPRESENTATION_CONTEXT(2) 
PARAMETRIC_REPRESENTATION_CONTEXT() REPRESENTATION_CONTEXT('2D SPACE',''
  ) );
#836 = PCURVE('',#485,#837);
#837 = DEFINITIONAL_REPRESENTATION('',(#838),#842);
#838 = LINE('',#839,#840);
#839 = CARTESIAN_POINT('',(0.,0.));
#840 = VECTOR('',#841,1.);
#841 = DIRECTION('',(0.,-1.));
#842 = ( GEOMETRIC_REPRESENTATION_CONTEXT(2) 
PARAMETRIC_REPRESENTATION_CONTEXT() REPRESENTATION_CONTEXT('2D SPACE',''
  ) );
#843 = ADVANCED_FACE('',(#844),#179,.F.);
#844 = FACE_BOUND('',#845,.F.);
#845 = EDGE_LOOP('',(#846,#847,#848,#849));
#846 = ORIENTED_EDGE('',*,*,#798,.F.);
#847 = ORIENTED_EDGE('',*,*,#163,.T.);
#848 = ORIENTED_EDGE('',*,*,#446,.F.);
#849 = ORIENTED_EDGE('',*,*,#850,.F.);
#850 = EDGE_CURVE('',#799,#447,#851,.T.);
#851 = SURFACE_CURVE('',#852,(#856,#863),.PCURVE_S1.);
#852 = LINE('',#853,#854);
#853 = CARTESIAN_POINT('',(-10.5,68.3,12.));
#854 = VECTOR('',#855,1.);
#855 = DIRECTION('',(0.,0.,1.));
#856 = PCURVE('',#179,#857);
#857 = DEFINITIONAL_REPRESENTATION('',(#858),#862);
#858 = LINE('',#859,#860);
#859 = CARTESIAN_POINT('',(0.,55.));
#860 = VECTOR('',#861,1.);
#861 = DIRECTION('',(1.,0.));
#862 = ( GEOMETRIC_REPRESENTATION_CONTEXT(2) 
PARAMETRIC_REPRESENTATION_CONTEXT() REPRESENTATION_CONTEXT('2D SPACE',''
  ) );
#863 = PCURVE('',#485,#864);
#864 = DEFINITIONAL_REPRESENTATION('',(#865),#869);
#865 = LINE('',#866,#867);
#866 = CARTESIAN_POINT('',(0.,-18.6));
#867 = VECTOR('',#868,1.);
#868 = DIRECTION('',(1.,0.));
#869 = ( GEOMETRIC_REPRESENTATION_CONTEXT(2) 
PARAMETRIC_REPRESENTATION_CONTEXT() REPRESENTATION_CONTEXT('2D SPACE',''
  ) );
#870 = ADVANCED_FACE('',(#871),#128,.T.);
#871 = FACE_BOUND('',#872,.T.);
#872 = EDGE_LOOP('',(#873,#874,#875,#898));
#873 = ORIENTED_EDGE('',*,*,#112,.T.);
#874 = ORIENTED_EDGE('',*,*,#419,.T.);
#875 = ORIENTED_EDGE('',*,*,#876,.F.);
#876 = EDGE_CURVE('',#877,#392,#879,.T.);
#877 = VERTEX_POINT('',#878);
#878 = CARTESIAN_POINT('',(-58.5,80.,4.));
#879 = SURFACE_CURVE('',#880,(#884,#891),.PCURVE_S1.);
#880 = LINE('',#881,#882);
#881 = CARTESIAN_POINT('',(-58.5,80.,4.));
#882 = VECTOR('',#883,1.);
#883 = DIRECTION('',(0.,0.,1.));
#884 = PCURVE('',#128,#885);
#885 = DEFINITIONAL_REPRESENTATION('',(#886),#890);
#886 = LINE('',#887,#888);
#887 = CARTESIAN_POINT('',(4.712388980385,0.));
#888 = VECTOR('',#889,1.);
#889 = DIRECTION('',(-0.,1.));
#890 = ( GEOMETRIC_REPRESENTATION_CONTEXT(2) 
PARAMETRIC_REPRESENTATION_CONTEXT() REPRESENTATION_CONTEXT('2D SPACE',''
  ) );
#891 = PCURVE('',#407,#892);
#892 = DEFINITIONAL_REPRESENTATION('',(#893),#897);
#893 = LINE('',#894,#895);
#894 = CARTESIAN_POINT('',(0.,6.));
#895 = VECTOR('',#896,1.);
#896 = DIRECTION('',(1.,0.));
#897 = ( GEOMETRIC_REPRESENTATION_CONTEXT(2) 
PARAMETRIC_REPRESENTATION_CONTEXT() REPRESENTATION_CONTEXT('2D SPACE',''
  ) );
#898 = ORIENTED_EDGE('',*,*,#899,.F.);
#899 = EDGE_CURVE('',#85,#877,#900,.T.);
#900 = SURFACE_CURVE('',#901,(#906,#913),.PCURVE_S1.);
#901 = CIRCLE('',#902,6.);
#902 = AXIS2_PLACEMENT_3D('',#903,#904,#905);
#903 = CARTESIAN_POINT('',(-58.5,74.,4.));
#904 = DIRECTION('',(-0.,-0.,-1.));
#905 = DIRECTION('',(0.,-1.,0.));
#906 = PCURVE('',#128,#907);
#907 = DEFINITIONAL_REPRESENTATION('',(#908),#912);
#908 = LINE('',#909,#910);
#909 = CARTESIAN_POINT('',(7.853981633975,0.));
#910 = VECTOR('',#911,1.);
#911 = DIRECTION('',(-1.,0.));
#912 = ( GEOMETRIC_REPRESENTATION_CONTEXT(2) 
PARAMETRIC_REPRESENTATION_CONTEXT() REPRESENTATION_CONTEXT('2D SPACE',''
  ) );
#913 = PCURVE('',#100,#914);
#914 = DEFINITIONAL_REPRESENTATION('',(#915),#923);
#915 = ( BOUNDED_CURVE() B_SPLINE_CURVE(2,(#916,#917,#918,#919,#920,#921
,#922),.UNSPECIFIED.,.T.,.F.) B_SPLINE_CURVE_WITH_KNOTS((1,2,2,2,2,1),(
    -2.094395102393,0.,2.094395102393,4.188790204786,6.28318530718,
8.377580409573),.UNSPECIFIED.) CURVE() GEOMETRIC_REPRESENTATION_ITEM() 
RATIONAL_B_SPLINE_CURVE((1.,0.5,1.,0.5,1.,0.5,1.)) REPRESENTATION_ITEM(
  '') );
#916 = CARTESIAN_POINT('',(6.,30.));
#917 = CARTESIAN_POINT('',(-4.392304845413,30.));
#918 = CARTESIAN_POINT('',(0.803847577293,39.));
#919 = CARTESIAN_POINT('',(6.,48.));
#920 = CARTESIAN_POINT('',(11.196152422707,39.));
#921 = CARTESIAN_POINT('',(16.392304845413,30.));
#922 = CARTESIAN_POINT('',(6.,30.));
#923 = ( GEOMETRIC_REPRESENTATION_CONTEXT(2) 
PARAMETRIC_REPRESENTATION_CONTEXT() REPRESENTATION_CONTEXT('2D SPACE',''
  ) );
#924 = ADVANCED_FACE('',(#925,#1072),#100,.F.);
#925 = FACE_BOUND('',#926,.F.);
#926 = EDGE_LOOP('',(#927,#928,#952,#975,#1003,#1026,#1050,#1071));
#927 = ORIENTED_EDGE('',*,*,#84,.F.);
#928 = ORIENTED_EDGE('',*,*,#929,.T.);
#929 = EDGE_CURVE('',#57,#930,#932,.T.);
#930 = VERTEX_POINT('',#931);
#931 = CARTESIAN_POINT('',(-58.5,38.,4.));
#932 = SURFACE_CURVE('',#933,(#938,#945),.PCURVE_S1.);
#933 = CIRCLE('',#934,6.);
#934 = AXIS2_PLACEMENT_3D('',#935,#936,#937);
#935 = CARTESIAN_POINT('',(-58.5,44.,4.));
#936 = DIRECTION('',(0.,0.,1.));
#937 = DIRECTION('',(0.,-1.,0.));
#938 = PCURVE('',#100,#939);
#939 = DEFINITIONAL_REPRESENTATION('',(#940),#944);
#940 = CIRCLE('',#941,6.);
#941 = AXIS2_PLACEMENT_2D('',#942,#943);
#942 = CARTESIAN_POINT('',(6.,6.));
#943 = DIRECTION('',(0.,-1.));
#944 = ( GEOMETRIC_REPRESENTATION_CONTEXT(2) 
PARAMETRIC_REPRESENTATION_CONTEXT() REPRESENTATION_CONTEXT('2D SPACE',''
  ) );
#945 = PCURVE('',#72,#946);
#946 = DEFINITIONAL_REPRESENTATION('',(#947),#951);
#947 = LINE('',#948,#949);
#948 = CARTESIAN_POINT('',(-4.712388980385,0.));
#949 = VECTOR('',#950,1.);
#950 = DIRECTION('',(1.,0.));
#951 = ( GEOMETRIC_REPRESENTATION_CONTEXT(2) 
PARAMETRIC_REPRESENTATION_CONTEXT() REPRESENTATION_CONTEXT('2D SPACE',''
  ) );
#952 = ORIENTED_EDGE('',*,*,#953,.T.);
#953 = EDGE_CURVE('',#930,#954,#956,.T.);
#954 = VERTEX_POINT('',#955);
#955 = CARTESIAN_POINT('',(2.5,38.,4.));
#956 = SURFACE_CURVE('',#957,(#961,#968),.PCURVE_S1.);
#957 = LINE('',#958,#959);
#958 = CARTESIAN_POINT('',(-64.5,38.,4.));
#959 = VECTOR('',#960,1.);
#960 = DIRECTION('',(1.,0.,0.));
#961 = PCURVE('',#100,#962);
#962 = DEFINITIONAL_REPRESENTATION('',(#963),#967);
#963 = LINE('',#964,#965);
#964 = CARTESIAN_POINT('',(0.,0.));
#965 = VECTOR('',#966,1.);
#966 = DIRECTION('',(1.,0.));
#967 = ( GEOMETRIC_REPRESENTATION_CONTEXT(2) 
PARAMETRIC_REPRESENTATION_CONTEXT() REPRESENTATION_CONTEXT('2D SPACE',''
  ) );
#968 = PCURVE('',#289,#969);
#969 = DEFINITIONAL_REPRESENTATION('',(#970),#974);
#970 = LINE('',#971,#972);
#971 = CARTESIAN_POINT('',(0.,0.));
#972 = VECTOR('',#973,1.);
#973 = DIRECTION('',(0.,1.));
#974 = ( GEOMETRIC_REPRESENTATION_CONTEXT(2) 
PARAMETRIC_REPRESENTATION_CONTEXT() REPRESENTATION_CONTEXT('2D SPACE',''
  ) );
#975 = ORIENTED_EDGE('',*,*,#976,.F.);
#976 = EDGE_CURVE('',#977,#954,#979,.T.);
#977 = VERTEX_POINT('',#978);
#978 = CARTESIAN_POINT('',(8.5,44.,4.));
#979 = SURFACE_CURVE('',#980,(#985,#996),.PCURVE_S1.);
#980 = CIRCLE('',#981,6.);
#981 = AXIS2_PLACEMENT_3D('',#982,#983,#984);
#982 = CARTESIAN_POINT('',(2.5,44.,4.));
#983 = DIRECTION('',(-0.,-0.,-1.));
#984 = DIRECTION('',(0.,-1.,0.));
#985 = PCURVE('',#100,#986);
#986 = DEFINITIONAL_REPRESENTATION('',(#987),#995);
#987 = ( BOUNDED_CURVE() B_SPLINE_CURVE(2,(#988,#989,#990,#991,#992,#993
,#994),.UNSPECIFIED.,.T.,.F.) B_SPLINE_CURVE_WITH_KNOTS((1,2,2,2,2,1),(
    -2.094395102393,0.,2.094395102393,4.188790204786,6.28318530718,
8.377580409573),.UNSPECIFIED.) CURVE() GEOMETRIC_REPRESENTATION_ITEM() 
RATIONAL_B_SPLINE_CURVE((1.,0.5,1.,0.5,1.,0.5,1.)) REPRESENTATION_ITEM(
  '') );
#988 = CARTESIAN_POINT('',(67.,0.));
#989 = CARTESIAN_POINT('',(56.607695154587,0.));
#990 = CARTESIAN_POINT('',(61.803847577293,9.));
#991 = CARTESIAN_POINT('',(67.,18.));
#992 = CARTESIAN_POINT('',(72.196152422707,9.));
#993 = CARTESIAN_POINT('',(77.392304845413,8.881784197001E-15));
#994 = CARTESIAN_POINT('',(67.,0.));
#995 = ( GEOMETRIC_REPRESENTATION_CONTEXT(2) 
PARAMETRIC_REPRESENTATION_CONTEXT() REPRESENTATION_CONTEXT('2D SPACE',''
  ) );
#996 = PCURVE('',#322,#997);
#997 = DEFINITIONAL_REPRESENTATION('',(#998),#1002);
#998 = LINE('',#999,#1000);
#999 = CARTESIAN_POINT('',(10.995574287565,0.));
#1000 = VECTOR('',#1001,1.);
#1001 = DIRECTION('',(-1.,0.));
#1002 = ( GEOMETRIC_REPRESENTATION_CONTEXT(2) 
PARAMETRIC_REPRESENTATION_CONTEXT() REPRESENTATION_CONTEXT('2D SPACE',''
  ) );
#1003 = ORIENTED_EDGE('',*,*,#1004,.T.);
#1004 = EDGE_CURVE('',#977,#1005,#1007,.T.);
#1005 = VERTEX_POINT('',#1006);
#1006 = CARTESIAN_POINT('',(8.5,74.,4.));
#1007 = SURFACE_CURVE('',#1008,(#1012,#1019),.PCURVE_S1.);
#1008 = LINE('',#1009,#1010);
#1009 = CARTESIAN_POINT('',(8.5,38.,4.));
#1010 = VECTOR('',#1011,1.);
#1011 = DIRECTION('',(0.,1.,0.));
#1012 = PCURVE('',#100,#1013);
#1013 = DEFINITIONAL_REPRESENTATION('',(#1014),#1018);
#1014 = LINE('',#1015,#1016);
#1015 = CARTESIAN_POINT('',(73.,0.));
#1016 = VECTOR('',#1017,1.);
#1017 = DIRECTION('',(0.,1.));
#1018 = ( GEOMETRIC_REPRESENTATION_CONTEXT(2) 
PARAMETRIC_REPRESENTATION_CONTEXT() REPRESENTATION_CONTEXT('2D SPACE',''
  ) );
#1019 = PCURVE('',#350,#1020);
#1020 = DEFINITIONAL_REPRESENTATION('',(#1021),#1025);
#1021 = LINE('',#1022,#1023);
#1022 = CARTESIAN_POINT('',(0.,0.));
#1023 = VECTOR('',#1024,1.);
#1024 = DIRECTION('',(0.,-1.));
#1025 = ( GEOMETRIC_REPRESENTATION_CONTEXT(2) 
PARAMETRIC_REPRESENTATION_CONTEXT() REPRESENTATION_CONTEXT('2D SPACE',''
  ) );
#1026 = ORIENTED_EDGE('',*,*,#1027,.T.);
#1027 = EDGE_CURVE('',#1005,#1028,#1030,.T.);
#1028 = VERTEX_POINT('',#1029);
#1029 = CARTESIAN_POINT('',(2.5,80.,4.));
#1030 = SURFACE_CURVE('',#1031,(#1036,#1043),.PCURVE_S1.);
#1031 = CIRCLE('',#1032,6.);
#1032 = AXIS2_PLACEMENT_3D('',#1033,#1034,#1035);
#1033 = CARTESIAN_POINT('',(2.5,74.,4.));
#1034 = DIRECTION('',(0.,0.,1.));
#1035 = DIRECTION('',(0.,-1.,0.));
#1036 = PCURVE('',#100,#1037);
#1037 = DEFINITIONAL_REPRESENTATION('',(#1038),#1042);
#1038 = CIRCLE('',#1039,6.);
#1039 = AXIS2_PLACEMENT_2D('',#1040,#1041);
#1040 = CARTESIAN_POINT('',(67.,36.));
#1041 = DIRECTION('',(0.,-1.));
#1042 = ( GEOMETRIC_REPRESENTATION_CONTEXT(2) 
PARAMETRIC_REPRESENTATION_CONTEXT() REPRESENTATION_CONTEXT('2D SPACE',''
  ) );
#1043 = PCURVE('',#379,#1044);
#1044 = DEFINITIONAL_REPRESENTATION('',(#1045),#1049);
#1045 = LINE('',#1046,#1047);
#1046 = CARTESIAN_POINT('',(-1.570796326795,0.));
#1047 = VECTOR('',#1048,1.);
#1048 = DIRECTION('',(1.,0.));
#1049 = ( GEOMETRIC_REPRESENTATION_CONTEXT(2) 
PARAMETRIC_REPRESENTATION_CONTEXT() REPRESENTATION_CONTEXT('2D SPACE',''
  ) );
#1050 = ORIENTED_EDGE('',*,*,#1051,.F.);
#1051 = EDGE_CURVE('',#877,#1028,#1052,.T.);
#1052 = SURFACE_CURVE('',#1053,(#1057,#1064),.PCURVE_S1.);
#1053 = LINE('',#1054,#1055);
#1054 = CARTESIAN_POINT('',(-64.5,80.,4.));
#1055 = VECTOR('',#1056,1.);
#1056 = DIRECTION('',(1.,0.,0.));
#1057 = PCURVE('',#100,#1058);
#1058 = DEFINITIONAL_REPRESENTATION('',(#1059),#1063);
#1059 = LINE('',#1060,#1061);
#1060 = CARTESIAN_POINT('',(0.,42.));
#1061 = VECTOR('',#1062,1.);
#1062 = DIRECTION('',(1.,0.));
#1063 = ( GEOMETRIC_REPRESENTATION_CONTEXT(2) 
PARAMETRIC_REPRESENTATION_CONTEXT() REPRESENTATION_CONTEXT('2D SPACE',''
  ) );
#1064 = PCURVE('',#407,#1065);
#1065 = DEFINITIONAL_REPRESENTATION('',(#1066),#1070);
#1066 = LINE('',#1067,#1068);
#1067 = CARTESIAN_POINT('',(0.,0.));
#1068 = VECTOR('',#1069,1.);
#1069 = DIRECTION('',(0.,1.));
#1070 = ( GEOMETRIC_REPRESENTATION_CONTEXT(2) 
PARAMETRIC_REPRESENTATION_CONTEXT() REPRESENTATION_CONTEXT('2D SPACE',''
  ) );
#1071 = ORIENTED_EDGE('',*,*,#899,.F.);
#1072 = FACE_BOUND('',#1073,.F.);
#1073 = EDGE_LOOP('',(#1074,#1104,#1132,#1160));
#1074 = ORIENTED_EDGE('',*,*,#1075,.T.);
#1075 = EDGE_CURVE('',#1076,#1078,#1080,.T.);
#1076 = VERTEX_POINT('',#1077);
#1077 = CARTESIAN_POINT('',(-1.5,45.5,4.));
#1078 = VERTEX_POINT('',#1079);
#1079 = CARTESIAN_POINT('',(-54.5,45.5,4.));
#1080 = SURFACE_CURVE('',#1081,(#1085,#1092),.PCURVE_S1.);
#1081 = LINE('',#1082,#1083);
#1082 = CARTESIAN_POINT('',(-59.5,45.5,4.));
#1083 = VECTOR('',#1084,1.);
#1084 = DIRECTION('',(-1.,0.,0.));
#1085 = PCURVE('',#100,#1086);
#1086 = DEFINITIONAL_REPRESENTATION('',(#1087),#1091);
#1087 = LINE('',#1088,#1089);
#1088 = CARTESIAN_POINT('',(5.,7.5));
#1089 = VECTOR('',#1090,1.);
#1090 = DIRECTION('',(-1.,0.));
#1091 = ( GEOMETRIC_REPRESENTATION_CONTEXT(2) 
PARAMETRIC_REPRESENTATION_CONTEXT() REPRESENTATION_CONTEXT('2D SPACE',''
  ) );
#1092 = PCURVE('',#1093,#1098);
#1093 = PLANE('',#1094);
#1094 = AXIS2_PLACEMENT_3D('',#1095,#1096,#1097);
#1095 = CARTESIAN_POINT('',(-54.5,45.5,3.));
#1096 = DIRECTION('',(0.,1.,0.));
#1097 = DIRECTION('',(0.,-0.,1.));
#1098 = DEFINITIONAL_REPRESENTATION('',(#1099),#1103);
#1099 = LINE('',#1100,#1101);
#1100 = CARTESIAN_POINT('',(1.,-5.));
#1101 = VECTOR('',#1102,1.);
#1102 = DIRECTION('',(0.,-1.));
#1103 = ( GEOMETRIC_REPRESENTATION_CONTEXT(2) 
PARAMETRIC_REPRESENTATION_CONTEXT() REPRESENTATION_CONTEXT('2D SPACE',''
  ) );
#1104 = ORIENTED_EDGE('',*,*,#1105,.T.);
#1105 = EDGE_CURVE('',#1078,#1106,#1108,.T.);
#1106 = VERTEX_POINT('',#1107);
#1107 = CARTESIAN_POINT('',(-54.5,72.5,4.));
#1108 = SURFACE_CURVE('',#1109,(#1113,#1120),.PCURVE_S1.);
#1109 = LINE('',#1110,#1111);
#1110 = CARTESIAN_POINT('',(-54.5,41.75,4.));
#1111 = VECTOR('',#1112,1.);
#1112 = DIRECTION('',(0.,1.,0.));
#1113 = PCURVE('',#100,#1114);
#1114 = DEFINITIONAL_REPRESENTATION('',(#1115),#1119);
#1115 = LINE('',#1116,#1117);
#1116 = CARTESIAN_POINT('',(10.,3.75));
#1117 = VECTOR('',#1118,1.);
#1118 = DIRECTION('',(0.,1.));
#1119 = ( GEOMETRIC_REPRESENTATION_CONTEXT(2) 
PARAMETRIC_REPRESENTATION_CONTEXT() REPRESENTATION_CONTEXT('2D SPACE',''
  ) );
#1120 = PCURVE('',#1121,#1126);
#1121 = PLANE('',#1122);
#1122 = AXIS2_PLACEMENT_3D('',#1123,#1124,#1125);
#1123 = CARTESIAN_POINT('',(-54.5,45.5,3.));
#1124 = DIRECTION('',(1.,0.,0.));
#1125 = DIRECTION('',(0.,0.,1.));
#1126 = DEFINITIONAL_REPRESENTATION('',(#1127),#1131);
#1127 = LINE('',#1128,#1129);
#1128 = CARTESIAN_POINT('',(1.,3.75));
#1129 = VECTOR('',#1130,1.);
#1130 = DIRECTION('',(0.,-1.));
#1131 = ( GEOMETRIC_REPRESENTATION_CONTEXT(2) 
PARAMETRIC_REPRESENTATION_CONTEXT() REPRESENTATION_CONTEXT('2D SPACE',''
  ) );
#1132 = ORIENTED_EDGE('',*,*,#1133,.F.);
#1133 = EDGE_CURVE('',#1134,#1106,#1136,.T.);
#1134 = VERTEX_POINT('',#1135);
#1135 = CARTESIAN_POINT('',(-1.5,72.5,4.));
#1136 = SURFACE_CURVE('',#1137,(#1141,#1148),.PCURVE_S1.);
#1137 = LINE('',#1138,#1139);
#1138 = CARTESIAN_POINT('',(-59.5,72.5,4.));
#1139 = VECTOR('',#1140,1.);
#1140 = DIRECTION('',(-1.,0.,0.));
#1141 = PCURVE('',#100,#1142);
#1142 = DEFINITIONAL_REPRESENTATION('',(#1143),#1147);
#1143 = LINE('',#1144,#1145);
#1144 = CARTESIAN_POINT('',(5.,34.5));
#1145 = VECTOR('',#1146,1.);
#1146 = DIRECTION('',(-1.,0.));
#1147 = ( GEOMETRIC_REPRESENTATION_CONTEXT(2) 
PARAMETRIC_REPRESENTATION_CONTEXT() REPRESENTATION_CONTEXT('2D SPACE',''
  ) );
#1148 = PCURVE('',#1149,#1154);
#1149 = PLANE('',#1150);
#1150 = AXIS2_PLACEMENT_3D('',#1151,#1152,#1153);
#1151 = CARTESIAN_POINT('',(-54.5,72.5,3.));
#1152 = DIRECTION('',(0.,1.,0.));
#1153 = DIRECTION('',(0.,-0.,1.));
#1154 = DEFINITIONAL_REPRESENTATION('',(#1155),#1159);
#1155 = LINE('',#1156,#1157);
#1156 = CARTESIAN_POINT('',(1.,-5.));
#1157 = VECTOR('',#1158,1.);
#1158 = DIRECTION('',(0.,-1.));
#1159 = ( GEOMETRIC_REPRESENTATION_CONTEXT(2) 
PARAMETRIC_REPRESENTATION_CONTEXT() REPRESENTATION_CONTEXT('2D SPACE',''
  ) );
#1160 = ORIENTED_EDGE('',*,*,#1161,.F.);
#1161 = EDGE_CURVE('',#1076,#1134,#1162,.T.);
#1162 = SURFACE_CURVE('',#1163,(#1167,#1174),.PCURVE_S1.);
#1163 = LINE('',#1164,#1165);
#1164 = CARTESIAN_POINT('',(-1.5,41.75,4.));
#1165 = VECTOR('',#1166,1.);
#1166 = DIRECTION('',(0.,1.,0.));
#1167 = PCURVE('',#100,#1168);
#1168 = DEFINITIONAL_REPRESENTATION('',(#1169),#1173);
#1169 = LINE('',#1170,#1171);
#1170 = CARTESIAN_POINT('',(63.,3.75));
#1171 = VECTOR('',#1172,1.);
#1172 = DIRECTION('',(0.,1.));
#1173 = ( GEOMETRIC_REPRESENTATION_CONTEXT(2) 
PARAMETRIC_REPRESENTATION_CONTEXT() REPRESENTATION_CONTEXT('2D SPACE',''
  ) );
#1174 = PCURVE('',#1175,#1180);
#1175 = PLANE('',#1176);
#1176 = AXIS2_PLACEMENT_3D('',#1177,#1178,#1179);
#1177 = CARTESIAN_POINT('',(-1.5,45.5,3.));
#1178 = DIRECTION('',(1.,0.,0.));
#1179 = DIRECTION('',(0.,0.,1.));
#1180 = DEFINITIONAL_REPRESENTATION('',(#1181),#1185);
#1181 = LINE('',#1182,#1183);
#1182 = CARTESIAN_POINT('',(1.,3.75));
#1183 = VECTOR('',#1184,1.);
#1184 = DIRECTION('',(0.,-1.));
#1185 = ( GEOMETRIC_REPRESENTATION_CONTEXT(2) 
PARAMETRIC_REPRESENTATION_CONTEXT() REPRESENTATION_CONTEXT('2D SPACE',''
  ) );
#1186 = ADVANCED_FACE('',(#1187),#72,.T.);
#1187 = FACE_BOUND('',#1188,.T.);
#1188 = EDGE_LOOP('',(#1189,#1190,#1211,#1212));
#1189 = ORIENTED_EDGE('',*,*,#929,.T.);
#1190 = ORIENTED_EDGE('',*,*,#1191,.T.);
#1191 = EDGE_CURVE('',#930,#250,#1192,.T.);
#1192 = SURFACE_CURVE('',#1193,(#1197,#1204),.PCURVE_S1.);
#1193 = LINE('',#1194,#1195);
#1194 = CARTESIAN_POINT('',(-58.5,38.,4.));
#1195 = VECTOR('',#1196,1.);
#1196 = DIRECTION('',(0.,0.,1.));
#1197 = PCURVE('',#72,#1198);
#1198 = DEFINITIONAL_REPRESENTATION('',(#1199),#1203);
#1199 = LINE('',#1200,#1201);
#1200 = CARTESIAN_POINT('',(1.570796326795,0.));
#1201 = VECTOR('',#1202,1.);
#1202 = DIRECTION('',(0.,1.));
#1203 = ( GEOMETRIC_REPRESENTATION_CONTEXT(2) 
PARAMETRIC_REPRESENTATION_CONTEXT() REPRESENTATION_CONTEXT('2D SPACE',''
  ) );
#1204 = PCURVE('',#289,#1205);
#1205 = DEFINITIONAL_REPRESENTATION('',(#1206),#1210);
#1206 = LINE('',#1207,#1208);
#1207 = CARTESIAN_POINT('',(0.,6.));
#1208 = VECTOR('',#1209,1.);
#1209 = DIRECTION('',(1.,0.));
#1210 = ( GEOMETRIC_REPRESENTATION_CONTEXT(2) 
PARAMETRIC_REPRESENTATION_CONTEXT() REPRESENTATION_CONTEXT('2D SPACE',''
  ) );
#1211 = ORIENTED_EDGE('',*,*,#249,.F.);
#1212 = ORIENTED_EDGE('',*,*,#56,.F.);
#1213 = ADVANCED_FACE('',(#1214),#485,.F.);
#1214 = FACE_BOUND('',#1215,.F.);
#1215 = EDGE_LOOP('',(#1216,#1217,#1218,#1219));
#1216 = ORIENTED_EDGE('',*,*,#774,.F.);
#1217 = ORIENTED_EDGE('',*,*,#823,.T.);
#1218 = ORIENTED_EDGE('',*,*,#850,.T.);
#1219 = ORIENTED_EDGE('',*,*,#469,.F.);
#1220 = ADVANCED_FACE('',(#1221),#407,.T.);
#1221 = FACE_BOUND('',#1222,.T.);
#1222 = EDGE_LOOP('',(#1223,#1224,#1225,#1226));
#1223 = ORIENTED_EDGE('',*,*,#1051,.F.);
#1224 = ORIENTED_EDGE('',*,*,#876,.T.);
#1225 = ORIENTED_EDGE('',*,*,#391,.T.);
#1226 = ORIENTED_EDGE('',*,*,#1227,.F.);
#1227 = EDGE_CURVE('',#1028,#363,#1228,.T.);
#1228 = SURFACE_CURVE('',#1229,(#1233,#1240),.PCURVE_S1.);
#1229 = LINE('',#1230,#1231);
#1230 = CARTESIAN_POINT('',(2.5,80.,4.));
#1231 = VECTOR('',#1232,1.);
#1232 = DIRECTION('',(0.,0.,1.));
#1233 = PCURVE('',#407,#1234);
#1234 = DEFINITIONAL_REPRESENTATION('',(#1235),#1239);
#1235 = LINE('',#1236,#1237);
#1236 = CARTESIAN_POINT('',(0.,67.));
#1237 = VECTOR('',#1238,1.);
#1238 = DIRECTION('',(1.,0.));
#1239 = ( GEOMETRIC_REPRESENTATION_CONTEXT(2) 
PARAMETRIC_REPRESENTATION_CONTEXT() REPRESENTATION_CONTEXT('2D SPACE',''
  ) );
#1240 = PCURVE('',#379,#1241);
#1241 = DEFINITIONAL_REPRESENTATION('',(#1242),#1246);
#1242 = LINE('',#1243,#1244);
#1243 = CARTESIAN_POINT('',(1.570796326795,0.));
#1244 = VECTOR('',#1245,1.);
#1245 = DIRECTION('',(0.,1.));
#1246 = ( GEOMETRIC_REPRESENTATION_CONTEXT(2) 
PARAMETRIC_REPRESENTATION_CONTEXT() REPRESENTATION_CONTEXT('2D SPACE',''
  ) );
#1247 = ADVANCED_FACE('',(#1248),#379,.T.);
#1248 = FACE_BOUND('',#1249,.T.);
#1249 = EDGE_LOOP('',(#1250,#1251,#1252,#1253));
#1250 = ORIENTED_EDGE('',*,*,#1027,.T.);
#1251 = ORIENTED_EDGE('',*,*,#1227,.T.);
#1252 = ORIENTED_EDGE('',*,*,#362,.F.);
#1253 = ORIENTED_EDGE('',*,*,#1254,.F.);
#1254 = EDGE_CURVE('',#1005,#335,#1255,.T.);
#1255 = SURFACE_CURVE('',#1256,(#1260,#1267),.PCURVE_S1.);
#1256 = LINE('',#1257,#1258);
#1257 = CARTESIAN_POINT('',(8.5,74.,4.));
#1258 = VECTOR('',#1259,1.);
#1259 = DIRECTION('',(0.,0.,1.));
#1260 = PCURVE('',#379,#1261);
#1261 = DEFINITIONAL_REPRESENTATION('',(#1262),#1266);
#1262 = LINE('',#1263,#1264);
#1263 = CARTESIAN_POINT('',(0.,0.));
#1264 = VECTOR('',#1265,1.);
#1265 = DIRECTION('',(0.,1.));
#1266 = ( GEOMETRIC_REPRESENTATION_CONTEXT(2) 
PARAMETRIC_REPRESENTATION_CONTEXT() REPRESENTATION_CONTEXT('2D SPACE',''
  ) );
#1267 = PCURVE('',#350,#1268);
#1268 = DEFINITIONAL_REPRESENTATION('',(#1269),#1273);
#1269 = LINE('',#1270,#1271);
#1270 = CARTESIAN_POINT('',(0.,-36.));
#1271 = VECTOR('',#1272,1.);
#1272 = DIRECTION('',(1.,0.));
#1273 = ( GEOMETRIC_REPRESENTATION_CONTEXT(2) 
PARAMETRIC_REPRESENTATION_CONTEXT() REPRESENTATION_CONTEXT('2D SPACE',''
  ) );
#1274 = ADVANCED_FACE('',(#1275,#1301,#1719,#2137),#350,.T.);
#1275 = FACE_BOUND('',#1276,.T.);
#1276 = EDGE_LOOP('',(#1277,#1278,#1299,#1300));
#1277 = ORIENTED_EDGE('',*,*,#334,.F.);
#1278 = ORIENTED_EDGE('',*,*,#1279,.F.);
#1279 = EDGE_CURVE('',#977,#302,#1280,.T.);
#1280 = SURFACE_CURVE('',#1281,(#1285,#1292),.PCURVE_S1.);
#1281 = LINE('',#1282,#1283);
#1282 = CARTESIAN_POINT('',(8.5,44.,4.));
#1283 = VECTOR('',#1284,1.);
#1284 = DIRECTION('',(0.,0.,1.));
#1285 = PCURVE('',#350,#1286);
#1286 = DEFINITIONAL_REPRESENTATION('',(#1287),#1291);
#1287 = LINE('',#1288,#1289);
#1288 = CARTESIAN_POINT('',(0.,-6.));
#1289 = VECTOR('',#1290,1.);
#1290 = DIRECTION('',(1.,0.));
#1291 = ( GEOMETRIC_REPRESENTATION_CONTEXT(2) 
PARAMETRIC_REPRESENTATION_CONTEXT() REPRESENTATION_CONTEXT('2D SPACE',''
  ) );
#1292 = PCURVE('',#322,#1293);
#1293 = DEFINITIONAL_REPRESENTATION('',(#1294),#1298);
#1294 = LINE('',#1295,#1296);
#1295 = CARTESIAN_POINT('',(6.28318530718,0.));
#1296 = VECTOR('',#1297,1.);
#1297 = DIRECTION('',(-0.,1.));
#1298 = ( GEOMETRIC_REPRESENTATION_CONTEXT(2) 
PARAMETRIC_REPRESENTATION_CONTEXT() REPRESENTATION_CONTEXT('2D SPACE',''
  ) );
#1299 = ORIENTED_EDGE('',*,*,#1004,.T.);
#1300 = ORIENTED_EDGE('',*,*,#1254,.T.);
#1301 = FACE_BOUND('',#1302,.T.);
#1302 = EDGE_LOOP('',(#1303,#1404));
#1303 = ORIENTED_EDGE('',*,*,#1304,.T.);
#1304 = EDGE_CURVE('',#1305,#1307,#1309,.T.);
#1305 = VERTEX_POINT('',#1306);
#1306 = CARTESIAN_POINT('',(8.5,69.,12.34375));
#1307 = VERTEX_POINT('',#1308);
#1308 = CARTESIAN_POINT('',(8.5,71.9375,8.9375));
#1309 = SURFACE_CURVE('',#1310,(#1333,#1359),.PCURVE_S1.);
#1310 = B_SPLINE_CURVE_WITH_KNOTS('',6,(#1311,#1312,#1313,#1314,#1315,
    #1316,#1317,#1318,#1319,#1320,#1321,#1322,#1323,#1324,#1325,#1326,
    #1327,#1328,#1329,#1330,#1331,#1332),.UNSPECIFIED.,.F.,.F.,(7,5,5,5,
    7),(0.,0.2719359415,0.424836557479,0.598156571243,1.),
  .UNSPECIFIED.);
#1311 = CARTESIAN_POINT('',(8.5,69.,12.34375));
#1312 = CARTESIAN_POINT('',(8.5,69.224475700696,12.34375));
#1313 = CARTESIAN_POINT('',(8.5,69.449041008244,12.319879951748));
#1314 = CARTESIAN_POINT('',(8.5,69.670362734987,12.272109025306));
#1315 = CARTESIAN_POINT('',(8.5,69.885571221752,12.20149147877));
#1316 = CARTESIAN_POINT('',(8.5,70.092195076021,12.109645096104));
#1317 = CARTESIAN_POINT('',(8.5,70.398369651944,11.936407597378));
#1318 = CARTESIAN_POINT('',(8.5,70.50523582256,11.868017144955));
#1319 = CARTESIAN_POINT('',(8.5,70.608442419093,11.793945076095));
#1320 = CARTESIAN_POINT('',(8.5,70.707721235442,11.714573515433));
#1321 = CARTESIAN_POINT('',(8.5,70.802857829582,11.630291752201));
#1322 = CARTESIAN_POINT('',(8.5,70.996634122844,11.440810169812));
#1323 = CARTESIAN_POINT('',(8.5,71.094044389822,11.334320551318));
#1324 = CARTESIAN_POINT('',(8.5,71.185670305799,11.222563210448));
#1325 = CARTESIAN_POINT('',(8.5,71.271337904873,11.10607690881));
#1326 = CARTESIAN_POINT('',(8.5,71.35092583329,10.985375917026));
#1327 = CARTESIAN_POINT('',(8.5,71.594584530467,10.572426920618));
#1328 = CARTESIAN_POINT('',(8.5,71.731582144891,10.264003669211));
#1329 = CARTESIAN_POINT('',(8.5,71.834562509847,9.94134873702));
#1330 = CARTESIAN_POINT('',(8.5,71.903173476312,9.609649960542));
#1331 = CARTESIAN_POINT('',(8.5,71.9375,9.273636732504));
#1332 = CARTESIAN_POINT('',(8.5,71.9375,8.9375));
#1333 = PCURVE('',#350,#1334);
#1334 = DEFINITIONAL_REPRESENTATION('',(#1335),#1358);
#1335 = B_SPLINE_CURVE_WITH_KNOTS('',6,(#1336,#1337,#1338,#1339,#1340,
    #1341,#1342,#1343,#1344,#1345,#1346,#1347,#1348,#1349,#1350,#1351,
    #1352,#1353,#1354,#1355,#1356,#1357),.UNSPECIFIED.,.F.,.F.,(7,5,5,5,
    7),(0.,0.2719359415,0.424836557479,0.598156571243,1.),
  .UNSPECIFIED.);
#1336 = CARTESIAN_POINT('',(8.34375,-31.));
#1337 = CARTESIAN_POINT('',(8.34375,-31.22447570069));
#1338 = CARTESIAN_POINT('',(8.319879951748,-31.44904100824));
#1339 = CARTESIAN_POINT('',(8.272109025306,-31.67036273498));
#1340 = CARTESIAN_POINT('',(8.20149147877,-31.88557122175));
#1341 = CARTESIAN_POINT('',(8.109645096104,-32.09219507602));
#1342 = CARTESIAN_POINT('',(7.936407597378,-32.39836965194));
#1343 = CARTESIAN_POINT('',(7.868017144955,-32.50523582256));
#1344 = CARTESIAN_POINT('',(7.793945076095,-32.60844241909));
#1345 = CARTESIAN_POINT('',(7.714573515433,-32.70772123544));
#1346 = CARTESIAN_POINT('',(7.630291752201,-32.80285782958));
#1347 = CARTESIAN_POINT('',(7.440810169812,-32.99663412284));
#1348 = CARTESIAN_POINT('',(7.334320551318,-33.09404438982));
#1349 = CARTESIAN_POINT('',(7.222563210448,-33.18567030579));
#1350 = CARTESIAN_POINT('',(7.10607690881,-33.27133790487));
#1351 = CARTESIAN_POINT('',(6.985375917026,-33.35092583329));
#1352 = CARTESIAN_POINT('',(6.572426920618,-33.59458453046));
#1353 = CARTESIAN_POINT('',(6.264003669211,-33.73158214489));
#1354 = CARTESIAN_POINT('',(5.94134873702,-33.83456250984));
#1355 = CARTESIAN_POINT('',(5.609649960542,-33.90317347631));
#1356 = CARTESIAN_POINT('',(5.273636732504,-33.9375));
#1357 = CARTESIAN_POINT('',(4.9375,-33.9375));
#1358 = ( GEOMETRIC_REPRESENTATION_CONTEXT(2) 
PARAMETRIC_REPRESENTATION_CONTEXT() REPRESENTATION_CONTEXT('2D SPACE',''
  ) );
#1359 = PCURVE('',#1360,#1379);
#1360 = B_SPLINE_SURFACE_WITH_KNOTS('',8,1,(
    (#1361,#1362)
    ,(#1363,#1364)
    ,(#1365,#1366)
    ,(#1367,#1368)
    ,(#1369,#1370)
    ,(#1371,#1372)
    ,(#1373,#1374)
    ,(#1375,#1376)
    ,(#1377,#1378
    )),.UNSPECIFIED.,.F.,.F.,.F.,(9,9),(2,2),(4.712388980385,
    6.28318530718),(0.,1.),.PIECEWISE_BEZIER_KNOTS.);
#1361 = CARTESIAN_POINT('',(0.,73.,10.));
#1362 = CARTESIAN_POINT('',(16.,71.,8.));
#1363 = CARTESIAN_POINT('',(-1.001865257422E-12,73.,10.981747704247));
#1364 = CARTESIAN_POINT('',(16.,71.,8.392699081699));
#1365 = CARTESIAN_POINT('',(1.996625087486E-12,72.823756844155,
    11.963495717522));
#1366 = CARTESIAN_POINT('',(16.,70.911878422078,8.785398287008));
#1367 = CARTESIAN_POINT('',(-4.000355602329E-12,72.471272263486,
    12.887566171674));
#1368 = CARTESIAN_POINT('',(16.000000000001,70.735636131743,
    9.15502646867));
#1369 = CARTESIAN_POINT('',(4.000355602329E-12,71.95703502312,
    13.696293778901));
#1370 = CARTESIAN_POINT('',(15.999999999999,70.47851751156,9.47851751156
    ));
#1371 = CARTESIAN_POINT('',(-2.998490344908E-12,71.31005293734,
    14.339090329356));
#1372 = CARTESIAN_POINT('',(16.,70.15502646867,9.735636131743));
#1373 = CARTESIAN_POINT('',(1.996625087486E-12,70.570796574017,
    14.779696055194));
#1374 = CARTESIAN_POINT('',(16.,69.785398287008,9.911878422078));
#1375 = CARTESIAN_POINT('',(0.,69.785398163397,15.));
#1376 = CARTESIAN_POINT('',(16.,69.392699081699,10.));
#1377 = CARTESIAN_POINT('',(0.,69.,15.));
#1378 = CARTESIAN_POINT('',(16.,69.,10.));
#1379 = DEFINITIONAL_REPRESENTATION('',(#1380),#1403);
#1380 = B_SPLINE_CURVE_WITH_KNOTS('',6,(#1381,#1382,#1383,#1384,#1385,
    #1386,#1387,#1388,#1389,#1390,#1391,#1392,#1393,#1394,#1395,#1396,
    #1397,#1398,#1399,#1400,#1401,#1402),.UNSPECIFIED.,.F.,.F.,(7,5,5,5,
    7),(0.,0.2719359415,0.424836557479,0.598156571243,1.),
  .UNSPECIFIED.);
#1381 = CARTESIAN_POINT('',(6.28318530718,0.53125));
#1382 = CARTESIAN_POINT('',(6.206768047368,0.53125));
#1383 = CARTESIAN_POINT('',(6.130320552329,0.53125));
#1384 = CARTESIAN_POINT('',(6.054172409306,0.53125));
#1385 = CARTESIAN_POINT('',(5.978500887705,0.53125));
#1386 = CARTESIAN_POINT('',(5.903460861053,0.53125));
#1387 = CARTESIAN_POINT('',(5.787484886005,0.53125));
#1388 = CARTESIAN_POINT('',(5.745984884308,0.53125));
#1389 = CARTESIAN_POINT('',(5.704741950844,0.53125));
#1390 = CARTESIAN_POINT('',(5.663764501,0.53125));
#1391 = CARTESIAN_POINT('',(5.623054626813,0.53125));
#1392 = CARTESIAN_POINT('',(5.536764430386,0.53125));
#1393 = CARTESIAN_POINT('',(5.491259956848,0.53125));
#1394 = CARTESIAN_POINT('',(5.44609021811,0.53125));
#1395 = CARTESIAN_POINT('',(5.401242464757,0.53125));
#1396 = CARTESIAN_POINT('',(5.356698117036,0.53125));
#1397 = CARTESIAN_POINT('',(5.209804664777,0.53125));
#1398 = CARTESIAN_POINT('',(5.10874002406,0.53125));
#1399 = CARTESIAN_POINT('',(5.008824325485,0.53125));
#1400 = CARTESIAN_POINT('',(4.909717982764,0.53125));
#1401 = CARTESIAN_POINT('',(4.811071323872,0.53125));
#1402 = CARTESIAN_POINT('',(4.712388980385,0.53125));
#1403 = ( GEOMETRIC_REPRESENTATION_CONTEXT(2) 
PARAMETRIC_REPRESENTATION_CONTEXT() REPRESENTATION_CONTEXT('2D SPACE',''
  ) );
#1404 = ORIENTED_EDGE('',*,*,#1405,.T.);
#1405 = EDGE_CURVE('',#1307,#1305,#1406,.T.);
#1406 = SURFACE_CURVE('',#1407,(#1500,#1596),.PCURVE_S1.);
#1407 = B_SPLINE_CURVE_WITH_KNOTS('',6,(#1408,#1409,#1410,#1411,#1412,
    #1413,#1414,#1415,#1416,#1417,#1418,#1419,#1420,#1421,#1422,#1423,
    #1424,#1425,#1426,#1427,#1428,#1429,#1430,#1431,#1432,#1433,#1434,
    #1435,#1436,#1437,#1438,#1439,#1440,#1441,#1442,#1443,#1444,#1445,
    #1446,#1447,#1448,#1449,#1450,#1451,#1452,#1453,#1454,#1455,#1456,
    #1457,#1458,#1459,#1460,#1461,#1462,#1463,#1464,#1465,#1466,#1467,
    #1468,#1469,#1470,#1471,#1472,#1473,#1474,#1475,#1476,#1477,#1478,
    #1479,#1480,#1481,#1482,#1483,#1484,#1485,#1486,#1487,#1488,#1489,
    #1490,#1491,#1492,#1493,#1494,#1495,#1496,#1497,#1498,#1499),
  .UNSPECIFIED.,.F.,.F.,(7,5,5,5,5,5,5,5,5,5,5,5,5,5,5,5,5,5,7),(0.,
    0.134634762808,0.192055986296,0.242694110511,0.272194013075,
    0.333046178387,0.376006503068,0.394835781253,0.424340066393,
    0.474987780816,0.532420056276,0.57175561653,0.599056159689,
    0.66704251951,0.761272492831,0.800614210364,0.858057607204,
    0.909674057241,1.),.UNSPECIFIED.);
#1408 = CARTESIAN_POINT('',(8.5,71.9375,8.9375));
#1409 = CARTESIAN_POINT('',(8.5,71.9375,8.599647950994));
#1410 = CARTESIAN_POINT('',(8.5,71.902822253908,8.261922263017));
#1411 = CARTESIAN_POINT('',(8.5,71.833509953105,7.928575377293));
#1412 = CARTESIAN_POINT('',(8.5,71.729475308504,7.604412351243));
#1413 = CARTESIAN_POINT('',(8.5,71.591079883264,7.294707655221));
#1414 = CARTESIAN_POINT('',(8.5,71.345789757183,6.881783316329));
#1415 = CARTESIAN_POINT('',(8.5,71.266367969694,6.762040621522));
#1416 = CARTESIAN_POINT('',(8.5,71.180945403531,6.646481867576));
#1417 = CARTESIAN_POINT('',(8.5,71.089642587549,6.53561273127));
#1418 = CARTESIAN_POINT('',(8.5,70.992631725971,6.429962664119));
#1419 = CARTESIAN_POINT('',(8.5,70.799777321189,6.24198282102));
#1420 = CARTESIAN_POINT('',(8.5,70.705149998174,6.158372969474));
#1421 = CARTESIAN_POINT('',(8.5,70.606438003861,6.079617400702));
#1422 = CARTESIAN_POINT('',(8.5,70.503852334005,6.006097822753));
#1423 = CARTESIAN_POINT('',(8.5,70.397656432894,5.938188866316));
#1424 = CARTESIAN_POINT('',(8.5,70.224396774474,5.840156329378));
#1425 = CARTESIAN_POINT('',(8.5,70.159502617239,5.806092944058));
#1426 = CARTESIAN_POINT('',(8.5,70.093558251573,5.774123048336));
#1427 = CARTESIAN_POINT('',(8.5,70.026634529571,5.744313061728));
#1428 = CARTESIAN_POINT('',(8.5,69.958808941902,5.716724784558));
#1429 = CARTESIAN_POINT('',(8.5,69.748570206688,5.639203475343));
#1430 = CARTESIAN_POINT('',(8.5,69.603477410835,5.596677091379));
#1431 = CARTESIAN_POINT('',(8.5,69.455661507662,5.564342487082));
#1432 = CARTESIAN_POINT('',(8.5,69.305963921239,5.54255770119));
#1433 = CARTESIAN_POINT('',(8.5,69.155290488065,5.531528644494));
#1434 = CARTESIAN_POINT('',(8.5,68.898240001699,5.531060439115));
#1435 = CARTESIAN_POINT('',(8.5,68.791853096228,5.536226904461));
#1436 = CARTESIAN_POINT('',(8.5,68.685789374053,5.546754740443));
#1437 = CARTESIAN_POINT('',(8.5,68.580373229191,5.562596970165));
#1438 = CARTESIAN_POINT('',(8.5,68.475917028126,5.583662296601));
#1439 = CARTESIAN_POINT('',(8.5,68.327490105416,5.621283210915));
#1440 = CARTESIAN_POINT('',(8.5,68.282500961712,5.633725741694));
#1441 = CARTESIAN_POINT('',(8.5,68.237777846243,5.647135473964));
#1442 = CARTESIAN_POINT('',(8.5,68.193344536277,5.661500174814));
#1443 = CARTESIAN_POINT('',(8.5,68.149223868856,5.676806405815));
#1444 = CARTESIAN_POINT('',(8.5,68.036827654172,5.718475788498));
#1445 = CARTESIAN_POINT('',(8.5,67.969038669323,5.746188009852));
#1446 = CARTESIAN_POINT('',(8.5,67.902155240192,5.776120059644));
#1447 = CARTESIAN_POINT('',(8.5,67.836254681328,5.808209942961));
#1448 = CARTESIAN_POINT('',(8.5,67.771407658922,5.842391078117));
#1449 = CARTESIAN_POINT('',(8.5,67.598280097317,5.940739595636));
#1450 = CARTESIAN_POINT('',(8.5,67.49217554911,6.008842652426));
#1451 = CARTESIAN_POINT('',(8.5,67.389689805679,6.08254914941));
#1452 = CARTESIAN_POINT('',(8.5,67.291085400166,6.161484017081));
#1453 = CARTESIAN_POINT('',(8.5,67.19657247469,6.245265318012));
#1454 = CARTESIAN_POINT('',(8.5,67.003974737329,6.433594465035));
#1455 = CARTESIAN_POINT('',(8.5,66.907107924087,6.539420139287));
#1456 = CARTESIAN_POINT('',(8.5,66.815955854542,6.650454637152));
#1457 = CARTESIAN_POINT('',(8.5,66.730689827483,6.766168591268));
#1458 = CARTESIAN_POINT('',(8.5,66.651429644808,6.886056520787));
#1459 = CARTESIAN_POINT('',(8.5,66.52814331027,7.094297654685));
#1460 = CARTESIAN_POINT('',(8.5,66.480884828196,7.180683461016));
#1461 = CARTESIAN_POINT('',(8.5,66.436509688174,7.268655141948));
#1462 = CARTESIAN_POINT('',(8.5,66.395037765839,7.358066880997));
#1463 = CARTESIAN_POINT('',(8.5,66.356483523315,7.448778772424));
#1464 = CARTESIAN_POINT('',(8.5,66.296131310496,7.604425092108));
#1465 = CARTESIAN_POINT('',(8.5,66.272815803573,7.668754584603));
#1466 = CARTESIAN_POINT('',(8.5,66.2509142773,7.733601173946));
#1467 = CARTESIAN_POINT('',(8.5,66.230429519198,7.798921208889));
#1468 = CARTESIAN_POINT('',(8.5,66.211363675227,7.864672112349));
#1469 = CARTESIAN_POINT('',(8.5,66.149775964978,8.095521050565));
#1470 = CARTESIAN_POINT('',(8.5,66.114643976029,8.262638812548));
#1471 = CARTESIAN_POINT('',(8.5,66.088344001678,8.431534365735));
#1472 = CARTESIAN_POINT('',(8.5,66.070885948474,8.60159521725));
#1473 = CARTESIAN_POINT('',(8.5,66.062272485234,8.772226623441));
#1474 = CARTESIAN_POINT('',(8.5,66.062823969789,9.179337470404));
#1475 = CARTESIAN_POINT('',(8.5,66.080135338398,9.415776814689));
#1476 = CARTESIAN_POINT('',(8.5,66.114431514732,9.650656470614));
#1477 = CARTESIAN_POINT('',(8.5,66.165717219631,9.88237292531));
#1478 = CARTESIAN_POINT('',(8.5,66.233934162849,10.109236061514));
#1479 = CARTESIAN_POINT('',(8.5,66.354470923194,10.42140642338));
#1480 = CARTESIAN_POINT('',(8.5,66.392902821395,10.512189540554));
#1481 = CARTESIAN_POINT('',(8.5,66.434253844982,10.601676937795));
#1482 = CARTESIAN_POINT('',(8.5,66.478509649105,10.68972879396));
#1483 = CARTESIAN_POINT('',(8.5,66.525650505346,10.776199382059));
#1484 = CARTESIAN_POINT('',(8.5,66.648654837058,10.984665226628));
#1485 = CARTESIAN_POINT('',(8.5,66.72775323042,11.104698111491));
#1486 = CARTESIAN_POINT('',(8.5,66.812862518036,11.220566986677));
#1487 = CARTESIAN_POINT('',(8.5,66.903863621624,11.331766569304));
#1488 = CARTESIAN_POINT('',(8.5,67.000586144995,11.437767579055));
#1489 = CARTESIAN_POINT('',(8.5,67.194633187372,11.628119510251));
#1490 = CARTESIAN_POINT('',(8.5,67.290901076267,11.713575462336));
#1491 = CARTESIAN_POINT('',(8.5,67.39142060913,11.794000533064));
#1492 = CARTESIAN_POINT('',(8.5,67.495969466124,11.868990203714));
#1493 = CARTESIAN_POINT('',(8.5,67.604268797491,11.938147517427));
#1494 = CARTESIAN_POINT('',(8.5,67.911447631691,12.111261025216));
#1495 = CARTESIAN_POINT('',(8.5,68.117463734753,12.202485624099));
#1496 = CARTESIAN_POINT('',(8.5,68.331978465025,12.272613485359));
#1497 = CARTESIAN_POINT('',(8.5,68.552542785995,12.320047945273));
#1498 = CARTESIAN_POINT('',(8.5,68.776315568467,12.34375));
#1499 = CARTESIAN_POINT('',(8.5,69.,12.34375));
#1500 = PCURVE('',#350,#1501);
#1501 = DEFINITIONAL_REPRESENTATION('',(#1502),#1595);
#1502 = B_SPLINE_CURVE_WITH_KNOTS('',6,(#1503,#1504,#1505,#1506,#1507,
    #1508,#1509,#1510,#1511,#1512,#1513,#1514,#1515,#1516,#1517,#1518,
    #1519,#1520,#1521,#1522,#1523,#1524,#1525,#1526,#1527,#1528,#1529,
    #1530,#1531,#1532,#1533,#1534,#1535,#1536,#1537,#1538,#1539,#1540,
    #1541,#1542,#1543,#1544,#1545,#1546,#1547,#1548,#1549,#1550,#1551,
    #1552,#1553,#1554,#1555,#1556,#1557,#1558,#1559,#1560,#1561,#1562,
    #1563,#1564,#1565,#1566,#1567,#1568,#1569,#1570,#1571,#1572,#1573,
    #1574,#1575,#1576,#1577,#1578,#1579,#1580,#1581,#1582,#1583,#1584,
    #1585,#1586,#1587,#1588,#1589,#1590,#1591,#1592,#1593,#1594),
  .UNSPECIFIED.,.F.,.F.,(7,5,5,5,5,5,5,5,5,5,5,5,5,5,5,5,5,5,7),(0.,
    0.134634762808,0.192055986296,0.242694110511,0.272194013075,
    0.333046178387,0.376006503068,0.394835781253,0.424340066393,
    0.474987780816,0.532420056276,0.57175561653,0.599056159689,
    0.66704251951,0.761272492831,0.800614210364,0.858057607204,
    0.909674057241,1.),.UNSPECIFIED.);
#1503 = CARTESIAN_POINT('',(4.9375,-33.9375));
#1504 = CARTESIAN_POINT('',(4.599647950994,-33.9375));
#1505 = CARTESIAN_POINT('',(4.261922263017,-33.9028222539));
#1506 = CARTESIAN_POINT('',(3.928575377293,-33.8335099531));
#1507 = CARTESIAN_POINT('',(3.604412351243,-33.7294753085));
#1508 = CARTESIAN_POINT('',(3.294707655221,-33.59107988326));
#1509 = CARTESIAN_POINT('',(2.881783316329,-33.34578975718));
#1510 = CARTESIAN_POINT('',(2.762040621522,-33.26636796969));
#1511 = CARTESIAN_POINT('',(2.646481867576,-33.18094540353));
#1512 = CARTESIAN_POINT('',(2.53561273127,-33.08964258754));
#1513 = CARTESIAN_POINT('',(2.429962664119,-32.99263172597));
#1514 = CARTESIAN_POINT('',(2.24198282102,-32.79977732118));
#1515 = CARTESIAN_POINT('',(2.158372969474,-32.70514999817));
#1516 = CARTESIAN_POINT('',(2.079617400702,-32.60643800386));
#1517 = CARTESIAN_POINT('',(2.006097822753,-32.503852334));
#1518 = CARTESIAN_POINT('',(1.938188866316,-32.39765643289));
#1519 = CARTESIAN_POINT('',(1.840156329378,-32.22439677447));
#1520 = CARTESIAN_POINT('',(1.806092944058,-32.15950261723));
#1521 = CARTESIAN_POINT('',(1.774123048336,-32.09355825157));
#1522 = CARTESIAN_POINT('',(1.744313061728,-32.02663452957));
#1523 = CARTESIAN_POINT('',(1.716724784558,-31.9588089419));
#1524 = CARTESIAN_POINT('',(1.639203475343,-31.74857020668));
#1525 = CARTESIAN_POINT('',(1.596677091379,-31.60347741083));
#1526 = CARTESIAN_POINT('',(1.564342487082,-31.45566150766));
#1527 = CARTESIAN_POINT('',(1.54255770119,-31.30596392123));
#1528 = CARTESIAN_POINT('',(1.531528644494,-31.15529048806));
#1529 = CARTESIAN_POINT('',(1.531060439115,-30.89824000169));
#1530 = CARTESIAN_POINT('',(1.536226904461,-30.79185309622));
#1531 = CARTESIAN_POINT('',(1.546754740443,-30.68578937405));
#1532 = CARTESIAN_POINT('',(1.562596970165,-30.58037322919));
#1533 = CARTESIAN_POINT('',(1.583662296601,-30.47591702812));
#1534 = CARTESIAN_POINT('',(1.621283210915,-30.32749010541));
#1535 = CARTESIAN_POINT('',(1.633725741694,-30.28250096171));
#1536 = CARTESIAN_POINT('',(1.647135473964,-30.23777784624));
#1537 = CARTESIAN_POINT('',(1.661500174814,-30.19334453627));
#1538 = CARTESIAN_POINT('',(1.676806405815,-30.14922386885));
#1539 = CARTESIAN_POINT('',(1.718475788498,-30.03682765417));
#1540 = CARTESIAN_POINT('',(1.746188009852,-29.96903866932));
#1541 = CARTESIAN_POINT('',(1.776120059644,-29.90215524019));
#1542 = CARTESIAN_POINT('',(1.808209942961,-29.83625468132));
#1543 = CARTESIAN_POINT('',(1.842391078117,-29.77140765892));
#1544 = CARTESIAN_POINT('',(1.940739595636,-29.59828009731));
#1545 = CARTESIAN_POINT('',(2.008842652426,-29.49217554911));
#1546 = CARTESIAN_POINT('',(2.08254914941,-29.38968980567));
#1547 = CARTESIAN_POINT('',(2.161484017081,-29.29108540016));
#1548 = CARTESIAN_POINT('',(2.245265318012,-29.19657247469));
#1549 = CARTESIAN_POINT('',(2.433594465035,-29.00397473732));
#1550 = CARTESIAN_POINT('',(2.539420139287,-28.90710792408));
#1551 = CARTESIAN_POINT('',(2.650454637152,-28.81595585454));
#1552 = CARTESIAN_POINT('',(2.766168591268,-28.73068982748));
#1553 = CARTESIAN_POINT('',(2.886056520787,-28.6514296448));
#1554 = CARTESIAN_POINT('',(3.094297654685,-28.52814331027));
#1555 = CARTESIAN_POINT('',(3.180683461016,-28.48088482819));
#1556 = CARTESIAN_POINT('',(3.268655141948,-28.43650968817));
#1557 = CARTESIAN_POINT('',(3.358066880997,-28.39503776583));
#1558 = CARTESIAN_POINT('',(3.448778772424,-28.35648352331));
#1559 = CARTESIAN_POINT('',(3.604425092108,-28.29613131049));
#1560 = CARTESIAN_POINT('',(3.668754584603,-28.27281580357));
#1561 = CARTESIAN_POINT('',(3.733601173946,-28.2509142773));
#1562 = CARTESIAN_POINT('',(3.798921208889,-28.23042951919));
#1563 = CARTESIAN_POINT('',(3.864672112349,-28.21136367522));
#1564 = CARTESIAN_POINT('',(4.095521050565,-28.14977596497));
#1565 = CARTESIAN_POINT('',(4.262638812548,-28.11464397602));
#1566 = CARTESIAN_POINT('',(4.431534365735,-28.08834400167));
#1567 = CARTESIAN_POINT('',(4.60159521725,-28.07088594847));
#1568 = CARTESIAN_POINT('',(4.772226623441,-28.06227248523));
#1569 = CARTESIAN_POINT('',(5.179337470404,-28.06282396978));
#1570 = CARTESIAN_POINT('',(5.415776814689,-28.08013533839));
#1571 = CARTESIAN_POINT('',(5.650656470614,-28.11443151473));
#1572 = CARTESIAN_POINT('',(5.88237292531,-28.16571721963));
#1573 = CARTESIAN_POINT('',(6.109236061514,-28.23393416284));
#1574 = CARTESIAN_POINT('',(6.42140642338,-28.35447092319));
#1575 = CARTESIAN_POINT('',(6.512189540554,-28.39290282139));
#1576 = CARTESIAN_POINT('',(6.601676937795,-28.43425384498));
#1577 = CARTESIAN_POINT('',(6.68972879396,-28.4785096491));
#1578 = CARTESIAN_POINT('',(6.776199382059,-28.52565050534));
#1579 = CARTESIAN_POINT('',(6.984665226628,-28.64865483705));
#1580 = CARTESIAN_POINT('',(7.104698111491,-28.72775323042));
#1581 = CARTESIAN_POINT('',(7.220566986677,-28.81286251803));
#1582 = CARTESIAN_POINT('',(7.331766569304,-28.90386362162));
#1583 = CARTESIAN_POINT('',(7.437767579055,-29.00058614499));
#1584 = CARTESIAN_POINT('',(7.628119510251,-29.19463318737));
#1585 = CARTESIAN_POINT('',(7.713575462336,-29.29090107626));
#1586 = CARTESIAN_POINT('',(7.794000533064,-29.39142060913));
#1587 = CARTESIAN_POINT('',(7.868990203714,-29.49596946612));
#1588 = CARTESIAN_POINT('',(7.938147517427,-29.60426879749));
#1589 = CARTESIAN_POINT('',(8.111261025216,-29.91144763169));
#1590 = CARTESIAN_POINT('',(8.202485624099,-30.11746373475));
#1591 = CARTESIAN_POINT('',(8.272613485359,-30.33197846502));
#1592 = CARTESIAN_POINT('',(8.320047945273,-30.55254278599));
#1593 = CARTESIAN_POINT('',(8.34375,-30.77631556846));
#1594 = CARTESIAN_POINT('',(8.34375,-31.));
#1595 = ( GEOMETRIC_REPRESENTATION_CONTEXT(2) 
PARAMETRIC_REPRESENTATION_CONTEXT() REPRESENTATION_CONTEXT('2D SPACE',''
  ) );
#1596 = PCURVE('',#1597,#1624);
#1597 = B_SPLINE_SURFACE_WITH_KNOTS('',12,1,(
    (#1598,#1599)
    ,(#1600,#1601)
    ,(#1602,#1603)
    ,(#1604,#1605)
    ,(#1606,#1607)
    ,(#1608,#1609)
    ,(#1610,#1611)
    ,(#1612,#1613)
    ,(#1614,#1615)
    ,(#1616,#1617)
    ,(#1618,#1619)
    ,(#1620,#1621)
    ,(#1622,#1623
    )),.UNSPECIFIED.,.F.,.F.,.F.,(13,13),(2,2),(0.,4.712388980385),(0.,
    1.),.PIECEWISE_BEZIER_KNOTS.);
#1598 = CARTESIAN_POINT('',(0.,69.,15.));
#1599 = CARTESIAN_POINT('',(16.,69.,10.));
#1600 = CARTESIAN_POINT('',(2.998490344908E-12,67.429203673205,
    15.000000000001));
#1601 = CARTESIAN_POINT('',(15.999999999999,68.214601836603,10.));
#1602 = CARTESIAN_POINT('',(-1.300293206441E-11,65.858408049821,
    14.158839430132));
#1603 = CARTESIAN_POINT('',(16.000000000007,67.42920402491,
    9.663535772054));
#1604 = CARTESIAN_POINT('',(3.100097956121E-11,64.60471569829,
    12.476529826682));
#1605 = CARTESIAN_POINT('',(15.999999999979,66.802357849146,
    8.99061193067));
#1606 = CARTESIAN_POINT('',(-5.299938266035E-11,63.985271388611,
    10.160558516038));
#1607 = CARTESIAN_POINT('',(16.000000000044,66.492635694303,
    8.064223406421));
#1608 = CARTESIAN_POINT('',(7.000267032709E-11,64.219266668886,
    7.626233188154));
#1609 = CARTESIAN_POINT('',(15.99999999993,66.609633334446,
    7.050493275254));
#1610 = CARTESIAN_POINT('',(-7.499778575948E-11,65.330663030494,
    5.413328788093));
#1611 = CARTESIAN_POINT('',(16.000000000085,67.165331515244,
    6.165331515245));
#1612 = CARTESIAN_POINT('',(6.600231472476E-11,67.100986550506,
    4.024083336128));
#1613 = CARTESIAN_POINT('',(15.999999999921,68.050493275255,
    5.609633334445));
#1614 = CARTESIAN_POINT('',(-4.600053671311E-11,69.128446812843,
    3.73158923575));
#1615 = CARTESIAN_POINT('',(16.000000000057,69.06422340642,
    5.492635694304));
#1616 = CARTESIAN_POINT('',(2.499689344404E-11,70.981223861338,
    4.50589462287));
#1617 = CARTESIAN_POINT('',(15.999999999968,69.99061193067,
    5.802357849146));
#1618 = CARTESIAN_POINT('',(-9.997336292145E-12,72.327071544108,
    6.073010062273));
#1619 = CARTESIAN_POINT('',(16.000000000013,70.663535772054,
    6.42920402491));
#1620 = CARTESIAN_POINT('',(1.996625087486E-12,73.,8.036504591507));
#1621 = CARTESIAN_POINT('',(15.999999999997,71.,7.214601836602));
#1622 = CARTESIAN_POINT('',(0.,73.,10.));
#1623 = CARTESIAN_POINT('',(16.,71.,8.));
#1624 = DEFINITIONAL_REPRESENTATION('',(#1625),#1718);
#1625 = B_SPLINE_CURVE_WITH_KNOTS('',6,(#1626,#1627,#1628,#1629,#1630,
    #1631,#1632,#1633,#1634,#1635,#1636,#1637,#1638,#1639,#1640,#1641,
    #1642,#1643,#1644,#1645,#1646,#1647,#1648,#1649,#1650,#1651,#1652,
    #1653,#1654,#1655,#1656,#1657,#1658,#1659,#1660,#1661,#1662,#1663,
    #1664,#1665,#1666,#1667,#1668,#1669,#1670,#1671,#1672,#1673,#1674,
    #1675,#1676,#1677,#1678,#1679,#1680,#1681,#1682,#1683,#1684,#1685,
    #1686,#1687,#1688,#1689,#1690,#1691,#1692,#1693,#1694,#1695,#1696,
    #1697,#1698,#1699,#1700,#1701,#1702,#1703,#1704,#1705,#1706,#1707,
    #1708,#1709,#1710,#1711,#1712,#1713,#1714,#1715,#1716,#1717),
  .UNSPECIFIED.,.F.,.F.,(7,5,5,5,5,5,5,5,5,5,5,5,5,5,5,5,5,5,7),(0.,
    0.134634762808,0.192055986296,0.242694110511,0.272194013075,
    0.333046178387,0.376006503068,0.394835781253,0.424340066393,
    0.474987780816,0.532420056276,0.57175561653,0.599056159689,
    0.66704251951,0.761272492831,0.800614210364,0.858057607204,
    0.909674057241,1.),.UNSPECIFIED.);
#1626 = CARTESIAN_POINT('',(4.712388980385,0.53125));
#1627 = CARTESIAN_POINT('',(4.613203057741,0.53125));
#1628 = CARTESIAN_POINT('',(4.514053613778,0.53125));
#1629 = CARTESIAN_POINT('',(4.414436940398,0.53125));
#1630 = CARTESIAN_POINT('',(4.313998568023,0.53125));
#1631 = CARTESIAN_POINT('',(4.212394359962,0.53125));
#1632 = CARTESIAN_POINT('',(4.065192542699,0.53125));
#1633 = CARTESIAN_POINT('',(4.020904802135,0.53125));
#1634 = CARTESIAN_POINT('',(3.976316565753,0.53125));
#1635 = CARTESIAN_POINT('',(3.931409739027,0.53125));
#1636 = CARTESIAN_POINT('',(3.886171959347,0.53125));
#1637 = CARTESIAN_POINT('',(3.800405790936,0.53125));
#1638 = CARTESIAN_POINT('',(3.759952523969,0.53125));
#1639 = CARTESIAN_POINT('',(3.719235170924,0.53125));
#1640 = CARTESIAN_POINT('',(3.678255866222,0.53125));
#1641 = CARTESIAN_POINT('',(3.637022916638,0.53125));
#1642 = CARTESIAN_POINT('',(3.571393827734,0.53125));
#1643 = CARTESIAN_POINT('',(3.547154297689,0.53125));
#1644 = CARTESIAN_POINT('',(3.522837609328,0.53125));
#1645 = CARTESIAN_POINT('',(3.498447740207,0.53125));
#1646 = CARTESIAN_POINT('',(3.473989490191,0.53125));
#1647 = CARTESIAN_POINT('',(3.398887511282,0.53125));
#1648 = CARTESIAN_POINT('',(3.348033405142,0.53125));
#1649 = CARTESIAN_POINT('',(3.296969529796,0.53125));
#1650 = CARTESIAN_POINT('',(3.245755650589,0.53125));
#1651 = CARTESIAN_POINT('',(3.194457562002,0.53125));
#1652 = CARTESIAN_POINT('',(3.106950905989,0.53125));
#1653 = CARTESIAN_POINT('',(3.070736523399,0.53125));
#1654 = CARTESIAN_POINT('',(3.034549119192,0.53125));
#1655 = CARTESIAN_POINT('',(2.998413689454,0.53125));
#1656 = CARTESIAN_POINT('',(2.96235372996,0.53125));
#1657 = CARTESIAN_POINT('',(2.91063240723,0.53125));
#1658 = CARTESIAN_POINT('',(2.894890191399,0.53125));
#1659 = CARTESIAN_POINT('',(2.879168753373,0.53125));
#1660 = CARTESIAN_POINT('',(2.863469819242,0.53125));
#1661 = CARTESIAN_POINT('',(2.847794997132,0.53125));
#1662 = CARTESIAN_POINT('',(2.807624441756,0.53125));
#1663 = CARTESIAN_POINT('',(2.783165876713,0.53125));
#1664 = CARTESIAN_POINT('',(2.75877593269,0.53125));
#1665 = CARTESIAN_POINT('',(2.734459385423,0.53125));
#1666 = CARTESIAN_POINT('',(2.71022018729,0.53125));
#1667 = CARTESIAN_POINT('',(2.644590752613,0.53125));
#1668 = CARTESIAN_POINT('',(2.603357470556,0.53125));
#1669 = CARTESIAN_POINT('',(2.56237820176,0.53125));
#1670 = CARTESIAN_POINT('',(2.521661131841,0.53125));
#1671 = CARTESIAN_POINT('',(2.481208282623,0.53125));
#1672 = CARTESIAN_POINT('',(2.395442906815,0.53125));
#1673 = CARTESIAN_POINT('',(2.35020551957,0.53125));
#1674 = CARTESIAN_POINT('',(2.305298965228,0.53125));
#1675 = CARTESIAN_POINT('',(2.260710760085,0.53125));
#1676 = CARTESIAN_POINT('',(2.216422710193,0.53125));
#1677 = CARTESIAN_POINT('',(2.142267769513,0.53125));
#1678 = CARTESIAN_POINT('',(2.112254216575,0.53125));
#1679 = CARTESIAN_POINT('',(2.082363060454,0.53125));
#1680 = CARTESIAN_POINT('',(2.052586270543,0.53125));
#1681 = CARTESIAN_POINT('',(2.022915223213,0.53125));
#1682 = CARTESIAN_POINT('',(1.972814456306,0.53125));
#1683 = CARTESIAN_POINT('',(1.952334848913,0.53125));
#1684 = CARTESIAN_POINT('',(1.931898632435,0.53125));
#1685 = CARTESIAN_POINT('',(1.911502651957,0.53125));
#1686 = CARTESIAN_POINT('',(1.891143681738,0.53125));
#1687 = CARTESIAN_POINT('',(1.820202574988,0.53125));
#1688 = CARTESIAN_POINT('',(1.769797475247,0.53125));
#1689 = CARTESIAN_POINT('',(1.719548908717,0.53125));
#1690 = CARTESIAN_POINT('',(1.669405975006,0.53125));
#1691 = CARTESIAN_POINT('',(1.619317014201,0.53125));
#1692 = CARTESIAN_POINT('',(1.499798086666,0.53125));
#1693 = CARTESIAN_POINT('',(1.430375472379,0.53125));
#1694 = CARTESIAN_POINT('',(1.360799630923,0.53125));
#1695 = CARTESIAN_POINT('',(1.290937959067,0.53125));
#1696 = CARTESIAN_POINT('',(1.220660823265,0.53125));
#1697 = CARTESIAN_POINT('',(1.120247553944,0.53125));
#1698 = CARTESIAN_POINT('',(1.090576126829,0.53125));
#1699 = CARTESIAN_POINT('',(1.060799234197,0.53125));
#1700 = CARTESIAN_POINT('',(1.030908234309,0.53125));
#1701 = CARTESIAN_POINT('',(1.000895075107,0.53125));
#1702 = CARTESIAN_POINT('',(0.926739990464,0.53125));
#1703 = CARTESIAN_POINT('',(0.882451626596,0.53125));
#1704 = CARTESIAN_POINT('',(0.837863450909,0.53125));
#1705 = CARTESIAN_POINT('',(0.792957170246,0.53125));
#1706 = CARTESIAN_POINT('',(0.747720179948,0.53125));
#1707 = CARTESIAN_POINT('',(0.661194696912,0.53125));
#1708 = CARTESIAN_POINT('',(0.619971290514,0.53125));
#1709 = CARTESIAN_POINT('',(0.578473393698,0.53125));
#1710 = CARTESIAN_POINT('',(0.536703125038,0.53125));
#1711 = CARTESIAN_POINT('',(0.494669246342,0.53125));
#1712 = CARTESIAN_POINT('',(0.378401839953,0.53125));
#1713 = CARTESIAN_POINT('',(0.303617385828,0.53125));
#1714 = CARTESIAN_POINT('',(0.228207406617,0.53125));
#1715 = CARTESIAN_POINT('',(0.152325613158,0.53125));
#1716 = CARTESIAN_POINT('',(7.614789158581E-02,0.53125));
#1717 = CARTESIAN_POINT('',(0.,0.53125));
#1718 = ( GEOMETRIC_REPRESENTATION_CONTEXT(2) 
PARAMETRIC_REPRESENTATION_CONTEXT() REPRESENTATION_CONTEXT('2D SPACE',''
  ) );
#1719 = FACE_BOUND('',#1720,.T.);
#1720 = EDGE_LOOP('',(#1721,#1822));
#1721 = ORIENTED_EDGE('',*,*,#1722,.T.);
#1722 = EDGE_CURVE('',#1723,#1725,#1727,.T.);
#1723 = VERTEX_POINT('',#1724);
#1724 = CARTESIAN_POINT('',(8.5,59.,12.34375));
#1725 = VERTEX_POINT('',#1726);
#1726 = CARTESIAN_POINT('',(8.5,61.9375,8.9375));
#1727 = SURFACE_CURVE('',#1728,(#1751,#1777),.PCURVE_S1.);
#1728 = B_SPLINE_CURVE_WITH_KNOTS('',6,(#1729,#1730,#1731,#1732,#1733,
    #1734,#1735,#1736,#1737,#1738,#1739,#1740,#1741,#1742,#1743,#1744,
    #1745,#1746,#1747,#1748,#1749,#1750),.UNSPECIFIED.,.F.,.F.,(7,5,5,5,
    7),(0.,0.2719359415,0.424836557479,0.598156571243,1.),
  .UNSPECIFIED.);
#1729 = CARTESIAN_POINT('',(8.5,59.,12.34375));
#1730 = CARTESIAN_POINT('',(8.5,59.224475700696,12.34375));
#1731 = CARTESIAN_POINT('',(8.5,59.449041008244,12.319879951748));
#1732 = CARTESIAN_POINT('',(8.5,59.670362734987,12.272109025307));
#1733 = CARTESIAN_POINT('',(8.5,59.885571221752,12.20149147877));
#1734 = CARTESIAN_POINT('',(8.5,60.092195076021,12.109645096104));
#1735 = CARTESIAN_POINT('',(8.5,60.398369651944,11.936407597378));
#1736 = CARTESIAN_POINT('',(8.5,60.50523582256,11.868017144955));
#1737 = CARTESIAN_POINT('',(8.5,60.608442419093,11.793945076095));
#1738 = CARTESIAN_POINT('',(8.5,60.707721235442,11.714573515433));
#1739 = CARTESIAN_POINT('',(8.5,60.802857829582,11.630291752201));
#1740 = CARTESIAN_POINT('',(8.5,60.996634122844,11.440810169812));
#1741 = CARTESIAN_POINT('',(8.5,61.094044389822,11.334320551318));
#1742 = CARTESIAN_POINT('',(8.5,61.185670305799,11.222563210448));
#1743 = CARTESIAN_POINT('',(8.5,61.271337904873,11.10607690881));
#1744 = CARTESIAN_POINT('',(8.5,61.35092583329,10.985375917026));
#1745 = CARTESIAN_POINT('',(8.5,61.594584530467,10.572426920618));
#1746 = CARTESIAN_POINT('',(8.5,61.731582144891,10.264003669211));
#1747 = CARTESIAN_POINT('',(8.5,61.834562509847,9.94134873702));
#1748 = CARTESIAN_POINT('',(8.5,61.903173476312,9.609649960542));
#1749 = CARTESIAN_POINT('',(8.5,61.9375,9.273636732504));
#1750 = CARTESIAN_POINT('',(8.5,61.9375,8.9375));
#1751 = PCURVE('',#350,#1752);
#1752 = DEFINITIONAL_REPRESENTATION('',(#1753),#1776);
#1753 = B_SPLINE_CURVE_WITH_KNOTS('',6,(#1754,#1755,#1756,#1757,#1758,
    #1759,#1760,#1761,#1762,#1763,#1764,#1765,#1766,#1767,#1768,#1769,
    #1770,#1771,#1772,#1773,#1774,#1775),.UNSPECIFIED.,.F.,.F.,(7,5,5,5,
    7),(0.,0.2719359415,0.424836557479,0.598156571243,1.),
  .UNSPECIFIED.);
#1754 = CARTESIAN_POINT('',(8.34375,-21.));
#1755 = CARTESIAN_POINT('',(8.34375,-21.22447570069));
#1756 = CARTESIAN_POINT('',(8.319879951748,-21.44904100824));
#1757 = CARTESIAN_POINT('',(8.272109025307,-21.67036273498));
#1758 = CARTESIAN_POINT('',(8.20149147877,-21.88557122175));
#1759 = CARTESIAN_POINT('',(8.109645096104,-22.09219507602));
#1760 = CARTESIAN_POINT('',(7.936407597378,-22.39836965194));
#1761 = CARTESIAN_POINT('',(7.868017144955,-22.50523582256));
#1762 = CARTESIAN_POINT('',(7.793945076095,-22.60844241909));
#1763 = CARTESIAN_POINT('',(7.714573515433,-22.70772123544));
#1764 = CARTESIAN_POINT('',(7.630291752201,-22.80285782958));
#1765 = CARTESIAN_POINT('',(7.440810169812,-22.99663412284));
#1766 = CARTESIAN_POINT('',(7.334320551318,-23.09404438982));
#1767 = CARTESIAN_POINT('',(7.222563210448,-23.18567030579));
#1768 = CARTESIAN_POINT('',(7.10607690881,-23.27133790487));
#1769 = CARTESIAN_POINT('',(6.985375917026,-23.35092583329));
#1770 = CARTESIAN_POINT('',(6.572426920618,-23.59458453046));
#1771 = CARTESIAN_POINT('',(6.264003669211,-23.73158214489));
#1772 = CARTESIAN_POINT('',(5.94134873702,-23.83456250984));
#1773 = CARTESIAN_POINT('',(5.609649960542,-23.90317347631));
#1774 = CARTESIAN_POINT('',(5.273636732504,-23.9375));
#1775 = CARTESIAN_POINT('',(4.9375,-23.9375));
#1776 = ( GEOMETRIC_REPRESENTATION_CONTEXT(2) 
PARAMETRIC_REPRESENTATION_CONTEXT() REPRESENTATION_CONTEXT('2D SPACE',''
  ) );
#1777 = PCURVE('',#1778,#1797);
#1778 = B_SPLINE_SURFACE_WITH_KNOTS('',8,1,(
    (#1779,#1780)
    ,(#1781,#1782)
    ,(#1783,#1784)
    ,(#1785,#1786)
    ,(#1787,#1788)
    ,(#1789,#1790)
    ,(#1791,#1792)
    ,(#1793,#1794)
    ,(#1795,#1796
    )),.UNSPECIFIED.,.F.,.F.,.F.,(9,9),(2,2),(4.712388980385,
    6.28318530718),(0.,1.),.PIECEWISE_BEZIER_KNOTS.);
#1779 = CARTESIAN_POINT('',(0.,63.,10.));
#1780 = CARTESIAN_POINT('',(16.,61.,8.));
#1781 = CARTESIAN_POINT('',(-1.001865257422E-12,63.,10.981747704247));
#1782 = CARTESIAN_POINT('',(16.,61.,8.392699081699));
#1783 = CARTESIAN_POINT('',(1.996625087486E-12,62.823756844155,
    11.963495717522));
#1784 = CARTESIAN_POINT('',(16.,60.911878422078,8.785398287008));
#1785 = CARTESIAN_POINT('',(-4.000355602329E-12,62.471272263486,
    12.887566171674));
#1786 = CARTESIAN_POINT('',(16.000000000001,60.735636131743,
    9.15502646867));
#1787 = CARTESIAN_POINT('',(4.000355602329E-12,61.95703502312,
    13.696293778901));
#1788 = CARTESIAN_POINT('',(15.999999999999,60.47851751156,9.47851751156
    ));
#1789 = CARTESIAN_POINT('',(-2.998490344908E-12,61.31005293734,
    14.339090329356));
#1790 = CARTESIAN_POINT('',(16.,60.15502646867,9.735636131743));
#1791 = CARTESIAN_POINT('',(1.996625087486E-12,60.570796574017,
    14.779696055194));
#1792 = CARTESIAN_POINT('',(16.,59.785398287008,9.911878422078));
#1793 = CARTESIAN_POINT('',(0.,59.785398163397,15.));
#1794 = CARTESIAN_POINT('',(16.,59.392699081699,10.));
#1795 = CARTESIAN_POINT('',(0.,59.,15.));
#1796 = CARTESIAN_POINT('',(16.,59.,10.));
#1797 = DEFINITIONAL_REPRESENTATION('',(#1798),#1821);
#1798 = B_SPLINE_CURVE_WITH_KNOTS('',6,(#1799,#1800,#1801,#1802,#1803,
    #1804,#1805,#1806,#1807,#1808,#1809,#1810,#1811,#1812,#1813,#1814,
    #1815,#1816,#1817,#1818,#1819,#1820),.UNSPECIFIED.,.F.,.F.,(7,5,5,5,
    7),(0.,0.2719359415,0.424836557479,0.598156571243,1.),
  .UNSPECIFIED.);
#1799 = CARTESIAN_POINT('',(6.28318530718,0.53125));
#1800 = CARTESIAN_POINT('',(6.206768047368,0.53125));
#1801 = CARTESIAN_POINT('',(6.130320552329,0.53125));
#1802 = CARTESIAN_POINT('',(6.054172409306,0.53125));
#1803 = CARTESIAN_POINT('',(5.978500887705,0.53125));
#1804 = CARTESIAN_POINT('',(5.903460861053,0.53125));
#1805 = CARTESIAN_POINT('',(5.787484886005,0.53125));
#1806 = CARTESIAN_POINT('',(5.745984884308,0.53125));
#1807 = CARTESIAN_POINT('',(5.704741950844,0.53125));
#1808 = CARTESIAN_POINT('',(5.663764501,0.53125));
#1809 = CARTESIAN_POINT('',(5.623054626813,0.53125));
#1810 = CARTESIAN_POINT('',(5.536764430386,0.53125));
#1811 = CARTESIAN_POINT('',(5.491259956848,0.53125));
#1812 = CARTESIAN_POINT('',(5.44609021811,0.53125));
#1813 = CARTESIAN_POINT('',(5.401242464757,0.53125));
#1814 = CARTESIAN_POINT('',(5.356698117036,0.53125));
#1815 = CARTESIAN_POINT('',(5.209804664777,0.53125));
#1816 = CARTESIAN_POINT('',(5.10874002406,0.53125));
#1817 = CARTESIAN_POINT('',(5.008824325485,0.53125));
#1818 = CARTESIAN_POINT('',(4.909717982764,0.53125));
#1819 = CARTESIAN_POINT('',(4.811071323872,0.53125));
#1820 = CARTESIAN_POINT('',(4.712388980385,0.53125));
#1821 = ( GEOMETRIC_REPRESENTATION_CONTEXT(2) 
PARAMETRIC_REPRESENTATION_CONTEXT() REPRESENTATION_CONTEXT('2D SPACE',''
  ) );
#1822 = ORIENTED_EDGE('',*,*,#1823,.T.);
#1823 = EDGE_CURVE('',#1725,#1723,#1824,.T.);
#1824 = SURFACE_CURVE('',#1825,(#1918,#2014),.PCURVE_S1.);
#1825 = B_SPLINE_CURVE_WITH_KNOTS('',6,(#1826,#1827,#1828,#1829,#1830,
    #1831,#1832,#1833,#1834,#1835,#1836,#1837,#1838,#1839,#1840,#1841,
    #1842,#1843,#1844,#1845,#1846,#1847,#1848,#1849,#1850,#1851,#1852,
    #1853,#1854,#1855,#1856,#1857,#1858,#1859,#1860,#1861,#1862,#1863,
    #1864,#1865,#1866,#1867,#1868,#1869,#1870,#1871,#1872,#1873,#1874,
    #1875,#1876,#1877,#1878,#1879,#1880,#1881,#1882,#1883,#1884,#1885,
    #1886,#1887,#1888,#1889,#1890,#1891,#1892,#1893,#1894,#1895,#1896,
    #1897,#1898,#1899,#1900,#1901,#1902,#1903,#1904,#1905,#1906,#1907,
    #1908,#1909,#1910,#1911,#1912,#1913,#1914,#1915,#1916,#1917),
  .UNSPECIFIED.,.F.,.F.,(7,5,5,5,5,5,5,5,5,5,5,5,5,5,5,5,5,5,7),(0.,
    0.134634762808,0.192055986296,0.242694110511,0.272194013075,
    0.333046178387,0.376006503068,0.394835781253,0.424340066393,
    0.474987780816,0.532420056276,0.57175561653,0.59905615969,
    0.66704251951,0.761272492831,0.800614210364,0.858057607204,
    0.909674057241,1.),.UNSPECIFIED.);
#1826 = CARTESIAN_POINT('',(8.5,61.9375,8.9375));
#1827 = CARTESIAN_POINT('',(8.5,61.9375,8.599647950994));
#1828 = CARTESIAN_POINT('',(8.5,61.902822253908,8.261922263018));
#1829 = CARTESIAN_POINT('',(8.5,61.833509953105,7.928575377292));
#1830 = CARTESIAN_POINT('',(8.5,61.729475308505,7.604412351244));
#1831 = CARTESIAN_POINT('',(8.5,61.591079883264,7.294707655221));
#1832 = CARTESIAN_POINT('',(8.5,61.345789757183,6.881783316329));
#1833 = CARTESIAN_POINT('',(8.5,61.266367969694,6.762040621522));
#1834 = CARTESIAN_POINT('',(8.5,61.180945403531,6.646481867576));
#1835 = CARTESIAN_POINT('',(8.5,61.089642587549,6.53561273127));
#1836 = CARTESIAN_POINT('',(8.5,60.992631725971,6.429962664119));
#1837 = CARTESIAN_POINT('',(8.5,60.799777321189,6.24198282102));
#1838 = CARTESIAN_POINT('',(8.5,60.705149998174,6.158372969474));
#1839 = CARTESIAN_POINT('',(8.5,60.606438003861,6.079617400702));
#1840 = CARTESIAN_POINT('',(8.5,60.503852334005,6.006097822753));
#1841 = CARTESIAN_POINT('',(8.5,60.397656432894,5.938188866316));
#1842 = CARTESIAN_POINT('',(8.5,60.224396774474,5.840156329378));
#1843 = CARTESIAN_POINT('',(8.5,60.159502617239,5.806092944058));
#1844 = CARTESIAN_POINT('',(8.5,60.093558251573,5.774123048336));
#1845 = CARTESIAN_POINT('',(8.5,60.026634529571,5.744313061728));
#1846 = CARTESIAN_POINT('',(8.5,59.958808941902,5.716724784558));
#1847 = CARTESIAN_POINT('',(8.5,59.748570206688,5.639203475343));
#1848 = CARTESIAN_POINT('',(8.5,59.603477410835,5.596677091379));
#1849 = CARTESIAN_POINT('',(8.5,59.455661507662,5.564342487082));
#1850 = CARTESIAN_POINT('',(8.5,59.305963921239,5.54255770119));
#1851 = CARTESIAN_POINT('',(8.5,59.155290488065,5.531528644494));
#1852 = CARTESIAN_POINT('',(8.5,58.898240001699,5.531060439115));
#1853 = CARTESIAN_POINT('',(8.5,58.791853096228,5.536226904461));
#1854 = CARTESIAN_POINT('',(8.5,58.685789374053,5.546754740443));
#1855 = CARTESIAN_POINT('',(8.5,58.580373229191,5.562596970165));
#1856 = CARTESIAN_POINT('',(8.5,58.475917028126,5.583662296601));
#1857 = CARTESIAN_POINT('',(8.5,58.327490105416,5.621283210915));
#1858 = CARTESIAN_POINT('',(8.5,58.282500961712,5.633725741694));
#1859 = CARTESIAN_POINT('',(8.5,58.237777846243,5.647135473964));
#1860 = CARTESIAN_POINT('',(8.5,58.193344536277,5.661500174814));
#1861 = CARTESIAN_POINT('',(8.5,58.149223868856,5.676806405815));
#1862 = CARTESIAN_POINT('',(8.5,58.036827654172,5.718475788498));
#1863 = CARTESIAN_POINT('',(8.5,57.969038669323,5.746188009852));
#1864 = CARTESIAN_POINT('',(8.5,57.902155240192,5.776120059644));
#1865 = CARTESIAN_POINT('',(8.5,57.836254681328,5.808209942961));
#1866 = CARTESIAN_POINT('',(8.5,57.771407658922,5.842391078117));
#1867 = CARTESIAN_POINT('',(8.5,57.598280097317,5.940739595636));
#1868 = CARTESIAN_POINT('',(8.5,57.49217554911,6.008842652426));
#1869 = CARTESIAN_POINT('',(8.5,57.389689805679,6.08254914941));
#1870 = CARTESIAN_POINT('',(8.5,57.291085400166,6.161484017081));
#1871 = CARTESIAN_POINT('',(8.5,57.19657247469,6.245265318012));
#1872 = CARTESIAN_POINT('',(8.5,57.003974737329,6.433594465035));
#1873 = CARTESIAN_POINT('',(8.5,56.907107924087,6.539420139287));
#1874 = CARTESIAN_POINT('',(8.5,56.815955854542,6.650454637152));
#1875 = CARTESIAN_POINT('',(8.5,56.730689827483,6.766168591268));
#1876 = CARTESIAN_POINT('',(8.5,56.651429644808,6.886056520787));
#1877 = CARTESIAN_POINT('',(8.5,56.52814331027,7.094297654685));
#1878 = CARTESIAN_POINT('',(8.5,56.480884828196,7.180683461016));
#1879 = CARTESIAN_POINT('',(8.5,56.436509688174,7.268655141948));
#1880 = CARTESIAN_POINT('',(8.5,56.395037765839,7.358066880997));
#1881 = CARTESIAN_POINT('',(8.5,56.356483523315,7.448778772424));
#1882 = CARTESIAN_POINT('',(8.5,56.296131310496,7.604425092108));
#1883 = CARTESIAN_POINT('',(8.5,56.272815803573,7.668754584603));
#1884 = CARTESIAN_POINT('',(8.5,56.2509142773,7.733601173946));
#1885 = CARTESIAN_POINT('',(8.5,56.230429519198,7.798921208889));
#1886 = CARTESIAN_POINT('',(8.5,56.211363675227,7.864672112349));
#1887 = CARTESIAN_POINT('',(8.5,56.149775964978,8.095521050565));
#1888 = CARTESIAN_POINT('',(8.5,56.114643976029,8.262638812548));
#1889 = CARTESIAN_POINT('',(8.5,56.088344001678,8.431534365735));
#1890 = CARTESIAN_POINT('',(8.5,56.070885948474,8.60159521725));
#1891 = CARTESIAN_POINT('',(8.5,56.062272485234,8.772226623441));
#1892 = CARTESIAN_POINT('',(8.5,56.062823969789,9.179337470404));
#1893 = CARTESIAN_POINT('',(8.5,56.080135338398,9.41577681469));
#1894 = CARTESIAN_POINT('',(8.5,56.114431514732,9.650656470614));
#1895 = CARTESIAN_POINT('',(8.5,56.165717219631,9.88237292531));
#1896 = CARTESIAN_POINT('',(8.5,56.233934162849,10.109236061514));
#1897 = CARTESIAN_POINT('',(8.5,56.354470923194,10.42140642338));
#1898 = CARTESIAN_POINT('',(8.5,56.392902821395,10.512189540554));
#1899 = CARTESIAN_POINT('',(8.5,56.434253844982,10.601676937795));
#1900 = CARTESIAN_POINT('',(8.5,56.478509649105,10.68972879396));
#1901 = CARTESIAN_POINT('',(8.5,56.525650505346,10.776199382059));
#1902 = CARTESIAN_POINT('',(8.5,56.648654837058,10.984665226628));
#1903 = CARTESIAN_POINT('',(8.5,56.72775323042,11.104698111491));
#1904 = CARTESIAN_POINT('',(8.5,56.812862518036,11.220566986677));
#1905 = CARTESIAN_POINT('',(8.5,56.903863621624,11.331766569304));
#1906 = CARTESIAN_POINT('',(8.5,57.000586144995,11.437767579055));
#1907 = CARTESIAN_POINT('',(8.5,57.194633187372,11.628119510251));
#1908 = CARTESIAN_POINT('',(8.5,57.290901076267,11.713575462336));
#1909 = CARTESIAN_POINT('',(8.5,57.39142060913,11.794000533064));
#1910 = CARTESIAN_POINT('',(8.5,57.495969466124,11.868990203714));
#1911 = CARTESIAN_POINT('',(8.5,57.604268797491,11.938147517427));
#1912 = CARTESIAN_POINT('',(8.5,57.911447631691,12.111261025216));
#1913 = CARTESIAN_POINT('',(8.5,58.117463734753,12.202485624099));
#1914 = CARTESIAN_POINT('',(8.5,58.331978465024,12.272613485359));
#1915 = CARTESIAN_POINT('',(8.5,58.552542785995,12.320047945273));
#1916 = CARTESIAN_POINT('',(8.5,58.776315568467,12.34375));
#1917 = CARTESIAN_POINT('',(8.5,59.,12.34375));
#1918 = PCURVE('',#350,#1919);
#1919 = DEFINITIONAL_REPRESENTATION('',(#1920),#2013);
#1920 = B_SPLINE_CURVE_WITH_KNOTS('',6,(#1921,#1922,#1923,#1924,#1925,
    #1926,#1927,#1928,#1929,#1930,#1931,#1932,#1933,#1934,#1935,#1936,
    #1937,#1938,#1939,#1940,#1941,#1942,#1943,#1944,#1945,#1946,#1947,
    #1948,#1949,#1950,#1951,#1952,#1953,#1954,#1955,#1956,#1957,#1958,
    #1959,#1960,#1961,#1962,#1963,#1964,#1965,#1966,#1967,#1968,#1969,
    #1970,#1971,#1972,#1973,#1974,#1975,#1976,#1977,#1978,#1979,#1980,
    #1981,#1982,#1983,#1984,#1985,#1986,#1987,#1988,#1989,#1990,#1991,
    #1992,#1993,#1994,#1995,#1996,#1997,#1998,#1999,#2000,#2001,#2002,
    #2003,#2004,#2005,#2006,#2007,#2008,#2009,#2010,#2011,#2012),
  .UNSPECIFIED.,.F.,.F.,(7,5,5,5,5,5,5,5,5,5,5,5,5,5,5,5,5,5,7),(0.,
    0.134634762808,0.192055986296,0.242694110511,0.272194013075,
    0.333046178387,0.376006503068,0.394835781253,0.424340066393,
    0.474987780816,0.532420056276,0.57175561653,0.59905615969,
    0.66704251951,0.761272492831,0.800614210364,0.858057607204,
    0.909674057241,1.),.UNSPECIFIED.);
#1921 = CARTESIAN_POINT('',(4.9375,-23.9375));
#1922 = CARTESIAN_POINT('',(4.599647950994,-23.9375));
#1923 = CARTESIAN_POINT('',(4.261922263018,-23.9028222539));
#1924 = CARTESIAN_POINT('',(3.928575377292,-23.8335099531));
#1925 = CARTESIAN_POINT('',(3.604412351244,-23.7294753085));
#1926 = CARTESIAN_POINT('',(3.294707655221,-23.59107988326));
#1927 = CARTESIAN_POINT('',(2.881783316329,-23.34578975718));
#1928 = CARTESIAN_POINT('',(2.762040621522,-23.26636796969));
#1929 = CARTESIAN_POINT('',(2.646481867576,-23.18094540353));
#1930 = CARTESIAN_POINT('',(2.53561273127,-23.08964258754));
#1931 = CARTESIAN_POINT('',(2.429962664119,-22.99263172597));
#1932 = CARTESIAN_POINT('',(2.24198282102,-22.79977732118));
#1933 = CARTESIAN_POINT('',(2.158372969474,-22.70514999817));
#1934 = CARTESIAN_POINT('',(2.079617400702,-22.60643800386));
#1935 = CARTESIAN_POINT('',(2.006097822753,-22.503852334));
#1936 = CARTESIAN_POINT('',(1.938188866316,-22.39765643289));
#1937 = CARTESIAN_POINT('',(1.840156329378,-22.22439677447));
#1938 = CARTESIAN_POINT('',(1.806092944058,-22.15950261723));
#1939 = CARTESIAN_POINT('',(1.774123048336,-22.09355825157));
#1940 = CARTESIAN_POINT('',(1.744313061728,-22.02663452957));
#1941 = CARTESIAN_POINT('',(1.716724784558,-21.9588089419));
#1942 = CARTESIAN_POINT('',(1.639203475343,-21.74857020668));
#1943 = CARTESIAN_POINT('',(1.596677091379,-21.60347741083));
#1944 = CARTESIAN_POINT('',(1.564342487082,-21.45566150766));
#1945 = CARTESIAN_POINT('',(1.54255770119,-21.30596392123));
#1946 = CARTESIAN_POINT('',(1.531528644494,-21.15529048806));
#1947 = CARTESIAN_POINT('',(1.531060439115,-20.89824000169));
#1948 = CARTESIAN_POINT('',(1.536226904461,-20.79185309622));
#1949 = CARTESIAN_POINT('',(1.546754740443,-20.68578937405));
#1950 = CARTESIAN_POINT('',(1.562596970165,-20.58037322919));
#1951 = CARTESIAN_POINT('',(1.583662296601,-20.47591702812));
#1952 = CARTESIAN_POINT('',(1.621283210915,-20.32749010541));
#1953 = CARTESIAN_POINT('',(1.633725741694,-20.28250096171));
#1954 = CARTESIAN_POINT('',(1.647135473964,-20.23777784624));
#1955 = CARTESIAN_POINT('',(1.661500174814,-20.19334453627));
#1956 = CARTESIAN_POINT('',(1.676806405815,-20.14922386885));
#1957 = CARTESIAN_POINT('',(1.718475788498,-20.03682765417));
#1958 = CARTESIAN_POINT('',(1.746188009852,-19.96903866932));
#1959 = CARTESIAN_POINT('',(1.776120059644,-19.90215524019));
#1960 = CARTESIAN_POINT('',(1.808209942961,-19.83625468132));
#1961 = CARTESIAN_POINT('',(1.842391078117,-19.77140765892));
#1962 = CARTESIAN_POINT('',(1.940739595636,-19.59828009731));
#1963 = CARTESIAN_POINT('',(2.008842652426,-19.49217554911));
#1964 = CARTESIAN_POINT('',(2.08254914941,-19.38968980567));
#1965 = CARTESIAN_POINT('',(2.161484017081,-19.29108540016));
#1966 = CARTESIAN_POINT('',(2.245265318012,-19.19657247469));
#1967 = CARTESIAN_POINT('',(2.433594465035,-19.00397473732));
#1968 = CARTESIAN_POINT('',(2.539420139287,-18.90710792408));
#1969 = CARTESIAN_POINT('',(2.650454637152,-18.81595585454));
#1970 = CARTESIAN_POINT('',(2.766168591268,-18.73068982748));
#1971 = CARTESIAN_POINT('',(2.886056520787,-18.6514296448));
#1972 = CARTESIAN_POINT('',(3.094297654685,-18.52814331027));
#1973 = CARTESIAN_POINT('',(3.180683461016,-18.48088482819));
#1974 = CARTESIAN_POINT('',(3.268655141948,-18.43650968817));
#1975 = CARTESIAN_POINT('',(3.358066880997,-18.39503776583));
#1976 = CARTESIAN_POINT('',(3.448778772424,-18.35648352331));
#1977 = CARTESIAN_POINT('',(3.604425092108,-18.29613131049));
#1978 = CARTESIAN_POINT('',(3.668754584603,-18.27281580357));
#1979 = CARTESIAN_POINT('',(3.733601173946,-18.2509142773));
#1980 = CARTESIAN_POINT('',(3.798921208889,-18.23042951919));
#1981 = CARTESIAN_POINT('',(3.864672112349,-18.21136367522));
#1982 = CARTESIAN_POINT('',(4.095521050565,-18.14977596497));
#1983 = CARTESIAN_POINT('',(4.262638812548,-18.11464397602));
#1984 = CARTESIAN_POINT('',(4.431534365735,-18.08834400167));
#1985 = CARTESIAN_POINT('',(4.60159521725,-18.07088594847));
#1986 = CARTESIAN_POINT('',(4.772226623441,-18.06227248523));
#1987 = CARTESIAN_POINT('',(5.179337470404,-18.06282396978));
#1988 = CARTESIAN_POINT('',(5.41577681469,-18.08013533839));
#1989 = CARTESIAN_POINT('',(5.650656470614,-18.11443151473));
#1990 = CARTESIAN_POINT('',(5.88237292531,-18.16571721963));
#1991 = CARTESIAN_POINT('',(6.109236061514,-18.23393416284));
#1992 = CARTESIAN_POINT('',(6.42140642338,-18.35447092319));
#1993 = CARTESIAN_POINT('',(6.512189540554,-18.39290282139));
#1994 = CARTESIAN_POINT('',(6.601676937795,-18.43425384498));
#1995 = CARTESIAN_POINT('',(6.68972879396,-18.4785096491));
#1996 = CARTESIAN_POINT('',(6.776199382059,-18.52565050534));
#1997 = CARTESIAN_POINT('',(6.984665226628,-18.64865483705));
#1998 = CARTESIAN_POINT('',(7.104698111491,-18.72775323042));
#1999 = CARTESIAN_POINT('',(7.220566986677,-18.81286251803));
#2000 = CARTESIAN_POINT('',(7.331766569304,-18.90386362162));
#2001 = CARTESIAN_POINT('',(7.437767579055,-19.00058614499));
#2002 = CARTESIAN_POINT('',(7.628119510251,-19.19463318737));
#2003 = CARTESIAN_POINT('',(7.713575462336,-19.29090107626));
#2004 = CARTESIAN_POINT('',(7.794000533064,-19.39142060913));
#2005 = CARTESIAN_POINT('',(7.868990203714,-19.49596946612));
#2006 = CARTESIAN_POINT('',(7.938147517427,-19.60426879749));
#2007 = CARTESIAN_POINT('',(8.111261025216,-19.91144763169));
#2008 = CARTESIAN_POINT('',(8.202485624099,-20.11746373475));
#2009 = CARTESIAN_POINT('',(8.272613485359,-20.33197846502));
#2010 = CARTESIAN_POINT('',(8.320047945273,-20.55254278599));
#2011 = CARTESIAN_POINT('',(8.34375,-20.77631556846));
#2012 = CARTESIAN_POINT('',(8.34375,-21.));
#2013 = ( GEOMETRIC_REPRESENTATION_CONTEXT(2) 
PARAMETRIC_REPRESENTATION_CONTEXT() REPRESENTATION_CONTEXT('2D SPACE',''
  ) );
#2014 = PCURVE('',#2015,#2042);
#2015 = B_SPLINE_SURFACE_WITH_KNOTS('',12,1,(
    (#2016,#2017)
    ,(#2018,#2019)
    ,(#2020,#2021)
    ,(#2022,#2023)
    ,(#2024,#2025)
    ,(#2026,#2027)
    ,(#2028,#2029)
    ,(#2030,#2031)
    ,(#2032,#2033)
    ,(#2034,#2035)
    ,(#2036,#2037)
    ,(#2038,#2039)
    ,(#2040,#2041
    )),.UNSPECIFIED.,.F.,.F.,.F.,(13,13),(2,2),(0.,4.712388980385),(0.,
    1.),.PIECEWISE_BEZIER_KNOTS.);
#2016 = CARTESIAN_POINT('',(0.,59.,15.));
#2017 = CARTESIAN_POINT('',(16.,59.,10.));
#2018 = CARTESIAN_POINT('',(2.998490344908E-12,57.429203673205,
    15.000000000001));
#2019 = CARTESIAN_POINT('',(15.999999999999,58.214601836603,10.));
#2020 = CARTESIAN_POINT('',(-1.300293206441E-11,55.858408049821,
    14.158839430132));
#2021 = CARTESIAN_POINT('',(16.000000000007,57.42920402491,
    9.663535772054));
#2022 = CARTESIAN_POINT('',(3.100097956121E-11,54.60471569829,
    12.476529826682));
#2023 = CARTESIAN_POINT('',(15.999999999979,56.802357849146,
    8.99061193067));
#2024 = CARTESIAN_POINT('',(-5.299938266035E-11,53.985271388611,
    10.160558516038));
#2025 = CARTESIAN_POINT('',(16.000000000044,56.492635694303,
    8.064223406421));
#2026 = CARTESIAN_POINT('',(7.000267032709E-11,54.219266668886,
    7.626233188154));
#2027 = CARTESIAN_POINT('',(15.99999999993,56.609633334446,
    7.050493275254));
#2028 = CARTESIAN_POINT('',(-7.499778575948E-11,55.330663030494,
    5.413328788093));
#2029 = CARTESIAN_POINT('',(16.000000000085,57.165331515244,
    6.165331515245));
#2030 = CARTESIAN_POINT('',(6.600231472476E-11,57.100986550506,
    4.024083336128));
#2031 = CARTESIAN_POINT('',(15.999999999921,58.050493275255,
    5.609633334445));
#2032 = CARTESIAN_POINT('',(-4.600053671311E-11,59.128446812843,
    3.73158923575));
#2033 = CARTESIAN_POINT('',(16.000000000057,59.06422340642,
    5.492635694304));
#2034 = CARTESIAN_POINT('',(2.499689344404E-11,60.981223861338,
    4.50589462287));
#2035 = CARTESIAN_POINT('',(15.999999999968,59.99061193067,
    5.802357849146));
#2036 = CARTESIAN_POINT('',(-9.997336292145E-12,62.327071544108,
    6.073010062273));
#2037 = CARTESIAN_POINT('',(16.000000000013,60.663535772054,
    6.42920402491));
#2038 = CARTESIAN_POINT('',(1.996625087486E-12,63.,8.036504591507));
#2039 = CARTESIAN_POINT('',(15.999999999997,61.,7.214601836602));
#2040 = CARTESIAN_POINT('',(0.,63.,10.));
#2041 = CARTESIAN_POINT('',(16.,61.,8.));
#2042 = DEFINITIONAL_REPRESENTATION('',(#2043),#2136);
#2043 = B_SPLINE_CURVE_WITH_KNOTS('',6,(#2044,#2045,#2046,#2047,#2048,
    #2049,#2050,#2051,#2052,#2053,#2054,#2055,#2056,#2057,#2058,#2059,
    #2060,#2061,#2062,#2063,#2064,#2065,#2066,#2067,#2068,#2069,#2070,
    #2071,#2072,#2073,#2074,#2075,#2076,#2077,#2078,#2079,#2080,#2081,
    #2082,#2083,#2084,#2085,#2086,#2087,#2088,#2089,#2090,#2091,#2092,
    #2093,#2094,#2095,#2096,#2097,#2098,#2099,#2100,#2101,#2102,#2103,
    #2104,#2105,#2106,#2107,#2108,#2109,#2110,#2111,#2112,#2113,#2114,
    #2115,#2116,#2117,#2118,#2119,#2120,#2121,#2122,#2123,#2124,#2125,
    #2126,#2127,#2128,#2129,#2130,#2131,#2132,#2133,#2134,#2135),
  .UNSPECIFIED.,.F.,.F.,(7,5,5,5,5,5,5,5,5,5,5,5,5,5,5,5,5,5,7),(0.,
    0.134634762808,0.192055986296,0.242694110511,0.272194013075,
    0.333046178387,0.376006503068,0.394835781253,0.424340066393,
    0.474987780816,0.532420056276,0.57175561653,0.59905615969,
    0.66704251951,0.761272492831,0.800614210364,0.858057607204,
    0.909674057241,1.),.UNSPECIFIED.);
#2044 = CARTESIAN_POINT('',(4.712388980385,0.53125));
#2045 = CARTESIAN_POINT('',(4.613203057741,0.53125));
#2046 = CARTESIAN_POINT('',(4.514053613778,0.53125));
#2047 = CARTESIAN_POINT('',(4.414436940398,0.53125));
#2048 = CARTESIAN_POINT('',(4.313998568023,0.53125));
#2049 = CARTESIAN_POINT('',(4.212394359962,0.53125));
#2050 = CARTESIAN_POINT('',(4.065192542699,0.53125));
#2051 = CARTESIAN_POINT('',(4.020904802135,0.53125));
#2052 = CARTESIAN_POINT('',(3.976316565753,0.53125));
#2053 = CARTESIAN_POINT('',(3.931409739027,0.53125));
#2054 = CARTESIAN_POINT('',(3.886171959347,0.53125));
#2055 = CARTESIAN_POINT('',(3.800405790936,0.53125));
#2056 = CARTESIAN_POINT('',(3.759952523969,0.53125));
#2057 = CARTESIAN_POINT('',(3.719235170924,0.53125));
#2058 = CARTESIAN_POINT('',(3.678255866222,0.53125));
#2059 = CARTESIAN_POINT('',(3.637022916638,0.53125));
#2060 = CARTESIAN_POINT('',(3.571393827734,0.53125));
#2061 = CARTESIAN_POINT('',(3.547154297689,0.53125));
#2062 = CARTESIAN_POINT('',(3.522837609328,0.53125));
#2063 = CARTESIAN_POINT('',(3.498447740207,0.53125));
#2064 = CARTESIAN_POINT('',(3.473989490191,0.53125));
#2065 = CARTESIAN_POINT('',(3.398887511282,0.53125));
#2066 = CARTESIAN_POINT('',(3.348033405142,0.53125));
#2067 = CARTESIAN_POINT('',(3.296969529796,0.53125));
#2068 = CARTESIAN_POINT('',(3.245755650589,0.53125));
#2069 = CARTESIAN_POINT('',(3.194457562002,0.53125));
#2070 = CARTESIAN_POINT('',(3.106950905989,0.53125));
#2071 = CARTESIAN_POINT('',(3.070736523399,0.53125));
#2072 = CARTESIAN_POINT('',(3.034549119192,0.53125));
#2073 = CARTESIAN_POINT('',(2.998413689454,0.53125));
#2074 = CARTESIAN_POINT('',(2.96235372996,0.53125));
#2075 = CARTESIAN_POINT('',(2.91063240723,0.53125));
#2076 = CARTESIAN_POINT('',(2.894890191399,0.53125));
#2077 = CARTESIAN_POINT('',(2.879168753373,0.53125));
#2078 = CARTESIAN_POINT('',(2.863469819242,0.53125));
#2079 = CARTESIAN_POINT('',(2.847794997132,0.53125));
#2080 = CARTESIAN_POINT('',(2.807624441756,0.53125));
#2081 = CARTESIAN_POINT('',(2.783165876713,0.53125));
#2082 = CARTESIAN_POINT('',(2.75877593269,0.53125));
#2083 = CARTESIAN_POINT('',(2.734459385423,0.53125));
#2084 = CARTESIAN_POINT('',(2.71022018729,0.53125));
#2085 = CARTESIAN_POINT('',(2.644590752613,0.53125));
#2086 = CARTESIAN_POINT('',(2.603357470556,0.53125));
#2087 = CARTESIAN_POINT('',(2.56237820176,0.53125));
#2088 = CARTESIAN_POINT('',(2.521661131841,0.53125));
#2089 = CARTESIAN_POINT('',(2.481208282623,0.53125));
#2090 = CARTESIAN_POINT('',(2.395442906815,0.53125));
#2091 = CARTESIAN_POINT('',(2.35020551957,0.53125));
#2092 = CARTESIAN_POINT('',(2.305298965228,0.53125));
#2093 = CARTESIAN_POINT('',(2.260710760085,0.53125));
#2094 = CARTESIAN_POINT('',(2.216422710193,0.53125));
#2095 = CARTESIAN_POINT('',(2.142267769513,0.53125));
#2096 = CARTESIAN_POINT('',(2.112254216575,0.53125));
#2097 = CARTESIAN_POINT('',(2.082363060454,0.53125));
#2098 = CARTESIAN_POINT('',(2.052586270543,0.53125));
#2099 = CARTESIAN_POINT('',(2.022915223213,0.53125));
#2100 = CARTESIAN_POINT('',(1.972814456306,0.53125));
#2101 = CARTESIAN_POINT('',(1.952334848913,0.53125));
#2102 = CARTESIAN_POINT('',(1.931898632435,0.53125));
#2103 = CARTESIAN_POINT('',(1.911502651957,0.53125));
#2104 = CARTESIAN_POINT('',(1.891143681738,0.53125));
#2105 = CARTESIAN_POINT('',(1.820202574988,0.53125));
#2106 = CARTESIAN_POINT('',(1.769797475247,0.53125));
#2107 = CARTESIAN_POINT('',(1.719548908717,0.53125));
#2108 = CARTESIAN_POINT('',(1.669405975006,0.53125));
#2109 = CARTESIAN_POINT('',(1.619317014201,0.53125));
#2110 = CARTESIAN_POINT('',(1.499798086666,0.53125));
#2111 = CARTESIAN_POINT('',(1.430375472379,0.53125));
#2112 = CARTESIAN_POINT('',(1.360799630923,0.53125));
#2113 = CARTESIAN_POINT('',(1.290937959067,0.53125));
#2114 = CARTESIAN_POINT('',(1.220660823265,0.53125));
#2115 = CARTESIAN_POINT('',(1.120247553944,0.53125));
#2116 = CARTESIAN_POINT('',(1.090576126829,0.53125));
#2117 = CARTESIAN_POINT('',(1.060799234197,0.53125));
#2118 = CARTESIAN_POINT('',(1.030908234309,0.53125));
#2119 = CARTESIAN_POINT('',(1.000895075107,0.53125));
#2120 = CARTESIAN_POINT('',(0.926739990464,0.53125));
#2121 = CARTESIAN_POINT('',(0.882451626596,0.53125));
#2122 = CARTESIAN_POINT('',(0.837863450909,0.53125));
#2123 = CARTESIAN_POINT('',(0.792957170246,0.53125));
#2124 = CARTESIAN_POINT('',(0.747720179948,0.53125));
#2125 = CARTESIAN_POINT('',(0.661194696912,0.53125));
#2126 = CARTESIAN_POINT('',(0.619971290514,0.53125));
#2127 = CARTESIAN_POINT('',(0.578473393698,0.53125));
#2128 = CARTESIAN_POINT('',(0.536703125038,0.53125));
#2129 = CARTESIAN_POINT('',(0.494669246342,0.53125));
#2130 = CARTESIAN_POINT('',(0.378401839953,0.53125));
#2131 = CARTESIAN_POINT('',(0.303617385827,0.53125));
#2132 = CARTESIAN_POINT('',(0.228207406617,0.53125));
#2133 = CARTESIAN_POINT('',(0.152325613158,0.53125));
#2134 = CARTESIAN_POINT('',(7.614789158585E-02,0.53125));
#2135 = CARTESIAN_POINT('',(0.,0.53125));
#2136 = ( GEOMETRIC_REPRESENTATION_CONTEXT(2) 
PARAMETRIC_REPRESENTATION_CONTEXT() REPRESENTATION_CONTEXT('2D SPACE',''
  ) );
#2137 = FACE_BOUND('',#2138,.T.);
#2138 = EDGE_LOOP('',(#2139,#2240));
#2139 = ORIENTED_EDGE('',*,*,#2140,.T.);
#2140 = EDGE_CURVE('',#2141,#2143,#2145,.T.);
#2141 = VERTEX_POINT('',#2142);
#2142 = CARTESIAN_POINT('',(8.5,49.,12.34375));
#2143 = VERTEX_POINT('',#2144);
#2144 = CARTESIAN_POINT('',(8.5,51.9375,8.9375));
#2145 = SURFACE_CURVE('',#2146,(#2169,#2195),.PCURVE_S1.);
#2146 = B_SPLINE_CURVE_WITH_KNOTS('',6,(#2147,#2148,#2149,#2150,#2151,
    #2152,#2153,#2154,#2155,#2156,#2157,#2158,#2159,#2160,#2161,#2162,
    #2163,#2164,#2165,#2166,#2167,#2168),.UNSPECIFIED.,.F.,.F.,(7,5,5,5,
    7),(0.,0.2719359415,0.424836557479,0.598156571243,1.),
  .UNSPECIFIED.);
#2147 = CARTESIAN_POINT('',(8.5,49.,12.34375));
#2148 = CARTESIAN_POINT('',(8.5,49.224475700696,12.34375));
#2149 = CARTESIAN_POINT('',(8.5,49.449041008244,12.319879951748));
#2150 = CARTESIAN_POINT('',(8.5,49.670362734987,12.272109025307));
#2151 = CARTESIAN_POINT('',(8.5,49.885571221752,12.20149147877));
#2152 = CARTESIAN_POINT('',(8.5,50.092195076021,12.109645096104));
#2153 = CARTESIAN_POINT('',(8.5,50.398369651944,11.936407597378));
#2154 = CARTESIAN_POINT('',(8.5,50.50523582256,11.868017144955));
#2155 = CARTESIAN_POINT('',(8.5,50.608442419093,11.793945076095));
#2156 = CARTESIAN_POINT('',(8.5,50.707721235442,11.714573515433));
#2157 = CARTESIAN_POINT('',(8.5,50.802857829582,11.630291752201));
#2158 = CARTESIAN_POINT('',(8.5,50.996634122844,11.440810169812));
#2159 = CARTESIAN_POINT('',(8.5,51.094044389822,11.334320551318));
#2160 = CARTESIAN_POINT('',(8.5,51.185670305799,11.222563210448));
#2161 = CARTESIAN_POINT('',(8.5,51.271337904873,11.10607690881));
#2162 = CARTESIAN_POINT('',(8.5,51.35092583329,10.985375917026));
#2163 = CARTESIAN_POINT('',(8.5,51.594584530467,10.572426920618));
#2164 = CARTESIAN_POINT('',(8.5,51.731582144891,10.264003669211));
#2165 = CARTESIAN_POINT('',(8.5,51.834562509847,9.94134873702));
#2166 = CARTESIAN_POINT('',(8.5,51.903173476312,9.609649960542));
#2167 = CARTESIAN_POINT('',(8.5,51.9375,9.273636732504));
#2168 = CARTESIAN_POINT('',(8.5,51.9375,8.9375));
#2169 = PCURVE('',#350,#2170);
#2170 = DEFINITIONAL_REPRESENTATION('',(#2171),#2194);
#2171 = B_SPLINE_CURVE_WITH_KNOTS('',6,(#2172,#2173,#2174,#2175,#2176,
    #2177,#2178,#2179,#2180,#2181,#2182,#2183,#2184,#2185,#2186,#2187,
    #2188,#2189,#2190,#2191,#2192,#2193),.UNSPECIFIED.,.F.,.F.,(7,5,5,5,
    7),(0.,0.2719359415,0.424836557479,0.598156571243,1.),
  .UNSPECIFIED.);
#2172 = CARTESIAN_POINT('',(8.34375,-11.));
#2173 = CARTESIAN_POINT('',(8.34375,-11.22447570069));
#2174 = CARTESIAN_POINT('',(8.319879951748,-11.44904100824));
#2175 = CARTESIAN_POINT('',(8.272109025307,-11.67036273498));
#2176 = CARTESIAN_POINT('',(8.20149147877,-11.88557122175));
#2177 = CARTESIAN_POINT('',(8.109645096104,-12.09219507602));
#2178 = CARTESIAN_POINT('',(7.936407597378,-12.39836965194));
#2179 = CARTESIAN_POINT('',(7.868017144955,-12.50523582256));
#2180 = CARTESIAN_POINT('',(7.793945076095,-12.60844241909));
#2181 = CARTESIAN_POINT('',(7.714573515433,-12.70772123544));
#2182 = CARTESIAN_POINT('',(7.630291752201,-12.80285782958));
#2183 = CARTESIAN_POINT('',(7.440810169812,-12.99663412284));
#2184 = CARTESIAN_POINT('',(7.334320551318,-13.09404438982));
#2185 = CARTESIAN_POINT('',(7.222563210448,-13.18567030579));
#2186 = CARTESIAN_POINT('',(7.10607690881,-13.27133790487));
#2187 = CARTESIAN_POINT('',(6.985375917026,-13.35092583329));
#2188 = CARTESIAN_POINT('',(6.572426920618,-13.59458453046));
#2189 = CARTESIAN_POINT('',(6.264003669211,-13.73158214489));
#2190 = CARTESIAN_POINT('',(5.94134873702,-13.83456250984));
#2191 = CARTESIAN_POINT('',(5.609649960542,-13.90317347631));
#2192 = CARTESIAN_POINT('',(5.273636732504,-13.9375));
#2193 = CARTESIAN_POINT('',(4.9375,-13.9375));
#2194 = ( GEOMETRIC_REPRESENTATION_CONTEXT(2) 
PARAMETRIC_REPRESENTATION_CONTEXT() REPRESENTATION_CONTEXT('2D SPACE',''
  ) );
#2195 = PCURVE('',#2196,#2215);
#2196 = B_SPLINE_SURFACE_WITH_KNOTS('',8,1,(
    (#2197,#2198)
    ,(#2199,#2200)
    ,(#2201,#2202)
    ,(#2203,#2204)
    ,(#2205,#2206)
    ,(#2207,#2208)
    ,(#2209,#2210)
    ,(#2211,#2212)
    ,(#2213,#2214
    )),.UNSPECIFIED.,.F.,.F.,.F.,(9,9),(2,2),(4.712388980385,
    6.28318530718),(0.,1.),.PIECEWISE_BEZIER_KNOTS.);
#2197 = CARTESIAN_POINT('',(0.,53.,10.));
#2198 = CARTESIAN_POINT('',(16.,51.,8.));
#2199 = CARTESIAN_POINT('',(-1.001865257422E-12,53.,10.981747704247));
#2200 = CARTESIAN_POINT('',(16.,51.,8.392699081699));
#2201 = CARTESIAN_POINT('',(1.996625087486E-12,52.823756844155,
    11.963495717522));
#2202 = CARTESIAN_POINT('',(16.,50.911878422078,8.785398287008));
#2203 = CARTESIAN_POINT('',(-4.000355602329E-12,52.471272263486,
    12.887566171674));
#2204 = CARTESIAN_POINT('',(16.000000000001,50.735636131743,
    9.15502646867));
#2205 = CARTESIAN_POINT('',(4.000355602329E-12,51.95703502312,
    13.696293778901));
#2206 = CARTESIAN_POINT('',(15.999999999999,50.47851751156,9.47851751156
    ));
#2207 = CARTESIAN_POINT('',(-2.998490344908E-12,51.31005293734,
    14.339090329356));
#2208 = CARTESIAN_POINT('',(16.,50.15502646867,9.735636131743));
#2209 = CARTESIAN_POINT('',(1.996625087486E-12,50.570796574017,
    14.779696055194));
#2210 = CARTESIAN_POINT('',(16.,49.785398287008,9.911878422078));
#2211 = CARTESIAN_POINT('',(0.,49.785398163397,15.));
#2212 = CARTESIAN_POINT('',(16.,49.392699081699,10.));
#2213 = CARTESIAN_POINT('',(0.,49.,15.));
#2214 = CARTESIAN_POINT('',(16.,49.,10.));
#2215 = DEFINITIONAL_REPRESENTATION('',(#2216),#2239);
#2216 = B_SPLINE_CURVE_WITH_KNOTS('',6,(#2217,#2218,#2219,#2220,#2221,
    #2222,#2223,#2224,#2225,#2226,#2227,#2228,#2229,#2230,#2231,#2232,
    #2233,#2234,#2235,#2236,#2237,#2238),.UNSPECIFIED.,.F.,.F.,(7,5,5,5,
    7),(0.,0.2719359415,0.424836557479,0.598156571243,1.),
  .UNSPECIFIED.);
#2217 = CARTESIAN_POINT('',(6.28318530718,0.53125));
#2218 = CARTESIAN_POINT('',(6.206768047368,0.53125));
#2219 = CARTESIAN_POINT('',(6.130320552329,0.53125));
#2220 = CARTESIAN_POINT('',(6.054172409306,0.53125));
#2221 = CARTESIAN_POINT('',(5.978500887705,0.53125));
#2222 = CARTESIAN_POINT('',(5.903460861053,0.53125));
#2223 = CARTESIAN_POINT('',(5.787484886005,0.53125));
#2224 = CARTESIAN_POINT('',(5.745984884308,0.53125));
#2225 = CARTESIAN_POINT('',(5.704741950844,0.53125));
#2226 = CARTESIAN_POINT('',(5.663764501,0.53125));
#2227 = CARTESIAN_POINT('',(5.623054626813,0.53125));
#2228 = CARTESIAN_POINT('',(5.536764430386,0.53125));
#2229 = CARTESIAN_POINT('',(5.491259956848,0.53125));
#2230 = CARTESIAN_POINT('',(5.44609021811,0.53125));
#2231 = CARTESIAN_POINT('',(5.401242464757,0.53125));
#2232 = CARTESIAN_POINT('',(5.356698117036,0.53125));
#2233 = CARTESIAN_POINT('',(5.209804664777,0.53125));
#2234 = CARTESIAN_POINT('',(5.10874002406,0.53125));
#2235 = CARTESIAN_POINT('',(5.008824325485,0.53125));
#2236 = CARTESIAN_POINT('',(4.909717982764,0.53125));
#2237 = CARTESIAN_POINT('',(4.811071323872,0.53125));
#2238 = CARTESIAN_POINT('',(4.712388980385,0.53125));
#2239 = ( GEOMETRIC_REPRESENTATION_CONTEXT(2) 
PARAMETRIC_REPRESENTATION_CONTEXT() REPRESENTATION_CONTEXT('2D SPACE',''
  ) );
#2240 = ORIENTED_EDGE('',*,*,#2241,.T.);
#2241 = EDGE_CURVE('',#2143,#2141,#2242,.T.);
#2242 = SURFACE_CURVE('',#2243,(#2336,#2432),.PCURVE_S1.);
#2243 = B_SPLINE_CURVE_WITH_KNOTS('',6,(#2244,#2245,#2246,#2247,#2248,
    #2249,#2250,#2251,#2252,#2253,#2254,#2255,#2256,#2257,#2258,#2259,
    #2260,#2261,#2262,#2263,#2264,#2265,#2266,#2267,#2268,#2269,#2270,
    #2271,#2272,#2273,#2274,#2275,#2276,#2277,#2278,#2279,#2280,#2281,
    #2282,#2283,#2284,#2285,#2286,#2287,#2288,#2289,#2290,#2291,#2292,
    #2293,#2294,#2295,#2296,#2297,#2298,#2299,#2300,#2301,#2302,#2303,
    #2304,#2305,#2306,#2307,#2308,#2309,#2310,#2311,#2312,#2313,#2314,
    #2315,#2316,#2317,#2318,#2319,#2320,#2321,#2322,#2323,#2324,#2325,
    #2326,#2327,#2328,#2329,#2330,#2331,#2332,#2333,#2334,#2335),
  .UNSPECIFIED.,.F.,.F.,(7,5,5,5,5,5,5,5,5,5,5,5,5,5,5,5,5,5,7),(0.,
    0.134634762808,0.192055986296,0.242694110511,0.272194013075,
    0.333046178387,0.376006503068,0.394835781253,0.424340066393,
    0.474987780816,0.532420056276,0.57175561653,0.59905615969,
    0.66704251951,0.761272492831,0.800614210364,0.858057607204,
    0.909674057241,1.),.UNSPECIFIED.);
#2244 = CARTESIAN_POINT('',(8.5,51.9375,8.9375));
#2245 = CARTESIAN_POINT('',(8.5,51.9375,8.599647950994));
#2246 = CARTESIAN_POINT('',(8.5,51.902822253908,8.261922263018));
#2247 = CARTESIAN_POINT('',(8.5,51.833509953105,7.928575377292));
#2248 = CARTESIAN_POINT('',(8.5,51.729475308505,7.604412351244));
#2249 = CARTESIAN_POINT('',(8.5,51.591079883264,7.294707655221));
#2250 = CARTESIAN_POINT('',(8.5,51.345789757183,6.881783316329));
#2251 = CARTESIAN_POINT('',(8.5,51.266367969694,6.762040621522));
#2252 = CARTESIAN_POINT('',(8.5,51.180945403531,6.646481867576));
#2253 = CARTESIAN_POINT('',(8.5,51.089642587549,6.53561273127));
#2254 = CARTESIAN_POINT('',(8.5,50.992631725971,6.429962664119));
#2255 = CARTESIAN_POINT('',(8.5,50.799777321189,6.24198282102));
#2256 = CARTESIAN_POINT('',(8.5,50.705149998174,6.158372969474));
#2257 = CARTESIAN_POINT('',(8.5,50.606438003861,6.079617400702));
#2258 = CARTESIAN_POINT('',(8.5,50.503852334005,6.006097822753));
#2259 = CARTESIAN_POINT('',(8.5,50.397656432894,5.938188866316));
#2260 = CARTESIAN_POINT('',(8.5,50.224396774474,5.840156329378));
#2261 = CARTESIAN_POINT('',(8.5,50.159502617239,5.806092944058));
#2262 = CARTESIAN_POINT('',(8.5,50.093558251573,5.774123048336));
#2263 = CARTESIAN_POINT('',(8.5,50.026634529571,5.744313061728));
#2264 = CARTESIAN_POINT('',(8.5,49.958808941902,5.716724784558));
#2265 = CARTESIAN_POINT('',(8.5,49.748570206688,5.639203475343));
#2266 = CARTESIAN_POINT('',(8.5,49.603477410835,5.596677091379));
#2267 = CARTESIAN_POINT('',(8.5,49.455661507662,5.564342487082));
#2268 = CARTESIAN_POINT('',(8.5,49.305963921239,5.54255770119));
#2269 = CARTESIAN_POINT('',(8.5,49.155290488065,5.531528644494));
#2270 = CARTESIAN_POINT('',(8.5,48.898240001699,5.531060439115));
#2271 = CARTESIAN_POINT('',(8.5,48.791853096228,5.536226904461));
#2272 = CARTESIAN_POINT('',(8.5,48.685789374053,5.546754740443));
#2273 = CARTESIAN_POINT('',(8.5,48.580373229191,5.562596970165));
#2274 = CARTESIAN_POINT('',(8.5,48.475917028126,5.583662296601));
#2275 = CARTESIAN_POINT('',(8.5,48.327490105416,5.621283210915));
#2276 = CARTESIAN_POINT('',(8.5,48.282500961712,5.633725741694));
#2277 = CARTESIAN_POINT('',(8.5,48.237777846243,5.647135473964));
#2278 = CARTESIAN_POINT('',(8.5,48.193344536277,5.661500174814));
#2279 = CARTESIAN_POINT('',(8.5,48.149223868856,5.676806405815));
#2280 = CARTESIAN_POINT('',(8.5,48.036827654172,5.718475788498));
#2281 = CARTESIAN_POINT('',(8.5,47.969038669323,5.746188009852));
#2282 = CARTESIAN_POINT('',(8.5,47.902155240192,5.776120059644));
#2283 = CARTESIAN_POINT('',(8.5,47.836254681328,5.808209942961));
#2284 = CARTESIAN_POINT('',(8.5,47.771407658922,5.842391078117));
#2285 = CARTESIAN_POINT('',(8.5,47.598280097317,5.940739595636));
#2286 = CARTESIAN_POINT('',(8.5,47.49217554911,6.008842652426));
#2287 = CARTESIAN_POINT('',(8.5,47.389689805679,6.08254914941));
#2288 = CARTESIAN_POINT('',(8.5,47.291085400166,6.161484017081));
#2289 = CARTESIAN_POINT('',(8.5,47.19657247469,6.245265318012));
#2290 = CARTESIAN_POINT('',(8.5,47.003974737329,6.433594465035));
#2291 = CARTESIAN_POINT('',(8.5,46.907107924087,6.539420139287));
#2292 = CARTESIAN_POINT('',(8.5,46.815955854542,6.650454637152));
#2293 = CARTESIAN_POINT('',(8.5,46.730689827483,6.766168591268));
#2294 = CARTESIAN_POINT('',(8.5,46.651429644808,6.886056520787));
#2295 = CARTESIAN_POINT('',(8.5,46.52814331027,7.094297654685));
#2296 = CARTESIAN_POINT('',(8.5,46.480884828196,7.180683461016));
#2297 = CARTESIAN_POINT('',(8.5,46.436509688174,7.268655141948));
#2298 = CARTESIAN_POINT('',(8.5,46.395037765839,7.358066880997));
#2299 = CARTESIAN_POINT('',(8.5,46.356483523315,7.448778772424));
#2300 = CARTESIAN_POINT('',(8.5,46.296131310496,7.604425092108));
#2301 = CARTESIAN_POINT('',(8.5,46.272815803573,7.668754584603));
#2302 = CARTESIAN_POINT('',(8.5,46.2509142773,7.733601173946));
#2303 = CARTESIAN_POINT('',(8.5,46.230429519198,7.798921208889));
#2304 = CARTESIAN_POINT('',(8.5,46.211363675227,7.864672112349));
#2305 = CARTESIAN_POINT('',(8.5,46.149775964978,8.095521050565));
#2306 = CARTESIAN_POINT('',(8.5,46.114643976029,8.262638812548));
#2307 = CARTESIAN_POINT('',(8.5,46.088344001678,8.431534365735));
#2308 = CARTESIAN_POINT('',(8.5,46.070885948474,8.60159521725));
#2309 = CARTESIAN_POINT('',(8.5,46.062272485234,8.772226623441));
#2310 = CARTESIAN_POINT('',(8.5,46.062823969789,9.179337470404));
#2311 = CARTESIAN_POINT('',(8.5,46.080135338398,9.41577681469));
#2312 = CARTESIAN_POINT('',(8.5,46.114431514732,9.650656470614));
#2313 = CARTESIAN_POINT('',(8.5,46.165717219631,9.88237292531));
#2314 = CARTESIAN_POINT('',(8.5,46.233934162849,10.109236061514));
#2315 = CARTESIAN_POINT('',(8.5,46.354470923194,10.42140642338));
#2316 = CARTESIAN_POINT('',(8.5,46.392902821395,10.512189540554));
#2317 = CARTESIAN_POINT('',(8.5,46.434253844982,10.601676937795));
#2318 = CARTESIAN_POINT('',(8.5,46.478509649105,10.68972879396));
#2319 = CARTESIAN_POINT('',(8.5,46.525650505346,10.776199382059));
#2320 = CARTESIAN_POINT('',(8.5,46.648654837058,10.984665226628));
#2321 = CARTESIAN_POINT('',(8.5,46.72775323042,11.104698111491));
#2322 = CARTESIAN_POINT('',(8.5,46.812862518036,11.220566986677));
#2323 = CARTESIAN_POINT('',(8.5,46.903863621624,11.331766569304));
#2324 = CARTESIAN_POINT('',(8.5,47.000586144995,11.437767579055));
#2325 = CARTESIAN_POINT('',(8.5,47.194633187372,11.628119510251));
#2326 = CARTESIAN_POINT('',(8.5,47.290901076267,11.713575462336));
#2327 = CARTESIAN_POINT('',(8.5,47.39142060913,11.794000533064));
#2328 = CARTESIAN_POINT('',(8.5,47.495969466124,11.868990203714));
#2329 = CARTESIAN_POINT('',(8.5,47.604268797491,11.938147517427));
#2330 = CARTESIAN_POINT('',(8.5,47.911447631691,12.111261025216));
#2331 = CARTESIAN_POINT('',(8.5,48.117463734753,12.202485624099));
#2332 = CARTESIAN_POINT('',(8.5,48.331978465024,12.272613485359));
#2333 = CARTESIAN_POINT('',(8.5,48.552542785995,12.320047945273));
#2334 = CARTESIAN_POINT('',(8.5,48.776315568467,12.34375));
#2335 = CARTESIAN_POINT('',(8.5,49.,12.34375));
#2336 = PCURVE('',#350,#2337);
#2337 = DEFINITIONAL_REPRESENTATION('',(#2338),#2431);
#2338 = B_SPLINE_CURVE_WITH_KNOTS('',6,(#2339,#2340,#2341,#2342,#2343,
    #2344,#2345,#2346,#2347,#2348,#2349,#2350,#2351,#2352,#2353,#2354,
    #2355,#2356,#2357,#2358,#2359,#2360,#2361,#2362,#2363,#2364,#2365,
    #2366,#2367,#2368,#2369,#2370,#2371,#2372,#2373,#2374,#2375,#2376,
    #2377,#2378,#2379,#2380,#2381,#2382,#2383,#2384,#2385,#2386,#2387,
    #2388,#2389,#2390,#2391,#2392,#2393,#2394,#2395,#2396,#2397,#2398,
    #2399,#2400,#2401,#2402,#2403,#2404,#2405,#2406,#2407,#2408,#2409,
    #2410,#2411,#2412,#2413,#2414,#2415,#2416,#2417,#2418,#2419,#2420,
    #2421,#2422,#2423,#2424,#2425,#2426,#2427,#2428,#2429,#2430),
  .UNSPECIFIED.,.F.,.F.,(7,5,5,5,5,5,5,5,5,5,5,5,5,5,5,5,5,5,7),(0.,
    0.134634762808,0.192055986296,0.242694110511,0.272194013075,
    0.333046178387,0.376006503068,0.394835781253,0.424340066393,
    0.474987780816,0.532420056276,0.57175561653,0.59905615969,
    0.66704251951,0.761272492831,0.800614210364,0.858057607204,
    0.909674057241,1.),.UNSPECIFIED.);
#2339 = CARTESIAN_POINT('',(4.9375,-13.9375));
#2340 = CARTESIAN_POINT('',(4.599647950994,-13.9375));
#2341 = CARTESIAN_POINT('',(4.261922263018,-13.9028222539));
#2342 = CARTESIAN_POINT('',(3.928575377292,-13.8335099531));
#2343 = CARTESIAN_POINT('',(3.604412351244,-13.7294753085));
#2344 = CARTESIAN_POINT('',(3.294707655221,-13.59107988326));
#2345 = CARTESIAN_POINT('',(2.881783316329,-13.34578975718));
#2346 = CARTESIAN_POINT('',(2.762040621522,-13.26636796969));
#2347 = CARTESIAN_POINT('',(2.646481867576,-13.18094540353));
#2348 = CARTESIAN_POINT('',(2.53561273127,-13.08964258754));
#2349 = CARTESIAN_POINT('',(2.429962664119,-12.99263172597));
#2350 = CARTESIAN_POINT('',(2.24198282102,-12.79977732118));
#2351 = CARTESIAN_POINT('',(2.158372969474,-12.70514999817));
#2352 = CARTESIAN_POINT('',(2.079617400702,-12.60643800386));
#2353 = CARTESIAN_POINT('',(2.006097822753,-12.503852334));
#2354 = CARTESIAN_POINT('',(1.938188866316,-12.39765643289));
#2355 = CARTESIAN_POINT('',(1.840156329378,-12.22439677447));
#2356 = CARTESIAN_POINT('',(1.806092944058,-12.15950261723));
#2357 = CARTESIAN_POINT('',(1.774123048336,-12.09355825157));
#2358 = CARTESIAN_POINT('',(1.744313061728,-12.02663452957));
#2359 = CARTESIAN_POINT('',(1.716724784558,-11.9588089419));
#2360 = CARTESIAN_POINT('',(1.639203475343,-11.74857020668));
#2361 = CARTESIAN_POINT('',(1.596677091379,-11.60347741083));
#2362 = CARTESIAN_POINT('',(1.564342487082,-11.45566150766));
#2363 = CARTESIAN_POINT('',(1.54255770119,-11.30596392123));
#2364 = CARTESIAN_POINT('',(1.531528644494,-11.15529048806));
#2365 = CARTESIAN_POINT('',(1.531060439115,-10.89824000169));
#2366 = CARTESIAN_POINT('',(1.536226904461,-10.79185309622));
#2367 = CARTESIAN_POINT('',(1.546754740443,-10.68578937405));
#2368 = CARTESIAN_POINT('',(1.562596970165,-10.58037322919));
#2369 = CARTESIAN_POINT('',(1.583662296601,-10.47591702812));
#2370 = CARTESIAN_POINT('',(1.621283210915,-10.32749010541));
#2371 = CARTESIAN_POINT('',(1.633725741694,-10.28250096171));
#2372 = CARTESIAN_POINT('',(1.647135473964,-10.23777784624));
#2373 = CARTESIAN_POINT('',(1.661500174814,-10.19334453627));
#2374 = CARTESIAN_POINT('',(1.676806405815,-10.14922386885));
#2375 = CARTESIAN_POINT('',(1.718475788498,-10.03682765417));
#2376 = CARTESIAN_POINT('',(1.746188009852,-9.969038669323));
#2377 = CARTESIAN_POINT('',(1.776120059644,-9.902155240192));
#2378 = CARTESIAN_POINT('',(1.808209942961,-9.836254681328));
#2379 = CARTESIAN_POINT('',(1.842391078117,-9.771407658922));
#2380 = CARTESIAN_POINT('',(1.940739595636,-9.598280097317));
#2381 = CARTESIAN_POINT('',(2.008842652426,-9.49217554911));
#2382 = CARTESIAN_POINT('',(2.08254914941,-9.389689805679));
#2383 = CARTESIAN_POINT('',(2.161484017081,-9.291085400166));
#2384 = CARTESIAN_POINT('',(2.245265318012,-9.19657247469));
#2385 = CARTESIAN_POINT('',(2.433594465035,-9.003974737329));
#2386 = CARTESIAN_POINT('',(2.539420139287,-8.907107924087));
#2387 = CARTESIAN_POINT('',(2.650454637152,-8.815955854542));
#2388 = CARTESIAN_POINT('',(2.766168591268,-8.730689827483));
#2389 = CARTESIAN_POINT('',(2.886056520787,-8.651429644808));
#2390 = CARTESIAN_POINT('',(3.094297654685,-8.52814331027));
#2391 = CARTESIAN_POINT('',(3.180683461016,-8.480884828196));
#2392 = CARTESIAN_POINT('',(3.268655141948,-8.436509688174));
#2393 = CARTESIAN_POINT('',(3.358066880997,-8.395037765839));
#2394 = CARTESIAN_POINT('',(3.448778772424,-8.356483523315));
#2395 = CARTESIAN_POINT('',(3.604425092108,-8.296131310496));
#2396 = CARTESIAN_POINT('',(3.668754584603,-8.272815803573));
#2397 = CARTESIAN_POINT('',(3.733601173946,-8.2509142773));
#2398 = CARTESIAN_POINT('',(3.798921208889,-8.230429519198));
#2399 = CARTESIAN_POINT('',(3.864672112349,-8.211363675227));
#2400 = CARTESIAN_POINT('',(4.095521050565,-8.149775964978));
#2401 = CARTESIAN_POINT('',(4.262638812548,-8.114643976029));
#2402 = CARTESIAN_POINT('',(4.431534365735,-8.088344001678));
#2403 = CARTESIAN_POINT('',(4.60159521725,-8.070885948474));
#2404 = CARTESIAN_POINT('',(4.772226623441,-8.062272485234));
#2405 = CARTESIAN_POINT('',(5.179337470404,-8.062823969789));
#2406 = CARTESIAN_POINT('',(5.41577681469,-8.080135338398));
#2407 = CARTESIAN_POINT('',(5.650656470614,-8.114431514732));
#2408 = CARTESIAN_POINT('',(5.88237292531,-8.165717219631));
#2409 = CARTESIAN_POINT('',(6.109236061514,-8.233934162849));
#2410 = CARTESIAN_POINT('',(6.42140642338,-8.354470923194));
#2411 = CARTESIAN_POINT('',(6.512189540554,-8.392902821395));
#2412 = CARTESIAN_POINT('',(6.601676937795,-8.434253844982));
#2413 = CARTESIAN_POINT('',(6.68972879396,-8.478509649105));
#2414 = CARTESIAN_POINT('',(6.776199382059,-8.525650505346));
#2415 = CARTESIAN_POINT('',(6.984665226628,-8.648654837058));
#2416 = CARTESIAN_POINT('',(7.104698111491,-8.72775323042));
#2417 = CARTESIAN_POINT('',(7.220566986677,-8.812862518036));
#2418 = CARTESIAN_POINT('',(7.331766569304,-8.903863621624));
#2419 = CARTESIAN_POINT('',(7.437767579055,-9.000586144995));
#2420 = CARTESIAN_POINT('',(7.628119510251,-9.194633187372));
#2421 = CARTESIAN_POINT('',(7.713575462336,-9.290901076267));
#2422 = CARTESIAN_POINT('',(7.794000533064,-9.39142060913));
#2423 = CARTESIAN_POINT('',(7.868990203714,-9.495969466124));
#2424 = CARTESIAN_POINT('',(7.938147517427,-9.604268797491));
#2425 = CARTESIAN_POINT('',(8.111261025216,-9.911447631691));
#2426 = CARTESIAN_POINT('',(8.202485624099,-10.11746373475));
#2427 = CARTESIAN_POINT('',(8.272613485359,-10.33197846502));
#2428 = CARTESIAN_POINT('',(8.320047945273,-10.55254278599));
#2429 = CARTESIAN_POINT('',(8.34375,-10.77631556846));
#2430 = CARTESIAN_POINT('',(8.34375,-11.));
#2431 = ( GEOMETRIC_REPRESENTATION_CONTEXT(2) 
PARAMETRIC_REPRESENTATION_CONTEXT() REPRESENTATION_CONTEXT('2D SPACE',''
  ) );
#2432 = PCURVE('',#2433,#2460);
#2433 = B_SPLINE_SURFACE_WITH_KNOTS('',12,1,(
    (#2434,#2435)
    ,(#2436,#2437)
    ,(#2438,#2439)
    ,(#2440,#2441)
    ,(#2442,#2443)
    ,(#2444,#2445)
    ,(#2446,#2447)
    ,(#2448,#2449)
    ,(#2450,#2451)
    ,(#2452,#2453)
    ,(#2454,#2455)
    ,(#2456,#2457)
    ,(#2458,#2459
    )),.UNSPECIFIED.,.F.,.F.,.F.,(13,13),(2,2),(0.,4.712388980385),(0.,
    1.),.PIECEWISE_BEZIER_KNOTS.);
#2434 = CARTESIAN_POINT('',(0.,49.,15.));
#2435 = CARTESIAN_POINT('',(16.,49.,10.));
#2436 = CARTESIAN_POINT('',(2.998490344908E-12,47.429203673205,
    15.000000000001));
#2437 = CARTESIAN_POINT('',(15.999999999999,48.214601836603,10.));
#2438 = CARTESIAN_POINT('',(-1.300293206441E-11,45.858408049821,
    14.158839430132));
#2439 = CARTESIAN_POINT('',(16.000000000007,47.42920402491,
    9.663535772054));
#2440 = CARTESIAN_POINT('',(3.100097956121E-11,44.60471569829,
    12.476529826682));
#2441 = CARTESIAN_POINT('',(15.999999999979,46.802357849146,
    8.99061193067));
#2442 = CARTESIAN_POINT('',(-5.299938266035E-11,43.985271388611,
    10.160558516038));
#2443 = CARTESIAN_POINT('',(16.000000000044,46.492635694303,
    8.064223406421));
#2444 = CARTESIAN_POINT('',(7.000267032709E-11,44.219266668886,
    7.626233188154));
#2445 = CARTESIAN_POINT('',(15.99999999993,46.609633334446,
    7.050493275254));
#2446 = CARTESIAN_POINT('',(-7.499778575948E-11,45.330663030494,
    5.413328788093));
#2447 = CARTESIAN_POINT('',(16.000000000085,47.165331515244,
    6.165331515245));
#2448 = CARTESIAN_POINT('',(6.600231472476E-11,47.100986550506,
    4.024083336128));
#2449 = CARTESIAN_POINT('',(15.999999999921,48.050493275255,
    5.609633334445));
#2450 = CARTESIAN_POINT('',(-4.600053671311E-11,49.128446812843,
    3.73158923575));
#2451 = CARTESIAN_POINT('',(16.000000000057,49.06422340642,
    5.492635694304));
#2452 = CARTESIAN_POINT('',(2.499689344404E-11,50.981223861338,
    4.50589462287));
#2453 = CARTESIAN_POINT('',(15.999999999968,49.99061193067,
    5.802357849146));
#2454 = CARTESIAN_POINT('',(-9.997336292145E-12,52.327071544108,
    6.073010062273));
#2455 = CARTESIAN_POINT('',(16.000000000013,50.663535772054,
    6.42920402491));
#2456 = CARTESIAN_POINT('',(1.996625087486E-12,53.,8.036504591507));
#2457 = CARTESIAN_POINT('',(15.999999999997,51.,7.214601836602));
#2458 = CARTESIAN_POINT('',(0.,53.,10.));
#2459 = CARTESIAN_POINT('',(16.,51.,8.));
#2460 = DEFINITIONAL_REPRESENTATION('',(#2461),#2554);
#2461 = B_SPLINE_CURVE_WITH_KNOTS('',6,(#2462,#2463,#2464,#2465,#2466,
    #2467,#2468,#2469,#2470,#2471,#2472,#2473,#2474,#2475,#2476,#2477,
    #2478,#2479,#2480,#2481,#2482,#2483,#2484,#2485,#2486,#2487,#2488,
    #2489,#2490,#2491,#2492,#2493,#2494,#2495,#2496,#2497,#2498,#2499,
    #2500,#2501,#2502,#2503,#2504,#2505,#2506,#2507,#2508,#2509,#2510,
    #2511,#2512,#2513,#2514,#2515,#2516,#2517,#2518,#2519,#2520,#2521,
    #2522,#2523,#2524,#2525,#2526,#2527,#2528,#2529,#2530,#2531,#2532,
    #2533,#2534,#2535,#2536,#2537,#2538,#2539,#2540,#2541,#2542,#2543,
    #2544,#2545,#2546,#2547,#2548,#2549,#2550,#2551,#2552,#2553),
  .UNSPECIFIED.,.F.,.F.,(7,5,5,5,5,5,5,5,5,5,5,5,5,5,5,5,5,5,7),(0.,
    0.134634762808,0.192055986296,0.242694110511,0.272194013075,
    0.333046178387,0.376006503068,0.394835781253,0.424340066393,
    0.474987780816,0.532420056276,0.57175561653,0.59905615969,
    0.66704251951,0.761272492831,0.800614210364,0.858057607204,
    0.909674057241,1.),.UNSPECIFIED.);
#2462 = CARTESIAN_POINT('',(4.712388980385,0.53125));
#2463 = CARTESIAN_POINT('',(4.613203057741,0.53125));
#2464 = CARTESIAN_POINT('',(4.514053613778,0.53125));
#2465 = CARTESIAN_POINT('',(4.414436940398,0.53125));
#2466 = CARTESIAN_POINT('',(4.313998568023,0.53125));
#2467 = CARTESIAN_POINT('',(4.212394359962,0.53125));
#2468 = CARTESIAN_POINT('',(4.065192542699,0.53125));
#2469 = CARTESIAN_POINT('',(4.020904802135,0.53125));
#2470 = CARTESIAN_POINT('',(3.976316565753,0.53125));
#2471 = CARTESIAN_POINT('',(3.931409739027,0.53125));
#2472 = CARTESIAN_POINT('',(3.886171959347,0.53125));
#2473 = CARTESIAN_POINT('',(3.800405790936,0.53125));
#2474 = CARTESIAN_POINT('',(3.759952523969,0.53125));
#2475 = CARTESIAN_POINT('',(3.719235170924,0.53125));
#2476 = CARTESIAN_POINT('',(3.678255866222,0.53125));
#2477 = CARTESIAN_POINT('',(3.637022916638,0.53125));
#2478 = CARTESIAN_POINT('',(3.571393827734,0.53125));
#2479 = CARTESIAN_POINT('',(3.547154297689,0.53125));
#2480 = CARTESIAN_POINT('',(3.522837609328,0.53125));
#2481 = CARTESIAN_POINT('',(3.498447740207,0.53125));
#2482 = CARTESIAN_POINT('',(3.473989490191,0.53125));
#2483 = CARTESIAN_POINT('',(3.398887511282,0.53125));
#2484 = CARTESIAN_POINT('',(3.348033405142,0.53125));
#2485 = CARTESIAN_POINT('',(3.296969529796,0.53125));
#2486 = CARTESIAN_POINT('',(3.245755650589,0.53125));
#2487 = CARTESIAN_POINT('',(3.194457562002,0.53125));
#2488 = CARTESIAN_POINT('',(3.106950905989,0.53125));
#2489 = CARTESIAN_POINT('',(3.070736523399,0.53125));
#2490 = CARTESIAN_POINT('',(3.034549119192,0.53125));
#2491 = CARTESIAN_POINT('',(2.998413689454,0.53125));
#2492 = CARTESIAN_POINT('',(2.96235372996,0.53125));
#2493 = CARTESIAN_POINT('',(2.91063240723,0.53125));
#2494 = CARTESIAN_POINT('',(2.894890191399,0.53125));
#2495 = CARTESIAN_POINT('',(2.879168753373,0.53125));
#2496 = CARTESIAN_POINT('',(2.863469819242,0.53125));
#2497 = CARTESIAN_POINT('',(2.847794997132,0.53125));
#2498 = CARTESIAN_POINT('',(2.807624441756,0.53125));
#2499 = CARTESIAN_POINT('',(2.783165876713,0.53125));
#2500 = CARTESIAN_POINT('',(2.75877593269,0.53125));
#2501 = CARTESIAN_POINT('',(2.734459385423,0.53125));
#2502 = CARTESIAN_POINT('',(2.71022018729,0.53125));
#2503 = CARTESIAN_POINT('',(2.644590752613,0.53125));
#2504 = CARTESIAN_POINT('',(2.603357470556,0.53125));
#2505 = CARTESIAN_POINT('',(2.56237820176,0.53125));
#2506 = CARTESIAN_POINT('',(2.521661131841,0.53125));
#2507 = CARTESIAN_POINT('',(2.481208282623,0.53125));
#2508 = CARTESIAN_POINT('',(2.395442906815,0.53125));
#2509 = CARTESIAN_POINT('',(2.35020551957,0.53125));
#2510 = CARTESIAN_POINT('',(2.305298965228,0.53125));
#2511 = CARTESIAN_POINT('',(2.260710760085,0.53125));
#2512 = CARTESIAN_POINT('',(2.216422710193,0.53125));
#2513 = CARTESIAN_POINT('',(2.142267769513,0.53125));
#2514 = CARTESIAN_POINT('',(2.112254216575,0.53125));
#2515 = CARTESIAN_POINT('',(2.082363060454,0.53125));
#2516 = CARTESIAN_POINT('',(2.052586270543,0.53125));
#2517 = CARTESIAN_POINT('',(2.022915223213,0.53125));
#2518 = CARTESIAN_POINT('',(1.972814456306,0.53125));
#2519 = CARTESIAN_POINT('',(1.952334848913,0.53125));
#2520 = CARTESIAN_POINT('',(1.931898632435,0.53125));
#2521 = CARTESIAN_POINT('',(1.911502651957,0.53125));
#2522 = CARTESIAN_POINT('',(1.891143681738,0.53125));
#2523 = CARTESIAN_POINT('',(1.820202574988,0.53125));
#2524 = CARTESIAN_POINT('',(1.769797475247,0.53125));
#2525 = CARTESIAN_POINT('',(1.719548908717,0.53125));
#2526 = CARTESIAN_POINT('',(1.669405975006,0.53125));
#2527 = CARTESIAN_POINT('',(1.619317014201,0.53125));
#2528 = CARTESIAN_POINT('',(1.499798086666,0.53125));
#2529 = CARTESIAN_POINT('',(1.430375472379,0.53125));
#2530 = CARTESIAN_POINT('',(1.360799630923,0.53125));
#2531 = CARTESIAN_POINT('',(1.290937959067,0.53125));
#2532 = CARTESIAN_POINT('',(1.220660823265,0.53125));
#2533 = CARTESIAN_POINT('',(1.120247553944,0.53125));
#2534 = CARTESIAN_POINT('',(1.090576126829,0.53125));
#2535 = CARTESIAN_POINT('',(1.060799234197,0.53125));
#2536 = CARTESIAN_POINT('',(1.030908234309,0.53125));
#2537 = CARTESIAN_POINT('',(1.000895075107,0.53125));
#2538 = CARTESIAN_POINT('',(0.926739990464,0.53125));
#2539 = CARTESIAN_POINT('',(0.882451626596,0.53125));
#2540 = CARTESIAN_POINT('',(0.837863450909,0.53125));
#2541 = CARTESIAN_POINT('',(0.792957170246,0.53125));
#2542 = CARTESIAN_POINT('',(0.747720179948,0.53125));
#2543 = CARTESIAN_POINT('',(0.661194696912,0.53125));
#2544 = CARTESIAN_POINT('',(0.619971290514,0.53125));
#2545 = CARTESIAN_POINT('',(0.578473393698,0.53125));
#2546 = CARTESIAN_POINT('',(0.536703125038,0.53125));
#2547 = CARTESIAN_POINT('',(0.494669246342,0.53125));
#2548 = CARTESIAN_POINT('',(0.378401839953,0.53125));
#2549 = CARTESIAN_POINT('',(0.303617385827,0.53125));
#2550 = CARTESIAN_POINT('',(0.228207406617,0.53125));
#2551 = CARTESIAN_POINT('',(0.152325613158,0.53125));
#2552 = CARTESIAN_POINT('',(7.614789158585E-02,0.53125));
#2553 = CARTESIAN_POINT('',(0.,0.53125));
#2554 = ( GEOMETRIC_REPRESENTATION_CONTEXT(2) 
PARAMETRIC_REPRESENTATION_CONTEXT() REPRESENTATION_CONTEXT('2D SPACE',''
  ) );
#2555 = ADVANCED_FACE('',(#2556),#322,.T.);
#2556 = FACE_BOUND('',#2557,.T.);
#2557 = EDGE_LOOP('',(#2558,#2559,#2560,#2581));
#2558 = ORIENTED_EDGE('',*,*,#1279,.T.);
#2559 = ORIENTED_EDGE('',*,*,#301,.T.);
#2560 = ORIENTED_EDGE('',*,*,#2561,.F.);
#2561 = EDGE_CURVE('',#954,#274,#2562,.T.);
#2562 = SURFACE_CURVE('',#2563,(#2567,#2574),.PCURVE_S1.);
#2563 = LINE('',#2564,#2565);
#2564 = CARTESIAN_POINT('',(2.5,38.,4.));
#2565 = VECTOR('',#2566,1.);
#2566 = DIRECTION('',(0.,0.,1.));
#2567 = PCURVE('',#322,#2568);
#2568 = DEFINITIONAL_REPRESENTATION('',(#2569),#2573);
#2569 = LINE('',#2570,#2571);
#2570 = CARTESIAN_POINT('',(4.712388980385,0.));
#2571 = VECTOR('',#2572,1.);
#2572 = DIRECTION('',(-0.,1.));
#2573 = ( GEOMETRIC_REPRESENTATION_CONTEXT(2) 
PARAMETRIC_REPRESENTATION_CONTEXT() REPRESENTATION_CONTEXT('2D SPACE',''
  ) );
#2574 = PCURVE('',#289,#2575);
#2575 = DEFINITIONAL_REPRESENTATION('',(#2576),#2580);
#2576 = LINE('',#2577,#2578);
#2577 = CARTESIAN_POINT('',(0.,67.));
#2578 = VECTOR('',#2579,1.);
#2579 = DIRECTION('',(1.,0.));
#2580 = ( GEOMETRIC_REPRESENTATION_CONTEXT(2) 
PARAMETRIC_REPRESENTATION_CONTEXT() REPRESENTATION_CONTEXT('2D SPACE',''
  ) );
#2581 = ORIENTED_EDGE('',*,*,#976,.F.);
#2582 = ADVANCED_FACE('',(#2583),#289,.F.);
#2583 = FACE_BOUND('',#2584,.F.);
#2584 = EDGE_LOOP('',(#2585,#2586,#2587,#2588));
#2585 = ORIENTED_EDGE('',*,*,#953,.F.);
#2586 = ORIENTED_EDGE('',*,*,#1191,.T.);
#2587 = ORIENTED_EDGE('',*,*,#273,.T.);
#2588 = ORIENTED_EDGE('',*,*,#2561,.F.);
#2589 = ADVANCED_FACE('',(#2590,#2665),#538,.F.);
#2590 = FACE_BOUND('',#2591,.F.);
#2591 = EDGE_LOOP('',(#2592,#2615,#2616,#2639));
#2592 = ORIENTED_EDGE('',*,*,#2593,.F.);
#2593 = EDGE_CURVE('',#521,#2594,#2596,.T.);
#2594 = VERTEX_POINT('',#2595);
#2595 = CARTESIAN_POINT('',(-30.5,44.5,30.));
#2596 = SURFACE_CURVE('',#2597,(#2601,#2608),.PCURVE_S1.);
#2597 = LINE('',#2598,#2599);
#2598 = CARTESIAN_POINT('',(-30.5,44.5,10.));
#2599 = VECTOR('',#2600,1.);
#2600 = DIRECTION('',(0.,0.,1.));
#2601 = PCURVE('',#538,#2602);
#2602 = DEFINITIONAL_REPRESENTATION('',(#2603),#2607);
#2603 = LINE('',#2604,#2605);
#2604 = CARTESIAN_POINT('',(0.,15.));
#2605 = VECTOR('',#2606,1.);
#2606 = DIRECTION('',(1.,0.));
#2607 = ( GEOMETRIC_REPRESENTATION_CONTEXT(2) 
PARAMETRIC_REPRESENTATION_CONTEXT() REPRESENTATION_CONTEXT('2D SPACE',''
  ) );
#2608 = PCURVE('',#620,#2609);
#2609 = DEFINITIONAL_REPRESENTATION('',(#2610),#2614);
#2610 = LINE('',#2611,#2612);
#2611 = CARTESIAN_POINT('',(0.,0.));
#2612 = VECTOR('',#2613,1.);
#2613 = DIRECTION('',(1.,0.));
#2614 = ( GEOMETRIC_REPRESENTATION_CONTEXT(2) 
PARAMETRIC_REPRESENTATION_CONTEXT() REPRESENTATION_CONTEXT('2D SPACE',''
  ) );
#2615 = ORIENTED_EDGE('',*,*,#520,.T.);
#2616 = ORIENTED_EDGE('',*,*,#2617,.T.);
#2617 = EDGE_CURVE('',#523,#2618,#2620,.T.);
#2618 = VERTEX_POINT('',#2619);
#2619 = CARTESIAN_POINT('',(-45.5,44.5,30.));
#2620 = SURFACE_CURVE('',#2621,(#2625,#2632),.PCURVE_S1.);
#2621 = LINE('',#2622,#2623);
#2622 = CARTESIAN_POINT('',(-45.5,44.5,10.));
#2623 = VECTOR('',#2624,1.);
#2624 = DIRECTION('',(0.,0.,1.));
#2625 = PCURVE('',#538,#2626);
#2626 = DEFINITIONAL_REPRESENTATION('',(#2627),#2631);
#2627 = LINE('',#2628,#2629);
#2628 = CARTESIAN_POINT('',(0.,0.));
#2629 = VECTOR('',#2630,1.);
#2630 = DIRECTION('',(1.,0.));
#2631 = ( GEOMETRIC_REPRESENTATION_CONTEXT(2) 
PARAMETRIC_REPRESENTATION_CONTEXT() REPRESENTATION_CONTEXT('2D SPACE',''
  ) );
#2632 = PCURVE('',#566,#2633);
#2633 = DEFINITIONAL_REPRESENTATION('',(#2634),#2638);
#2634 = LINE('',#2635,#2636);
#2635 = CARTESIAN_POINT('',(0.,0.));
#2636 = VECTOR('',#2637,1.);
#2637 = DIRECTION('',(1.,0.));
#2638 = ( GEOMETRIC_REPRESENTATION_CONTEXT(2) 
PARAMETRIC_REPRESENTATION_CONTEXT() REPRESENTATION_CONTEXT('2D SPACE',''
  ) );
#2639 = ORIENTED_EDGE('',*,*,#2640,.T.);
#2640 = EDGE_CURVE('',#2618,#2594,#2641,.T.);
#2641 = SURFACE_CURVE('',#2642,(#2646,#2653),.PCURVE_S1.);
#2642 = LINE('',#2643,#2644);
#2643 = CARTESIAN_POINT('',(-45.5,44.5,30.));
#2644 = VECTOR('',#2645,1.);
#2645 = DIRECTION('',(1.,0.,0.));
#2646 = PCURVE('',#538,#2647);
#2647 = DEFINITIONAL_REPRESENTATION('',(#2648),#2652);
#2648 = LINE('',#2649,#2650);
#2649 = CARTESIAN_POINT('',(20.,0.));
#2650 = VECTOR('',#2651,1.);
#2651 = DIRECTION('',(0.,1.));
#2652 = ( GEOMETRIC_REPRESENTATION_CONTEXT(2) 
PARAMETRIC_REPRESENTATION_CONTEXT() REPRESENTATION_CONTEXT('2D SPACE',''
  ) );
#2653 = PCURVE('',#2654,#2659);
#2654 = PLANE('',#2655);
#2655 = AXIS2_PLACEMENT_3D('',#2656,#2657,#2658);
#2656 = CARTESIAN_POINT('',(-45.5,44.5,30.));
#2657 = DIRECTION('',(0.,0.,1.));
#2658 = DIRECTION('',(1.,0.,-0.));
#2659 = DEFINITIONAL_REPRESENTATION('',(#2660),#2664);
#2660 = LINE('',#2661,#2662);
#2661 = CARTESIAN_POINT('',(0.,0.));
#2662 = VECTOR('',#2663,1.);
#2663 = DIRECTION('',(1.,0.));
#2664 = ( GEOMETRIC_REPRESENTATION_CONTEXT(2) 
PARAMETRIC_REPRESENTATION_CONTEXT() REPRESENTATION_CONTEXT('2D SPACE',''
  ) );
#2665 = FACE_BOUND('',#2666,.F.);
#2666 = EDGE_LOOP('',(#2667));
#2667 = ORIENTED_EDGE('',*,*,#2668,.F.);
#2668 = EDGE_CURVE('',#2669,#2669,#2671,.T.);
#2669 = VERTEX_POINT('',#2670);
#2670 = CARTESIAN_POINT('',(-36.3,44.5,27.));
#2671 = SURFACE_CURVE('',#2672,(#2677,#2684),.PCURVE_S1.);
#2672 = CIRCLE('',#2673,1.7);
#2673 = AXIS2_PLACEMENT_3D('',#2674,#2675,#2676);
#2674 = CARTESIAN_POINT('',(-38.,44.5,27.));
#2675 = DIRECTION('',(-0.,1.,0.));
#2676 = DIRECTION('',(1.,0.,0.));
#2677 = PCURVE('',#538,#2678);
#2678 = DEFINITIONAL_REPRESENTATION('',(#2679),#2683);
#2679 = CIRCLE('',#2680,1.7);
#2680 = AXIS2_PLACEMENT_2D('',#2681,#2682);
#2681 = CARTESIAN_POINT('',(17.,7.5));
#2682 = DIRECTION('',(0.,1.));
#2683 = ( GEOMETRIC_REPRESENTATION_CONTEXT(2) 
PARAMETRIC_REPRESENTATION_CONTEXT() REPRESENTATION_CONTEXT('2D SPACE',''
  ) );
#2684 = PCURVE('',#2685,#2690);
#2685 = CYLINDRICAL_SURFACE('',#2686,1.7);
#2686 = AXIS2_PLACEMENT_3D('',#2687,#2688,#2689);
#2687 = CARTESIAN_POINT('',(-38.,79.,27.));
#2688 = DIRECTION('',(-0.,1.,-0.));
#2689 = DIRECTION('',(1.,0.,0.));
#2690 = DEFINITIONAL_REPRESENTATION('',(#2691),#2695);
#2691 = LINE('',#2692,#2693);
#2692 = CARTESIAN_POINT('',(-4.138911435803E-13,-34.5));
#2693 = VECTOR('',#2694,1.);
#2694 = DIRECTION('',(1.,-0.));
#2695 = ( GEOMETRIC_REPRESENTATION_CONTEXT(2) 
PARAMETRIC_REPRESENTATION_CONTEXT() REPRESENTATION_CONTEXT('2D SPACE',''
  ) );
#2696 = ADVANCED_FACE('',(#2697),#620,.T.);
#2697 = FACE_BOUND('',#2698,.T.);
#2698 = EDGE_LOOP('',(#2699,#2700,#2701,#2724));
#2699 = ORIENTED_EDGE('',*,*,#2593,.F.);
#2700 = ORIENTED_EDGE('',*,*,#606,.T.);
#2701 = ORIENTED_EDGE('',*,*,#2702,.T.);
#2702 = EDGE_CURVE('',#579,#2703,#2705,.T.);
#2703 = VERTEX_POINT('',#2704);
#2704 = CARTESIAN_POINT('',(-30.5,49.5,30.));
#2705 = SURFACE_CURVE('',#2706,(#2710,#2717),.PCURVE_S1.);
#2706 = LINE('',#2707,#2708);
#2707 = CARTESIAN_POINT('',(-30.5,49.5,10.));
#2708 = VECTOR('',#2709,1.);
#2709 = DIRECTION('',(0.,0.,1.));
#2710 = PCURVE('',#620,#2711);
#2711 = DEFINITIONAL_REPRESENTATION('',(#2712),#2716);
#2712 = LINE('',#2713,#2714);
#2713 = CARTESIAN_POINT('',(0.,-5.));
#2714 = VECTOR('',#2715,1.);
#2715 = DIRECTION('',(1.,0.));
#2716 = ( GEOMETRIC_REPRESENTATION_CONTEXT(2) 
PARAMETRIC_REPRESENTATION_CONTEXT() REPRESENTATION_CONTEXT('2D SPACE',''
  ) );
#2717 = PCURVE('',#594,#2718);
#2718 = DEFINITIONAL_REPRESENTATION('',(#2719),#2723);
#2719 = LINE('',#2720,#2721);
#2720 = CARTESIAN_POINT('',(0.,15.));
#2721 = VECTOR('',#2722,1.);
#2722 = DIRECTION('',(1.,0.));
#2723 = ( GEOMETRIC_REPRESENTATION_CONTEXT(2) 
PARAMETRIC_REPRESENTATION_CONTEXT() REPRESENTATION_CONTEXT('2D SPACE',''
  ) );
#2724 = ORIENTED_EDGE('',*,*,#2725,.F.);
#2725 = EDGE_CURVE('',#2594,#2703,#2726,.T.);
#2726 = SURFACE_CURVE('',#2727,(#2731,#2738),.PCURVE_S1.);
#2727 = LINE('',#2728,#2729);
#2728 = CARTESIAN_POINT('',(-30.5,44.5,30.));
#2729 = VECTOR('',#2730,1.);
#2730 = DIRECTION('',(0.,1.,0.));
#2731 = PCURVE('',#620,#2732);
#2732 = DEFINITIONAL_REPRESENTATION('',(#2733),#2737);
#2733 = LINE('',#2734,#2735);
#2734 = CARTESIAN_POINT('',(20.,0.));
#2735 = VECTOR('',#2736,1.);
#2736 = DIRECTION('',(0.,-1.));
#2737 = ( GEOMETRIC_REPRESENTATION_CONTEXT(2) 
PARAMETRIC_REPRESENTATION_CONTEXT() REPRESENTATION_CONTEXT('2D SPACE',''
  ) );
#2738 = PCURVE('',#2654,#2739);
#2739 = DEFINITIONAL_REPRESENTATION('',(#2740),#2744);
#2740 = LINE('',#2741,#2742);
#2741 = CARTESIAN_POINT('',(15.,0.));
#2742 = VECTOR('',#2743,1.);
#2743 = DIRECTION('',(0.,1.));
#2744 = ( GEOMETRIC_REPRESENTATION_CONTEXT(2) 
PARAMETRIC_REPRESENTATION_CONTEXT() REPRESENTATION_CONTEXT('2D SPACE',''
  ) );
#2745 = ADVANCED_FACE('',(#2746),#566,.F.);
#2746 = FACE_BOUND('',#2747,.F.);
#2747 = EDGE_LOOP('',(#2748,#2749,#2750,#2773));
#2748 = ORIENTED_EDGE('',*,*,#2617,.F.);
#2749 = ORIENTED_EDGE('',*,*,#550,.T.);
#2750 = ORIENTED_EDGE('',*,*,#2751,.T.);
#2751 = EDGE_CURVE('',#551,#2752,#2754,.T.);
#2752 = VERTEX_POINT('',#2753);
#2753 = CARTESIAN_POINT('',(-45.5,49.5,30.));
#2754 = SURFACE_CURVE('',#2755,(#2759,#2766),.PCURVE_S1.);
#2755 = LINE('',#2756,#2757);
#2756 = CARTESIAN_POINT('',(-45.5,49.5,10.));
#2757 = VECTOR('',#2758,1.);
#2758 = DIRECTION('',(0.,0.,1.));
#2759 = PCURVE('',#566,#2760);
#2760 = DEFINITIONAL_REPRESENTATION('',(#2761),#2765);
#2761 = LINE('',#2762,#2763);
#2762 = CARTESIAN_POINT('',(0.,-5.));
#2763 = VECTOR('',#2764,1.);
#2764 = DIRECTION('',(1.,0.));
#2765 = ( GEOMETRIC_REPRESENTATION_CONTEXT(2) 
PARAMETRIC_REPRESENTATION_CONTEXT() REPRESENTATION_CONTEXT('2D SPACE',''
  ) );
#2766 = PCURVE('',#594,#2767);
#2767 = DEFINITIONAL_REPRESENTATION('',(#2768),#2772);
#2768 = LINE('',#2769,#2770);
#2769 = CARTESIAN_POINT('',(0.,0.));
#2770 = VECTOR('',#2771,1.);
#2771 = DIRECTION('',(1.,0.));
#2772 = ( GEOMETRIC_REPRESENTATION_CONTEXT(2) 
PARAMETRIC_REPRESENTATION_CONTEXT() REPRESENTATION_CONTEXT('2D SPACE',''
  ) );
#2773 = ORIENTED_EDGE('',*,*,#2774,.F.);
#2774 = EDGE_CURVE('',#2618,#2752,#2775,.T.);
#2775 = SURFACE_CURVE('',#2776,(#2780,#2787),.PCURVE_S1.);
#2776 = LINE('',#2777,#2778);
#2777 = CARTESIAN_POINT('',(-45.5,44.5,30.));
#2778 = VECTOR('',#2779,1.);
#2779 = DIRECTION('',(0.,1.,0.));
#2780 = PCURVE('',#566,#2781);
#2781 = DEFINITIONAL_REPRESENTATION('',(#2782),#2786);
#2782 = LINE('',#2783,#2784);
#2783 = CARTESIAN_POINT('',(20.,0.));
#2784 = VECTOR('',#2785,1.);
#2785 = DIRECTION('',(0.,-1.));
#2786 = ( GEOMETRIC_REPRESENTATION_CONTEXT(2) 
PARAMETRIC_REPRESENTATION_CONTEXT() REPRESENTATION_CONTEXT('2D SPACE',''
  ) );
#2787 = PCURVE('',#2654,#2788);
#2788 = DEFINITIONAL_REPRESENTATION('',(#2789),#2793);
#2789 = LINE('',#2790,#2791);
#2790 = CARTESIAN_POINT('',(0.,0.));
#2791 = VECTOR('',#2792,1.);
#2792 = DIRECTION('',(0.,1.));
#2793 = ( GEOMETRIC_REPRESENTATION_CONTEXT(2) 
PARAMETRIC_REPRESENTATION_CONTEXT() REPRESENTATION_CONTEXT('2D SPACE',''
  ) );
#2794 = ADVANCED_FACE('',(#2795,#2821),#594,.T.);
#2795 = FACE_BOUND('',#2796,.T.);
#2796 = EDGE_LOOP('',(#2797,#2798,#2799,#2800));
#2797 = ORIENTED_EDGE('',*,*,#2702,.F.);
#2798 = ORIENTED_EDGE('',*,*,#578,.T.);
#2799 = ORIENTED_EDGE('',*,*,#2751,.T.);
#2800 = ORIENTED_EDGE('',*,*,#2801,.T.);
#2801 = EDGE_CURVE('',#2752,#2703,#2802,.T.);
#2802 = SURFACE_CURVE('',#2803,(#2807,#2814),.PCURVE_S1.);
#2803 = LINE('',#2804,#2805);
#2804 = CARTESIAN_POINT('',(-45.5,49.5,30.));
#2805 = VECTOR('',#2806,1.);
#2806 = DIRECTION('',(1.,0.,0.));
#2807 = PCURVE('',#594,#2808);
#2808 = DEFINITIONAL_REPRESENTATION('',(#2809),#2813);
#2809 = LINE('',#2810,#2811);
#2810 = CARTESIAN_POINT('',(20.,0.));
#2811 = VECTOR('',#2812,1.);
#2812 = DIRECTION('',(0.,1.));
#2813 = ( GEOMETRIC_REPRESENTATION_CONTEXT(2) 
PARAMETRIC_REPRESENTATION_CONTEXT() REPRESENTATION_CONTEXT('2D SPACE',''
  ) );
#2814 = PCURVE('',#2654,#2815);
#2815 = DEFINITIONAL_REPRESENTATION('',(#2816),#2820);
#2816 = LINE('',#2817,#2818);
#2817 = CARTESIAN_POINT('',(0.,5.));
#2818 = VECTOR('',#2819,1.);
#2819 = DIRECTION('',(1.,0.));
#2820 = ( GEOMETRIC_REPRESENTATION_CONTEXT(2) 
PARAMETRIC_REPRESENTATION_CONTEXT() REPRESENTATION_CONTEXT('2D SPACE',''
  ) );
#2821 = FACE_BOUND('',#2822,.T.);
#2822 = EDGE_LOOP('',(#2823));
#2823 = ORIENTED_EDGE('',*,*,#2824,.F.);
#2824 = EDGE_CURVE('',#2825,#2825,#2827,.T.);
#2825 = VERTEX_POINT('',#2826);
#2826 = CARTESIAN_POINT('',(-36.3,49.5,27.));
#2827 = SURFACE_CURVE('',#2828,(#2833,#2840),.PCURVE_S1.);
#2828 = CIRCLE('',#2829,1.7);
#2829 = AXIS2_PLACEMENT_3D('',#2830,#2831,#2832);
#2830 = CARTESIAN_POINT('',(-38.,49.5,27.));
#2831 = DIRECTION('',(-0.,1.,0.));
#2832 = DIRECTION('',(1.,0.,0.));
#2833 = PCURVE('',#594,#2834);
#2834 = DEFINITIONAL_REPRESENTATION('',(#2835),#2839);
#2835 = CIRCLE('',#2836,1.7);
#2836 = AXIS2_PLACEMENT_2D('',#2837,#2838);
#2837 = CARTESIAN_POINT('',(17.,7.5));
#2838 = DIRECTION('',(0.,1.));
#2839 = ( GEOMETRIC_REPRESENTATION_CONTEXT(2) 
PARAMETRIC_REPRESENTATION_CONTEXT() REPRESENTATION_CONTEXT('2D SPACE',''
  ) );
#2840 = PCURVE('',#2685,#2841);
#2841 = DEFINITIONAL_REPRESENTATION('',(#2842),#2846);
#2842 = LINE('',#2843,#2844);
#2843 = CARTESIAN_POINT('',(-4.138911435803E-13,-29.5));
#2844 = VECTOR('',#2845,1.);
#2845 = DIRECTION('',(1.,-0.));
#2846 = ( GEOMETRIC_REPRESENTATION_CONTEXT(2) 
PARAMETRIC_REPRESENTATION_CONTEXT() REPRESENTATION_CONTEXT('2D SPACE',''
  ) );
#2847 = ADVANCED_FACE('',(#2848,#2923),#652,.F.);
#2848 = FACE_BOUND('',#2849,.F.);
#2849 = EDGE_LOOP('',(#2850,#2873,#2874,#2897));
#2850 = ORIENTED_EDGE('',*,*,#2851,.F.);
#2851 = EDGE_CURVE('',#635,#2852,#2854,.T.);
#2852 = VERTEX_POINT('',#2853);
#2853 = CARTESIAN_POINT('',(-30.5,68.5,30.));
#2854 = SURFACE_CURVE('',#2855,(#2859,#2866),.PCURVE_S1.);
#2855 = LINE('',#2856,#2857);
#2856 = CARTESIAN_POINT('',(-30.5,68.5,10.));
#2857 = VECTOR('',#2858,1.);
#2858 = DIRECTION('',(0.,0.,1.));
#2859 = PCURVE('',#652,#2860);
#2860 = DEFINITIONAL_REPRESENTATION('',(#2861),#2865);
#2861 = LINE('',#2862,#2863);
#2862 = CARTESIAN_POINT('',(0.,15.));
#2863 = VECTOR('',#2864,1.);
#2864 = DIRECTION('',(1.,0.));
#2865 = ( GEOMETRIC_REPRESENTATION_CONTEXT(2) 
PARAMETRIC_REPRESENTATION_CONTEXT() REPRESENTATION_CONTEXT('2D SPACE',''
  ) );
#2866 = PCURVE('',#734,#2867);
#2867 = DEFINITIONAL_REPRESENTATION('',(#2868),#2872);
#2868 = LINE('',#2869,#2870);
#2869 = CARTESIAN_POINT('',(0.,0.));
#2870 = VECTOR('',#2871,1.);
#2871 = DIRECTION('',(1.,0.));
#2872 = ( GEOMETRIC_REPRESENTATION_CONTEXT(2) 
PARAMETRIC_REPRESENTATION_CONTEXT() REPRESENTATION_CONTEXT('2D SPACE',''
  ) );
#2873 = ORIENTED_EDGE('',*,*,#634,.T.);
#2874 = ORIENTED_EDGE('',*,*,#2875,.T.);
#2875 = EDGE_CURVE('',#637,#2876,#2878,.T.);
#2876 = VERTEX_POINT('',#2877);
#2877 = CARTESIAN_POINT('',(-45.5,68.5,30.));
#2878 = SURFACE_CURVE('',#2879,(#2883,#2890),.PCURVE_S1.);
#2879 = LINE('',#2880,#2881);
#2880 = CARTESIAN_POINT('',(-45.5,68.5,10.));
#2881 = VECTOR('',#2882,1.);
#2882 = DIRECTION('',(0.,0.,1.));
#2883 = PCURVE('',#652,#2884);
#2884 = DEFINITIONAL_REPRESENTATION('',(#2885),#2889);
#2885 = LINE('',#2886,#2887);
#2886 = CARTESIAN_POINT('',(0.,0.));
#2887 = VECTOR('',#2888,1.);
#2888 = DIRECTION('',(1.,0.));
#2889 = ( GEOMETRIC_REPRESENTATION_CONTEXT(2) 
PARAMETRIC_REPRESENTATION_CONTEXT() REPRESENTATION_CONTEXT('2D SPACE',''
  ) );
#2890 = PCURVE('',#680,#2891);
#2891 = DEFINITIONAL_REPRESENTATION('',(#2892),#2896);
#2892 = LINE('',#2893,#2894);
#2893 = CARTESIAN_POINT('',(0.,0.));
#2894 = VECTOR('',#2895,1.);
#2895 = DIRECTION('',(1.,0.));
#2896 = ( GEOMETRIC_REPRESENTATION_CONTEXT(2) 
PARAMETRIC_REPRESENTATION_CONTEXT() REPRESENTATION_CONTEXT('2D SPACE',''
  ) );
#2897 = ORIENTED_EDGE('',*,*,#2898,.T.);
#2898 = EDGE_CURVE('',#2876,#2852,#2899,.T.);
#2899 = SURFACE_CURVE('',#2900,(#2904,#2911),.PCURVE_S1.);
#2900 = LINE('',#2901,#2902);
#2901 = CARTESIAN_POINT('',(-45.5,68.5,30.));
#2902 = VECTOR('',#2903,1.);
#2903 = DIRECTION('',(1.,0.,0.));
#2904 = PCURVE('',#652,#2905);
#2905 = DEFINITIONAL_REPRESENTATION('',(#2906),#2910);
#2906 = LINE('',#2907,#2908);
#2907 = CARTESIAN_POINT('',(20.,0.));
#2908 = VECTOR('',#2909,1.);
#2909 = DIRECTION('',(0.,1.));
#2910 = ( GEOMETRIC_REPRESENTATION_CONTEXT(2) 
PARAMETRIC_REPRESENTATION_CONTEXT() REPRESENTATION_CONTEXT('2D SPACE',''
  ) );
#2911 = PCURVE('',#2912,#2917);
#2912 = PLANE('',#2913);
#2913 = AXIS2_PLACEMENT_3D('',#2914,#2915,#2916);
#2914 = CARTESIAN_POINT('',(-45.5,68.5,30.));
#2915 = DIRECTION('',(0.,0.,1.));
#2916 = DIRECTION('',(1.,0.,-0.));
#2917 = DEFINITIONAL_REPRESENTATION('',(#2918),#2922);
#2918 = LINE('',#2919,#2920);
#2919 = CARTESIAN_POINT('',(0.,0.));
#2920 = VECTOR('',#2921,1.);
#2921 = DIRECTION('',(1.,0.));
#2922 = ( GEOMETRIC_REPRESENTATION_CONTEXT(2) 
PARAMETRIC_REPRESENTATION_CONTEXT() REPRESENTATION_CONTEXT('2D SPACE',''
  ) );
#2923 = FACE_BOUND('',#2924,.F.);
#2924 = EDGE_LOOP('',(#2925));
#2925 = ORIENTED_EDGE('',*,*,#2926,.F.);
#2926 = EDGE_CURVE('',#2927,#2927,#2929,.T.);
#2927 = VERTEX_POINT('',#2928);
#2928 = CARTESIAN_POINT('',(-36.3,68.5,27.));
#2929 = SURFACE_CURVE('',#2930,(#2935,#2942),.PCURVE_S1.);
#2930 = CIRCLE('',#2931,1.7);
#2931 = AXIS2_PLACEMENT_3D('',#2932,#2933,#2934);
#2932 = CARTESIAN_POINT('',(-38.,68.5,27.));
#2933 = DIRECTION('',(-0.,1.,0.));
#2934 = DIRECTION('',(1.,0.,0.));
#2935 = PCURVE('',#652,#2936);
#2936 = DEFINITIONAL_REPRESENTATION('',(#2937),#2941);
#2937 = CIRCLE('',#2938,1.7);
#2938 = AXIS2_PLACEMENT_2D('',#2939,#2940);
#2939 = CARTESIAN_POINT('',(17.,7.5));
#2940 = DIRECTION('',(0.,1.));
#2941 = ( GEOMETRIC_REPRESENTATION_CONTEXT(2) 
PARAMETRIC_REPRESENTATION_CONTEXT() REPRESENTATION_CONTEXT('2D SPACE',''
  ) );
#2942 = PCURVE('',#2943,#2948);
#2943 = CYLINDRICAL_SURFACE('',#2944,1.7);
#2944 = AXIS2_PLACEMENT_3D('',#2945,#2946,#2947);
#2945 = CARTESIAN_POINT('',(-38.,79.,27.));
#2946 = DIRECTION('',(-0.,1.,-0.));
#2947 = DIRECTION('',(1.,0.,0.));
#2948 = DEFINITIONAL_REPRESENTATION('',(#2949),#2953);
#2949 = LINE('',#2950,#2951);
#2950 = CARTESIAN_POINT('',(-4.138911435803E-13,-10.5));
#2951 = VECTOR('',#2952,1.);
#2952 = DIRECTION('',(1.,-0.));
#2953 = ( GEOMETRIC_REPRESENTATION_CONTEXT(2) 
PARAMETRIC_REPRESENTATION_CONTEXT() REPRESENTATION_CONTEXT('2D SPACE',''
  ) );
#2954 = ADVANCED_FACE('',(#2955),#734,.T.);
#2955 = FACE_BOUND('',#2956,.T.);
#2956 = EDGE_LOOP('',(#2957,#2958,#2959,#2982));
#2957 = ORIENTED_EDGE('',*,*,#2851,.F.);
#2958 = ORIENTED_EDGE('',*,*,#720,.T.);
#2959 = ORIENTED_EDGE('',*,*,#2960,.T.);
#2960 = EDGE_CURVE('',#693,#2961,#2963,.T.);
#2961 = VERTEX_POINT('',#2962);
#2962 = CARTESIAN_POINT('',(-30.5,73.5,30.));
#2963 = SURFACE_CURVE('',#2964,(#2968,#2975),.PCURVE_S1.);
#2964 = LINE('',#2965,#2966);
#2965 = CARTESIAN_POINT('',(-30.5,73.5,10.));
#2966 = VECTOR('',#2967,1.);
#2967 = DIRECTION('',(0.,0.,1.));
#2968 = PCURVE('',#734,#2969);
#2969 = DEFINITIONAL_REPRESENTATION('',(#2970),#2974);
#2970 = LINE('',#2971,#2972);
#2971 = CARTESIAN_POINT('',(0.,-5.));
#2972 = VECTOR('',#2973,1.);
#2973 = DIRECTION('',(1.,0.));
#2974 = ( GEOMETRIC_REPRESENTATION_CONTEXT(2) 
PARAMETRIC_REPRESENTATION_CONTEXT() REPRESENTATION_CONTEXT('2D SPACE',''
  ) );
#2975 = PCURVE('',#708,#2976);
#2976 = DEFINITIONAL_REPRESENTATION('',(#2977),#2981);
#2977 = LINE('',#2978,#2979);
#2978 = CARTESIAN_POINT('',(0.,15.));
#2979 = VECTOR('',#2980,1.);
#2980 = DIRECTION('',(1.,0.));
#2981 = ( GEOMETRIC_REPRESENTATION_CONTEXT(2) 
PARAMETRIC_REPRESENTATION_CONTEXT() REPRESENTATION_CONTEXT('2D SPACE',''
  ) );
#2982 = ORIENTED_EDGE('',*,*,#2983,.F.);
#2983 = EDGE_CURVE('',#2852,#2961,#2984,.T.);
#2984 = SURFACE_CURVE('',#2985,(#2989,#2996),.PCURVE_S1.);
#2985 = LINE('',#2986,#2987);
#2986 = CARTESIAN_POINT('',(-30.5,68.5,30.));
#2987 = VECTOR('',#2988,1.);
#2988 = DIRECTION('',(0.,1.,0.));
#2989 = PCURVE('',#734,#2990);
#2990 = DEFINITIONAL_REPRESENTATION('',(#2991),#2995);
#2991 = LINE('',#2992,#2993);
#2992 = CARTESIAN_POINT('',(20.,0.));
#2993 = VECTOR('',#2994,1.);
#2994 = DIRECTION('',(0.,-1.));
#2995 = ( GEOMETRIC_REPRESENTATION_CONTEXT(2) 
PARAMETRIC_REPRESENTATION_CONTEXT() REPRESENTATION_CONTEXT('2D SPACE',''
  ) );
#2996 = PCURVE('',#2912,#2997);
#2997 = DEFINITIONAL_REPRESENTATION('',(#2998),#3002);
#2998 = LINE('',#2999,#3000);
#2999 = CARTESIAN_POINT('',(15.,0.));
#3000 = VECTOR('',#3001,1.);
#3001 = DIRECTION('',(0.,1.));
#3002 = ( GEOMETRIC_REPRESENTATION_CONTEXT(2) 
PARAMETRIC_REPRESENTATION_CONTEXT() REPRESENTATION_CONTEXT('2D SPACE',''
  ) );
#3003 = ADVANCED_FACE('',(#3004),#680,.F.);
#3004 = FACE_BOUND('',#3005,.F.);
#3005 = EDGE_LOOP('',(#3006,#3007,#3008,#3031));
#3006 = ORIENTED_EDGE('',*,*,#2875,.F.);
#3007 = ORIENTED_EDGE('',*,*,#664,.T.);
#3008 = ORIENTED_EDGE('',*,*,#3009,.T.);
#3009 = EDGE_CURVE('',#665,#3010,#3012,.T.);
#3010 = VERTEX_POINT('',#3011);
#3011 = CARTESIAN_POINT('',(-45.5,73.5,30.));
#3012 = SURFACE_CURVE('',#3013,(#3017,#3024),.PCURVE_S1.);
#3013 = LINE('',#3014,#3015);
#3014 = CARTESIAN_POINT('',(-45.5,73.5,10.));
#3015 = VECTOR('',#3016,1.);
#3016 = DIRECTION('',(0.,0.,1.));
#3017 = PCURVE('',#680,#3018);
#3018 = DEFINITIONAL_REPRESENTATION('',(#3019),#3023);
#3019 = LINE('',#3020,#3021);
#3020 = CARTESIAN_POINT('',(0.,-5.));
#3021 = VECTOR('',#3022,1.);
#3022 = DIRECTION('',(1.,0.));
#3023 = ( GEOMETRIC_REPRESENTATION_CONTEXT(2) 
PARAMETRIC_REPRESENTATION_CONTEXT() REPRESENTATION_CONTEXT('2D SPACE',''
  ) );
#3024 = PCURVE('',#708,#3025);
#3025 = DEFINITIONAL_REPRESENTATION('',(#3026),#3030);
#3026 = LINE('',#3027,#3028);
#3027 = CARTESIAN_POINT('',(0.,0.));
#3028 = VECTOR('',#3029,1.);
#3029 = DIRECTION('',(1.,0.));
#3030 = ( GEOMETRIC_REPRESENTATION_CONTEXT(2) 
PARAMETRIC_REPRESENTATION_CONTEXT() REPRESENTATION_CONTEXT('2D SPACE',''
  ) );
#3031 = ORIENTED_EDGE('',*,*,#3032,.F.);
#3032 = EDGE_CURVE('',#2876,#3010,#3033,.T.);
#3033 = SURFACE_CURVE('',#3034,(#3038,#3045),.PCURVE_S1.);
#3034 = LINE('',#3035,#3036);
#3035 = CARTESIAN_POINT('',(-45.5,68.5,30.));
#3036 = VECTOR('',#3037,1.);
#3037 = DIRECTION('',(0.,1.,0.));
#3038 = PCURVE('',#680,#3039);
#3039 = DEFINITIONAL_REPRESENTATION('',(#3040),#3044);
#3040 = LINE('',#3041,#3042);
#3041 = CARTESIAN_POINT('',(20.,0.));
#3042 = VECTOR('',#3043,1.);
#3043 = DIRECTION('',(0.,-1.));
#3044 = ( GEOMETRIC_REPRESENTATION_CONTEXT(2) 
PARAMETRIC_REPRESENTATION_CONTEXT() REPRESENTATION_CONTEXT('2D SPACE',''
  ) );
#3045 = PCURVE('',#2912,#3046);
#3046 = DEFINITIONAL_REPRESENTATION('',(#3047),#3051);
#3047 = LINE('',#3048,#3049);
#3048 = CARTESIAN_POINT('',(0.,0.));
#3049 = VECTOR('',#3050,1.);
#3050 = DIRECTION('',(0.,1.));
#3051 = ( GEOMETRIC_REPRESENTATION_CONTEXT(2) 
PARAMETRIC_REPRESENTATION_CONTEXT() REPRESENTATION_CONTEXT('2D SPACE',''
  ) );
#3052 = ADVANCED_FACE('',(#3053,#3079),#708,.T.);
#3053 = FACE_BOUND('',#3054,.T.);
#3054 = EDGE_LOOP('',(#3055,#3056,#3057,#3058));
#3055 = ORIENTED_EDGE('',*,*,#2960,.F.);
#3056 = ORIENTED_EDGE('',*,*,#692,.T.);
#3057 = ORIENTED_EDGE('',*,*,#3009,.T.);
#3058 = ORIENTED_EDGE('',*,*,#3059,.T.);
#3059 = EDGE_CURVE('',#3010,#2961,#3060,.T.);
#3060 = SURFACE_CURVE('',#3061,(#3065,#3072),.PCURVE_S1.);
#3061 = LINE('',#3062,#3063);
#3062 = CARTESIAN_POINT('',(-45.5,73.5,30.));
#3063 = VECTOR('',#3064,1.);
#3064 = DIRECTION('',(1.,0.,0.));
#3065 = PCURVE('',#708,#3066);
#3066 = DEFINITIONAL_REPRESENTATION('',(#3067),#3071);
#3067 = LINE('',#3068,#3069);
#3068 = CARTESIAN_POINT('',(20.,0.));
#3069 = VECTOR('',#3070,1.);
#3070 = DIRECTION('',(0.,1.));
#3071 = ( GEOMETRIC_REPRESENTATION_CONTEXT(2) 
PARAMETRIC_REPRESENTATION_CONTEXT() REPRESENTATION_CONTEXT('2D SPACE',''
  ) );
#3072 = PCURVE('',#2912,#3073);
#3073 = DEFINITIONAL_REPRESENTATION('',(#3074),#3078);
#3074 = LINE('',#3075,#3076);
#3075 = CARTESIAN_POINT('',(0.,5.));
#3076 = VECTOR('',#3077,1.);
#3077 = DIRECTION('',(1.,0.));
#3078 = ( GEOMETRIC_REPRESENTATION_CONTEXT(2) 
PARAMETRIC_REPRESENTATION_CONTEXT() REPRESENTATION_CONTEXT('2D SPACE',''
  ) );
#3079 = FACE_BOUND('',#3080,.T.);
#3080 = EDGE_LOOP('',(#3081));
#3081 = ORIENTED_EDGE('',*,*,#3082,.F.);
#3082 = EDGE_CURVE('',#3083,#3083,#3085,.T.);
#3083 = VERTEX_POINT('',#3084);
#3084 = CARTESIAN_POINT('',(-36.3,73.5,27.));
#3085 = SURFACE_CURVE('',#3086,(#3091,#3098),.PCURVE_S1.);
#3086 = CIRCLE('',#3087,1.7);
#3087 = AXIS2_PLACEMENT_3D('',#3088,#3089,#3090);
#3088 = CARTESIAN_POINT('',(-38.,73.5,27.));
#3089 = DIRECTION('',(-0.,1.,0.));
#3090 = DIRECTION('',(1.,0.,0.));
#3091 = PCURVE('',#708,#3092);
#3092 = DEFINITIONAL_REPRESENTATION('',(#3093),#3097);
#3093 = CIRCLE('',#3094,1.7);
#3094 = AXIS2_PLACEMENT_2D('',#3095,#3096);
#3095 = CARTESIAN_POINT('',(17.,7.5));
#3096 = DIRECTION('',(0.,1.));
#3097 = ( GEOMETRIC_REPRESENTATION_CONTEXT(2) 
PARAMETRIC_REPRESENTATION_CONTEXT() REPRESENTATION_CONTEXT('2D SPACE',''
  ) );
#3098 = PCURVE('',#2943,#3099);
#3099 = DEFINITIONAL_REPRESENTATION('',(#3100),#3104);
#3100 = LINE('',#3101,#3102);
#3101 = CARTESIAN_POINT('',(-4.138911435803E-13,-5.5));
#3102 = VECTOR('',#3103,1.);
#3103 = DIRECTION('',(1.,-0.));
#3104 = ( GEOMETRIC_REPRESENTATION_CONTEXT(2) 
PARAMETRIC_REPRESENTATION_CONTEXT() REPRESENTATION_CONTEXT('2D SPACE',''
  ) );
#3105 = ADVANCED_FACE('',(#3106),#1093,.T.);
#3106 = FACE_BOUND('',#3107,.T.);
#3107 = EDGE_LOOP('',(#3108,#3131,#3132,#3155));
#3108 = ORIENTED_EDGE('',*,*,#3109,.F.);
#3109 = EDGE_CURVE('',#1076,#3110,#3112,.T.);
#3110 = VERTEX_POINT('',#3111);
#3111 = CARTESIAN_POINT('',(-1.5,45.5,10.));
#3112 = SURFACE_CURVE('',#3113,(#3117,#3124),.PCURVE_S1.);
#3113 = LINE('',#3114,#3115);
#3114 = CARTESIAN_POINT('',(-1.5,45.5,3.));
#3115 = VECTOR('',#3116,1.);
#3116 = DIRECTION('',(0.,0.,1.));
#3117 = PCURVE('',#1093,#3118);
#3118 = DEFINITIONAL_REPRESENTATION('',(#3119),#3123);
#3119 = LINE('',#3120,#3121);
#3120 = CARTESIAN_POINT('',(0.,53.));
#3121 = VECTOR('',#3122,1.);
#3122 = DIRECTION('',(1.,0.));
#3123 = ( GEOMETRIC_REPRESENTATION_CONTEXT(2) 
PARAMETRIC_REPRESENTATION_CONTEXT() REPRESENTATION_CONTEXT('2D SPACE',''
  ) );
#3124 = PCURVE('',#1175,#3125);
#3125 = DEFINITIONAL_REPRESENTATION('',(#3126),#3130);
#3126 = LINE('',#3127,#3128);
#3127 = CARTESIAN_POINT('',(0.,0.));
#3128 = VECTOR('',#3129,1.);
#3129 = DIRECTION('',(1.,0.));
#3130 = ( GEOMETRIC_REPRESENTATION_CONTEXT(2) 
PARAMETRIC_REPRESENTATION_CONTEXT() REPRESENTATION_CONTEXT('2D SPACE',''
  ) );
#3131 = ORIENTED_EDGE('',*,*,#1075,.T.);
#3132 = ORIENTED_EDGE('',*,*,#3133,.T.);
#3133 = EDGE_CURVE('',#1078,#3134,#3136,.T.);
#3134 = VERTEX_POINT('',#3135);
#3135 = CARTESIAN_POINT('',(-54.5,45.5,10.));
#3136 = SURFACE_CURVE('',#3137,(#3141,#3148),.PCURVE_S1.);
#3137 = LINE('',#3138,#3139);
#3138 = CARTESIAN_POINT('',(-54.5,45.5,3.));
#3139 = VECTOR('',#3140,1.);
#3140 = DIRECTION('',(0.,0.,1.));
#3141 = PCURVE('',#1093,#3142);
#3142 = DEFINITIONAL_REPRESENTATION('',(#3143),#3147);
#3143 = LINE('',#3144,#3145);
#3144 = CARTESIAN_POINT('',(0.,0.));
#3145 = VECTOR('',#3146,1.);
#3146 = DIRECTION('',(1.,0.));
#3147 = ( GEOMETRIC_REPRESENTATION_CONTEXT(2) 
PARAMETRIC_REPRESENTATION_CONTEXT() REPRESENTATION_CONTEXT('2D SPACE',''
  ) );
#3148 = PCURVE('',#1121,#3149);
#3149 = DEFINITIONAL_REPRESENTATION('',(#3150),#3154);
#3150 = LINE('',#3151,#3152);
#3151 = CARTESIAN_POINT('',(0.,0.));
#3152 = VECTOR('',#3153,1.);
#3153 = DIRECTION('',(1.,0.));
#3154 = ( GEOMETRIC_REPRESENTATION_CONTEXT(2) 
PARAMETRIC_REPRESENTATION_CONTEXT() REPRESENTATION_CONTEXT('2D SPACE',''
  ) );
#3155 = ORIENTED_EDGE('',*,*,#3156,.T.);
#3156 = EDGE_CURVE('',#3134,#3110,#3157,.T.);
#3157 = SURFACE_CURVE('',#3158,(#3162,#3169),.PCURVE_S1.);
#3158 = LINE('',#3159,#3160);
#3159 = CARTESIAN_POINT('',(-54.5,45.5,10.));
#3160 = VECTOR('',#3161,1.);
#3161 = DIRECTION('',(1.,0.,0.));
#3162 = PCURVE('',#1093,#3163);
#3163 = DEFINITIONAL_REPRESENTATION('',(#3164),#3168);
#3164 = LINE('',#3165,#3166);
#3165 = CARTESIAN_POINT('',(7.,0.));
#3166 = VECTOR('',#3167,1.);
#3167 = DIRECTION('',(0.,1.));
#3168 = ( GEOMETRIC_REPRESENTATION_CONTEXT(2) 
PARAMETRIC_REPRESENTATION_CONTEXT() REPRESENTATION_CONTEXT('2D SPACE',''
  ) );
#3169 = PCURVE('',#3170,#3175);
#3170 = PLANE('',#3171);
#3171 = AXIS2_PLACEMENT_3D('',#3172,#3173,#3174);
#3172 = CARTESIAN_POINT('',(-54.5,45.5,10.));
#3173 = DIRECTION('',(0.,0.,1.));
#3174 = DIRECTION('',(1.,0.,-0.));
#3175 = DEFINITIONAL_REPRESENTATION('',(#3176),#3180);
#3176 = LINE('',#3177,#3178);
#3177 = CARTESIAN_POINT('',(0.,0.));
#3178 = VECTOR('',#3179,1.);
#3179 = DIRECTION('',(1.,0.));
#3180 = ( GEOMETRIC_REPRESENTATION_CONTEXT(2) 
PARAMETRIC_REPRESENTATION_CONTEXT() REPRESENTATION_CONTEXT('2D SPACE',''
  ) );
#3181 = ADVANCED_FACE('',(#3182),#1175,.F.);
#3182 = FACE_BOUND('',#3183,.F.);
#3183 = EDGE_LOOP('',(#3184,#3185,#3186,#3209));
#3184 = ORIENTED_EDGE('',*,*,#3109,.F.);
#3185 = ORIENTED_EDGE('',*,*,#1161,.T.);
#3186 = ORIENTED_EDGE('',*,*,#3187,.T.);
#3187 = EDGE_CURVE('',#1134,#3188,#3190,.T.);
#3188 = VERTEX_POINT('',#3189);
#3189 = CARTESIAN_POINT('',(-1.5,72.5,10.));
#3190 = SURFACE_CURVE('',#3191,(#3195,#3202),.PCURVE_S1.);
#3191 = LINE('',#3192,#3193);
#3192 = CARTESIAN_POINT('',(-1.5,72.5,3.));
#3193 = VECTOR('',#3194,1.);
#3194 = DIRECTION('',(0.,0.,1.));
#3195 = PCURVE('',#1175,#3196);
#3196 = DEFINITIONAL_REPRESENTATION('',(#3197),#3201);
#3197 = LINE('',#3198,#3199);
#3198 = CARTESIAN_POINT('',(0.,-27.));
#3199 = VECTOR('',#3200,1.);
#3200 = DIRECTION('',(1.,0.));
#3201 = ( GEOMETRIC_REPRESENTATION_CONTEXT(2) 
PARAMETRIC_REPRESENTATION_CONTEXT() REPRESENTATION_CONTEXT('2D SPACE',''
  ) );
#3202 = PCURVE('',#1149,#3203);
#3203 = DEFINITIONAL_REPRESENTATION('',(#3204),#3208);
#3204 = LINE('',#3205,#3206);
#3205 = CARTESIAN_POINT('',(0.,53.));
#3206 = VECTOR('',#3207,1.);
#3207 = DIRECTION('',(1.,0.));
#3208 = ( GEOMETRIC_REPRESENTATION_CONTEXT(2) 
PARAMETRIC_REPRESENTATION_CONTEXT() REPRESENTATION_CONTEXT('2D SPACE',''
  ) );
#3209 = ORIENTED_EDGE('',*,*,#3210,.F.);
#3210 = EDGE_CURVE('',#3110,#3188,#3211,.T.);
#3211 = SURFACE_CURVE('',#3212,(#3216,#3223),.PCURVE_S1.);
#3212 = LINE('',#3213,#3214);
#3213 = CARTESIAN_POINT('',(-1.5,45.5,10.));
#3214 = VECTOR('',#3215,1.);
#3215 = DIRECTION('',(0.,1.,0.));
#3216 = PCURVE('',#1175,#3217);
#3217 = DEFINITIONAL_REPRESENTATION('',(#3218),#3222);
#3218 = LINE('',#3219,#3220);
#3219 = CARTESIAN_POINT('',(7.,0.));
#3220 = VECTOR('',#3221,1.);
#3221 = DIRECTION('',(0.,-1.));
#3222 = ( GEOMETRIC_REPRESENTATION_CONTEXT(2) 
PARAMETRIC_REPRESENTATION_CONTEXT() REPRESENTATION_CONTEXT('2D SPACE',''
  ) );
#3223 = PCURVE('',#3170,#3224);
#3224 = DEFINITIONAL_REPRESENTATION('',(#3225),#3229);
#3225 = LINE('',#3226,#3227);
#3226 = CARTESIAN_POINT('',(53.,0.));
#3227 = VECTOR('',#3228,1.);
#3228 = DIRECTION('',(0.,1.));
#3229 = ( GEOMETRIC_REPRESENTATION_CONTEXT(2) 
PARAMETRIC_REPRESENTATION_CONTEXT() REPRESENTATION_CONTEXT('2D SPACE',''
  ) );
#3230 = ADVANCED_FACE('',(#3231),#1149,.F.);
#3231 = FACE_BOUND('',#3232,.F.);
#3232 = EDGE_LOOP('',(#3233,#3234,#3235,#3258));
#3233 = ORIENTED_EDGE('',*,*,#3187,.F.);
#3234 = ORIENTED_EDGE('',*,*,#1133,.T.);
#3235 = ORIENTED_EDGE('',*,*,#3236,.T.);
#3236 = EDGE_CURVE('',#1106,#3237,#3239,.T.);
#3237 = VERTEX_POINT('',#3238);
#3238 = CARTESIAN_POINT('',(-54.5,72.5,10.));
#3239 = SURFACE_CURVE('',#3240,(#3244,#3251),.PCURVE_S1.);
#3240 = LINE('',#3241,#3242);
#3241 = CARTESIAN_POINT('',(-54.5,72.5,3.));
#3242 = VECTOR('',#3243,1.);
#3243 = DIRECTION('',(0.,0.,1.));
#3244 = PCURVE('',#1149,#3245);
#3245 = DEFINITIONAL_REPRESENTATION('',(#3246),#3250);
#3246 = LINE('',#3247,#3248);
#3247 = CARTESIAN_POINT('',(0.,0.));
#3248 = VECTOR('',#3249,1.);
#3249 = DIRECTION('',(1.,0.));
#3250 = ( GEOMETRIC_REPRESENTATION_CONTEXT(2) 
PARAMETRIC_REPRESENTATION_CONTEXT() REPRESENTATION_CONTEXT('2D SPACE',''
  ) );
#3251 = PCURVE('',#1121,#3252);
#3252 = DEFINITIONAL_REPRESENTATION('',(#3253),#3257);
#3253 = LINE('',#3254,#3255);
#3254 = CARTESIAN_POINT('',(0.,-27.));
#3255 = VECTOR('',#3256,1.);
#3256 = DIRECTION('',(1.,0.));
#3257 = ( GEOMETRIC_REPRESENTATION_CONTEXT(2) 
PARAMETRIC_REPRESENTATION_CONTEXT() REPRESENTATION_CONTEXT('2D SPACE',''
  ) );
#3258 = ORIENTED_EDGE('',*,*,#3259,.F.);
#3259 = EDGE_CURVE('',#3188,#3237,#3260,.T.);
#3260 = SURFACE_CURVE('',#3261,(#3265,#3272),.PCURVE_S1.);
#3261 = LINE('',#3262,#3263);
#3262 = CARTESIAN_POINT('',(-1.5,72.5,10.));
#3263 = VECTOR('',#3264,1.);
#3264 = DIRECTION('',(-1.,0.,0.));
#3265 = PCURVE('',#1149,#3266);
#3266 = DEFINITIONAL_REPRESENTATION('',(#3267),#3271);
#3267 = LINE('',#3268,#3269);
#3268 = CARTESIAN_POINT('',(7.,53.));
#3269 = VECTOR('',#3270,1.);
#3270 = DIRECTION('',(0.,-1.));
#3271 = ( GEOMETRIC_REPRESENTATION_CONTEXT(2) 
PARAMETRIC_REPRESENTATION_CONTEXT() REPRESENTATION_CONTEXT('2D SPACE',''
  ) );
#3272 = PCURVE('',#3170,#3273);
#3273 = DEFINITIONAL_REPRESENTATION('',(#3274),#3278);
#3274 = LINE('',#3275,#3276);
#3275 = CARTESIAN_POINT('',(53.,27.));
#3276 = VECTOR('',#3277,1.);
#3277 = DIRECTION('',(-1.,0.));
#3278 = ( GEOMETRIC_REPRESENTATION_CONTEXT(2) 
PARAMETRIC_REPRESENTATION_CONTEXT() REPRESENTATION_CONTEXT('2D SPACE',''
  ) );
#3279 = ADVANCED_FACE('',(#3280),#1121,.T.);
#3280 = FACE_BOUND('',#3281,.T.);
#3281 = EDGE_LOOP('',(#3282,#3283,#3284,#3285));
#3282 = ORIENTED_EDGE('',*,*,#3133,.F.);
#3283 = ORIENTED_EDGE('',*,*,#1105,.T.);
#3284 = ORIENTED_EDGE('',*,*,#3236,.T.);
#3285 = ORIENTED_EDGE('',*,*,#3286,.F.);
#3286 = EDGE_CURVE('',#3134,#3237,#3287,.T.);
#3287 = SURFACE_CURVE('',#3288,(#3292,#3299),.PCURVE_S1.);
#3288 = LINE('',#3289,#3290);
#3289 = CARTESIAN_POINT('',(-54.5,45.5,10.));
#3290 = VECTOR('',#3291,1.);
#3291 = DIRECTION('',(0.,1.,0.));
#3292 = PCURVE('',#1121,#3293);
#3293 = DEFINITIONAL_REPRESENTATION('',(#3294),#3298);
#3294 = LINE('',#3295,#3296);
#3295 = CARTESIAN_POINT('',(7.,0.));
#3296 = VECTOR('',#3297,1.);
#3297 = DIRECTION('',(0.,-1.));
#3298 = ( GEOMETRIC_REPRESENTATION_CONTEXT(2) 
PARAMETRIC_REPRESENTATION_CONTEXT() REPRESENTATION_CONTEXT('2D SPACE',''
  ) );
#3299 = PCURVE('',#3170,#3300);
#3300 = DEFINITIONAL_REPRESENTATION('',(#3301),#3305);
#3301 = LINE('',#3302,#3303);
#3302 = CARTESIAN_POINT('',(0.,0.));
#3303 = VECTOR('',#3304,1.);
#3304 = DIRECTION('',(0.,1.));
#3305 = ( GEOMETRIC_REPRESENTATION_CONTEXT(2) 
PARAMETRIC_REPRESENTATION_CONTEXT() REPRESENTATION_CONTEXT('2D SPACE',''
  ) );
#3306 = ADVANCED_FACE('',(#3307),#1360,.T.);
#3307 = FACE_BOUND('',#3308,.T.);
#3308 = EDGE_LOOP('',(#3309,#3331,#3332,#3354));
#3309 = ORIENTED_EDGE('',*,*,#3310,.F.);
#3310 = EDGE_CURVE('',#1307,#3311,#3313,.T.);
#3311 = VERTEX_POINT('',#3312);
#3312 = CARTESIAN_POINT('',(16.,71.,8.));
#3313 = SURFACE_CURVE('',#3314,(#3317,#3324),.PCURVE_S1.);
#3314 = B_SPLINE_CURVE_WITH_KNOTS('',1,(#3315,#3316),.UNSPECIFIED.,.F.,
  .F.,(2,2),(0.,1.),.PIECEWISE_BEZIER_KNOTS.);
#3315 = CARTESIAN_POINT('',(0.,73.,10.));
#3316 = CARTESIAN_POINT('',(16.,71.,8.));
#3317 = PCURVE('',#1360,#3318);
#3318 = DEFINITIONAL_REPRESENTATION('',(#3319),#3323);
#3319 = LINE('',#3320,#3321);
#3320 = CARTESIAN_POINT('',(4.712388980385,0.));
#3321 = VECTOR('',#3322,1.);
#3322 = DIRECTION('',(0.,1.));
#3323 = ( GEOMETRIC_REPRESENTATION_CONTEXT(2) 
PARAMETRIC_REPRESENTATION_CONTEXT() REPRESENTATION_CONTEXT('2D SPACE',''
  ) );
#3324 = PCURVE('',#1597,#3325);
#3325 = DEFINITIONAL_REPRESENTATION('',(#3326),#3330);
#3326 = LINE('',#3327,#3328);
#3327 = CARTESIAN_POINT('',(4.712388980385,0.));
#3328 = VECTOR('',#3329,1.);
#3329 = DIRECTION('',(0.,1.));
#3330 = ( GEOMETRIC_REPRESENTATION_CONTEXT(2) 
PARAMETRIC_REPRESENTATION_CONTEXT() REPRESENTATION_CONTEXT('2D SPACE',''
  ) );
#3331 = ORIENTED_EDGE('',*,*,#1304,.F.);
#3332 = ORIENTED_EDGE('',*,*,#3333,.T.);
#3333 = EDGE_CURVE('',#1305,#3334,#3336,.T.);
#3334 = VERTEX_POINT('',#3335);
#3335 = CARTESIAN_POINT('',(16.,69.,10.));
#3336 = SURFACE_CURVE('',#3337,(#3340,#3347),.PCURVE_S1.);
#3337 = B_SPLINE_CURVE_WITH_KNOTS('',1,(#3338,#3339),.UNSPECIFIED.,.F.,
  .F.,(2,2),(0.,1.),.PIECEWISE_BEZIER_KNOTS.);
#3338 = CARTESIAN_POINT('',(0.,69.,15.));
#3339 = CARTESIAN_POINT('',(16.,69.,10.));
#3340 = PCURVE('',#1360,#3341);
#3341 = DEFINITIONAL_REPRESENTATION('',(#3342),#3346);
#3342 = LINE('',#3343,#3344);
#3343 = CARTESIAN_POINT('',(6.28318530718,0.));
#3344 = VECTOR('',#3345,1.);
#3345 = DIRECTION('',(0.,1.));
#3346 = ( GEOMETRIC_REPRESENTATION_CONTEXT(2) 
PARAMETRIC_REPRESENTATION_CONTEXT() REPRESENTATION_CONTEXT('2D SPACE',''
  ) );
#3347 = PCURVE('',#1597,#3348);
#3348 = DEFINITIONAL_REPRESENTATION('',(#3349),#3353);
#3349 = LINE('',#3350,#3351);
#3350 = CARTESIAN_POINT('',(0.,0.));
#3351 = VECTOR('',#3352,1.);
#3352 = DIRECTION('',(0.,1.));
#3353 = ( GEOMETRIC_REPRESENTATION_CONTEXT(2) 
PARAMETRIC_REPRESENTATION_CONTEXT() REPRESENTATION_CONTEXT('2D SPACE',''
  ) );
#3354 = ORIENTED_EDGE('',*,*,#3355,.F.);
#3355 = EDGE_CURVE('',#3311,#3334,#3356,.T.);
#3356 = SURFACE_CURVE('',#3357,(#3362,#3369),.PCURVE_S1.);
#3357 = ELLIPSE('',#3358,2.,2.);
#3358 = AXIS2_PLACEMENT_3D('',#3359,#3360,#3361);
#3359 = CARTESIAN_POINT('',(16.,69.,8.));
#3360 = DIRECTION('',(1.,0.,0.));
#3361 = DIRECTION('',(-0.,1.,0.));
#3362 = PCURVE('',#1360,#3363);
#3363 = DEFINITIONAL_REPRESENTATION('',(#3364),#3368);
#3364 = LINE('',#3365,#3366);
#3365 = CARTESIAN_POINT('',(4.712388980385,1.));
#3366 = VECTOR('',#3367,1.);
#3367 = DIRECTION('',(1.,0.));
#3368 = ( GEOMETRIC_REPRESENTATION_CONTEXT(2) 
PARAMETRIC_REPRESENTATION_CONTEXT() REPRESENTATION_CONTEXT('2D SPACE',''
  ) );
#3369 = PCURVE('',#3370,#3375);
#3370 = PLANE('',#3371);
#3371 = AXIS2_PLACEMENT_3D('',#3372,#3373,#3374);
#3372 = CARTESIAN_POINT('',(16.,69.,8.));
#3373 = DIRECTION('',(1.,0.,0.));
#3374 = DIRECTION('',(-0.,1.,0.));
#3375 = DEFINITIONAL_REPRESENTATION('',(#3376),#3380);
#3376 = CIRCLE('',#3377,2.);
#3377 = AXIS2_PLACEMENT_2D('',#3378,#3379);
#3378 = CARTESIAN_POINT('',(0.,0.));
#3379 = DIRECTION('',(1.,0.));
#3380 = ( GEOMETRIC_REPRESENTATION_CONTEXT(2) 
PARAMETRIC_REPRESENTATION_CONTEXT() REPRESENTATION_CONTEXT('2D SPACE',''
  ) );
#3381 = ADVANCED_FACE('',(#3382),#1597,.T.);
#3382 = FACE_BOUND('',#3383,.T.);
#3383 = EDGE_LOOP('',(#3384,#3385,#3386,#3387));
#3384 = ORIENTED_EDGE('',*,*,#3333,.F.);
#3385 = ORIENTED_EDGE('',*,*,#1405,.F.);
#3386 = ORIENTED_EDGE('',*,*,#3310,.T.);
#3387 = ORIENTED_EDGE('',*,*,#3388,.F.);
#3388 = EDGE_CURVE('',#3334,#3311,#3389,.T.);
#3389 = SURFACE_CURVE('',#3390,(#3395,#3402),.PCURVE_S1.);
#3390 = ELLIPSE('',#3391,2.,2.);
#3391 = AXIS2_PLACEMENT_3D('',#3392,#3393,#3394);
#3392 = CARTESIAN_POINT('',(16.,69.,8.));
#3393 = DIRECTION('',(1.,0.,0.));
#3394 = DIRECTION('',(-0.,1.,0.));
#3395 = PCURVE('',#1597,#3396);
#3396 = DEFINITIONAL_REPRESENTATION('',(#3397),#3401);
#3397 = LINE('',#3398,#3399);
#3398 = CARTESIAN_POINT('',(-1.570796326795,1.));
#3399 = VECTOR('',#3400,1.);
#3400 = DIRECTION('',(1.,0.));
#3401 = ( GEOMETRIC_REPRESENTATION_CONTEXT(2) 
PARAMETRIC_REPRESENTATION_CONTEXT() REPRESENTATION_CONTEXT('2D SPACE',''
  ) );
#3402 = PCURVE('',#3370,#3403);
#3403 = DEFINITIONAL_REPRESENTATION('',(#3404),#3408);
#3404 = CIRCLE('',#3405,2.);
#3405 = AXIS2_PLACEMENT_2D('',#3406,#3407);
#3406 = CARTESIAN_POINT('',(0.,0.));
#3407 = DIRECTION('',(1.,0.));
#3408 = ( GEOMETRIC_REPRESENTATION_CONTEXT(2) 
PARAMETRIC_REPRESENTATION_CONTEXT() REPRESENTATION_CONTEXT('2D SPACE',''
  ) );
#3409 = ADVANCED_FACE('',(#3410),#1778,.T.);
#3410 = FACE_BOUND('',#3411,.T.);
#3411 = EDGE_LOOP('',(#3412,#3434,#3435,#3457));
#3412 = ORIENTED_EDGE('',*,*,#3413,.F.);
#3413 = EDGE_CURVE('',#1725,#3414,#3416,.T.);
#3414 = VERTEX_POINT('',#3415);
#3415 = CARTESIAN_POINT('',(16.,61.,8.));
#3416 = SURFACE_CURVE('',#3417,(#3420,#3427),.PCURVE_S1.);
#3417 = B_SPLINE_CURVE_WITH_KNOTS('',1,(#3418,#3419),.UNSPECIFIED.,.F.,
  .F.,(2,2),(0.,1.),.PIECEWISE_BEZIER_KNOTS.);
#3418 = CARTESIAN_POINT('',(0.,63.,10.));
#3419 = CARTESIAN_POINT('',(16.,61.,8.));
#3420 = PCURVE('',#1778,#3421);
#3421 = DEFINITIONAL_REPRESENTATION('',(#3422),#3426);
#3422 = LINE('',#3423,#3424);
#3423 = CARTESIAN_POINT('',(4.712388980385,0.));
#3424 = VECTOR('',#3425,1.);
#3425 = DIRECTION('',(0.,1.));
#3426 = ( GEOMETRIC_REPRESENTATION_CONTEXT(2) 
PARAMETRIC_REPRESENTATION_CONTEXT() REPRESENTATION_CONTEXT('2D SPACE',''
  ) );
#3427 = PCURVE('',#2015,#3428);
#3428 = DEFINITIONAL_REPRESENTATION('',(#3429),#3433);
#3429 = LINE('',#3430,#3431);
#3430 = CARTESIAN_POINT('',(4.712388980385,0.));
#3431 = VECTOR('',#3432,1.);
#3432 = DIRECTION('',(0.,1.));
#3433 = ( GEOMETRIC_REPRESENTATION_CONTEXT(2) 
PARAMETRIC_REPRESENTATION_CONTEXT() REPRESENTATION_CONTEXT('2D SPACE',''
  ) );
#3434 = ORIENTED_EDGE('',*,*,#1722,.F.);
#3435 = ORIENTED_EDGE('',*,*,#3436,.T.);
#3436 = EDGE_CURVE('',#1723,#3437,#3439,.T.);
#3437 = VERTEX_POINT('',#3438);
#3438 = CARTESIAN_POINT('',(16.,59.,10.));
#3439 = SURFACE_CURVE('',#3440,(#3443,#3450),.PCURVE_S1.);
#3440 = B_SPLINE_CURVE_WITH_KNOTS('',1,(#3441,#3442),.UNSPECIFIED.,.F.,
  .F.,(2,2),(0.,1.),.PIECEWISE_BEZIER_KNOTS.);
#3441 = CARTESIAN_POINT('',(0.,59.,15.));
#3442 = CARTESIAN_POINT('',(16.,59.,10.));
#3443 = PCURVE('',#1778,#3444);
#3444 = DEFINITIONAL_REPRESENTATION('',(#3445),#3449);
#3445 = LINE('',#3446,#3447);
#3446 = CARTESIAN_POINT('',(6.28318530718,0.));
#3447 = VECTOR('',#3448,1.);
#3448 = DIRECTION('',(0.,1.));
#3449 = ( GEOMETRIC_REPRESENTATION_CONTEXT(2) 
PARAMETRIC_REPRESENTATION_CONTEXT() REPRESENTATION_CONTEXT('2D SPACE',''
  ) );
#3450 = PCURVE('',#2015,#3451);
#3451 = DEFINITIONAL_REPRESENTATION('',(#3452),#3456);
#3452 = LINE('',#3453,#3454);
#3453 = CARTESIAN_POINT('',(0.,0.));
#3454 = VECTOR('',#3455,1.);
#3455 = DIRECTION('',(0.,1.));
#3456 = ( GEOMETRIC_REPRESENTATION_CONTEXT(2) 
PARAMETRIC_REPRESENTATION_CONTEXT() REPRESENTATION_CONTEXT('2D SPACE',''
  ) );
#3457 = ORIENTED_EDGE('',*,*,#3458,.F.);
#3458 = EDGE_CURVE('',#3414,#3437,#3459,.T.);
#3459 = SURFACE_CURVE('',#3460,(#3465,#3472),.PCURVE_S1.);
#3460 = ELLIPSE('',#3461,2.,2.);
#3461 = AXIS2_PLACEMENT_3D('',#3462,#3463,#3464);
#3462 = CARTESIAN_POINT('',(16.,59.,8.));
#3463 = DIRECTION('',(1.,0.,0.));
#3464 = DIRECTION('',(-0.,1.,0.));
#3465 = PCURVE('',#1778,#3466);
#3466 = DEFINITIONAL_REPRESENTATION('',(#3467),#3471);
#3467 = LINE('',#3468,#3469);
#3468 = CARTESIAN_POINT('',(4.712388980385,1.));
#3469 = VECTOR('',#3470,1.);
#3470 = DIRECTION('',(1.,0.));
#3471 = ( GEOMETRIC_REPRESENTATION_CONTEXT(2) 
PARAMETRIC_REPRESENTATION_CONTEXT() REPRESENTATION_CONTEXT('2D SPACE',''
  ) );
#3472 = PCURVE('',#3473,#3478);
#3473 = PLANE('',#3474);
#3474 = AXIS2_PLACEMENT_3D('',#3475,#3476,#3477);
#3475 = CARTESIAN_POINT('',(16.,59.,8.));
#3476 = DIRECTION('',(1.,0.,0.));
#3477 = DIRECTION('',(-0.,1.,0.));
#3478 = DEFINITIONAL_REPRESENTATION('',(#3479),#3483);
#3479 = CIRCLE('',#3480,2.);
#3480 = AXIS2_PLACEMENT_2D('',#3481,#3482);
#3481 = CARTESIAN_POINT('',(0.,0.));
#3482 = DIRECTION('',(1.,0.));
#3483 = ( GEOMETRIC_REPRESENTATION_CONTEXT(2) 
PARAMETRIC_REPRESENTATION_CONTEXT() REPRESENTATION_CONTEXT('2D SPACE',''
  ) );
#3484 = ADVANCED_FACE('',(#3485),#2015,.T.);
#3485 = FACE_BOUND('',#3486,.T.);
#3486 = EDGE_LOOP('',(#3487,#3488,#3489,#3490));
#3487 = ORIENTED_EDGE('',*,*,#3436,.F.);
#3488 = ORIENTED_EDGE('',*,*,#1823,.F.);
#3489 = ORIENTED_EDGE('',*,*,#3413,.T.);
#3490 = ORIENTED_EDGE('',*,*,#3491,.F.);
#3491 = EDGE_CURVE('',#3437,#3414,#3492,.T.);
#3492 = SURFACE_CURVE('',#3493,(#3498,#3505),.PCURVE_S1.);
#3493 = ELLIPSE('',#3494,2.,2.);
#3494 = AXIS2_PLACEMENT_3D('',#3495,#3496,#3497);
#3495 = CARTESIAN_POINT('',(16.,59.,8.));
#3496 = DIRECTION('',(1.,0.,0.));
#3497 = DIRECTION('',(-0.,1.,0.));
#3498 = PCURVE('',#2015,#3499);
#3499 = DEFINITIONAL_REPRESENTATION('',(#3500),#3504);
#3500 = LINE('',#3501,#3502);
#3501 = CARTESIAN_POINT('',(-1.570796326795,1.));
#3502 = VECTOR('',#3503,1.);
#3503 = DIRECTION('',(1.,0.));
#3504 = ( GEOMETRIC_REPRESENTATION_CONTEXT(2) 
PARAMETRIC_REPRESENTATION_CONTEXT() REPRESENTATION_CONTEXT('2D SPACE',''
  ) );
#3505 = PCURVE('',#3473,#3506);
#3506 = DEFINITIONAL_REPRESENTATION('',(#3507),#3511);
#3507 = CIRCLE('',#3508,2.);
#3508 = AXIS2_PLACEMENT_2D('',#3509,#3510);
#3509 = CARTESIAN_POINT('',(0.,0.));
#3510 = DIRECTION('',(1.,0.));
#3511 = ( GEOMETRIC_REPRESENTATION_CONTEXT(2) 
PARAMETRIC_REPRESENTATION_CONTEXT() REPRESENTATION_CONTEXT('2D SPACE',''
  ) );
#3512 = ADVANCED_FACE('',(#3513),#2196,.T.);
#3513 = FACE_BOUND('',#3514,.T.);
#3514 = EDGE_LOOP('',(#3515,#3537,#3538,#3560));
#3515 = ORIENTED_EDGE('',*,*,#3516,.F.);
#3516 = EDGE_CURVE('',#2143,#3517,#3519,.T.);
#3517 = VERTEX_POINT('',#3518);
#3518 = CARTESIAN_POINT('',(16.,51.,8.));
#3519 = SURFACE_CURVE('',#3520,(#3523,#3530),.PCURVE_S1.);
#3520 = B_SPLINE_CURVE_WITH_KNOTS('',1,(#3521,#3522),.UNSPECIFIED.,.F.,
  .F.,(2,2),(0.,1.),.PIECEWISE_BEZIER_KNOTS.);
#3521 = CARTESIAN_POINT('',(0.,53.,10.));
#3522 = CARTESIAN_POINT('',(16.,51.,8.));
#3523 = PCURVE('',#2196,#3524);
#3524 = DEFINITIONAL_REPRESENTATION('',(#3525),#3529);
#3525 = LINE('',#3526,#3527);
#3526 = CARTESIAN_POINT('',(4.712388980385,0.));
#3527 = VECTOR('',#3528,1.);
#3528 = DIRECTION('',(0.,1.));
#3529 = ( GEOMETRIC_REPRESENTATION_CONTEXT(2) 
PARAMETRIC_REPRESENTATION_CONTEXT() REPRESENTATION_CONTEXT('2D SPACE',''
  ) );
#3530 = PCURVE('',#2433,#3531);
#3531 = DEFINITIONAL_REPRESENTATION('',(#3532),#3536);
#3532 = LINE('',#3533,#3534);
#3533 = CARTESIAN_POINT('',(4.712388980385,0.));
#3534 = VECTOR('',#3535,1.);
#3535 = DIRECTION('',(0.,1.));
#3536 = ( GEOMETRIC_REPRESENTATION_CONTEXT(2) 
PARAMETRIC_REPRESENTATION_CONTEXT() REPRESENTATION_CONTEXT('2D SPACE',''
  ) );
#3537 = ORIENTED_EDGE('',*,*,#2140,.F.);
#3538 = ORIENTED_EDGE('',*,*,#3539,.T.);
#3539 = EDGE_CURVE('',#2141,#3540,#3542,.T.);
#3540 = VERTEX_POINT('',#3541);
#3541 = CARTESIAN_POINT('',(16.,49.,10.));
#3542 = SURFACE_CURVE('',#3543,(#3546,#3553),.PCURVE_S1.);
#3543 = B_SPLINE_CURVE_WITH_KNOTS('',1,(#3544,#3545),.UNSPECIFIED.,.F.,
  .F.,(2,2),(0.,1.),.PIECEWISE_BEZIER_KNOTS.);
#3544 = CARTESIAN_POINT('',(0.,49.,15.));
#3545 = CARTESIAN_POINT('',(16.,49.,10.));
#3546 = PCURVE('',#2196,#3547);
#3547 = DEFINITIONAL_REPRESENTATION('',(#3548),#3552);
#3548 = LINE('',#3549,#3550);
#3549 = CARTESIAN_POINT('',(6.28318530718,0.));
#3550 = VECTOR('',#3551,1.);
#3551 = DIRECTION('',(0.,1.));
#3552 = ( GEOMETRIC_REPRESENTATION_CONTEXT(2) 
PARAMETRIC_REPRESENTATION_CONTEXT() REPRESENTATION_CONTEXT('2D SPACE',''
  ) );
#3553 = PCURVE('',#2433,#3554);
#3554 = DEFINITIONAL_REPRESENTATION('',(#3555),#3559);
#3555 = LINE('',#3556,#3557);
#3556 = CARTESIAN_POINT('',(0.,0.));
#3557 = VECTOR('',#3558,1.);
#3558 = DIRECTION('',(0.,1.));
#3559 = ( GEOMETRIC_REPRESENTATION_CONTEXT(2) 
PARAMETRIC_REPRESENTATION_CONTEXT() REPRESENTATION_CONTEXT('2D SPACE',''
  ) );
#3560 = ORIENTED_EDGE('',*,*,#3561,.F.);
#3561 = EDGE_CURVE('',#3517,#3540,#3562,.T.);
#3562 = SURFACE_CURVE('',#3563,(#3568,#3575),.PCURVE_S1.);
#3563 = ELLIPSE('',#3564,2.,2.);
#3564 = AXIS2_PLACEMENT_3D('',#3565,#3566,#3567);
#3565 = CARTESIAN_POINT('',(16.,49.,8.));
#3566 = DIRECTION('',(1.,0.,0.));
#3567 = DIRECTION('',(-0.,1.,0.));
#3568 = PCURVE('',#2196,#3569);
#3569 = DEFINITIONAL_REPRESENTATION('',(#3570),#3574);
#3570 = LINE('',#3571,#3572);
#3571 = CARTESIAN_POINT('',(4.712388980385,1.));
#3572 = VECTOR('',#3573,1.);
#3573 = DIRECTION('',(1.,0.));
#3574 = ( GEOMETRIC_REPRESENTATION_CONTEXT(2) 
PARAMETRIC_REPRESENTATION_CONTEXT() REPRESENTATION_CONTEXT('2D SPACE',''
  ) );
#3575 = PCURVE('',#3576,#3581);
#3576 = PLANE('',#3577);
#3577 = AXIS2_PLACEMENT_3D('',#3578,#3579,#3580);
#3578 = CARTESIAN_POINT('',(16.,49.,8.));
#3579 = DIRECTION('',(1.,0.,0.));
#3580 = DIRECTION('',(-0.,1.,0.));
#3581 = DEFINITIONAL_REPRESENTATION('',(#3582),#3586);
#3582 = CIRCLE('',#3583,2.);
#3583 = AXIS2_PLACEMENT_2D('',#3584,#3585);
#3584 = CARTESIAN_POINT('',(0.,0.));
#3585 = DIRECTION('',(1.,0.));
#3586 = ( GEOMETRIC_REPRESENTATION_CONTEXT(2) 
PARAMETRIC_REPRESENTATION_CONTEXT() REPRESENTATION_CONTEXT('2D SPACE',''
  ) );
#3587 = ADVANCED_FACE('',(#3588),#2433,.T.);
#3588 = FACE_BOUND('',#3589,.T.);
#3589 = EDGE_LOOP('',(#3590,#3591,#3592,#3593));
#3590 = ORIENTED_EDGE('',*,*,#3539,.F.);
#3591 = ORIENTED_EDGE('',*,*,#2241,.F.);
#3592 = ORIENTED_EDGE('',*,*,#3516,.T.);
#3593 = ORIENTED_EDGE('',*,*,#3594,.F.);
#3594 = EDGE_CURVE('',#3540,#3517,#3595,.T.);
#3595 = SURFACE_CURVE('',#3596,(#3601,#3608),.PCURVE_S1.);
#3596 = ELLIPSE('',#3597,2.,2.);
#3597 = AXIS2_PLACEMENT_3D('',#3598,#3599,#3600);
#3598 = CARTESIAN_POINT('',(16.,49.,8.));
#3599 = DIRECTION('',(1.,0.,0.));
#3600 = DIRECTION('',(-0.,1.,0.));
#3601 = PCURVE('',#2433,#3602);
#3602 = DEFINITIONAL_REPRESENTATION('',(#3603),#3607);
#3603 = LINE('',#3604,#3605);
#3604 = CARTESIAN_POINT('',(-1.570796326795,1.));
#3605 = VECTOR('',#3606,1.);
#3606 = DIRECTION('',(1.,0.));
#3607 = ( GEOMETRIC_REPRESENTATION_CONTEXT(2) 
PARAMETRIC_REPRESENTATION_CONTEXT() REPRESENTATION_CONTEXT('2D SPACE',''
  ) );
#3608 = PCURVE('',#3576,#3609);
#3609 = DEFINITIONAL_REPRESENTATION('',(#3610),#3614);
#3610 = CIRCLE('',#3611,2.);
#3611 = AXIS2_PLACEMENT_2D('',#3612,#3613);
#3612 = CARTESIAN_POINT('',(0.,0.));
#3613 = DIRECTION('',(1.,0.));
#3614 = ( GEOMETRIC_REPRESENTATION_CONTEXT(2) 
PARAMETRIC_REPRESENTATION_CONTEXT() REPRESENTATION_CONTEXT('2D SPACE',''
  ) );
#3615 = ADVANCED_FACE('',(#3616),#2654,.T.);
#3616 = FACE_BOUND('',#3617,.T.);
#3617 = EDGE_LOOP('',(#3618,#3619,#3620,#3621));
#3618 = ORIENTED_EDGE('',*,*,#2774,.F.);
#3619 = ORIENTED_EDGE('',*,*,#2640,.T.);
#3620 = ORIENTED_EDGE('',*,*,#2725,.T.);
#3621 = ORIENTED_EDGE('',*,*,#2801,.F.);
#3622 = ADVANCED_FACE('',(#3623),#2685,.F.);
#3623 = FACE_BOUND('',#3624,.F.);
#3624 = EDGE_LOOP('',(#3625,#3646,#3647,#3648));
#3625 = ORIENTED_EDGE('',*,*,#3626,.T.);
#3626 = EDGE_CURVE('',#2825,#2669,#3627,.T.);
#3627 = SEAM_CURVE('',#3628,(#3632,#3639),.PCURVE_S1.);
#3628 = LINE('',#3629,#3630);
#3629 = CARTESIAN_POINT('',(-36.3,79.,27.));
#3630 = VECTOR('',#3631,1.);
#3631 = DIRECTION('',(0.,-1.,0.));
#3632 = PCURVE('',#2685,#3633);
#3633 = DEFINITIONAL_REPRESENTATION('',(#3634),#3638);
#3634 = LINE('',#3635,#3636);
#3635 = CARTESIAN_POINT('',(-4.138911435803E-13,0.));
#3636 = VECTOR('',#3637,1.);
#3637 = DIRECTION('',(-0.,-1.));
#3638 = ( GEOMETRIC_REPRESENTATION_CONTEXT(2) 
PARAMETRIC_REPRESENTATION_CONTEXT() REPRESENTATION_CONTEXT('2D SPACE',''
  ) );
#3639 = PCURVE('',#2685,#3640);
#3640 = DEFINITIONAL_REPRESENTATION('',(#3641),#3645);
#3641 = LINE('',#3642,#3643);
#3642 = CARTESIAN_POINT('',(6.28318530718,0.));
#3643 = VECTOR('',#3644,1.);
#3644 = DIRECTION('',(-0.,-1.));
#3645 = ( GEOMETRIC_REPRESENTATION_CONTEXT(2) 
PARAMETRIC_REPRESENTATION_CONTEXT() REPRESENTATION_CONTEXT('2D SPACE',''
  ) );
#3646 = ORIENTED_EDGE('',*,*,#2668,.T.);
#3647 = ORIENTED_EDGE('',*,*,#3626,.F.);
#3648 = ORIENTED_EDGE('',*,*,#2824,.F.);
#3649 = ADVANCED_FACE('',(#3650),#2912,.T.);
#3650 = FACE_BOUND('',#3651,.T.);
#3651 = EDGE_LOOP('',(#3652,#3653,#3654,#3655));
#3652 = ORIENTED_EDGE('',*,*,#3032,.F.);
#3653 = ORIENTED_EDGE('',*,*,#2898,.T.);
#3654 = ORIENTED_EDGE('',*,*,#2983,.T.);
#3655 = ORIENTED_EDGE('',*,*,#3059,.F.);
#3656 = ADVANCED_FACE('',(#3657),#2943,.F.);
#3657 = FACE_BOUND('',#3658,.F.);
#3658 = EDGE_LOOP('',(#3659,#3680,#3681,#3682));
#3659 = ORIENTED_EDGE('',*,*,#3660,.T.);
#3660 = EDGE_CURVE('',#3083,#2927,#3661,.T.);
#3661 = SEAM_CURVE('',#3662,(#3666,#3673),.PCURVE_S1.);
#3662 = LINE('',#3663,#3664);
#3663 = CARTESIAN_POINT('',(-36.3,79.,27.));
#3664 = VECTOR('',#3665,1.);
#3665 = DIRECTION('',(0.,-1.,0.));
#3666 = PCURVE('',#2943,#3667);
#3667 = DEFINITIONAL_REPRESENTATION('',(#3668),#3672);
#3668 = LINE('',#3669,#3670);
#3669 = CARTESIAN_POINT('',(-4.138911435803E-13,0.));
#3670 = VECTOR('',#3671,1.);
#3671 = DIRECTION('',(-0.,-1.));
#3672 = ( GEOMETRIC_REPRESENTATION_CONTEXT(2) 
PARAMETRIC_REPRESENTATION_CONTEXT() REPRESENTATION_CONTEXT('2D SPACE',''
  ) );
#3673 = PCURVE('',#2943,#3674);
#3674 = DEFINITIONAL_REPRESENTATION('',(#3675),#3679);
#3675 = LINE('',#3676,#3677);
#3676 = CARTESIAN_POINT('',(6.28318530718,0.));
#3677 = VECTOR('',#3678,1.);
#3678 = DIRECTION('',(-0.,-1.));
#3679 = ( GEOMETRIC_REPRESENTATION_CONTEXT(2) 
PARAMETRIC_REPRESENTATION_CONTEXT() REPRESENTATION_CONTEXT('2D SPACE',''
  ) );
#3680 = ORIENTED_EDGE('',*,*,#2926,.T.);
#3681 = ORIENTED_EDGE('',*,*,#3660,.F.);
#3682 = ORIENTED_EDGE('',*,*,#3082,.F.);
#3683 = ADVANCED_FACE('',(#3684),#3170,.F.);
#3684 = FACE_BOUND('',#3685,.F.);
#3685 = EDGE_LOOP('',(#3686,#3687,#3688,#3689));
#3686 = ORIENTED_EDGE('',*,*,#3286,.F.);
#3687 = ORIENTED_EDGE('',*,*,#3156,.T.);
#3688 = ORIENTED_EDGE('',*,*,#3210,.T.);
#3689 = ORIENTED_EDGE('',*,*,#3259,.T.);
#3690 = ADVANCED_FACE('',(#3691),#3370,.T.);
#3691 = FACE_BOUND('',#3692,.T.);
#3692 = EDGE_LOOP('',(#3693,#3694));
#3693 = ORIENTED_EDGE('',*,*,#3388,.T.);
#3694 = ORIENTED_EDGE('',*,*,#3355,.T.);
#3695 = ADVANCED_FACE('',(#3696),#3473,.T.);
#3696 = FACE_BOUND('',#3697,.T.);
#3697 = EDGE_LOOP('',(#3698,#3699));
#3698 = ORIENTED_EDGE('',*,*,#3491,.T.);
#3699 = ORIENTED_EDGE('',*,*,#3458,.T.);
#3700 = ADVANCED_FACE('',(#3701),#3576,.T.);
#3701 = FACE_BOUND('',#3702,.T.);
#3702 = EDGE_LOOP('',(#3703,#3704));
#3703 = ORIENTED_EDGE('',*,*,#3594,.T.);
#3704 = ORIENTED_EDGE('',*,*,#3561,.T.);
#3705 = ( GEOMETRIC_REPRESENTATION_CONTEXT(3) 
GLOBAL_UNCERTAINTY_ASSIGNED_CONTEXT((#3709)) 
GLOBAL_UNIT_ASSIGNED_CONTEXT((#3706,#3707,#3708)) REPRESENTATION_CONTEXT
('Context #1','3D Context with UNIT and UNCERTAINTY') );
#3706 = ( LENGTH_UNIT() NAMED_UNIT(*) SI_UNIT(.MILLI.,.METRE.) );
#3707 = ( NAMED_UNIT(*) PLANE_ANGLE_UNIT() SI_UNIT($,.RADIAN.) );
#3708 = ( NAMED_UNIT(*) SI_UNIT($,.STERADIAN.) SOLID_ANGLE_UNIT() );
#3709 = UNCERTAINTY_MEASURE_WITH_UNIT(LENGTH_MEASURE(1.E-07),#3706,
  'distance_accuracy_value','confusion accuracy');
#3710 = PRODUCT_RELATED_PRODUCT_CATEGORY('part',$,(#7));
ENDSEC;
END-ISO-10303-21;
