ISO-10303-21;
HEADER;
FILE_DESCRIPTION(('Open CASCADE Model'),'2;1');
FILE_NAME('Open CASCADE Shape Model','2026-09-09T00:16:31',('Author'),(
    'Open CASCADE'),'Open CASCADE STEP processor 7.9','Open CASCADE 7.9'
  ,'Unknown');
FILE_SCHEMA(('AUTOMOTIVE_DESIGN { 1 0 10303 214 1 1 1 1 }'));
ENDSEC;
DATA;
#1 = APPLICATION_PROTOCOL_DEFINITION('international standard',
  'automotive_design',2000,#2);
#2 = APPLICATION_CONTEXT(
  'core data for automotive mechanical design processes');
#3 = SHAPE_DEFINITION_REPRESENTATION(#4,#10);
#4 = PRODUCT_DEFINITION_SHAPE('','',#5);
#5 = PRODUCT_DEFINITION('design','',#6,#9);
#6 = PRODUCT_DEFINITION_FORMATION('','',#7);
#7 = PRODUCT('Open CASCADE STEP translator 7.9 7',
  'Open CASCADE STEP translator 7.9 7','',(#8));
#8 = PRODUCT_CONTEXT('',#2,'mechanical');
#9 = PRODUCT_DEFINITION_CONTEXT('part definition',#2,'design');
#10 = ADVANCED_BREP_SHAPE_REPRESENTATION('',(#11,#15),#13651);
#11 = AXIS2_PLACEMENT_3D('',#12,#13,#14);
#12 = CARTESIAN_POINT('',(0.,0.,0.));
#13 = DIRECTION('',(0.,0.,1.));
#14 = DIRECTION('',(1.,0.,-0.));
#15 = MANIFOLD_SOLID_BREP('',#16);
#16 = CLOSED_SHELL('',(#17,#1350,#1995,#2482,#3773,#4899,#5576,#6327,
    #6333,#6359,#6364,#6449,#6506,#6532,#6537,#6638,#6679,#6838,#6942,
    #7031,#7135,#7321,#8297,#8604,#8973,#8979,#8985,#9775,#9829,#9836,
    #9870,#9897,#9907,#10015,#10064,#10140,#10248,#10297,#10373,#10399,
    #10404,#10431,#10458,#12767,#12793,#12798,#12837,#12884,#12911,
    #12938,#12945,#12995,#13024,#13055,#13060,#13067,#13094,#13101,
    #13128,#13162,#13217,#13272,#13320,#13346,#13352,#13400,#13426,
    #13432,#13459,#13494,#13533,#13588,#13643,#13647));
#17 = ADVANCED_FACE('',(#18,#724,#1022),#31,.T.);
#18 = FACE_BOUND('',#19,.T.);
#19 = EDGE_LOOP('',(#20,#106,#135,#196,#251,#402,#424,#448,#472,#496,
    #520,#671));
#20 = ORIENTED_EDGE('',*,*,#21,.F.);
#21 = EDGE_CURVE('',#22,#24,#26,.T.);
#22 = VERTEX_POINT('',#23);
#23 = CARTESIAN_POINT('',(45.,22.,227.));
#24 = VERTEX_POINT('',#25);
#25 = CARTESIAN_POINT('',(65.,35.,237.));
#26 = SURFACE_CURVE('',#27,(#30,#68),.PCURVE_S1.);
#27 = B_SPLINE_CURVE_WITH_KNOTS('',1,(#28,#29),.UNSPECIFIED.,.F.,.F.,(2,
    2),(0.,1.),.PIECEWISE_BEZIER_KNOTS.);
#28 = CARTESIAN_POINT('',(45.,22.,227.));
#29 = CARTESIAN_POINT('',(65.,35.,237.));
#30 = PCURVE('',#31,#62);
#31 = B_SPLINE_SURFACE_WITH_KNOTS('',14,1,(
    (#32,#33)
    ,(#34,#35)
    ,(#36,#37)
    ,(#38,#39)
    ,(#40,#41)
    ,(#42,#43)
    ,(#44,#45)
    ,(#46,#47)
    ,(#48,#49)
    ,(#50,#51)
    ,(#52,#53)
    ,(#54,#55)
    ,(#56,#57)
    ,(#58,#59)
    ,(#60,#61
    )),.UNSPECIFIED.,.T.,.F.,.F.,(1,14,14,1),(2,2),(-6.28318530718,0.,
    6.28318530718,12.56637061436),(0.,1.),.UNSPECIFIED.);
#32 = CARTESIAN_POINT('',(45.,22.,227.));
#33 = CARTESIAN_POINT('',(65.,35.,237.));
#34 = CARTESIAN_POINT('',(44.999999999999,22.000000000007,
    236.42477796077));
#35 = CARTESIAN_POINT('',(65.,35.000000000001,250.4639685154));
#36 = CARTESIAN_POINT('',(45.000000000008,17.227884053582,
    245.84955940044));
#37 = CARTESIAN_POINT('',(65.000000000005,27.40799735802,263.92794200061
    ));
#38 = CARTESIAN_POINT('',(44.999999999963,7.683646060211,252.88920627795
    ));
#39 = CARTESIAN_POINT('',(64.99999999996,12.223982368381,273.98458039714
    ));
#40 = CARTESIAN_POINT('',(45.000000000111,-5.205433524362,
    255.15884951265));
#41 = CARTESIAN_POINT('',(65.000000000143,-8.281371515745,
    277.22692787505));
#42 = CARTESIAN_POINT('',(44.999999999761,-18.58506452869,
    251.12851408046));
#43 = CARTESIAN_POINT('',(64.999999999658,-29.5671481143,271.46930582956
    ));
#44 = CARTESIAN_POINT('',(45.000000000389,-28.79891743672,
    240.98359015182));
#45 = CARTESIAN_POINT('',(65.000000000595,-45.81645955778,
    256.97655735927));
#46 = CARTESIAN_POINT('',(44.999999999508,-32.6442292448,226.99999999862
    ));
#47 = CARTESIAN_POINT('',(64.999999999207,-51.934001072,236.9999999986)
  );
#48 = CARTESIAN_POINT('',(45.000000000493,-28.79891743673,213.0164098506
    ));
#49 = CARTESIAN_POINT('',(65.000000000829,-45.81645955777,
    217.02344264319));
#50 = CARTESIAN_POINT('',(44.999999999604,-18.58506452868,
    202.87148591786));
#51 = CARTESIAN_POINT('',(64.999999999315,-29.56714811432,
    202.53069416875));
#52 = CARTESIAN_POINT('',(45.000000000253,-5.205433524366,
    198.84115048823));
#53 = CARTESIAN_POINT('',(65.000000000445,-8.281371515729,
    196.77307212583));
#54 = CARTESIAN_POINT('',(44.999999999874,7.683646060212,201.11079372169
    ));
#55 = CARTESIAN_POINT('',(64.999999999778,12.223982368372,200.0154196025
    ));
#56 = CARTESIAN_POINT('',(45.000000000046,17.227884053582,
    208.15044059965));
#57 = CARTESIAN_POINT('',(65.00000000008,27.407997358024,210.07205799948
    ));
#58 = CARTESIAN_POINT('',(44.99999999999,22.000000000007,217.5752220392)
  );
#59 = CARTESIAN_POINT('',(64.999999999983,35.,223.53603148458));
#60 = CARTESIAN_POINT('',(45.,22.,227.));
#61 = CARTESIAN_POINT('',(65.,35.,237.));
#62 = DEFINITIONAL_REPRESENTATION('',(#63),#67);
#63 = LINE('',#64,#65);
#64 = CARTESIAN_POINT('',(0.,0.));
#65 = VECTOR('',#66,1.);
#66 = DIRECTION('',(0.,1.));
#67 = ( GEOMETRIC_REPRESENTATION_CONTEXT(2) 
PARAMETRIC_REPRESENTATION_CONTEXT() REPRESENTATION_CONTEXT('2D SPACE',''
  ) );
#68 = PCURVE('',#69,#100);
#69 = B_SPLINE_SURFACE_WITH_KNOTS('',14,1,(
    (#70,#71)
    ,(#72,#73)
    ,(#74,#75)
    ,(#76,#77)
    ,(#78,#79)
    ,(#80,#81)
    ,(#82,#83)
    ,(#84,#85)
    ,(#86,#87)
    ,(#88,#89)
    ,(#90,#91)
    ,(#92,#93)
    ,(#94,#95)
    ,(#96,#97)
    ,(#98,#99
    )),.UNSPECIFIED.,.T.,.F.,.F.,(1,14,14,1),(2,2),(-6.28318530718,0.,
    6.28318530718,12.56637061436),(0.,1.),.UNSPECIFIED.);
#70 = CARTESIAN_POINT('',(45.,22.,227.));
#71 = CARTESIAN_POINT('',(65.,35.,237.));
#72 = CARTESIAN_POINT('',(44.999999999999,22.000000000007,
    236.42477796077));
#73 = CARTESIAN_POINT('',(65.,35.000000000001,250.4639685154));
#74 = CARTESIAN_POINT('',(45.000000000008,17.227884053582,
    245.84955940044));
#75 = CARTESIAN_POINT('',(65.000000000005,27.40799735802,263.92794200061
    ));
#76 = CARTESIAN_POINT('',(44.999999999963,7.683646060211,252.88920627795
    ));
#77 = CARTESIAN_POINT('',(64.99999999996,12.223982368381,273.98458039714
    ));
#78 = CARTESIAN_POINT('',(45.000000000111,-5.205433524362,
    255.15884951265));
#79 = CARTESIAN_POINT('',(65.000000000143,-8.281371515745,
    277.22692787505));
#80 = CARTESIAN_POINT('',(44.999999999761,-18.58506452869,
    251.12851408046));
#81 = CARTESIAN_POINT('',(64.999999999658,-29.5671481143,271.46930582956
    ));
#82 = CARTESIAN_POINT('',(45.000000000389,-28.79891743672,
    240.98359015182));
#83 = CARTESIAN_POINT('',(65.000000000595,-45.81645955778,
    256.97655735927));
#84 = CARTESIAN_POINT('',(44.999999999508,-32.6442292448,226.99999999862
    ));
#85 = CARTESIAN_POINT('',(64.999999999207,-51.934001072,236.9999999986)
  );
#86 = CARTESIAN_POINT('',(45.000000000493,-28.79891743673,213.0164098506
    ));
#87 = CARTESIAN_POINT('',(65.000000000829,-45.81645955777,
    217.02344264319));
#88 = CARTESIAN_POINT('',(44.999999999604,-18.58506452868,
    202.87148591786));
#89 = CARTESIAN_POINT('',(64.999999999315,-29.56714811432,
    202.53069416875));
#90 = CARTESIAN_POINT('',(45.000000000253,-5.205433524366,
    198.84115048823));
#91 = CARTESIAN_POINT('',(65.000000000445,-8.281371515729,
    196.77307212583));
#92 = CARTESIAN_POINT('',(44.999999999874,7.683646060212,201.11079372169
    ));
#93 = CARTESIAN_POINT('',(64.999999999778,12.223982368372,200.0154196025
    ));
#94 = CARTESIAN_POINT('',(45.000000000046,17.227884053582,
    208.15044059965));
#95 = CARTESIAN_POINT('',(65.00000000008,27.407997358024,210.07205799948
    ));
#96 = CARTESIAN_POINT('',(44.99999999999,22.000000000007,217.5752220392)
  );
#97 = CARTESIAN_POINT('',(64.999999999983,35.,223.53603148458));
#98 = CARTESIAN_POINT('',(45.,22.,227.));
#99 = CARTESIAN_POINT('',(65.,35.,237.));
#100 = DEFINITIONAL_REPRESENTATION('',(#101),#105);
#101 = LINE('',#102,#103);
#102 = CARTESIAN_POINT('',(6.28318530718,0.));
#103 = VECTOR('',#104,1.);
#104 = DIRECTION('',(0.,1.));
#105 = ( GEOMETRIC_REPRESENTATION_CONTEXT(2) 
PARAMETRIC_REPRESENTATION_CONTEXT() REPRESENTATION_CONTEXT('2D SPACE',''
  ) );
#106 = ORIENTED_EDGE('',*,*,#107,.T.);
#107 = EDGE_CURVE('',#22,#108,#110,.T.);
#108 = VERTEX_POINT('',#109);
#109 = CARTESIAN_POINT('',(45.,-12.16095756463,209.5));
#110 = SURFACE_CURVE('',#111,(#116,#123),.PCURVE_S1.);
#111 = ELLIPSE('',#112,22.,21.);
#112 = AXIS2_PLACEMENT_3D('',#113,#114,#115);
#113 = CARTESIAN_POINT('',(45.,0.,227.));
#114 = DIRECTION('',(1.,0.,0.));
#115 = DIRECTION('',(-0.,1.,0.));
#116 = PCURVE('',#31,#117);
#117 = DEFINITIONAL_REPRESENTATION('',(#118),#122);
#118 = LINE('',#119,#120);
#119 = CARTESIAN_POINT('',(0.,0.));
#120 = VECTOR('',#121,1.);
#121 = DIRECTION('',(1.,0.));
#122 = ( GEOMETRIC_REPRESENTATION_CONTEXT(2) 
PARAMETRIC_REPRESENTATION_CONTEXT() REPRESENTATION_CONTEXT('2D SPACE',''
  ) );
#123 = PCURVE('',#124,#129);
#124 = PLANE('',#125);
#125 = AXIS2_PLACEMENT_3D('',#126,#127,#128);
#126 = CARTESIAN_POINT('',(45.,0.,227.));
#127 = DIRECTION('',(1.,0.,0.));
#128 = DIRECTION('',(-0.,1.,0.));
#129 = DEFINITIONAL_REPRESENTATION('',(#130),#134);
#130 = ELLIPSE('',#131,22.,21.);
#131 = AXIS2_PLACEMENT_2D('',#132,#133);
#132 = CARTESIAN_POINT('',(0.,0.));
#133 = DIRECTION('',(1.,0.));
#134 = ( GEOMETRIC_REPRESENTATION_CONTEXT(2) 
PARAMETRIC_REPRESENTATION_CONTEXT() REPRESENTATION_CONTEXT('2D SPACE',''
  ) );
#135 = ORIENTED_EDGE('',*,*,#136,.T.);
#136 = EDGE_CURVE('',#108,#137,#139,.T.);
#137 = VERTEX_POINT('',#138);
#138 = CARTESIAN_POINT('',(65.,-13.98784194299,209.5));
#139 = SURFACE_CURVE('',#140,(#155,#173),.PCURVE_S1.);
#140 = B_SPLINE_CURVE_WITH_KNOTS('',4,(#141,#142,#143,#144,#145,#146,
    #147,#148,#149,#150,#151,#152,#153,#154),.UNSPECIFIED.,.F.,.F.,(5,3,
    3,3,5),(0.,0.252325553779,0.502538152411,0.752000016601,1.),
  .UNSPECIFIED.);
#141 = CARTESIAN_POINT('',(45.,-12.16095761047,209.5));
#142 = CARTESIAN_POINT('',(46.251538069387,-12.3635601961,209.5));
#143 = CARTESIAN_POINT('',(47.505651171017,-12.55024889487,209.5));
#144 = CARTESIAN_POINT('',(48.761927326851,-12.7216673598,209.5));
#145 = CARTESIAN_POINT('',(51.267634637496,-13.03355230486,209.5));
#146 = CARTESIAN_POINT('',(52.517033346637,-13.17426671752,209.5));
#147 = CARTESIAN_POINT('',(53.76793364025,-13.30084830223,209.5));
#148 = CARTESIAN_POINT('',(56.268472924095,-13.52596145999,209.5));
#149 = CARTESIAN_POINT('',(57.518103212436,-13.62457646201,209.5));
#150 = CARTESIAN_POINT('',(58.768720467518,-13.70969431135,209.5));
#151 = CARTESIAN_POINT('',(61.26415604072,-13.85277110967,209.5));
#152 = CARTESIAN_POINT('',(62.508964387953,-13.91088632367,209.5));
#153 = CARTESIAN_POINT('',(63.754313759864,-13.95591519699,209.5));
#154 = CARTESIAN_POINT('',(65.,-13.98784200543,209.5));
#155 = PCURVE('',#31,#156);
#156 = DEFINITIONAL_REPRESENTATION('',(#157),#172);
#157 = B_SPLINE_CURVE_WITH_KNOTS('',4,(#158,#159,#160,#161,#162,#163,
    #164,#165,#166,#167,#168,#169,#170,#171),.UNSPECIFIED.,.F.,.F.,(5,3,
    3,3,5),(0.,0.252325553779,0.502538152411,0.752000016601,1.),
  .UNSPECIFIED.);
#158 = CARTESIAN_POINT('',(4.126703434365,0.));
#159 = CARTESIAN_POINT('',(4.14018032454,6.257690346933E-02));
#160 = CARTESIAN_POINT('',(4.153086378776,0.125282558551));
#161 = CARTESIAN_POINT('',(4.165499190264,0.188096366343));
#162 = CARTESIAN_POINT('',(4.189350094339,0.313381731875));
#163 = CARTESIAN_POINT('',(4.200795719957,0.375851667332));
#164 = CARTESIAN_POINT('',(4.211866563027,0.438396682012));
#165 = CARTESIAN_POINT('',(4.233308997265,0.563423646205));
#166 = CARTESIAN_POINT('',(4.243682735338,0.625905160622));
#167 = CARTESIAN_POINT('',(4.253766143444,0.688436023376));
#168 = CARTESIAN_POINT('',(4.273358844818,0.813207802036));
#169 = CARTESIAN_POINT('',(4.282871253161,0.875448219398));
#170 = CARTESIAN_POINT('',(4.292160092103,0.937715687993));
#171 = CARTESIAN_POINT('',(4.30125111597,1.));
#172 = ( GEOMETRIC_REPRESENTATION_CONTEXT(2) 
PARAMETRIC_REPRESENTATION_CONTEXT() REPRESENTATION_CONTEXT('2D SPACE',''
  ) );
#173 = PCURVE('',#174,#179);
#174 = PLANE('',#175);
#175 = AXIS2_PLACEMENT_3D('',#176,#177,#178);
#176 = CARTESIAN_POINT('',(-250.,-250.,209.5));
#177 = DIRECTION('',(0.,0.,1.));
#178 = DIRECTION('',(1.,0.,-0.));
#179 = DEFINITIONAL_REPRESENTATION('',(#180),#195);
#180 = B_SPLINE_CURVE_WITH_KNOTS('',4,(#181,#182,#183,#184,#185,#186,
    #187,#188,#189,#190,#191,#192,#193,#194),.UNSPECIFIED.,.F.,.F.,(5,3,
    3,3,5),(0.,0.252325553779,0.502538152411,0.752000016601,1.),
  .UNSPECIFIED.);
#181 = CARTESIAN_POINT('',(295.,237.83904238953));
#182 = CARTESIAN_POINT('',(296.25153806938,237.6364398039));
#183 = CARTESIAN_POINT('',(297.50565117101,237.44975110513));
#184 = CARTESIAN_POINT('',(298.76192732685,237.2783326402));
#185 = CARTESIAN_POINT('',(301.26763463749,236.96644769514));
#186 = CARTESIAN_POINT('',(302.51703334663,236.82573328248));
#187 = CARTESIAN_POINT('',(303.76793364025,236.69915169777));
#188 = CARTESIAN_POINT('',(306.26847292409,236.47403854001));
#189 = CARTESIAN_POINT('',(307.51810321243,236.37542353799));
#190 = CARTESIAN_POINT('',(308.76872046751,236.29030568865));
#191 = CARTESIAN_POINT('',(311.26415604072,236.14722889033));
#192 = CARTESIAN_POINT('',(312.50896438795,236.08911367633));
#193 = CARTESIAN_POINT('',(313.75431375986,236.04408480301));
#194 = CARTESIAN_POINT('',(315.,236.01215799457));
#195 = ( GEOMETRIC_REPRESENTATION_CONTEXT(2) 
PARAMETRIC_REPRESENTATION_CONTEXT() REPRESENTATION_CONTEXT('2D SPACE',''
  ) );
#196 = ORIENTED_EDGE('',*,*,#197,.F.);
#197 = EDGE_CURVE('',#198,#137,#200,.T.);
#198 = VERTEX_POINT('',#199);
#199 = CARTESIAN_POINT('',(65.,-34.99986336156,237.08382783475));
#200 = SURFACE_CURVE('',#201,(#206,#213),.PCURVE_S1.);
#201 = ELLIPSE('',#202,35.,30.);
#202 = AXIS2_PLACEMENT_3D('',#203,#204,#205);
#203 = CARTESIAN_POINT('',(65.,0.,237.));
#204 = DIRECTION('',(1.,0.,0.));
#205 = DIRECTION('',(-0.,1.,0.));
#206 = PCURVE('',#31,#207);
#207 = DEFINITIONAL_REPRESENTATION('',(#208),#212);
#208 = LINE('',#209,#210);
#209 = CARTESIAN_POINT('',(0.,1.));
#210 = VECTOR('',#211,1.);
#211 = DIRECTION('',(1.,0.));
#212 = ( GEOMETRIC_REPRESENTATION_CONTEXT(2) 
PARAMETRIC_REPRESENTATION_CONTEXT() REPRESENTATION_CONTEXT('2D SPACE',''
  ) );
#213 = PCURVE('',#214,#245);
#214 = B_SPLINE_SURFACE_WITH_KNOTS('',14,1,(
    (#215,#216)
    ,(#217,#218)
    ,(#219,#220)
    ,(#221,#222)
    ,(#223,#224)
    ,(#225,#226)
    ,(#227,#228)
    ,(#229,#230)
    ,(#231,#232)
    ,(#233,#234)
    ,(#235,#236)
    ,(#237,#238)
    ,(#239,#240)
    ,(#241,#242)
    ,(#243,#244
    )),.UNSPECIFIED.,.T.,.F.,.F.,(1,14,14,1),(2,2),(-6.28318530718,0.,
    6.28318530718,12.56637061436),(0.,1.),.UNSPECIFIED.);
#215 = CARTESIAN_POINT('',(65.,35.,237.));
#216 = CARTESIAN_POINT('',(115.,29.,233.));
#217 = CARTESIAN_POINT('',(65.,35.000000000001,250.4639685154));
#218 = CARTESIAN_POINT('',(115.,29.000000000006,243.32237586184));
#219 = CARTESIAN_POINT('',(65.000000000005,27.40799735802,
    263.92794200061));
#220 = CARTESIAN_POINT('',(115.,22.709483525194,253.64475553364));
#221 = CARTESIAN_POINT('',(64.99999999996,12.223982368381,
    273.98458039714));
#222 = CARTESIAN_POINT('',(114.99999999997,10.128442533865,
    261.35484497159));
#223 = CARTESIAN_POINT('',(65.000000000143,-8.281371515745,
    277.22692787505));
#224 = CARTESIAN_POINT('',(115.00000000012,-6.861707827469,
    263.84064470326));
#225 = CARTESIAN_POINT('',(64.999999999658,-29.5671481143,
    271.46930582956));
#226 = CARTESIAN_POINT('',(114.9999999997,-24.49849415162,
    259.42646780424));
#227 = CARTESIAN_POINT('',(65.000000000595,-45.81645955778,
    256.97655735927));
#228 = CARTESIAN_POINT('',(115.0000000005,-37.9622093482,248.31536063997
    ));
#229 = CARTESIAN_POINT('',(64.999999999207,-51.934001072,236.9999999986)
  );
#230 = CARTESIAN_POINT('',(114.99999999935,-43.03102945929,
    233.00000000129));
#231 = CARTESIAN_POINT('',(65.000000000829,-45.81645955777,
    217.02344264319));
#232 = CARTESIAN_POINT('',(115.00000000064,-37.96220934821,
    217.6846393576));
#233 = CARTESIAN_POINT('',(64.999999999315,-29.56714811432,
    202.53069416875));
#234 = CARTESIAN_POINT('',(114.99999999949,-24.4984941516,
    206.57353219768));
#235 = CARTESIAN_POINT('',(65.000000000445,-8.281371515729,
    196.77307212583));
#236 = CARTESIAN_POINT('',(115.00000000031,-6.861707827483,
    202.15935529546));
#237 = CARTESIAN_POINT('',(64.999999999778,12.223982368372,
    200.0154196025));
#238 = CARTESIAN_POINT('',(114.99999999984,10.128442533875,
    204.64515502907));
#239 = CARTESIAN_POINT('',(65.00000000008,27.407997358024,
    210.07205799948));
#240 = CARTESIAN_POINT('',(115.00000000005,22.70948352519,
    212.35524446609));
#241 = CARTESIAN_POINT('',(64.999999999983,35.,223.53603148458));
#242 = CARTESIAN_POINT('',(114.99999999998,29.000000000007,
    222.67762413821));
#243 = CARTESIAN_POINT('',(65.,35.,237.));
#244 = CARTESIAN_POINT('',(115.,29.,233.));
#245 = DEFINITIONAL_REPRESENTATION('',(#246),#250);
#246 = LINE('',#247,#248);
#247 = CARTESIAN_POINT('',(0.,0.));
#248 = VECTOR('',#249,1.);
#249 = DIRECTION('',(1.,0.));
#250 = ( GEOMETRIC_REPRESENTATION_CONTEXT(2) 
PARAMETRIC_REPRESENTATION_CONTEXT() REPRESENTATION_CONTEXT('2D SPACE',''
  ) );
#251 = ORIENTED_EDGE('',*,*,#252,.T.);
#252 = EDGE_CURVE('',#198,#253,#255,.T.);
#253 = VERTEX_POINT('',#254);
#254 = CARTESIAN_POINT('',(65.,-31.47218981281,250.12580078171));
#255 = SURFACE_CURVE('',#256,(#301,#349),.PCURVE_S1.);
#256 = B_SPLINE_CURVE_WITH_KNOTS('',7,(#257,#258,#259,#260,#261,#262,
    #263,#264,#265,#266,#267,#268,#269,#270,#271,#272,#273,#274,#275,
    #276,#277,#278,#279,#280,#281,#282,#283,#284,#285,#286,#287,#288,
    #289,#290,#291,#292,#293,#294,#295,#296,#297,#298,#299,#300),
  .UNSPECIFIED.,.F.,.F.,(8,6,6,6,6,6,6,8),(0.,8.487154490555E-02,
    0.147067822592,0.30659927477,0.474575581803,0.634221170475,
    0.761133285654,1.),.UNSPECIFIED.);
#257 = CARTESIAN_POINT('',(65.,-34.99986335693,237.08382783162));
#258 = CARTESIAN_POINT('',(64.86575154999,-34.91205853262,
    237.18330631771));
#259 = CARTESIAN_POINT('',(64.734213595927,-34.82474515977,
    237.28693588272));
#260 = CARTESIAN_POINT('',(64.605507679421,-34.73791854934,
    237.39457382494));
#261 = CARTESIAN_POINT('',(64.479747522371,-34.65157571051,
    237.50607848182));
#262 = CARTESIAN_POINT('',(64.357039236387,-34.56571577784,
    237.62130995126));
#263 = CARTESIAN_POINT('',(64.237481532216,-34.48034043845,
    237.74013081295));
#264 = CARTESIAN_POINT('',(64.035926552949,-34.33324743035,
    237.95201420083));
#265 = CARTESIAN_POINT('',(63.952428540631,-34.27130341864,
    238.0434769282));
#266 = CARTESIAN_POINT('',(63.870707953149,-34.20962415079,
    238.13674201107));
#267 = CARTESIAN_POINT('',(63.790799147099,-34.14821257039,
    238.23175713628));
#268 = CARTESIAN_POINT('',(63.712734774745,-34.08707273783,
    238.3284706982));
#269 = CARTESIAN_POINT('',(63.636545784011,-34.02620983033,
    238.42683179875));
#270 = CARTESIAN_POINT('',(63.37172440973,-33.81024518932,
    238.78318045355));
#271 = CARTESIAN_POINT('',(63.1937220946,-33.65672716536,239.05007440766
    ));
#272 = CARTESIAN_POINT('',(63.028743247722,-33.50517783125,
    239.32663334783));
#273 = CARTESIAN_POINT('',(62.877218560642,-33.3557610533,
    239.61203923508));
#274 = CARTESIAN_POINT('',(62.739522874761,-33.2087025571,
    239.90549598122));
#275 = CARTESIAN_POINT('',(62.615977414264,-33.06428968179,
    240.20623067687));
#276 = CARTESIAN_POINT('',(62.391950031762,-32.77396654499,
    240.83702410003));
#277 = CARTESIAN_POINT('',(62.293039066193,-32.62838666338,
    241.16778152746));
#278 = CARTESIAN_POINT('',(62.210434390747,-32.48653764448,
    241.50489142762));
#279 = CARTESIAN_POINT('',(62.144396862797,-32.34891228195,
    241.84748296981));
#280 = CARTESIAN_POINT('',(62.0951300045,-32.21608367541,242.1946869528)
  );
#281 = CARTESIAN_POINT('',(62.062777078602,-32.08869889787,
    242.54563259102));
#282 = CARTESIAN_POINT('',(62.032820969157,-31.85225859547,
    243.23570885882));
#283 = CARTESIAN_POINT('',(62.033574500289,-31.74261186259,
    243.57454954159));
#284 = CARTESIAN_POINT('',(62.049747092362,-31.63914349929,
    243.91521523104));
#285 = CARTESIAN_POINT('',(62.081356466205,-31.54252983892,
    244.25692531808));
#286 = CARTESIAN_POINT('',(62.128361582111,-31.45349834367,
    244.59886654677));
#287 = CARTESIAN_POINT('',(62.190654493187,-31.37281343489,
    244.94018985882));
#288 = CARTESIAN_POINT('',(62.329580403768,-31.24438193625,
    245.55014901094));
#289 = CARTESIAN_POINT('',(62.400653197528,-31.19327487713,
    245.81933377421));
#290 = CARTESIAN_POINT('',(62.481177691408,-31.14833588287,
    246.08711137262));
#291 = CARTESIAN_POINT('',(62.571028280161,-31.1099705955,
    246.35300628489));
#292 = CARTESIAN_POINT('',(62.670042578664,-31.07858542409,
    246.61651777178));
#293 = CARTESIAN_POINT('',(62.778017358719,-31.05457740663,
    246.87712002435));
#294 = CARTESIAN_POINT('',(63.114326313319,-31.00773297599,
    247.61824079843));
#295 = CARTESIAN_POINT('',(63.364900205196,-31.00459981478,
    248.0901577566));
#296 = CARTESIAN_POINT('',(63.644695326495,-31.03149270578,
    248.54605867406));
#297 = CARTESIAN_POINT('',(63.951369838921,-31.09063331574,
    248.98181848681));
#298 = CARTESIAN_POINT('',(64.28196262958,-31.18360446395,
    249.39321023422));
#299 = CARTESIAN_POINT('',(64.632948597827,-31.31107253248,
    249.77590580773));
#300 = CARTESIAN_POINT('',(65.,-31.47218979578,250.12580078284));
#301 = PCURVE('',#31,#302);
#302 = DEFINITIONAL_REPRESENTATION('',(#303),#348);
#303 = B_SPLINE_CURVE_WITH_KNOTS('',7,(#304,#305,#306,#307,#308,#309,
    #310,#311,#312,#313,#314,#315,#316,#317,#318,#319,#320,#321,#322,
    #323,#324,#325,#326,#327,#328,#329,#330,#331,#332,#333,#334,#335,
    #336,#337,#338,#339,#340,#341,#342,#343,#344,#345,#346,#347),
  .UNSPECIFIED.,.F.,.F.,(8,6,6,6,6,6,6,8),(0.,8.487154490555E-02,
    0.147067822592,0.30659927477,0.474575581803,0.634221170475,
    0.761133285654,1.),.UNSPECIFIED.);
#304 = CARTESIAN_POINT('',(3.138798388881,1.));
#305 = CARTESIAN_POINT('',(3.13323931656,0.993287577499));
#306 = CARTESIAN_POINT('',(3.127560942119,0.986710679796));
#307 = CARTESIAN_POINT('',(3.121769705305,0.980275383971));
#308 = CARTESIAN_POINT('',(3.115872054852,0.973987376119));
#309 = CARTESIAN_POINT('',(3.109874420401,0.967851961819));
#310 = CARTESIAN_POINT('',(3.103783184425,0.961874076611));
#311 = CARTESIAN_POINT('',(3.093076851754,0.951796327647));
#312 = CARTESIAN_POINT('',(3.088502178495,0.947621427032));
#313 = CARTESIAN_POINT('',(3.083883125827,0.943535397657));
#314 = CARTESIAN_POINT('',(3.079222174867,0.939539957355));
#315 = CARTESIAN_POINT('',(3.074521796403,0.935636738737));
#316 = CARTESIAN_POINT('',(3.069784450889,0.931827289201));
#317 = CARTESIAN_POINT('',(3.052772914747,0.918586220486));
#318 = CARTESIAN_POINT('',(3.040306404893,0.90968610473));
#319 = CARTESIAN_POINT('',(3.027654002383,0.901437162386));
#320 = CARTESIAN_POINT('',(3.014856731874,0.893860928032));
#321 = CARTESIAN_POINT('',(3.001955533163,0.886976143738));
#322 = CARTESIAN_POINT('',(2.988991095142,0.880798870713));
#323 = CARTESIAN_POINT('',(2.962328791427,0.869597501588));
#324 = CARTESIAN_POINT('',(2.948628894335,0.86465195331));
#325 = CARTESIAN_POINT('',(2.934951046414,0.860521719537));
#326 = CARTESIAN_POINT('',(2.921342880069,0.85721984314));
#327 = CARTESIAN_POINT('',(2.907852352038,0.854756500225));
#328 = CARTESIAN_POINT('',(2.894527483248,0.85313885393));
#329 = CARTESIAN_POINT('',(2.868954968,0.851641048458));
#330 = CARTESIAN_POINT('',(2.856687143554,0.851678725014));
#331 = CARTESIAN_POINT('',(2.844653588508,0.852487354618));
#332 = CARTESIAN_POINT('',(2.832896071707,0.85406782331));
#333 = CARTESIAN_POINT('',(2.821456659363,0.856418079106));
#334 = CARTESIAN_POINT('',(2.810377206751,0.859532724659));
#335 = CARTESIAN_POINT('',(2.79120996611,0.866479020188));
#336 = CARTESIAN_POINT('',(2.782974725142,0.870032659876));
#337 = CARTESIAN_POINT('',(2.775013892467,0.87405888457));
#338 = CARTESIAN_POINT('',(2.767348224773,0.878551414008));
#339 = CARTESIAN_POINT('',(2.759998162883,0.883502128933));
#340 = CARTESIAN_POINT('',(2.752983524669,0.888900867936));
#341 = CARTESIAN_POINT('',(2.733787512478,0.905716315666));
#342 = CARTESIAN_POINT('',(2.72250190662,0.91824501026));
#343 = CARTESIAN_POINT('',(2.712600943268,0.932234766325));
#344 = CARTESIAN_POINT('',(2.704200922992,0.947568491946));
#345 = CARTESIAN_POINT('',(2.697391863521,0.964098131479));
#346 = CARTESIAN_POINT('',(2.692234697847,0.981647429891));
#347 = CARTESIAN_POINT('',(2.68874637295,1.));
#348 = ( GEOMETRIC_REPRESENTATION_CONTEXT(2) 
PARAMETRIC_REPRESENTATION_CONTEXT() REPRESENTATION_CONTEXT('2D SPACE',''
  ) );
#349 = PCURVE('',#350,#355);
#350 = SPHERICAL_SURFACE('',#351,10.);
#351 = AXIS2_PLACEMENT_3D('',#352,#353,#354);
#352 = CARTESIAN_POINT('',(72.,-31.,243.));
#353 = DIRECTION('',(0.,0.,1.));
#354 = DIRECTION('',(1.,0.,-0.));
#355 = DEFINITIONAL_REPRESENTATION('',(#356),#401);
#356 = B_SPLINE_CURVE_WITH_KNOTS('',7,(#357,#358,#359,#360,#361,#362,
    #363,#364,#365,#366,#367,#368,#369,#370,#371,#372,#373,#374,#375,
    #376,#377,#378,#379,#380,#381,#382,#383,#384,#385,#386,#387,#388,
    #389,#390,#391,#392,#393,#394,#395,#396,#397,#398,#399,#400),
  .UNSPECIFIED.,.F.,.F.,(8,6,6,6,6,6,6,8),(0.,8.487154490555E-02,
    0.147067822592,0.30659927477,0.474575581803,0.634221170475,
    0.761133285654,1.),.UNSPECIFIED.);
#357 = CARTESIAN_POINT('',(3.660724052305,-0.633063295421));
#358 = CARTESIAN_POINT('',(3.64300668933,-0.620724404047));
#359 = CARTESIAN_POINT('',(3.625883399724,-0.608000964287));
#360 = CARTESIAN_POINT('',(3.609337136366,-0.594922266778));
#361 = CARTESIAN_POINT('',(3.593347881435,-0.581515310157));
#362 = CARTESIAN_POINT('',(3.577893710348,-0.567804820092));
#363 = CARTESIAN_POINT('',(3.562951855699,-0.553813268311));
#364 = CARTESIAN_POINT('',(3.537908873356,-0.52911634536));
#365 = CARTESIAN_POINT('',(3.527581054892,-0.518531770967));
#366 = CARTESIAN_POINT('',(3.517507285524,-0.507815120183));
#367 = CARTESIAN_POINT('',(3.50767871416,-0.496973798428));
#368 = CARTESIAN_POINT('',(3.498086668896,-0.486014664808));
#369 = CARTESIAN_POINT('',(3.488722657013,-0.474944032117));
#370 = CARTESIAN_POINT('',(3.456123549964,-0.435100649283));
#371 = CARTESIAN_POINT('',(3.434115279446,-0.405738804272));
#372 = CARTESIAN_POINT('',(3.413413139667,-0.375779006839));
#373 = CARTESIAN_POINT('',(3.393893188955,-0.34529881532));
#374 = CARTESIAN_POINT('',(3.375448349884,-0.314359569314));
#375 = CARTESIAN_POINT('',(3.357988801459,-0.283009487663));
#376 = CARTESIAN_POINT('',(3.324020049862,-0.217884791504));
#377 = CARTESIAN_POINT('',(3.307610381557,-0.184070771281));
#378 = CARTESIAN_POINT('',(3.292128682092,-0.149888849944));
#379 = CARTESIAN_POINT('',(3.277511143692,-0.115373161473));
#380 = CARTESIAN_POINT('',(3.26371377963,-8.054978484854E-02));
#381 = CARTESIAN_POINT('',(3.250711368777,-4.543869927571E-02));
#382 = CARTESIAN_POINT('',(3.226887228052,2.357241660435E-02));
#383 = CARTESIAN_POINT('',(3.215989724102,5.74449504671E-02));
#384 = CARTESIAN_POINT('',(3.205798252191,9.154844122518E-02));
#385 = CARTESIAN_POINT('',(3.196322105874,0.125870786607));
#386 = CARTESIAN_POINT('',(3.187587236244,0.160399970635));
#387 = CARTESIAN_POINT('',(3.179637979794,0.195122831227));
#388 = CARTESIAN_POINT('',(3.166895199938,0.257768780443));
#389 = CARTESIAN_POINT('',(3.161788970501,0.285625783182));
#390 = CARTESIAN_POINT('',(3.1572531072,0.313586403919));
#391 = CARTESIAN_POINT('',(3.153328846052,0.3416404091));
#392 = CARTESIAN_POINT('',(3.150067563118,0.369774828205));
#393 = CARTESIAN_POINT('',(3.147532687759,0.397973018245));
#394 = CARTESIAN_POINT('',(3.142543491558,0.479366775133));
#395 = CARTESIAN_POINT('',(3.142132356526,0.532691728981));
#396 = CARTESIAN_POINT('',(3.145087501816,0.586017142787));
#397 = CARTESIAN_POINT('',(3.152121596872,0.639120160786));
#398 = CARTESIAN_POINT('',(3.164143469886,0.691697458805));
#399 = CARTESIAN_POINT('',(3.182512730717,0.743297183696));
#400 = CARTESIAN_POINT('',(3.208946303282,0.793168844175));
#401 = ( GEOMETRIC_REPRESENTATION_CONTEXT(2) 
PARAMETRIC_REPRESENTATION_CONTEXT() REPRESENTATION_CONTEXT('2D SPACE',''
  ) );
#402 = ORIENTED_EDGE('',*,*,#403,.F.);
#403 = EDGE_CURVE('',#404,#253,#406,.T.);
#404 = VERTEX_POINT('',#405);
#405 = CARTESIAN_POINT('',(65.,-21.,261.));
#406 = SURFACE_CURVE('',#407,(#412,#418),.PCURVE_S1.);
#407 = ELLIPSE('',#408,35.,30.);
#408 = AXIS2_PLACEMENT_3D('',#409,#410,#411);
#409 = CARTESIAN_POINT('',(65.,0.,237.));
#410 = DIRECTION('',(1.,0.,0.));
#411 = DIRECTION('',(-0.,1.,0.));
#412 = PCURVE('',#31,#413);
#413 = DEFINITIONAL_REPRESENTATION('',(#414),#417);
#414 = B_SPLINE_CURVE_WITH_KNOTS('',1,(#415,#416),.UNSPECIFIED.,.F.,.F.,
  (2,2),(2.214297435588,2.68874637427),.PIECEWISE_BEZIER_KNOTS.);
#415 = CARTESIAN_POINT('',(2.214297436272,1.));
#416 = CARTESIAN_POINT('',(2.688746373253,1.));
#417 = ( GEOMETRIC_REPRESENTATION_CONTEXT(2) 
PARAMETRIC_REPRESENTATION_CONTEXT() REPRESENTATION_CONTEXT('2D SPACE',''
  ) );
#418 = PCURVE('',#214,#419);
#419 = DEFINITIONAL_REPRESENTATION('',(#420),#423);
#420 = B_SPLINE_CURVE_WITH_KNOTS('',1,(#421,#422),.UNSPECIFIED.,.F.,.F.,
  (2,2),(2.214297435588,2.68874637427),.PIECEWISE_BEZIER_KNOTS.);
#421 = CARTESIAN_POINT('',(2.214297436272,0.));
#422 = CARTESIAN_POINT('',(2.688746373253,0.));
#423 = ( GEOMETRIC_REPRESENTATION_CONTEXT(2) 
PARAMETRIC_REPRESENTATION_CONTEXT() REPRESENTATION_CONTEXT('2D SPACE',''
  ) );
#424 = ORIENTED_EDGE('',*,*,#425,.F.);
#425 = EDGE_CURVE('',#426,#404,#428,.T.);
#426 = VERTEX_POINT('',#427);
#427 = CARTESIAN_POINT('',(65.,-19.,262.19475164005));
#428 = SURFACE_CURVE('',#429,(#434,#441),.PCURVE_S1.);
#429 = ELLIPSE('',#430,35.,30.);
#430 = AXIS2_PLACEMENT_3D('',#431,#432,#433);
#431 = CARTESIAN_POINT('',(65.,0.,237.));
#432 = DIRECTION('',(1.,0.,0.));
#433 = DIRECTION('',(-0.,1.,0.));
#434 = PCURVE('',#31,#435);
#435 = DEFINITIONAL_REPRESENTATION('',(#436),#440);
#436 = LINE('',#437,#438);
#437 = CARTESIAN_POINT('',(0.,1.));
#438 = VECTOR('',#439,1.);
#439 = DIRECTION('',(1.,0.));
#440 = ( GEOMETRIC_REPRESENTATION_CONTEXT(2) 
PARAMETRIC_REPRESENTATION_CONTEXT() REPRESENTATION_CONTEXT('2D SPACE',''
  ) );
#441 = PCURVE('',#214,#442);
#442 = DEFINITIONAL_REPRESENTATION('',(#443),#447);
#443 = LINE('',#444,#445);
#444 = CARTESIAN_POINT('',(0.,0.));
#445 = VECTOR('',#446,1.);
#446 = DIRECTION('',(1.,0.));
#447 = ( GEOMETRIC_REPRESENTATION_CONTEXT(2) 
PARAMETRIC_REPRESENTATION_CONTEXT() REPRESENTATION_CONTEXT('2D SPACE',''
  ) );
#448 = ORIENTED_EDGE('',*,*,#449,.F.);
#449 = EDGE_CURVE('',#450,#426,#452,.T.);
#450 = VERTEX_POINT('',#451);
#451 = CARTESIAN_POINT('',(65.,19.,262.19475164005));
#452 = SURFACE_CURVE('',#453,(#458,#465),.PCURVE_S1.);
#453 = ELLIPSE('',#454,35.,30.);
#454 = AXIS2_PLACEMENT_3D('',#455,#456,#457);
#455 = CARTESIAN_POINT('',(65.,0.,237.));
#456 = DIRECTION('',(1.,0.,0.));
#457 = DIRECTION('',(-0.,1.,0.));
#458 = PCURVE('',#31,#459);
#459 = DEFINITIONAL_REPRESENTATION('',(#460),#464);
#460 = LINE('',#461,#462);
#461 = CARTESIAN_POINT('',(0.,1.));
#462 = VECTOR('',#463,1.);
#463 = DIRECTION('',(1.,0.));
#464 = ( GEOMETRIC_REPRESENTATION_CONTEXT(2) 
PARAMETRIC_REPRESENTATION_CONTEXT() REPRESENTATION_CONTEXT('2D SPACE',''
  ) );
#465 = PCURVE('',#214,#466);
#466 = DEFINITIONAL_REPRESENTATION('',(#467),#471);
#467 = LINE('',#468,#469);
#468 = CARTESIAN_POINT('',(0.,0.));
#469 = VECTOR('',#470,1.);
#470 = DIRECTION('',(1.,0.));
#471 = ( GEOMETRIC_REPRESENTATION_CONTEXT(2) 
PARAMETRIC_REPRESENTATION_CONTEXT() REPRESENTATION_CONTEXT('2D SPACE',''
  ) );
#472 = ORIENTED_EDGE('',*,*,#473,.F.);
#473 = EDGE_CURVE('',#474,#450,#476,.T.);
#474 = VERTEX_POINT('',#475);
#475 = CARTESIAN_POINT('',(65.,21.,261.));
#476 = SURFACE_CURVE('',#477,(#482,#489),.PCURVE_S1.);
#477 = ELLIPSE('',#478,35.,30.);
#478 = AXIS2_PLACEMENT_3D('',#479,#480,#481);
#479 = CARTESIAN_POINT('',(65.,0.,237.));
#480 = DIRECTION('',(1.,0.,0.));
#481 = DIRECTION('',(-0.,1.,0.));
#482 = PCURVE('',#31,#483);
#483 = DEFINITIONAL_REPRESENTATION('',(#484),#488);
#484 = LINE('',#485,#486);
#485 = CARTESIAN_POINT('',(0.,1.));
#486 = VECTOR('',#487,1.);
#487 = DIRECTION('',(1.,0.));
#488 = ( GEOMETRIC_REPRESENTATION_CONTEXT(2) 
PARAMETRIC_REPRESENTATION_CONTEXT() REPRESENTATION_CONTEXT('2D SPACE',''
  ) );
#489 = PCURVE('',#214,#490);
#490 = DEFINITIONAL_REPRESENTATION('',(#491),#495);
#491 = LINE('',#492,#493);
#492 = CARTESIAN_POINT('',(0.,0.));
#493 = VECTOR('',#494,1.);
#494 = DIRECTION('',(1.,0.));
#495 = ( GEOMETRIC_REPRESENTATION_CONTEXT(2) 
PARAMETRIC_REPRESENTATION_CONTEXT() REPRESENTATION_CONTEXT('2D SPACE',''
  ) );
#496 = ORIENTED_EDGE('',*,*,#497,.F.);
#497 = EDGE_CURVE('',#498,#474,#500,.T.);
#498 = VERTEX_POINT('',#499);
#499 = CARTESIAN_POINT('',(65.,31.472189812815,250.12580078171));
#500 = SURFACE_CURVE('',#501,(#506,#513),.PCURVE_S1.);
#501 = ELLIPSE('',#502,35.,30.);
#502 = AXIS2_PLACEMENT_3D('',#503,#504,#505);
#503 = CARTESIAN_POINT('',(65.,0.,237.));
#504 = DIRECTION('',(1.,0.,0.));
#505 = DIRECTION('',(-0.,1.,0.));
#506 = PCURVE('',#31,#507);
#507 = DEFINITIONAL_REPRESENTATION('',(#508),#512);
#508 = LINE('',#509,#510);
#509 = CARTESIAN_POINT('',(0.,1.));
#510 = VECTOR('',#511,1.);
#511 = DIRECTION('',(1.,0.));
#512 = ( GEOMETRIC_REPRESENTATION_CONTEXT(2) 
PARAMETRIC_REPRESENTATION_CONTEXT() REPRESENTATION_CONTEXT('2D SPACE',''
  ) );
#513 = PCURVE('',#214,#514);
#514 = DEFINITIONAL_REPRESENTATION('',(#515),#519);
#515 = LINE('',#516,#517);
#516 = CARTESIAN_POINT('',(0.,0.));
#517 = VECTOR('',#518,1.);
#518 = DIRECTION('',(1.,0.));
#519 = ( GEOMETRIC_REPRESENTATION_CONTEXT(2) 
PARAMETRIC_REPRESENTATION_CONTEXT() REPRESENTATION_CONTEXT('2D SPACE',''
  ) );
#520 = ORIENTED_EDGE('',*,*,#521,.T.);
#521 = EDGE_CURVE('',#498,#522,#524,.T.);
#522 = VERTEX_POINT('',#523);
#523 = CARTESIAN_POINT('',(65.,34.999863361563,237.08382783475));
#524 = SURFACE_CURVE('',#525,(#570,#618),.PCURVE_S1.);
#525 = B_SPLINE_CURVE_WITH_KNOTS('',7,(#526,#527,#528,#529,#530,#531,
    #532,#533,#534,#535,#536,#537,#538,#539,#540,#541,#542,#543,#544,
    #545,#546,#547,#548,#549,#550,#551,#552,#553,#554,#555,#556,#557,
    #558,#559,#560,#561,#562,#563,#564,#565,#566,#567,#568,#569),
  .UNSPECIFIED.,.F.,.F.,(8,6,6,6,6,6,6,8),(0.,0.237433106013,
    0.365061553031,0.521723157526,0.69292098215,0.85376451994,
    0.916082253349,1.),.UNSPECIFIED.);
#526 = CARTESIAN_POINT('',(65.,31.472189785458,250.12580078352));
#527 = CARTESIAN_POINT('',(64.635151596885,31.312039530241,
    249.77800583634));
#528 = CARTESIAN_POINT('',(64.28617597338,31.185135590848,
    249.39780248103));
#529 = CARTESIAN_POINT('',(63.957323105599,31.092310512475,
    248.98922113966));
#530 = CARTESIAN_POINT('',(63.652060269911,31.03291917788,
    248.55651135161));
#531 = CARTESIAN_POINT('',(63.373303117985,31.005418242069,
    248.10382637383));
#532 = CARTESIAN_POINT('',(63.123363021153,31.007636653415,
    247.63522104315));
#533 = CARTESIAN_POINT('',(62.786014644014,31.052875622366,
    246.89622726222));
#534 = CARTESIAN_POINT('',(62.676871716846,31.07655559465,
    246.63433829725));
#535 = CARTESIAN_POINT('',(62.576780046339,31.107716639981,
    246.36947986923));
#536 = CARTESIAN_POINT('',(62.485948025269,31.145955381689,
    246.10218783163));
#537 = CARTESIAN_POINT('',(62.40454213469,31.190858536782,
    245.83297237548));
#538 = CARTESIAN_POINT('',(62.332691124822,31.242013393448,
    245.56231786233));
#539 = CARTESIAN_POINT('',(62.194139683583,31.36899076367,
    244.95725536818));
#540 = CARTESIAN_POINT('',(62.132330980986,31.44777566998,
    244.62235947514));
#541 = CARTESIAN_POINT('',(62.08523776618,31.534629032522,
    244.28683354618));
#542 = CARTESIAN_POINT('',(62.052964694719,31.628827717982,
    243.95148070194));
#543 = CARTESIAN_POINT('',(62.035554341026,31.72968221325,
    243.61707160592));
#544 = CARTESIAN_POINT('',(62.032994139734,31.836549403968,
    243.2843474549));
#545 = CARTESIAN_POINT('',(62.058587228611,32.071560949314,
    242.59304853957));
#546 = CARTESIAN_POINT('',(62.089611984329,32.200755965097,
    242.23494968936));
#547 = CARTESIAN_POINT('',(62.13821876595,32.335667351507,
    241.88065469715));
#548 = CARTESIAN_POINT('',(62.204260274709,32.475604541397,
    241.53108604929));
#549 = CARTESIAN_POINT('',(62.287524031541,32.619956510584,
    241.18716401162));
#550 = CARTESIAN_POINT('',(62.38773566731,32.768198839036,
    240.84981020119));
#551 = CARTESIAN_POINT('',(62.614322923872,33.062427557367,
    240.21004245648));
#552 = CARTESIAN_POINT('',(62.738745892133,33.208003425692,
    239.90675959719));
#553 = CARTESIAN_POINT('',(62.877555210955,33.356270259288,
    239.61086935862));
#554 = CARTESIAN_POINT('',(63.030421892238,33.506933342417,
    239.32316378585));
#555 = CARTESIAN_POINT('',(63.196961533772,33.659761608858,
    239.04445890375));
#556 = CARTESIAN_POINT('',(63.37673198635,33.814587889427,
    238.77559343047));
#557 = CARTESIAN_POINT('',(63.643813460942,34.032029748332,
    238.41740285562));
#558 = CARTESIAN_POINT('',(63.720305983167,34.093034233348,
    238.31898517877));
#559 = CARTESIAN_POINT('',(63.798679090019,34.154316351483,
    238.22222498276));
#560 = CARTESIAN_POINT('',(63.878901561371,34.215870961163,
    238.1271735034));
#561 = CARTESIAN_POINT('',(63.960940454512,34.27769404229,
    238.03388268982));
#562 = CARTESIAN_POINT('',(64.044761104142,34.33978269624,
    237.94240520451));
#563 = CARTESIAN_POINT('',(64.245551265613,34.486099641752,
    237.73212355772));
#564 = CARTESIAN_POINT('',(64.36393997006,34.570542193914,
    237.61483802633));
#565 = CARTESIAN_POINT('',(64.485404475656,34.655458431197,
    237.50106768662));
#566 = CARTESIAN_POINT('',(64.609849132444,34.740846812988,
    237.39094544829));
#567 = CARTESIAN_POINT('',(64.737171202387,34.826708223698,
    237.28460658819));
#568 = CARTESIAN_POINT('',(64.867260661168,34.913045567253,
    237.18218806515));
#569 = CARTESIAN_POINT('',(65.,34.999863361577,237.08382783476));
#570 = PCURVE('',#31,#571);
#571 = DEFINITIONAL_REPRESENTATION('',(#572),#617);
#572 = B_SPLINE_CURVE_WITH_KNOTS('',7,(#573,#574,#575,#576,#577,#578,
    #579,#580,#581,#582,#583,#584,#585,#586,#587,#588,#589,#590,#591,
    #592,#593,#594,#595,#596,#597,#598,#599,#600,#601,#602,#603,#604,
    #605,#606,#607,#608,#609,#610,#611,#612,#613,#614,#615,#616),
  .UNSPECIFIED.,.F.,.F.,(8,6,6,6,6,6,6,8),(0.,0.237433106013,
    0.365061553031,0.521723157526,0.69292098215,0.85376451994,
    0.916082253349,1.),.UNSPECIFIED.);
#573 = CARTESIAN_POINT('',(0.452846280713,1.));
#574 = CARTESIAN_POINT('',(0.449378892256,0.981757579844));
#575 = CARTESIAN_POINT('',(0.444262631915,0.964308798669));
#576 = CARTESIAN_POINT('',(0.437514131366,0.94786615528));
#577 = CARTESIAN_POINT('',(0.429192966497,0.932603013496));
#578 = CARTESIAN_POINT('',(0.419387207121,0.918665155899));
#579 = CARTESIAN_POINT('',(0.408210662953,0.906168151058));
#580 = CARTESIAN_POINT('',(0.389121370787,0.889300732201));
#581 = CARTESIAN_POINT('',(0.382088193447,0.883843585842));
#582 = CARTESIAN_POINT('',(0.374714776595,0.878839002317));
#583 = CARTESIAN_POINT('',(0.36702125095,0.874297401263));
#584 = CARTESIAN_POINT('',(0.359028392992,0.870227106735));
#585 = CARTESIAN_POINT('',(0.35075730817,0.866634556241));
#586 = CARTESIAN_POINT('',(0.331760910546,0.859706984179));
#587 = CARTESIAN_POINT('',(0.32090559759,0.856616549049));
#588 = CARTESIAN_POINT('',(0.309701997383,0.854261888309));
#589 = CARTESIAN_POINT('',(0.298189622637,0.852648234736));
#590 = CARTESIAN_POINT('',(0.286408224354,0.851777717051));
#591 = CARTESIAN_POINT('',(0.27439733953,0.851649706987));
#592 = CARTESIAN_POINT('',(0.248862192905,0.852929361431));
#593 = CARTESIAN_POINT('',(0.235301284036,0.854480599216));
#594 = CARTESIAN_POINT('',(0.221563749015,0.856910938298));
#595 = CARTESIAN_POINT('',(0.207700447329,0.860213013735));
#596 = CARTESIAN_POINT('',(0.193762172139,0.864376201577));
#597 = CARTESIAN_POINT('',(0.179799361225,0.869386783366));
#598 = CARTESIAN_POINT('',(0.152767217581,0.880716146194));
#599 = CARTESIAN_POINT('',(0.139695359883,0.886937294607));
#600 = CARTESIAN_POINT('',(0.126687501563,0.893877760548));
#601 = CARTESIAN_POINT('',(0.113785343088,0.901521094612));
#602 = CARTESIAN_POINT('',(0.101030845574,0.909848076689));
#603 = CARTESIAN_POINT('',(8.846605769339E-02,0.918836599318));
#604 = CARTESIAN_POINT('',(7.135456112063E-02,0.932190673047));
#605 = CARTESIAN_POINT('',(6.661099606663E-02,0.936015299158));
#606 = CARTESIAN_POINT('',(6.190471241268E-02,0.939933954501));
#607 = CARTESIAN_POINT('',(5.723818559201E-02,0.943945078069));
#608 = CARTESIAN_POINT('',(5.261390148041E-02,0.948047022726));
#609 = CARTESIAN_POINT('',(4.803435639626E-02,0.952238055207));
#610 = CARTESIAN_POINT('',(3.739881291554E-02,0.962277563281));
#611 = CARTESIAN_POINT('',(3.13812593197E-02,0.968196998503));
#612 = CARTESIAN_POINT('',(2.545549535384E-02,0.974270223783));
#613 = CARTESIAN_POINT('',(1.962769171002E-02,0.980492456622));
#614 = CARTESIAN_POINT('',(1.39040640835E-02,0.986858560119));
#615 = CARTESIAN_POINT('',(8.290846524869E-03,0.993363033058));
#616 = CARTESIAN_POINT('',(2.794264792098E-03,1.));
#617 = ( GEOMETRIC_REPRESENTATION_CONTEXT(2) 
PARAMETRIC_REPRESENTATION_CONTEXT() REPRESENTATION_CONTEXT('2D SPACE',''
  ) );
#618 = PCURVE('',#619,#624);
#619 = SPHERICAL_SURFACE('',#620,10.);
#620 = AXIS2_PLACEMENT_3D('',#621,#622,#623);
#621 = CARTESIAN_POINT('',(72.,31.,243.));
#622 = DIRECTION('',(0.,0.,1.));
#623 = DIRECTION('',(1.,0.,-0.));
#624 = DEFINITIONAL_REPRESENTATION('',(#625),#670);
#625 = B_SPLINE_CURVE_WITH_KNOTS('',7,(#626,#627,#628,#629,#630,#631,
    #632,#633,#634,#635,#636,#637,#638,#639,#640,#641,#642,#643,#644,
    #645,#646,#647,#648,#649,#650,#651,#652,#653,#654,#655,#656,#657,
    #658,#659,#660,#661,#662,#663,#664,#665,#666,#667,#668,#669),
  .UNSPECIFIED.,.F.,.F.,(8,6,6,6,6,6,6,8),(0.,0.237433106013,
    0.365061553031,0.521723157526,0.69292098215,0.85376451994,
    0.916082253349,1.),.UNSPECIFIED.);
#626 = CARTESIAN_POINT('',(3.074239005365,0.793168844273));
#627 = CARTESIAN_POINT('',(3.100513926496,0.743596507549));
#628 = CARTESIAN_POINT('',(3.118821095028,0.692316736978));
#629 = CARTESIAN_POINT('',(3.130846577953,0.64006652116));
#630 = CARTESIAN_POINT('',(3.137928018941,0.587291460635));
#631 = CARTESIAN_POINT('',(3.140962756569,0.534291278921));
#632 = CARTESIAN_POINT('',(3.14065478985,0.481286476329));
#633 = CARTESIAN_POINT('',(3.135832497261,0.400043739066));
#634 = CARTESIAN_POINT('',(3.133329220114,0.371682383585));
#635 = CARTESIAN_POINT('',(3.130087957511,0.343384634293));
#636 = CARTESIAN_POINT('',(3.126173715514,0.315167578415));
#637 = CARTESIAN_POINT('',(3.121639108745,0.287044511496));
#638 = CARTESIAN_POINT('',(3.116526342405,0.259025907578));
#639 = CARTESIAN_POINT('',(3.103925147566,0.1968668718));
#640 = CARTESIAN_POINT('',(3.096161103498,0.162784632843));
#641 = CARTESIAN_POINT('',(3.087638346593,0.128888279364));
#642 = CARTESIAN_POINT('',(3.078399407986,9.519026106819E-02));
#643 = CARTESIAN_POINT('',(3.068469715092,6.170200973447E-02));
#644 = CARTESIAN_POINT('',(3.057859241273,2.843507843155E-02));
#645 = CARTESIAN_POINT('',(3.034221028258,-4.069554377628E-02));
#646 = CARTESIAN_POINT('',(3.021060658396,-7.651286187633E-02));
#647 = CARTESIAN_POINT('',(3.007076827706,-0.112033237093));
#648 = CARTESIAN_POINT('',(2.992244219576,-0.147235902916));
#649 = CARTESIAN_POINT('',(2.976517289638,-0.182093630723));
#650 = CARTESIAN_POINT('',(2.959829136431,-0.216570597709));
#651 = CARTESIAN_POINT('',(2.925424473292,-0.282610540438));
#652 = CARTESIAN_POINT('',(2.907831482893,-0.314222613051));
#653 = CARTESIAN_POINT('',(2.889237652409,-0.345417454132));
#654 = CARTESIAN_POINT('',(2.869550983925,-0.376145715986));
#655 = CARTESIAN_POINT('',(2.848661649991,-0.40634449224));
#656 = CARTESIAN_POINT('',(2.826442413534,-0.435934088344));
#657 = CARTESIAN_POINT('',(2.793569214557,-0.476004424056));
#658 = CARTESIAN_POINT('',(2.78416825236,-0.487087518944));
#659 = CARTESIAN_POINT('',(2.774537781214,-0.498058250364));
#660 = CARTESIAN_POINT('',(2.764669244778,-0.508910239635));
#661 = CARTESIAN_POINT('',(2.754553910341,-0.519636555768));
#662 = CARTESIAN_POINT('',(2.744182868826,-0.530229715462));
#663 = CARTESIAN_POINT('',(2.719224703429,-0.55475641793));
#664 = CARTESIAN_POINT('',(2.704422309308,-0.56857504015));
#665 = CARTESIAN_POINT('',(2.689118054819,-0.58211789501));
#666 = CARTESIAN_POINT('',(2.673289958203,-0.595363187696));
#667 = CARTESIAN_POINT('',(2.656916863956,-0.608286966731));
#668 = CARTESIAN_POINT('',(2.639979453255,-0.620863107377));
#669 = CARTESIAN_POINT('',(2.622461254374,-0.633063295032));
#670 = ( GEOMETRIC_REPRESENTATION_CONTEXT(2) 
PARAMETRIC_REPRESENTATION_CONTEXT() REPRESENTATION_CONTEXT('2D SPACE',''
  ) );
#671 = ORIENTED_EDGE('',*,*,#672,.F.);
#672 = EDGE_CURVE('',#24,#522,#673,.T.);
#673 = SURFACE_CURVE('',#674,(#679,#686),.PCURVE_S1.);
#674 = ELLIPSE('',#675,35.,30.);
#675 = AXIS2_PLACEMENT_3D('',#676,#677,#678);
#676 = CARTESIAN_POINT('',(65.,0.,237.));
#677 = DIRECTION('',(1.,0.,0.));
#678 = DIRECTION('',(-0.,1.,0.));
#679 = PCURVE('',#31,#680);
#680 = DEFINITIONAL_REPRESENTATION('',(#681),#685);
#681 = LINE('',#682,#683);
#682 = CARTESIAN_POINT('',(0.,1.));
#683 = VECTOR('',#684,1.);
#684 = DIRECTION('',(1.,0.));
#685 = ( GEOMETRIC_REPRESENTATION_CONTEXT(2) 
PARAMETRIC_REPRESENTATION_CONTEXT() REPRESENTATION_CONTEXT('2D SPACE',''
  ) );
#686 = PCURVE('',#687,#718);
#687 = B_SPLINE_SURFACE_WITH_KNOTS('',14,1,(
    (#688,#689)
    ,(#690,#691)
    ,(#692,#693)
    ,(#694,#695)
    ,(#696,#697)
    ,(#698,#699)
    ,(#700,#701)
    ,(#702,#703)
    ,(#704,#705)
    ,(#706,#707)
    ,(#708,#709)
    ,(#710,#711)
    ,(#712,#713)
    ,(#714,#715)
    ,(#716,#717
    )),.UNSPECIFIED.,.T.,.F.,.F.,(1,14,14,1),(2,2),(-6.28318530718,0.,
    6.28318530718,12.56637061436),(0.,1.),.UNSPECIFIED.);
#688 = CARTESIAN_POINT('',(65.,35.,237.));
#689 = CARTESIAN_POINT('',(115.,29.,233.));
#690 = CARTESIAN_POINT('',(65.,35.000000000001,250.4639685154));
#691 = CARTESIAN_POINT('',(115.,29.000000000006,243.32237586184));
#692 = CARTESIAN_POINT('',(65.000000000005,27.40799735802,
    263.92794200061));
#693 = CARTESIAN_POINT('',(115.,22.709483525194,253.64475553364));
#694 = CARTESIAN_POINT('',(64.99999999996,12.223982368381,
    273.98458039714));
#695 = CARTESIAN_POINT('',(114.99999999997,10.128442533865,
    261.35484497159));
#696 = CARTESIAN_POINT('',(65.000000000143,-8.281371515745,
    277.22692787505));
#697 = CARTESIAN_POINT('',(115.00000000012,-6.861707827469,
    263.84064470326));
#698 = CARTESIAN_POINT('',(64.999999999658,-29.5671481143,
    271.46930582956));
#699 = CARTESIAN_POINT('',(114.9999999997,-24.49849415162,
    259.42646780424));
#700 = CARTESIAN_POINT('',(65.000000000595,-45.81645955778,
    256.97655735927));
#701 = CARTESIAN_POINT('',(115.0000000005,-37.9622093482,248.31536063997
    ));
#702 = CARTESIAN_POINT('',(64.999999999207,-51.934001072,236.9999999986)
  );
#703 = CARTESIAN_POINT('',(114.99999999935,-43.03102945929,
    233.00000000129));
#704 = CARTESIAN_POINT('',(65.000000000829,-45.81645955777,
    217.02344264319));
#705 = CARTESIAN_POINT('',(115.00000000064,-37.96220934821,
    217.6846393576));
#706 = CARTESIAN_POINT('',(64.999999999315,-29.56714811432,
    202.53069416875));
#707 = CARTESIAN_POINT('',(114.99999999949,-24.4984941516,
    206.57353219768));
#708 = CARTESIAN_POINT('',(65.000000000445,-8.281371515729,
    196.77307212583));
#709 = CARTESIAN_POINT('',(115.00000000031,-6.861707827483,
    202.15935529546));
#710 = CARTESIAN_POINT('',(64.999999999778,12.223982368372,
    200.0154196025));
#711 = CARTESIAN_POINT('',(114.99999999984,10.128442533875,
    204.64515502907));
#712 = CARTESIAN_POINT('',(65.00000000008,27.407997358024,
    210.07205799948));
#713 = CARTESIAN_POINT('',(115.00000000005,22.70948352519,
    212.35524446609));
#714 = CARTESIAN_POINT('',(64.999999999983,35.,223.53603148458));
#715 = CARTESIAN_POINT('',(114.99999999998,29.000000000007,
    222.67762413821));
#716 = CARTESIAN_POINT('',(65.,35.,237.));
#717 = CARTESIAN_POINT('',(115.,29.,233.));
#718 = DEFINITIONAL_REPRESENTATION('',(#719),#723);
#719 = LINE('',#720,#721);
#720 = CARTESIAN_POINT('',(0.,0.));
#721 = VECTOR('',#722,1.);
#722 = DIRECTION('',(1.,0.));
#723 = ( GEOMETRIC_REPRESENTATION_CONTEXT(2) 
PARAMETRIC_REPRESENTATION_CONTEXT() REPRESENTATION_CONTEXT('2D SPACE',''
  ) );
#724 = FACE_BOUND('',#725,.T.);
#725 = EDGE_LOOP('',(#726,#987));
#726 = ORIENTED_EDGE('',*,*,#727,.T.);
#727 = EDGE_CURVE('',#728,#730,#732,.T.);
#728 = VERTEX_POINT('',#729);
#729 = CARTESIAN_POINT('',(57.409931659883,-19.,212.60140059341));
#730 = VERTEX_POINT('',#731);
#731 = CARTESIAN_POINT('',(60.68926128559,-19.,212.190778167));
#732 = SURFACE_CURVE('',#733,(#792,#887),.PCURVE_S1.);
#733 = B_SPLINE_CURVE_WITH_KNOTS('',8,(#734,#735,#736,#737,#738,#739,
    #740,#741,#742,#743,#744,#745,#746,#747,#748,#749,#750,#751,#752,
    #753,#754,#755,#756,#757,#758,#759,#760,#761,#762,#763,#764,#765,
    #766,#767,#768,#769,#770,#771,#772,#773,#774,#775,#776,#777,#778,
    #779,#780,#781,#782,#783,#784,#785,#786,#787,#788,#789,#790,#791),
  .UNSPECIFIED.,.F.,.F.,(9,7,7,7,7,7,7,7,9),(4.595257488842E-07,
    0.638336237647,1.,1.471675785109,1.687339643405,1.988570595456,
    2.251410168738,2.651473492067,3.566782478332),.UNSPECIFIED.);
#734 = CARTESIAN_POINT('',(57.409931659883,-19.,212.60140059341));
#735 = CARTESIAN_POINT('',(57.43686439171,-19.10418389566,212.6726091766
    ));
#736 = CARTESIAN_POINT('',(57.46782146388,-19.20781415137,
    212.74344215348));
#737 = CARTESIAN_POINT('',(57.502960557017,-19.31082457659,
    212.81377929031));
#738 = CARTESIAN_POINT('',(57.542471726953,-19.41311425198,
    212.88346537221));
#739 = CARTESIAN_POINT('',(57.586570156633,-19.51454925354,
    212.95231069162));
#740 = CARTESIAN_POINT('',(57.635503100036,-19.61496056929,
    213.02008672126));
#741 = CARTESIAN_POINT('',(57.689571018148,-19.71413820852,
    213.08651697132));
#742 = CARTESIAN_POINT('',(57.782926057075,-19.86716621263,
    213.1879463948));
#743 = CARTESIAN_POINT('',(57.818456396431,-19.9220209001,
    213.22408223169));
#744 = CARTESIAN_POINT('',(57.855824764471,-19.97634011579,
    213.25961039075));
#745 = CARTESIAN_POINT('',(57.895107378607,-20.03006384234,
    213.29445785348));
#746 = CARTESIAN_POINT('',(57.936385282495,-20.08311761046,
    213.32853868305));
#747 = CARTESIAN_POINT('',(57.979746055856,-20.13541158347,
    213.3617529192));
#748 = CARTESIAN_POINT('',(58.025287785821,-20.18683861091,
    213.39398441883));
#749 = CARTESIAN_POINT('',(58.13551417952,-20.30304465121,
    213.46567498415));
#750 = CARTESIAN_POINT('',(58.201712971221,-20.36702665151,213.50428854)
  );
#751 = CARTESIAN_POINT('',(58.272056005898,-20.4290468871,213.5407111471
    ));
#752 = CARTESIAN_POINT('',(58.346844060137,-20.48874608923,
    213.57457324702));
#753 = CARTESIAN_POINT('',(58.426329427881,-20.54557635591,
    213.60536414468));
#754 = CARTESIAN_POINT('',(58.510691974133,-20.5988114758,
    213.63244620879));
#755 = CARTESIAN_POINT('',(58.600030679445,-20.64754255709,
    213.65506089879));
#756 = CARTESIAN_POINT('',(58.737541374235,-20.71033696863,213.680190237
    ));
#757 = CARTESIAN_POINT('',(58.781704437944,-20.72884532119,
    213.68694612937));
#758 = CARTESIAN_POINT('',(58.826861945681,-20.74604249112,
    213.69248526619));
#759 = CARTESIAN_POINT('',(58.872967628773,-20.76179828725,
    213.69671444159));
#760 = CARTESIAN_POINT('',(58.919948827326,-20.77597267458,
    213.69953896851));
#761 = CARTESIAN_POINT('',(58.967703079217,-20.78842225861,
    213.70086875331));
#762 = CARTESIAN_POINT('',(59.016093850099,-20.79900968617,
    213.70062663464));
#763 = CARTESIAN_POINT('',(59.133179369671,-20.81963687777,
    213.69615032783));
#764 = CARTESIAN_POINT('',(59.20244635397,-20.82781639825,
    213.69036533648));
#765 = CARTESIAN_POINT('',(59.272056837066,-20.83176642058,
    213.68124473909));
#766 = CARTESIAN_POINT('',(59.341352890501,-20.83127131014,
    213.66876752715));
#767 = CARTESIAN_POINT('',(59.409714193749,-20.82628181092,
    213.65304192904));
#768 = CARTESIAN_POINT('',(59.476563216975,-20.81691128475,
    213.63429667984));
#769 = CARTESIAN_POINT('',(59.541369570392,-20.80343428033,
    213.61287258898));
#770 = CARTESIAN_POINT('',(59.657999485296,-20.7713259206,
    213.56857141826));
#771 = CARTESIAN_POINT('',(59.710510897856,-20.75354647116,
    213.54619470982));
#772 = CARTESIAN_POINT('',(59.761003174711,-20.7331844455,213.5223160563
    ));
#773 = CARTESIAN_POINT('',(59.809382927236,-20.71050176891,
    213.49716758456));
#774 = CARTESIAN_POINT('',(59.85562351854,-20.68576076735,
    213.47096557666));
#775 = CARTESIAN_POINT('',(59.899746386692,-20.65920480143,
    213.44389925102));
#776 = CARTESIAN_POINT('',(59.941808134019,-20.6310456971,
    213.41612452036));
#777 = CARTESIAN_POINT('',(60.042906408455,-20.55642303793,
    213.3445937574));
#778 = CARTESIAN_POINT('',(60.099289515263,-20.50811596151,
    213.30010069853));
#779 = CARTESIAN_POINT('',(60.151399503214,-20.45712225459,
    213.25467858903));
#780 = CARTESIAN_POINT('',(60.199557256932,-20.4039233322,
    213.20863829565));
#781 = CARTESIAN_POINT('',(60.244063207707,-20.34890764799,
    213.16221648275));
#782 = CARTESIAN_POINT('',(60.285204712408,-20.2923763656,
    213.11558262007));
#783 = CARTESIAN_POINT('',(60.323255348934,-20.23454356724,
    213.06884302872));
#784 = CARTESIAN_POINT('',(60.439025231768,-20.04051553893,
    212.91496533107));
#785 = CARTESIAN_POINT('',(60.504479654735,-19.89973163767,
    212.80788924138));
#786 = CARTESIAN_POINT('',(60.557857711678,-19.75494461962,
    212.70153773249));
#787 = CARTESIAN_POINT('',(60.600719798828,-19.60726798621,212.596366642
    ));
#788 = CARTESIAN_POINT('',(60.634442392101,-19.45755538723,
    212.49266059582));
#789 = CARTESIAN_POINT('',(60.659961935988,-19.30631305624,
    212.39053045116));
#790 = CARTESIAN_POINT('',(60.678060781979,-19.1538015995,
    212.28995396589));
#791 = CARTESIAN_POINT('',(60.68926128559,-19.,212.190778167));
#792 = PCURVE('',#31,#793);
#793 = DEFINITIONAL_REPRESENTATION('',(#794),#886);
#794 = B_SPLINE_CURVE_WITH_KNOTS('',3,(#795,#796,#797,#798,#799,#800,
    #801,#802,#803,#804,#805,#806,#807,#808,#809,#810,#811,#812,#813,
    #814,#815,#816,#817,#818,#819,#820,#821,#822,#823,#824,#825,#826,
    #827,#828,#829,#830,#831,#832,#833,#834,#835,#836,#837,#838,#839,
    #840,#841,#842,#843,#844,#845,#846,#847,#848,#849,#850,#851,#852,
    #853,#854,#855,#856,#857,#858,#859,#860,#861,#862,#863,#864,#865,
    #866,#867,#868,#869,#870,#871,#872,#873,#874,#875,#876,#877,#878,
    #879,#880,#881,#882,#883,#884,#885),.UNSPECIFIED.,.F.,.F.,(4,1,1,1,1
    ,1,1,1,1,1,1,1,1,1,1,1,1,1,1,1,1,1,1,1,1,1,1,1,1,1,1,1,1,1,1,1,1,1,1
    ,1,1,1,1,1,1,1,1,1,1,1,1,1,1,1,1,1,1,1,1,1,1,1,1,1,1,1,1,1,1,1,1,1,1
    ,1,1,1,1,1,1,1,1,1,1,1,1,1,1,1,4),(4.595257488842E-07,
    4.053207337582E-02,8.106368722589E-02,0.121595301076,0.162126914926,
    0.202658528776,0.243190142626,0.283721756476,0.324253370326,
    0.364784984176,0.405316598026,0.445848211877,0.486379825727,
    0.526911439577,0.567443053427,0.607974667277,0.648506281127,
    0.689037894977,0.729569508827,0.770101122677,0.810632736527,
    0.851164350377,0.891695964227,0.932227578077,0.972759191927,
    1.013290805778,1.053822419628,1.094354033478,1.134885647328,
    1.175417261178,1.215948875028,1.256480488878,1.297012102728,
    1.337543716578,1.378075330428,1.418606944278,1.459138558128,
    1.499670171978,1.540201785829,1.580733399679,1.621265013529,
    1.661796627379,1.702328241229,1.742859855079,1.783391468929,
    1.823923082779,1.864454696629,1.904986310479,1.945517924329,
    1.986049538179,2.026581152029,2.067112765879,2.10764437973,
    2.14817599358,2.18870760743,2.22923922128,2.26977083513,
    2.31030244898,2.35083406283,2.39136567668,2.43189729053,
    2.47242890438,2.51296051823,2.55349213208,2.59402374593,
    2.63455535978,2.675086973631,2.715618587481,2.756150201331,
    2.796681815181,2.837213429031,2.877745042881,2.918276656731,
    2.958808270581,2.999339884431,3.039871498281,3.080403112131,
    3.120934725981,3.161466339831,3.201997953681,3.242529567532,
    3.283061181382,3.323592795232,3.364124409082,3.404656022932,
    3.445187636782,3.485719250632,3.526250864482,3.566782478332),
  .UNSPECIFIED.);
#795 = CARTESIAN_POINT('',(4.02834355433,0.620496582994));
#796 = CARTESIAN_POINT('',(4.027666907949,0.620724601721));
#797 = CARTESIAN_POINT('',(4.026320003785,0.621195769164));
#798 = CARTESIAN_POINT('',(4.024319577127,0.621948656347));
#799 = CARTESIAN_POINT('',(4.022339820983,0.622748409408));
#800 = CARTESIAN_POINT('',(4.020381556322,0.623595814903));
#801 = CARTESIAN_POINT('',(4.018445656621,0.624491696085));
#802 = CARTESIAN_POINT('',(4.016533055944,0.625436918979));
#803 = CARTESIAN_POINT('',(4.01464474814,0.62643239266));
#804 = CARTESIAN_POINT('',(4.012781789093,0.627479072283));
#805 = CARTESIAN_POINT('',(4.010945298825,0.628577962554));
#806 = CARTESIAN_POINT('',(4.009136464278,0.629730122303));
#807 = CARTESIAN_POINT('',(4.007356542715,0.630936669829));
#808 = CARTESIAN_POINT('',(4.005606865117,0.63219878969));
#809 = CARTESIAN_POINT('',(4.00388884214,0.633517738549));
#810 = CARTESIAN_POINT('',(4.002203962976,0.634894858995));
#811 = CARTESIAN_POINT('',(4.000553823157,0.636331567999));
#812 = CARTESIAN_POINT('',(3.998940046769,0.637829444487));
#813 = CARTESIAN_POINT('',(3.997364649638,0.639389911356));
#814 = CARTESIAN_POINT('',(3.995829575791,0.641014662541));
#815 = CARTESIAN_POINT('',(3.994336922286,0.642705506042));
#816 = CARTESIAN_POINT('',(3.992888996866,0.64446431298));
#817 = CARTESIAN_POINT('',(3.991488308907,0.646293044386));
#818 = CARTESIAN_POINT('',(3.99013758873,0.648193749895));
#819 = CARTESIAN_POINT('',(3.988839779563,0.650168628158));
#820 = CARTESIAN_POINT('',(3.987598129856,0.652219895572));
#821 = CARTESIAN_POINT('',(3.986415930674,0.654350387123));
#822 = CARTESIAN_POINT('',(3.985297912162,0.656560842986));
#823 = CARTESIAN_POINT('',(3.984247693501,0.658854669462));
#824 = CARTESIAN_POINT('',(3.983269585694,0.661235114781));
#825 = CARTESIAN_POINT('',(3.98236853711,0.663705204586));
#826 = CARTESIAN_POINT('',(3.981550120998,0.666267724947));
#827 = CARTESIAN_POINT('',(3.980820512433,0.668925194839));
#828 = CARTESIAN_POINT('',(3.980186471242,0.67167984546));
#829 = CARTESIAN_POINT('',(3.979655329823,0.674533605128));
#830 = CARTESIAN_POINT('',(3.979234986075,0.67748808774));
#831 = CARTESIAN_POINT('',(3.978933914055,0.680544604278));
#832 = CARTESIAN_POINT('',(3.97876115391,0.683704131773));
#833 = CARTESIAN_POINT('',(3.978726434338,0.686967492912));
#834 = CARTESIAN_POINT('',(3.978839804768,0.690328893997));
#835 = CARTESIAN_POINT('',(3.979110992958,0.693783249052));
#836 = CARTESIAN_POINT('',(3.97954914383,0.697321860178));
#837 = CARTESIAN_POINT('',(3.980162251677,0.700933250159));
#838 = CARTESIAN_POINT('',(3.980956124607,0.704601568845));
#839 = CARTESIAN_POINT('',(3.981935390252,0.708312573863));
#840 = CARTESIAN_POINT('',(3.983098484102,0.712037857037));
#841 = CARTESIAN_POINT('',(3.984440296718,0.715751231121));
#842 = CARTESIAN_POINT('',(3.985952218922,0.719427260343));
#843 = CARTESIAN_POINT('',(3.987622279361,0.72304168037));
#844 = CARTESIAN_POINT('',(3.989435419402,0.726571636681));
#845 = CARTESIAN_POINT('',(3.991373041935,0.729994729264));
#846 = CARTESIAN_POINT('',(3.993415237081,0.73329298496));
#847 = CARTESIAN_POINT('',(3.995547448718,0.736460724134));
#848 = CARTESIAN_POINT('',(3.997753463591,0.739491117798));
#849 = CARTESIAN_POINT('',(4.00001915703,0.742381705144));
#850 = CARTESIAN_POINT('',(4.002331823493,0.745132259755));
#851 = CARTESIAN_POINT('',(4.004680538827,0.747744717901));
#852 = CARTESIAN_POINT('',(4.007056454705,0.75022291481));
#853 = CARTESIAN_POINT('',(4.009451216373,0.752570672131));
#854 = CARTESIAN_POINT('',(4.011859596108,0.754794185359));
#855 = CARTESIAN_POINT('',(4.014276771572,0.756899095322));
#856 = CARTESIAN_POINT('',(4.016698646375,0.758890917095));
#857 = CARTESIAN_POINT('',(4.019121739554,0.760774964629));
#858 = CARTESIAN_POINT('',(4.021543195082,0.762556399893));
#859 = CARTESIAN_POINT('',(4.023960757377,0.764240235459));
#860 = CARTESIAN_POINT('',(4.026372777678,0.765831345915));
#861 = CARTESIAN_POINT('',(4.028778145815,0.767334437631));
#862 = CARTESIAN_POINT('',(4.031176504307,0.768754123392));
#863 = CARTESIAN_POINT('',(4.03356506445,0.770093227015));
#864 = CARTESIAN_POINT('',(4.035943891247,0.771355921494));
#865 = CARTESIAN_POINT('',(4.038312602664,0.772545715863));
#866 = CARTESIAN_POINT('',(4.040670953866,0.773665877902));
#867 = CARTESIAN_POINT('',(4.043018687004,0.774719378463));
#868 = CARTESIAN_POINT('',(4.045355576683,0.775708954448));
#869 = CARTESIAN_POINT('',(4.04768142204,0.776637131823));
#870 = CARTESIAN_POINT('',(4.049996052325,0.777506252383));
#871 = CARTESIAN_POINT('',(4.052299328189,0.77831849365));
#872 = CARTESIAN_POINT('',(4.054591143572,0.779075885763));
#873 = CARTESIAN_POINT('',(4.056871426965,0.779780325187));
#874 = CARTESIAN_POINT('',(4.059140142468,0.780433586067));
#875 = CARTESIAN_POINT('',(4.061397290614,0.78103732965));
#876 = CARTESIAN_POINT('',(4.063642909001,0.781593112203));
#877 = CARTESIAN_POINT('',(4.0658770728,0.782102391736));
#878 = CARTESIAN_POINT('',(4.068099895146,0.782566533743));
#879 = CARTESIAN_POINT('',(4.070311527417,0.782986816176));
#880 = CARTESIAN_POINT('',(4.072512159561,0.783364433381));
#881 = CARTESIAN_POINT('',(4.074702019917,0.783700500122));
#882 = CARTESIAN_POINT('',(4.076881376654,0.783996051233));
#883 = CARTESIAN_POINT('',(4.079050532924,0.784252052752));
#884 = CARTESIAN_POINT('',(4.080490074495,0.784396927102));
#885 = CARTESIAN_POINT('',(4.081208261511,0.78446306428));
#886 = ( GEOMETRIC_REPRESENTATION_CONTEXT(2) 
PARAMETRIC_REPRESENTATION_CONTEXT() REPRESENTATION_CONTEXT('2D SPACE',''
  ) );
#887 = PCURVE('',#888,#893);
#888 = CYLINDRICAL_SURFACE('',#889,1.7);
#889 = AXIS2_PLACEMENT_3D('',#890,#891,#892);
#890 = CARTESIAN_POINT('',(59.,-19.,212.));
#891 = DIRECTION('',(-0.,1.,-0.));
#892 = DIRECTION('',(1.,0.,0.));
#893 = DEFINITIONAL_REPRESENTATION('',(#894),#986);
#894 = B_SPLINE_CURVE_WITH_KNOTS('',3,(#895,#896,#897,#898,#899,#900,
    #901,#902,#903,#904,#905,#906,#907,#908,#909,#910,#911,#912,#913,
    #914,#915,#916,#917,#918,#919,#920,#921,#922,#923,#924,#925,#926,
    #927,#928,#929,#930,#931,#932,#933,#934,#935,#936,#937,#938,#939,
    #940,#941,#942,#943,#944,#945,#946,#947,#948,#949,#950,#951,#952,
    #953,#954,#955,#956,#957,#958,#959,#960,#961,#962,#963,#964,#965,
    #966,#967,#968,#969,#970,#971,#972,#973,#974,#975,#976,#977,#978,
    #979,#980,#981,#982,#983,#984,#985),.UNSPECIFIED.,.F.,.F.,(4,1,1,1,1
    ,1,1,1,1,1,1,1,1,1,1,1,1,1,1,1,1,1,1,1,1,1,1,1,1,1,1,1,1,1,1,1,1,1,1
    ,1,1,1,1,1,1,1,1,1,1,1,1,1,1,1,1,1,1,1,1,1,1,1,1,1,1,1,1,1,1,1,1,1,1
    ,1,1,1,1,1,1,1,1,1,1,1,1,1,1,1,4),(4.595257488842E-07,
    4.053207337582E-02,8.106368722589E-02,0.121595301076,0.162126914926,
    0.202658528776,0.243190142626,0.283721756476,0.324253370326,
    0.364784984176,0.405316598026,0.445848211877,0.486379825727,
    0.526911439577,0.567443053427,0.607974667277,0.648506281127,
    0.689037894977,0.729569508827,0.770101122677,0.810632736527,
    0.851164350377,0.891695964227,0.932227578077,0.972759191927,
    1.013290805778,1.053822419628,1.094354033478,1.134885647328,
    1.175417261178,1.215948875028,1.256480488878,1.297012102728,
    1.337543716578,1.378075330428,1.418606944278,1.459138558128,
    1.499670171978,1.540201785829,1.580733399679,1.621265013529,
    1.661796627379,1.702328241229,1.742859855079,1.783391468929,
    1.823923082779,1.864454696629,1.904986310479,1.945517924329,
    1.986049538179,2.026581152029,2.067112765879,2.10764437973,
    2.14817599358,2.18870760743,2.22923922128,2.26977083513,
    2.31030244898,2.35083406283,2.39136567668,2.43189729053,
    2.47242890438,2.51296051823,2.55349213208,2.59402374593,
    2.63455535978,2.675086973631,2.715618587481,2.756150201331,
    2.796681815181,2.837213429031,2.877745042881,2.918276656731,
    2.958808270581,2.999339884431,3.039871498281,3.080403112131,
    3.120934725981,3.161466339831,3.201997953681,3.242529567532,
    3.283061181382,3.323592795232,3.364124409082,3.404656022932,
    3.445187636782,3.485719250632,3.526250864482,3.566782478332),
  .UNSPECIFIED.);
#895 = CARTESIAN_POINT('',(3.50318606589,0.));
#896 = CARTESIAN_POINT('',(3.510768885021,-1.764054951522E-02));
#897 = CARTESIAN_POINT('',(3.525981950899,-5.288027947336E-02));
#898 = CARTESIAN_POINT('',(3.548952953296,-0.1056085707));
#899 = CARTESIAN_POINT('',(3.572084411775,-0.158198728701));
#900 = CARTESIAN_POINT('',(3.595385617623,-0.210642639532));
#901 = CARTESIAN_POINT('',(3.618866077852,-0.262931347875));
#902 = CARTESIAN_POINT('',(3.642535583493,-0.315054932513));
#903 = CARTESIAN_POINT('',(3.666404258408,-0.367002527488));
#904 = CARTESIAN_POINT('',(3.690482620503,-0.418762297926));
#905 = CARTESIAN_POINT('',(3.714781648654,-0.470321421331));
#906 = CARTESIAN_POINT('',(3.739312859953,-0.521666062152));
#907 = CARTESIAN_POINT('',(3.764088395204,-0.572781337596));
#908 = CARTESIAN_POINT('',(3.78912112559,-0.623651295026));
#909 = CARTESIAN_POINT('',(3.814424739807,-0.674258821577));
#910 = CARTESIAN_POINT('',(3.840013969767,-0.724585783126));
#911 = CARTESIAN_POINT('',(3.865904370767,-0.774612283451));
#912 = CARTESIAN_POINT('',(3.892113840935,-0.824319183111));
#913 = CARTESIAN_POINT('',(3.918657018411,-0.873677068966));
#914 = CARTESIAN_POINT('',(3.945552915391,-0.922660493148));
#915 = CARTESIAN_POINT('',(3.972821919961,-0.971241472934));
#916 = CARTESIAN_POINT('',(4.000485057911,-1.019387720888));
#917 = CARTESIAN_POINT('',(4.028564510126,-1.06706305839));
#918 = CARTESIAN_POINT('',(4.05708367176,-1.114226934002));
#919 = CARTESIAN_POINT('',(4.086068067219,-1.160835092063));
#920 = CARTESIAN_POINT('',(4.115543628937,-1.206836288474));
#921 = CARTESIAN_POINT('',(4.145545040519,-1.25218342046));
#922 = CARTESIAN_POINT('',(4.176078442001,-1.296778170139));
#923 = CARTESIAN_POINT('',(4.207188271408,-1.340570171633));
#924 = CARTESIAN_POINT('',(4.238916645731,-1.383491475656));
#925 = CARTESIAN_POINT('',(4.271303463116,-1.42545709059));
#926 = CARTESIAN_POINT('',(4.30438680733,-1.466364963793));
#927 = CARTESIAN_POINT('',(4.338203317064,-1.506096079575));
#928 = CARTESIAN_POINT('',(4.372788625038,-1.544514450483));
#929 = CARTESIAN_POINT('',(4.408177876893,-1.581467011843));
#930 = CARTESIAN_POINT('',(4.444406310275,-1.616783395926));
#931 = CARTESIAN_POINT('',(4.481510118901,-1.65027546319));
#932 = CARTESIAN_POINT('',(4.519526906404,-1.68173689729));
#933 = CARTESIAN_POINT('',(4.55849849304,-1.710941552484));
#934 = CARTESIAN_POINT('',(4.598395500172,-1.737595171336));
#935 = CARTESIAN_POINT('',(4.639206252415,-1.761413550269));
#936 = CARTESIAN_POINT('',(4.680885621491,-1.782090707195));
#937 = CARTESIAN_POINT('',(4.723365332995,-1.799319131075));
#938 = CARTESIAN_POINT('',(4.76653452512,-1.812800164619));
#939 = CARTESIAN_POINT('',(4.810308871852,-1.822273032789));
#940 = CARTESIAN_POINT('',(4.854441924444,-1.827495351873));
#941 = CARTESIAN_POINT('',(4.898713284484,-1.828326056317));
#942 = CARTESIAN_POINT('',(4.942907088099,-1.824713203474));
#943 = CARTESIAN_POINT('',(4.98681274064,-1.816696184371));
#944 = CARTESIAN_POINT('',(5.030223937336,-1.804403044709));
#945 = CARTESIAN_POINT('',(5.072923064755,-1.788054631231));
#946 = CARTESIAN_POINT('',(5.114726802112,-1.767947998649));
#947 = CARTESIAN_POINT('',(5.155589715563,-1.744365072232));
#948 = CARTESIAN_POINT('',(5.195438084558,-1.71762251165));
#949 = CARTESIAN_POINT('',(5.234241017108,-1.688029930804));
#950 = CARTESIAN_POINT('',(5.271986493266,-1.655886505917));
#951 = CARTESIAN_POINT('',(5.308683047197,-1.621470934128));
#952 = CARTESIAN_POINT('',(5.344359655437,-1.585031010578));
#953 = CARTESIAN_POINT('',(5.379040474274,-1.546804949422));
#954 = CARTESIAN_POINT('',(5.412782215581,-1.506977057589));
#955 = CARTESIAN_POINT('',(5.445633489321,-1.465718099516));
#956 = CARTESIAN_POINT('',(5.477641306069,-1.423180983359));
#957 = CARTESIAN_POINT('',(5.508850523203,-1.379502521684));
#958 = CARTESIAN_POINT('',(5.539304996169,-1.334803384227));
#959 = CARTESIAN_POINT('',(5.569048044231,-1.289188493321));
#960 = CARTESIAN_POINT('',(5.598123144682,-1.242746741999));
#961 = CARTESIAN_POINT('',(5.626573712914,-1.195552264121));
#962 = CARTESIAN_POINT('',(5.654445752245,-1.147659459173));
#963 = CARTESIAN_POINT('',(5.681752436998,-1.099168376205));
#964 = CARTESIAN_POINT('',(5.708535906187,-1.05011919873));
#965 = CARTESIAN_POINT('',(5.734828845931,-1.00055739272));
#966 = CARTESIAN_POINT('',(5.760662017693,-0.950522777119));
#967 = CARTESIAN_POINT('',(5.786062935528,-0.900052800947));
#968 = CARTESIAN_POINT('',(5.811056799074,-0.84918195543));
#969 = CARTESIAN_POINT('',(5.835666725408,-0.797942171917));
#970 = CARTESIAN_POINT('',(5.8599140889,-0.74636291357));
#971 = CARTESIAN_POINT('',(5.883818766797,-0.694471314024));
#972 = CARTESIAN_POINT('',(5.907399357071,-0.642292274625));
#973 = CARTESIAN_POINT('',(5.930673360953,-0.589848549414));
#974 = CARTESIAN_POINT('',(5.95365734057,-0.537160814787));
#975 = CARTESIAN_POINT('',(5.976367055561,-0.484247728637));
#976 = CARTESIAN_POINT('',(5.998817582886,-0.431125980902));
#977 = CARTESIAN_POINT('',(6.021023422701,-0.377810337603));
#978 = CARTESIAN_POINT('',(6.042998592555,-0.324313679068));
#979 = CARTESIAN_POINT('',(6.064756711632,-0.270647034885));
#980 = CARTESIAN_POINT('',(6.086311076261,-0.216819608613));
#981 = CARTESIAN_POINT('',(6.107674728431,-0.162838817834));
#982 = CARTESIAN_POINT('',(6.128860516434,-0.108710250965));
#983 = CARTESIAN_POINT('',(6.149881157054,-5.443790272842E-02));
#984 = CARTESIAN_POINT('',(6.163793233228,-1.816152013935E-02));
#985 = CARTESIAN_POINT('',(6.170725958319,7.105427357601E-15));
#986 = ( GEOMETRIC_REPRESENTATION_CONTEXT(2) 
PARAMETRIC_REPRESENTATION_CONTEXT() REPRESENTATION_CONTEXT('2D SPACE',''
  ) );
#987 = ORIENTED_EDGE('',*,*,#988,.F.);
#988 = EDGE_CURVE('',#728,#730,#989,.T.);
#989 = SURFACE_CURVE('',#990,(#997,#1007),.PCURVE_S1.);
#990 = B_SPLINE_CURVE_WITH_KNOTS('',5,(#991,#992,#993,#994,#995,#996),
  .UNSPECIFIED.,.F.,.F.,(6,6),(0.,1.),.PIECEWISE_BEZIER_KNOTS.);
#991 = CARTESIAN_POINT('',(57.3,-19.,212.6174105137));
#992 = CARTESIAN_POINT('',(57.978163853976,-19.,212.51814103007));
#993 = CARTESIAN_POINT('',(58.657452468672,-19.,212.42652576416));
#994 = CARTESIAN_POINT('',(59.337626107179,-19.,212.34167429546));
#995 = CARTESIAN_POINT('',(60.018513454217,-19.,212.26289852731));
#996 = CARTESIAN_POINT('',(60.7,-19.,212.18962295379));
#997 = PCURVE('',#31,#998);
#998 = DEFINITIONAL_REPRESENTATION('',(#999),#1006);
#999 = B_SPLINE_CURVE_WITH_KNOTS('',5,(#1000,#1001,#1002,#1003,#1004,
    #1005),.UNSPECIFIED.,.F.,.F.,(6,6),(0.,1.),
  .PIECEWISE_BEZIER_KNOTS.);
#1000 = CARTESIAN_POINT('',(4.026399587448,0.615));
#1001 = CARTESIAN_POINT('',(4.038429964284,0.648908192699));
#1002 = CARTESIAN_POINT('',(4.049890214565,0.682872623434));
#1003 = CARTESIAN_POINT('',(4.060837238204,0.716881305359));
#1004 = CARTESIAN_POINT('',(4.071316454538,0.750925672711));
#1005 = CARTESIAN_POINT('',(4.081366674152,0.785));
#1006 = ( GEOMETRIC_REPRESENTATION_CONTEXT(2) 
PARAMETRIC_REPRESENTATION_CONTEXT() REPRESENTATION_CONTEXT('2D SPACE',''
  ) );
#1007 = PCURVE('',#1008,#1013);
#1008 = PLANE('',#1009);
#1009 = AXIS2_PLACEMENT_3D('',#1010,#1011,#1012);
#1010 = CARTESIAN_POINT('',(59.,-19.,212.));
#1011 = DIRECTION('',(-0.,-1.,-0.));
#1012 = DIRECTION('',(0.,0.,-1.));
#1013 = DEFINITIONAL_REPRESENTATION('',(#1014),#1021);
#1014 = B_SPLINE_CURVE_WITH_KNOTS('',5,(#1015,#1016,#1017,#1018,#1019,
    #1020),.UNSPECIFIED.,.F.,.F.,(6,6),(0.,1.),
  .PIECEWISE_BEZIER_KNOTS.);
#1015 = CARTESIAN_POINT('',(-0.6174105137,-1.7));
#1016 = CARTESIAN_POINT('',(-0.51814103007,-1.021836146024));
#1017 = CARTESIAN_POINT('',(-0.42652576416,-0.342547531328));
#1018 = CARTESIAN_POINT('',(-0.34167429546,0.337626107179));
#1019 = CARTESIAN_POINT('',(-0.26289852731,1.018513454217));
#1020 = CARTESIAN_POINT('',(-0.18962295379,1.7));
#1021 = ( GEOMETRIC_REPRESENTATION_CONTEXT(2) 
PARAMETRIC_REPRESENTATION_CONTEXT() REPRESENTATION_CONTEXT('2D SPACE',''
  ) );
#1022 = FACE_BOUND('',#1023,.T.);
#1023 = EDGE_LOOP('',(#1024,#1096));
#1024 = ORIENTED_EDGE('',*,*,#1025,.F.);
#1025 = EDGE_CURVE('',#1026,#1028,#1030,.T.);
#1026 = VERTEX_POINT('',#1027);
#1027 = CARTESIAN_POINT('',(53.856834309161,-21.,215.08995900888));
#1028 = VERTEX_POINT('',#1029);
#1029 = CARTESIAN_POINT('',(64.914465615693,-21.,213.00950308607));
#1030 = SURFACE_CURVE('',#1031,(#1049,#1070),.PCURVE_S1.);
#1031 = B_SPLINE_CURVE_WITH_KNOTS('',6,(#1032,#1033,#1034,#1035,#1036,
    #1037,#1038,#1039,#1040,#1041,#1042,#1043,#1044,#1045,#1046,#1047,
    #1048),.UNSPECIFIED.,.F.,.F.,(7,5,5,7),(0.,0.40933814091,
    0.809859688831,1.),.UNSPECIFIED.);
#1032 = CARTESIAN_POINT('',(53.,-21.,215.3654434665));
#1033 = CARTESIAN_POINT('',(53.792032053903,-21.,215.09825052915));
#1034 = CARTESIAN_POINT('',(54.592839558427,-21.,214.85730357907));
#1035 = CARTESIAN_POINT('',(55.400094397559,-21.,214.63854263762));
#1036 = CARTESIAN_POINT('',(56.212155444229,-21.,214.43897569986));
#1037 = CARTESIAN_POINT('',(57.02792783081,-21.,214.256162581));
#1038 = CARTESIAN_POINT('',(58.648106266061,-21.,213.92366880399));
#1039 = CARTESIAN_POINT('',(59.452271367257,-21.,213.77338058959));
#1040 = CARTESIAN_POINT('',(60.258673739631,-21.,213.63538457513));
#1041 = CARTESIAN_POINT('',(61.066828295806,-21.,213.50825865963));
#1042 = CARTESIAN_POINT('',(61.876390863434,-21.,213.39082951292));
#1043 = CARTESIAN_POINT('',(63.072042233223,-21.,213.23051001145));
#1044 = CARTESIAN_POINT('',(63.457199922179,-21.,213.18086686919));
#1045 = CARTESIAN_POINT('',(63.842596026113,-21.,213.13308478445));
#1046 = CARTESIAN_POINT('',(64.228207487295,-21.,213.08706924371));
#1047 = CARTESIAN_POINT('',(64.614014434755,-21.,213.04273407541));
#1048 = CARTESIAN_POINT('',(65.,-21.,212.99999995884));
#1049 = PCURVE('',#31,#1050);
#1050 = DEFINITIONAL_REPRESENTATION('',(#1051),#1069);
#1051 = B_SPLINE_CURVE_WITH_KNOTS('',6,(#1052,#1053,#1054,#1055,#1056,
    #1057,#1058,#1059,#1060,#1061,#1062,#1063,#1064,#1065,#1066,#1067,
    #1068),.UNSPECIFIED.,.F.,.F.,(7,5,5,7),(0.,0.40933814091,
    0.809859688831,1.),.UNSPECIFIED.);
#1052 = CARTESIAN_POINT('',(3.830314741792,0.4));
#1053 = CARTESIAN_POINT('',(3.853307291879,0.439601602695));
#1054 = CARTESIAN_POINT('',(3.874739534125,0.479641977921));
#1055 = CARTESIAN_POINT('',(3.894807196117,0.520004719878));
#1056 = CARTESIAN_POINT('',(3.913663605565,0.560607772211));
#1057 = CARTESIAN_POINT('',(3.931439581463,0.60139639154));
#1058 = CARTESIAN_POINT('',(3.964693455891,0.682405313303));
#1059 = CARTESIAN_POINT('',(3.980210436796,0.722613568363));
#1060 = CARTESIAN_POINT('',(3.994901929276,0.762933686982));
#1061 = CARTESIAN_POINT('',(4.008850069268,0.80334141479));
#1062 = CARTESIAN_POINT('',(4.022124425813,0.843819543172));
#1063 = CARTESIAN_POINT('',(4.040794852118,0.903602111661));
#1064 = CARTESIAN_POINT('',(4.046666580664,0.922859996109));
#1065 = CARTESIAN_POINT('',(4.052406161891,0.942129801306));
#1066 = CARTESIAN_POINT('',(4.058019399288,0.961410374365));
#1067 = CARTESIAN_POINT('',(4.063511644066,0.980700721738));
#1068 = CARTESIAN_POINT('',(4.068887871577,1.));
#1069 = ( GEOMETRIC_REPRESENTATION_CONTEXT(2) 
PARAMETRIC_REPRESENTATION_CONTEXT() REPRESENTATION_CONTEXT('2D SPACE',''
  ) );
#1070 = PCURVE('',#1071,#1076);
#1071 = PLANE('',#1072);
#1072 = AXIS2_PLACEMENT_3D('',#1073,#1074,#1075);
#1073 = CARTESIAN_POINT('',(59.,-21.,212.));
#1074 = DIRECTION('',(-0.,-1.,-0.));
#1075 = DIRECTION('',(0.,0.,-1.));
#1076 = DEFINITIONAL_REPRESENTATION('',(#1077),#1095);
#1077 = B_SPLINE_CURVE_WITH_KNOTS('',6,(#1078,#1079,#1080,#1081,#1082,
    #1083,#1084,#1085,#1086,#1087,#1088,#1089,#1090,#1091,#1092,#1093,
    #1094),.UNSPECIFIED.,.F.,.F.,(7,5,5,7),(0.,0.40933814091,
    0.809859688831,1.),.UNSPECIFIED.);
#1078 = CARTESIAN_POINT('',(-3.3654434665,-6.));
#1079 = CARTESIAN_POINT('',(-3.09825052915,-5.207967946097));
#1080 = CARTESIAN_POINT('',(-2.85730357907,-4.407160441573));
#1081 = CARTESIAN_POINT('',(-2.63854263762,-3.599905602441));
#1082 = CARTESIAN_POINT('',(-2.43897569986,-2.787844555771));
#1083 = CARTESIAN_POINT('',(-2.256162581,-1.97207216919));
#1084 = CARTESIAN_POINT('',(-1.92366880399,-0.351893733939));
#1085 = CARTESIAN_POINT('',(-1.77338058959,0.452271367257));
#1086 = CARTESIAN_POINT('',(-1.63538457513,1.258673739631));
#1087 = CARTESIAN_POINT('',(-1.50825865963,2.066828295806));
#1088 = CARTESIAN_POINT('',(-1.39082951292,2.876390863434));
#1089 = CARTESIAN_POINT('',(-1.23051001145,4.072042233223));
#1090 = CARTESIAN_POINT('',(-1.18086686919,4.457199922179));
#1091 = CARTESIAN_POINT('',(-1.13308478445,4.842596026113));
#1092 = CARTESIAN_POINT('',(-1.08706924371,5.228207487295));
#1093 = CARTESIAN_POINT('',(-1.04273407541,5.614014434755));
#1094 = CARTESIAN_POINT('',(-0.99999995884,6.));
#1095 = ( GEOMETRIC_REPRESENTATION_CONTEXT(2) 
PARAMETRIC_REPRESENTATION_CONTEXT() REPRESENTATION_CONTEXT('2D SPACE',''
  ) );
#1096 = ORIENTED_EDGE('',*,*,#1097,.T.);
#1097 = EDGE_CURVE('',#1026,#1028,#1098,.T.);
#1098 = SURFACE_CURVE('',#1099,(#1179,#1262),.PCURVE_S1.);
#1099 = B_SPLINE_CURVE_WITH_KNOTS('',8,(#1100,#1101,#1102,#1103,#1104,
    #1105,#1106,#1107,#1108,#1109,#1110,#1111,#1112,#1113,#1114,#1115,
    #1116,#1117,#1118,#1119,#1120,#1121,#1122,#1123,#1124,#1125,#1126,
    #1127,#1128,#1129,#1130,#1131,#1132,#1133,#1134,#1135,#1136,#1137,
    #1138,#1139,#1140,#1141,#1142,#1143,#1144,#1145,#1146,#1147,#1148,
    #1149,#1150,#1151,#1152,#1153,#1154,#1155,#1156,#1157,#1158,#1159,
    #1160,#1161,#1162,#1163,#1164,#1165,#1166,#1167,#1168,#1169,#1170,
    #1171,#1172,#1173,#1174,#1175,#1176,#1177,#1178),.UNSPECIFIED.,.F.,
  .F.,(9,7,7,7,7,7,7,7,7,7,7,9),(0.,0.19072828308,0.316900751384,
    0.412078677826,0.470116496701,0.498081075112,0.550540889788,
    0.58687917704,0.629817581494,0.685101801637,0.780561962132,1.),
  .UNSPECIFIED.);
#1100 = CARTESIAN_POINT('',(53.856833992109,-20.9999994,215.08995848115)
  );
#1101 = CARTESIAN_POINT('',(54.003490857483,-21.27753770755,
    215.33406551671));
#1102 = CARTESIAN_POINT('',(54.166360332712,-21.55195933263,
    215.57516402716));
#1103 = CARTESIAN_POINT('',(54.345994883067,-21.82312094262,
    215.81204380213));
#1104 = CARTESIAN_POINT('',(54.542881509565,-22.09079480822,
    216.04334572734));
#1105 = CARTESIAN_POINT('',(54.757437946718,-22.35466460928,
    216.26756706963));
#1106 = CARTESIAN_POINT('',(54.990005280915,-22.61431639419,
    216.48308620333));
#1107 = CARTESIAN_POINT('',(55.240889459459,-22.86921605213,
    216.6881696081));
#1108 = CARTESIAN_POINT('',(55.688862355284,-23.28368237679,
    217.00843674735));
#1109 = CARTESIAN_POINT('',(55.87536684305,-23.44626776143,
    217.13051785674));
#1110 = CARTESIAN_POINT('',(56.070150553893,-23.60623956372,
    217.24663867195));
#1111 = CARTESIAN_POINT('',(56.273321800633,-23.7633378779,
    217.35620221137));
#1112 = CARTESIAN_POINT('',(56.484966977482,-23.91722050007,
    217.45854396588));
#1113 = CARTESIAN_POINT('',(56.70515288185,-24.06745914748,
    217.55293637805));
#1114 = CARTESIAN_POINT('',(56.933945635727,-24.2135274144,
    217.63858226721));
#1115 = CARTESIAN_POINT('',(57.350634027493,-24.4613201452,
    217.77191310387));
#1116 = CARTESIAN_POINT('',(57.53470612037,-24.56508536877,
    217.82373446969));
#1117 = CARTESIAN_POINT('',(57.723747066397,-24.66580505396,
    217.86967506766));
#1118 = CARTESIAN_POINT('',(57.917772310136,-24.76312942139,
    217.90930256125));
#1119 = CARTESIAN_POINT('',(58.116740505638,-24.85662443152,
    217.94213515605));
#1120 = CARTESIAN_POINT('',(58.320552566793,-24.9457706929,
    217.96764974367));
#1121 = CARTESIAN_POINT('',(58.52905439857,-25.02995871822,
    217.98528683708));
#1122 = CARTESIAN_POINT('',(58.871920185849,-25.15636174135,
    218.00004123323));
#1123 = CARTESIAN_POINT('',(59.003439869886,-25.20212660619,
    218.00247900789));
#1124 = CARTESIAN_POINT('',(59.136544271557,-25.24561173154,
    218.00163238105));
#1125 = CARTESIAN_POINT('',(59.271145850234,-25.28663350033,
    217.99736421162));
#1126 = CARTESIAN_POINT('',(59.407126600559,-25.32499004404,
    217.98953771774));
#1127 = CARTESIAN_POINT('',(59.544336391041,-25.36046469075,
    217.97802205642));
#1128 = CARTESIAN_POINT('',(59.682590655102,-25.39283088677,
    217.96269922299));
#1129 = CARTESIAN_POINT('',(59.88867931713,-25.43584511902,
    217.93420807597));
#1130 = CARTESIAN_POINT('',(59.955879980794,-25.44905611253,
    217.92403778697));
#1131 = CARTESIAN_POINT('',(60.023243089144,-25.46146567495,
    217.91295090328));
#1132 = CARTESIAN_POINT('',(60.090739853379,-25.47304769921,
    217.9009382133));
#1133 = CARTESIAN_POINT('',(60.158338994411,-25.4837761959,
    217.88799211835));
#1134 = CARTESIAN_POINT('',(60.226006704988,-25.49362562062,
    217.87410695733));
#1135 = CARTESIAN_POINT('',(60.293706611808,-25.50257120125,
    217.85927933138));
#1136 = CARTESIAN_POINT('',(60.488387843241,-25.52563065627,
    217.81392319292));
#1137 = CARTESIAN_POINT('',(60.61537377072,-25.5374106009,
    217.78101340537));
#1138 = CARTESIAN_POINT('',(60.742074435255,-25.54576806292,
    217.74477787497));
#1139 = CARTESIAN_POINT('',(60.868196348032,-25.55056271239,
    217.70524659128));
#1140 = CARTESIAN_POINT('',(60.993436675983,-25.55168028853,
    217.66248425517));
#1141 = CARTESIAN_POINT('',(61.117484418564,-25.54903943508,
    217.61659425819));
#1142 = CARTESIAN_POINT('',(61.240021701568,-25.54260000825,
    217.56772311054));
#1143 = CARTESIAN_POINT('',(61.444335051815,-25.52528863172,
    217.48028258103));
#1144 = CARTESIAN_POINT('',(61.527075532061,-25.51638609592,
    217.4431582454));
#1145 = CARTESIAN_POINT('',(61.608842588549,-25.50566776444,
    217.40475481641));
#1146 = CARTESIAN_POINT('',(61.689542401245,-25.4931463883,
    217.36514037457));
#1147 = CARTESIAN_POINT('',(61.769090788499,-25.47884431971,
    217.32438777371));
#1148 = CARTESIAN_POINT('',(61.84741262527,-25.46279287702,
    217.28257383974));
#1149 = CARTESIAN_POINT('',(61.924441261372,-25.44503170955,
    217.23977856928));
#1150 = CARTESIAN_POINT('',(62.089539760813,-25.40265671981,
    217.14445390965));
#1151 = CARTESIAN_POINT('',(62.177079334081,-25.37738266829,
    217.09156502471));
#1152 = CARTESIAN_POINT('',(62.262644559965,-25.34986275422,
    217.03755100313));
#1153 = CARTESIAN_POINT('',(62.346169021651,-25.32018456436,
    216.98254235505));
#1154 = CARTESIAN_POINT('',(62.427608857743,-25.28844352043,
    216.9266651487));
#1155 = CARTESIAN_POINT('',(62.506939634957,-25.25473987352,
    216.87003938795));
#1156 = CARTESIAN_POINT('',(62.584153220805,-25.21917569852,
    216.8127773898));
#1157 = CARTESIAN_POINT('',(62.755949546219,-25.13379659272,
    216.68056942722));
#1158 = CARTESIAN_POINT('',(62.849140773375,-25.08282570063,
    216.60527482577));
#1159 = CARTESIAN_POINT('',(62.938852783744,-25.02914937646,
    216.52930949651));
#1160 = CARTESIAN_POINT('',(63.025142413736,-24.97297497909,
    216.45286180247));
#1161 = CARTESIAN_POINT('',(63.108090374372,-24.91450110238,
    216.37609623407));
#1162 = CARTESIAN_POINT('',(63.187794522591,-24.85391269423,
    216.2991528525));
#1163 = CARTESIAN_POINT('',(63.264364919675,-24.79137725433,
    216.22214727343));
#1164 = CARTESIAN_POINT('',(63.464930596869,-24.61595357381,
    216.01225533939));
#1165 = CARTESIAN_POINT('',(63.582905157398,-24.49954037916,
    215.87947674904));
#1166 = CARTESIAN_POINT('',(63.692504916481,-24.37853492022,
    215.74726826771));
#1167 = CARTESIAN_POINT('',(63.794342782343,-24.25357562223,
    215.61596409537));
#1168 = CARTESIAN_POINT('',(63.888991929577,-24.12520619335,
    215.48580897254));
#1169 = CARTESIAN_POINT('',(63.976990042947,-23.99387374619,
    215.35696606362));
#1170 = CARTESIAN_POINT('',(64.058839888755,-23.85992578946,
    215.22952353508));
#1171 = CARTESIAN_POINT('',(64.310092750682,-23.41024261758,
    214.81380416064));
#1172 = CARTESIAN_POINT('',(64.45486500026,-23.08485336001,
    214.53207405812));
#1173 = CARTESIAN_POINT('',(64.575144049754,-22.75045784087,
    214.25848086533));
#1174 = CARTESIAN_POINT('',(64.674549204366,-22.4091998351,
    213.99313243691));
#1175 = CARTESIAN_POINT('',(64.75608715722,-22.06270563551,
    213.73591925052));
#1176 = CARTESIAN_POINT('',(64.822044986909,-21.71203899629,
    213.48656483799));
#1177 = CARTESIAN_POINT('',(64.874334710442,-21.35777966885,
    213.24462168839));
#1178 = CARTESIAN_POINT('',(64.914465682993,-20.9999994,213.00950269177)
  );
#1179 = PCURVE('',#31,#1180);
#1180 = DEFINITIONAL_REPRESENTATION('',(#1181),#1261);
#1181 = B_SPLINE_CURVE_WITH_KNOTS('',8,(#1182,#1183,#1184,#1185,#1186,
    #1187,#1188,#1189,#1190,#1191,#1192,#1193,#1194,#1195,#1196,#1197,
    #1198,#1199,#1200,#1201,#1202,#1203,#1204,#1205,#1206,#1207,#1208,
    #1209,#1210,#1211,#1212,#1213,#1214,#1215,#1216,#1217,#1218,#1219,
    #1220,#1221,#1222,#1223,#1224,#1225,#1226,#1227,#1228,#1229,#1230,
    #1231,#1232,#1233,#1234,#1235,#1236,#1237,#1238,#1239,#1240,#1241,
    #1242,#1243,#1244,#1245,#1246,#1247,#1248,#1249,#1250,#1251,#1252,
    #1253,#1254,#1255,#1256,#1257,#1258,#1259,#1260),.UNSPECIFIED.,.F.,
  .F.,(9,7,7,7,7,7,7,7,7,7,7,9),(0.,0.19072828308,0.316900751384,
    0.412078677826,0.470116496701,0.498081075112,0.550540889788,
    0.58687917704,0.629817581494,0.685101801637,0.780561962132,1.),
  .UNSPECIFIED.);
#1182 = CARTESIAN_POINT('',(3.85434112426,0.442841699605));
#1183 = CARTESIAN_POINT('',(3.843023817236,0.450174542874));
#1184 = CARTESIAN_POINT('',(3.832236963707,0.458318016636));
#1185 = CARTESIAN_POINT('',(3.822036574768,0.467299744153));
#1186 = CARTESIAN_POINT('',(3.81248261709,0.477144075478));
#1187 = CARTESIAN_POINT('',(3.803637972346,0.487871897336));
#1188 = CARTESIAN_POINT('',(3.795566808183,0.499500264046));
#1189 = CARTESIAN_POINT('',(3.78833459176,0.512044472973));
#1190 = CARTESIAN_POINT('',(3.777829377836,0.534443117764));
#1191 = CARTESIAN_POINT('',(3.774046028441,0.543768342153));
#1192 = CARTESIAN_POINT('',(3.770681537254,0.553507527695));
#1193 = CARTESIAN_POINT('',(3.767757875746,0.563666090032));
#1194 = CARTESIAN_POINT('',(3.765299209359,0.574248348874));
#1195 = CARTESIAN_POINT('',(3.763331665227,0.585257644092));
#1196 = CARTESIAN_POINT('',(3.761883859456,0.596697281786));
#1197 = CARTESIAN_POINT('',(3.760313976779,0.617531701375));
#1198 = CARTESIAN_POINT('',(3.759953845369,0.626735306019));
#1199 = CARTESIAN_POINT('',(3.759922382354,0.63618735332));
#1200 = CARTESIAN_POINT('',(3.760235385654,0.645888615507));
#1201 = CARTESIAN_POINT('',(3.760910079936,0.655837025282));
#1202 = CARTESIAN_POINT('',(3.76196478388,0.66602762834));
#1203 = CARTESIAN_POINT('',(3.763418846154,0.676452719928));
#1204 = CARTESIAN_POINT('',(3.766435584647,0.693596009292));
#1205 = CARTESIAN_POINT('',(3.767734242832,0.700171993494));
#1206 = CARTESIAN_POINT('',(3.769193298036,0.706827213578));
#1207 = CARTESIAN_POINT('',(3.770817112474,0.713557292512));
#1208 = CARTESIAN_POINT('',(3.772609761342,0.720356330028));
#1209 = CARTESIAN_POINT('',(3.77457480034,0.727216819552));
#1210 = CARTESIAN_POINT('',(3.7767149766,0.734129532755));
#1211 = CARTESIAN_POINT('',(3.780148246658,0.744433965856));
#1212 = CARTESIAN_POINT('',(3.781305604391,0.74779399904));
#1213 = CARTESIAN_POINT('',(3.782504103238,0.751162154457));
#1214 = CARTESIAN_POINT('',(3.783743816761,0.754536992669));
#1215 = CARTESIAN_POINT('',(3.785024731469,0.757916949721));
#1216 = CARTESIAN_POINT('',(3.786346733223,0.761300335249));
#1217 = CARTESIAN_POINT('',(3.787709593649,0.76468533059));
#1218 = CARTESIAN_POINT('',(3.791745578295,0.774419392162));
#1219 = CARTESIAN_POINT('',(3.794521182094,0.780768688536));
#1220 = CARTESIAN_POINT('',(3.79743696129,0.787103721763));
#1221 = CARTESIAN_POINT('',(3.800488791519,0.793409817402));
#1222 = CARTESIAN_POINT('',(3.803671106145,0.799671833799));
#1223 = CARTESIAN_POINT('',(3.806976732215,0.805874220928));
#1224 = CARTESIAN_POINT('',(3.810396686963,0.812001085078));
#1225 = CARTESIAN_POINT('',(3.816360446568,0.822216752591));
#1226 = CARTESIAN_POINT('',(3.818850827711,0.826353776603));
#1227 = CARTESIAN_POINT('',(3.82138753946,0.830442129427));
#1228 = CARTESIAN_POINT('',(3.823966930373,0.834477120062));
#1229 = CARTESIAN_POINT('',(3.826585257257,0.838454539425));
#1230 = CARTESIAN_POINT('',(3.829238706048,0.842370631264));
#1231 = CARTESIAN_POINT('',(3.831923412694,0.846222063069));
#1232 = CARTESIAN_POINT('',(3.83784014846,0.854476988041));
#1233 = CARTESIAN_POINT('',(3.841083220539,0.858853966704));
#1234 = CARTESIAN_POINT('',(3.844358444319,0.863132227998));
#1235 = CARTESIAN_POINT('',(3.847659936487,0.867308451083));
#1236 = CARTESIAN_POINT('',(3.850982216924,0.871380442887));
#1237 = CARTESIAN_POINT('',(3.854320239248,0.875346981748));
#1238 = CARTESIAN_POINT('',(3.857669421364,0.87920766104));
#1239 = CARTESIAN_POINT('',(3.865346933929,0.887797477311));
#1240 = CARTESIAN_POINT('',(3.869679801295,0.892457038669));
#1241 = CARTESIAN_POINT('',(3.874016092994,0.896942639187));
#1242 = CARTESIAN_POINT('',(3.878348841525,0.901257120687));
#1243 = CARTESIAN_POINT('',(3.882672255314,0.905404518719));
#1244 = CARTESIAN_POINT('',(3.886981682703,0.90938972613));
#1245 = CARTESIAN_POINT('',(3.891273581619,0.913218245984));
#1246 = CARTESIAN_POINT('',(3.902921876996,0.923246529843));
#1247 = CARTESIAN_POINT('',(3.910235933791,0.92914525787));
#1248 = CARTESIAN_POINT('',(3.917477244381,0.934625245824));
#1249 = CARTESIAN_POINT('',(3.924638537535,0.939717139117));
#1250 = CARTESIAN_POINT('',(3.931715542588,0.944449596479));
#1251 = CARTESIAN_POINT('',(3.938706879861,0.948849502147));
#1252 = CARTESIAN_POINT('',(3.945613990614,0.952941994438));
#1253 = CARTESIAN_POINT('',(3.968134867358,0.965504637534));
#1254 = CARTESIAN_POINT('',(3.983380567871,0.972743250013));
#1255 = CARTESIAN_POINT('',(3.998232529424,0.978757202488));
#1256 = CARTESIAN_POINT('',(4.012720798142,0.983727460218));
#1257 = CARTESIAN_POINT('',(4.026876750563,0.987804357861));
#1258 = CARTESIAN_POINT('',(4.040731812322,0.991102249345));
#1259 = CARTESIAN_POINT('',(4.054323167251,0.993716735522));
#1260 = CARTESIAN_POINT('',(4.067694092,0.99572328415));
#1261 = ( GEOMETRIC_REPRESENTATION_CONTEXT(2) 
PARAMETRIC_REPRESENTATION_CONTEXT() REPRESENTATION_CONTEXT('2D SPACE',''
  ) );
#1262 = PCURVE('',#1263,#1268);
#1263 = CYLINDRICAL_SURFACE('',#1264,6.);
#1264 = AXIS2_PLACEMENT_3D('',#1265,#1266,#1267);
#1265 = CARTESIAN_POINT('',(59.,-21.,212.));
#1266 = DIRECTION('',(-0.,1.,-0.));
#1267 = DIRECTION('',(1.,0.,0.));
#1268 = DEFINITIONAL_REPRESENTATION('',(#1269),#1349);
#1269 = B_SPLINE_CURVE_WITH_KNOTS('',8,(#1270,#1271,#1272,#1273,#1274,
    #1275,#1276,#1277,#1278,#1279,#1280,#1281,#1282,#1283,#1284,#1285,
    #1286,#1287,#1288,#1289,#1290,#1291,#1292,#1293,#1294,#1295,#1296,
    #1297,#1298,#1299,#1300,#1301,#1302,#1303,#1304,#1305,#1306,#1307,
    #1308,#1309,#1310,#1311,#1312,#1313,#1314,#1315,#1316,#1317,#1318,
    #1319,#1320,#1321,#1322,#1323,#1324,#1325,#1326,#1327,#1328,#1329,
    #1330,#1331,#1332,#1333,#1334,#1335,#1336,#1337,#1338,#1339,#1340,
    #1341,#1342,#1343,#1344,#1345,#1346,#1347,#1348),.UNSPECIFIED.,.F.,
  .F.,(9,7,7,7,7,7,7,7,7,7,7,9),(0.,0.19072828308,0.316900751384,
    0.412078677826,0.470116496701,0.498081075112,0.550540889788,
    0.58687917704,0.629817581494,0.685101801637,0.780561962132,1.),
  .UNSPECIFIED.);
#1270 = CARTESIAN_POINT('',(3.682592230196,5.999999999062E-07));
#1271 = CARTESIAN_POINT('',(3.730054636656,-0.277537707559));
#1272 = CARTESIAN_POINT('',(3.778478752412,-0.551959332639));
#1273 = CARTESIAN_POINT('',(3.827902251407,-0.823120942628));
#1274 = CARTESIAN_POINT('',(3.878362837135,-1.090794808224));
#1275 = CARTESIAN_POINT('',(3.929904813124,-1.354664609282));
#1276 = CARTESIAN_POINT('',(3.982583647888,-1.614316394191));
#1277 = CARTESIAN_POINT('',(4.036477683782,-1.869216052133));
#1278 = CARTESIAN_POINT('',(4.12825803085,-2.283682376798));
#1279 = CARTESIAN_POINT('',(4.165377903464,-2.44626776143));
#1280 = CARTESIAN_POINT('',(4.203116948969,-2.606239563729));
#1281 = CARTESIAN_POINT('',(4.241516079343,-2.763337877905));
#1282 = CARTESIAN_POINT('',(4.280619021409,-2.917220500074));
#1283 = CARTESIAN_POINT('',(4.320474804937,-3.067459147487));
#1284 = CARTESIAN_POINT('',(4.361143193228,-3.213527414407));
#1285 = CARTESIAN_POINT('',(4.434059874721,-3.461320145202));
#1286 = CARTESIAN_POINT('',(4.465911342957,-3.565085368775));
#1287 = CARTESIAN_POINT('',(4.498299784607,-3.66580505396));
#1288 = CARTESIAN_POINT('',(4.531259005656,-3.763129421393));
#1289 = CARTESIAN_POINT('',(4.564818958145,-3.856624431529));
#1290 = CARTESIAN_POINT('',(4.599007376945,-3.945770692908));
#1291 = CARTESIAN_POINT('',(4.633851938716,-4.029958718221));
#1292 = CARTESIAN_POINT('',(4.69104912209,-4.156361741352));
#1293 = CARTESIAN_POINT('',(4.712966266977,-4.202126606193));
#1294 = CARTESIAN_POINT('',(4.735139260372,-4.245611731547));
#1295 = CARTESIAN_POINT('',(4.757569530049,-4.286633500336));
#1296 = CARTESIAN_POINT('',(4.780255093653,-4.324990044041));
#1297 = CARTESIAN_POINT('',(4.803190308182,-4.360464690751));
#1298 = CARTESIAN_POINT('',(4.826365324213,-4.392830886771));
#1299 = CARTESIAN_POINT('',(4.861040115759,-4.435845119021));
#1300 = CARTESIAN_POINT('',(4.872366835696,-4.449056112538));
#1301 = CARTESIAN_POINT('',(4.883743476692,-4.461465674956));
#1302 = CARTESIAN_POINT('',(4.895167767196,-4.473047699212));
#1303 = CARTESIAN_POINT('',(4.906637064304,-4.483776195905));
#1304 = CARTESIAN_POINT('',(4.918148325978,-4.49362562062));
#1305 = CARTESIAN_POINT('',(4.929698083274,-4.502571201254));
#1306 = CARTESIAN_POINT('',(4.963013895823,-4.525630656276));
#1307 = CARTESIAN_POINT('',(4.9848707486,-4.537410600902));
#1308 = CARTESIAN_POINT('',(5.006822706132,-4.545768062921));
#1309 = CARTESIAN_POINT('',(5.028837388514,-4.550562712392));
#1310 = CARTESIAN_POINT('',(5.050879887848,-4.551680288534));
#1311 = CARTESIAN_POINT('',(5.072912219265,-4.549039435089));
#1312 = CARTESIAN_POINT('',(5.094892635804,-4.542600008254));
#1313 = CARTESIAN_POINT('',(5.131932325961,-4.525288631728));
#1314 = CARTESIAN_POINT('',(5.147044605749,-4.516386095927));
#1315 = CARTESIAN_POINT('',(5.162096928534,-4.505667764447));
#1316 = CARTESIAN_POINT('',(5.177075615293,-4.4931463883));
#1317 = CARTESIAN_POINT('',(5.1919679129,-4.478844319713));
#1318 = CARTESIAN_POINT('',(5.206761881058,-4.462792877021));
#1319 = CARTESIAN_POINT('',(5.221446279243,-4.445031709553));
#1320 = CARTESIAN_POINT('',(5.253219916661,-4.402656719812));
#1321 = CARTESIAN_POINT('',(5.270262565201,-4.377382668299));
#1322 = CARTESIAN_POINT('',(5.287121811897,-4.349862754228));
#1323 = CARTESIAN_POINT('',(5.303784284769,-4.320184564369));
#1324 = CARTESIAN_POINT('',(5.320239492845,-4.288443520438));
#1325 = CARTESIAN_POINT('',(5.336479491784,-4.254739873529));
#1326 = CARTESIAN_POINT('',(5.352498549503,-4.219175698527));
#1327 = CARTESIAN_POINT('',(5.388628301322,-4.133796592727));
#1328 = CARTESIAN_POINT('',(5.408590653074,-4.082825700635));
#1329 = CARTESIAN_POINT('',(5.428174459525,-4.029149376461));
#1330 = CARTESIAN_POINT('',(5.447378900991,-3.972974979091));
#1331 = CARTESIAN_POINT('',(5.466206866894,-3.914501102386));
#1332 = CARTESIAN_POINT('',(5.48466432181,-3.853912694233));
#1333 = CARTESIAN_POINT('',(5.502759916307,-3.791377254332));
#1334 = CARTESIAN_POINT('',(5.55114529485,-3.615953573816));
#1335 = CARTESIAN_POINT('',(5.580728856775,-3.49954037916));
#1336 = CARTESIAN_POINT('',(5.609323198787,-3.378534920224));
#1337 = CARTESIAN_POINT('',(5.636989882567,-3.25357562223));
#1338 = CARTESIAN_POINT('',(5.663787559756,-3.125206193356));
#1339 = CARTESIAN_POINT('',(5.689774248158,-2.993873746193));
#1340 = CARTESIAN_POINT('',(5.71500868543,-2.859925789465));
#1341 = CARTESIAN_POINT('',(5.795966596119,-2.410242617586));
#1342 = CARTESIAN_POINT('',(5.848632942227,-2.08485336001));
#1343 = CARTESIAN_POINT('',(5.898300309307,-1.750457840875));
#1344 = CARTESIAN_POINT('',(5.945388403709,-1.409199835101));
#1345 = CARTESIAN_POINT('',(5.990250745166,-1.062705635512));
#1346 = CARTESIAN_POINT('',(6.033162149173,-0.712038996297));
#1347 = CARTESIAN_POINT('',(6.074377551032,-0.357779668852));
#1348 = CARTESIAN_POINT('',(6.11413076108,5.999999999062E-07));
#1349 = ( GEOMETRIC_REPRESENTATION_CONTEXT(2) 
PARAMETRIC_REPRESENTATION_CONTEXT() REPRESENTATION_CONTEXT('2D SPACE',''
  ) );
#1350 = ADVANCED_FACE('',(#1351,#1456,#1682),#69,.T.);
#1351 = FACE_BOUND('',#1352,.T.);
#1352 = EDGE_LOOP('',(#1353,#1377,#1378,#1402));
#1353 = ORIENTED_EDGE('',*,*,#1354,.T.);
#1354 = EDGE_CURVE('',#1355,#22,#1357,.T.);
#1355 = VERTEX_POINT('',#1356);
#1356 = CARTESIAN_POINT('',(45.,12.160957564636,209.5));
#1357 = SURFACE_CURVE('',#1358,(#1363,#1370),.PCURVE_S1.);
#1358 = ELLIPSE('',#1359,22.,21.);
#1359 = AXIS2_PLACEMENT_3D('',#1360,#1361,#1362);
#1360 = CARTESIAN_POINT('',(45.,0.,227.));
#1361 = DIRECTION('',(1.,0.,0.));
#1362 = DIRECTION('',(-0.,1.,0.));
#1363 = PCURVE('',#69,#1364);
#1364 = DEFINITIONAL_REPRESENTATION('',(#1365),#1369);
#1365 = LINE('',#1366,#1367);
#1366 = CARTESIAN_POINT('',(0.,0.));
#1367 = VECTOR('',#1368,1.);
#1368 = DIRECTION('',(1.,0.));
#1369 = ( GEOMETRIC_REPRESENTATION_CONTEXT(2) 
PARAMETRIC_REPRESENTATION_CONTEXT() REPRESENTATION_CONTEXT('2D SPACE',''
  ) );
#1370 = PCURVE('',#124,#1371);
#1371 = DEFINITIONAL_REPRESENTATION('',(#1372),#1376);
#1372 = ELLIPSE('',#1373,22.,21.);
#1373 = AXIS2_PLACEMENT_2D('',#1374,#1375);
#1374 = CARTESIAN_POINT('',(0.,0.));
#1375 = DIRECTION('',(1.,0.));
#1376 = ( GEOMETRIC_REPRESENTATION_CONTEXT(2) 
PARAMETRIC_REPRESENTATION_CONTEXT() REPRESENTATION_CONTEXT('2D SPACE',''
  ) );
#1377 = ORIENTED_EDGE('',*,*,#21,.T.);
#1378 = ORIENTED_EDGE('',*,*,#1379,.F.);
#1379 = EDGE_CURVE('',#1380,#24,#1382,.T.);
#1380 = VERTEX_POINT('',#1381);
#1381 = CARTESIAN_POINT('',(65.,13.987841942995,209.5));
#1382 = SURFACE_CURVE('',#1383,(#1388,#1395),.PCURVE_S1.);
#1383 = ELLIPSE('',#1384,35.,30.);
#1384 = AXIS2_PLACEMENT_3D('',#1385,#1386,#1387);
#1385 = CARTESIAN_POINT('',(65.,0.,237.));
#1386 = DIRECTION('',(1.,0.,0.));
#1387 = DIRECTION('',(-0.,1.,0.));
#1388 = PCURVE('',#69,#1389);
#1389 = DEFINITIONAL_REPRESENTATION('',(#1390),#1394);
#1390 = LINE('',#1391,#1392);
#1391 = CARTESIAN_POINT('',(0.,1.));
#1392 = VECTOR('',#1393,1.);
#1393 = DIRECTION('',(1.,0.));
#1394 = ( GEOMETRIC_REPRESENTATION_CONTEXT(2) 
PARAMETRIC_REPRESENTATION_CONTEXT() REPRESENTATION_CONTEXT('2D SPACE',''
  ) );
#1395 = PCURVE('',#214,#1396);
#1396 = DEFINITIONAL_REPRESENTATION('',(#1397),#1401);
#1397 = LINE('',#1398,#1399);
#1398 = CARTESIAN_POINT('',(0.,0.));
#1399 = VECTOR('',#1400,1.);
#1400 = DIRECTION('',(1.,0.));
#1401 = ( GEOMETRIC_REPRESENTATION_CONTEXT(2) 
PARAMETRIC_REPRESENTATION_CONTEXT() REPRESENTATION_CONTEXT('2D SPACE',''
  ) );
#1402 = ORIENTED_EDGE('',*,*,#1403,.F.);
#1403 = EDGE_CURVE('',#1355,#1380,#1404,.T.);
#1404 = SURFACE_CURVE('',#1405,(#1420,#1438),.PCURVE_S1.);
#1405 = B_SPLINE_CURVE_WITH_KNOTS('',4,(#1406,#1407,#1408,#1409,#1410,
    #1411,#1412,#1413,#1414,#1415,#1416,#1417,#1418,#1419),
  .UNSPECIFIED.,.F.,.F.,(5,3,3,3,5),(0.,0.252325553803,0.50253815244,
    0.752000016619,1.),.UNSPECIFIED.);
#1406 = CARTESIAN_POINT('',(45.,12.160957620083,209.5));
#1407 = CARTESIAN_POINT('',(46.251538069332,12.363560207424,209.5));
#1408 = CARTESIAN_POINT('',(47.505651170944,12.550248907813,209.5));
#1409 = CARTESIAN_POINT('',(48.761927326797,12.721667374228,209.5));
#1410 = CARTESIAN_POINT('',(51.267634637449,13.033552321953,209.5));
#1411 = CARTESIAN_POINT('',(52.517033346577,13.174266735782,209.5));
#1412 = CARTESIAN_POINT('',(53.767933640207,13.300848321514,209.5));
#1413 = CARTESIAN_POINT('',(56.268472924063,13.525961480958,209.5));
#1414 = CARTESIAN_POINT('',(57.518103212396,13.62457648366,209.5));
#1415 = CARTESIAN_POINT('',(58.76872046749,13.709694333506,209.5));
#1416 = CARTESIAN_POINT('',(61.264156040704,13.8527711325,209.5));
#1417 = CARTESIAN_POINT('',(62.508964387936,13.910886346661,209.5));
#1418 = CARTESIAN_POINT('',(63.754313759854,13.955915219977,209.5));
#1419 = CARTESIAN_POINT('',(65.,13.987842028242,209.5));
#1420 = PCURVE('',#69,#1421);
#1421 = DEFINITIONAL_REPRESENTATION('',(#1422),#1437);
#1422 = B_SPLINE_CURVE_WITH_KNOTS('',4,(#1423,#1424,#1425,#1426,#1427,
    #1428,#1429,#1430,#1431,#1432,#1433,#1434,#1435,#1436),
  .UNSPECIFIED.,.F.,.F.,(5,3,3,3,5),(0.,0.252325553803,0.50253815244,
    0.752000016619,1.),.UNSPECIFIED.);
#1423 = CARTESIAN_POINT('',(5.298074526705,0.));
#1424 = CARTESIAN_POINT('',(5.2845976366,6.257690346658E-02));
#1425 = CARTESIAN_POINT('',(5.271691582422,0.125282558547));
#1426 = CARTESIAN_POINT('',(5.259278770981,0.18809636634));
#1427 = CARTESIAN_POINT('',(5.23542786698,0.313381731872));
#1428 = CARTESIAN_POINT('',(5.22398224139,0.375851667329));
#1429 = CARTESIAN_POINT('',(5.212911398341,0.43839668201));
#1430 = CARTESIAN_POINT('',(5.191468964128,0.563423646203));
#1431 = CARTESIAN_POINT('',(5.181095226062,0.62590516062));
#1432 = CARTESIAN_POINT('',(5.171011817957,0.688436023375));
#1433 = CARTESIAN_POINT('',(5.151419116574,0.813207802035));
#1434 = CARTESIAN_POINT('',(5.141906708222,0.875448219397));
#1435 = CARTESIAN_POINT('',(5.132617869267,0.937715687993));
#1436 = CARTESIAN_POINT('',(5.123526845383,1.));
#1437 = ( GEOMETRIC_REPRESENTATION_CONTEXT(2) 
PARAMETRIC_REPRESENTATION_CONTEXT() REPRESENTATION_CONTEXT('2D SPACE',''
  ) );
#1438 = PCURVE('',#174,#1439);
#1439 = DEFINITIONAL_REPRESENTATION('',(#1440),#1455);
#1440 = B_SPLINE_CURVE_WITH_KNOTS('',4,(#1441,#1442,#1443,#1444,#1445,
    #1446,#1447,#1448,#1449,#1450,#1451,#1452,#1453,#1454),
  .UNSPECIFIED.,.F.,.F.,(5,3,3,3,5),(0.,0.252325553803,0.50253815244,
    0.752000016619,1.),.UNSPECIFIED.);
#1441 = CARTESIAN_POINT('',(295.,262.16095762008));
#1442 = CARTESIAN_POINT('',(296.25153806933,262.36356020742));
#1443 = CARTESIAN_POINT('',(297.50565117094,262.55024890781));
#1444 = CARTESIAN_POINT('',(298.76192732679,262.72166737422));
#1445 = CARTESIAN_POINT('',(301.26763463744,263.03355232195));
#1446 = CARTESIAN_POINT('',(302.51703334657,263.17426673578));
#1447 = CARTESIAN_POINT('',(303.7679336402,263.30084832151));
#1448 = CARTESIAN_POINT('',(306.26847292406,263.52596148095));
#1449 = CARTESIAN_POINT('',(307.51810321239,263.62457648366));
#1450 = CARTESIAN_POINT('',(308.76872046749,263.7096943335));
#1451 = CARTESIAN_POINT('',(311.2641560407,263.8527711325));
#1452 = CARTESIAN_POINT('',(312.50896438793,263.91088634666));
#1453 = CARTESIAN_POINT('',(313.75431375985,263.95591521997));
#1454 = CARTESIAN_POINT('',(315.,263.98784202824));
#1455 = ( GEOMETRIC_REPRESENTATION_CONTEXT(2) 
PARAMETRIC_REPRESENTATION_CONTEXT() REPRESENTATION_CONTEXT('2D SPACE',''
  ) );
#1456 = FACE_BOUND('',#1457,.T.);
#1457 = EDGE_LOOP('',(#1458,#1497));
#1458 = ORIENTED_EDGE('',*,*,#1459,.T.);
#1459 = EDGE_CURVE('',#1460,#1462,#1464,.T.);
#1460 = VERTEX_POINT('',#1461);
#1461 = CARTESIAN_POINT('',(57.409931660998,19.,212.60140059636));
#1462 = VERTEX_POINT('',#1463);
#1463 = CARTESIAN_POINT('',(60.68926128605,19.,212.19077816293));
#1464 = SURFACE_CURVE('',#1465,(#1472,#1482),.PCURVE_S1.);
#1465 = B_SPLINE_CURVE_WITH_KNOTS('',5,(#1466,#1467,#1468,#1469,#1470,
    #1471),.UNSPECIFIED.,.F.,.F.,(6,6),(0.,1.),
  .PIECEWISE_BEZIER_KNOTS.);
#1466 = CARTESIAN_POINT('',(57.3,19.,212.61741051711));
#1467 = CARTESIAN_POINT('',(57.9781638539,19.,212.51814103166));
#1468 = CARTESIAN_POINT('',(58.657452468566,19.,212.4265257641));
#1469 = CARTESIAN_POINT('',(59.337626107081,19.,212.34167429393));
#1470 = CARTESIAN_POINT('',(60.018513454155,19.,212.26289852445));
#1471 = CARTESIAN_POINT('',(60.7,19.,212.18962294975));
#1472 = PCURVE('',#69,#1473);
#1473 = DEFINITIONAL_REPRESENTATION('',(#1474),#1481);
#1474 = B_SPLINE_CURVE_WITH_KNOTS('',5,(#1475,#1476,#1477,#1478,#1479,
    #1480),.UNSPECIFIED.,.F.,.F.,(6,6),(0.,1.),
  .PIECEWISE_BEZIER_KNOTS.);
#1475 = CARTESIAN_POINT('',(5.398378373142,0.615));
#1476 = CARTESIAN_POINT('',(5.386347996295,0.648908192695));
#1477 = CARTESIAN_POINT('',(5.374887746006,0.682872623428));
#1478 = CARTESIAN_POINT('',(5.36394072236,0.716881305354));
#1479 = CARTESIAN_POINT('',(5.35346150602,0.750925672708));
#1480 = CARTESIAN_POINT('',(5.343411286401,0.785));
#1481 = ( GEOMETRIC_REPRESENTATION_CONTEXT(2) 
PARAMETRIC_REPRESENTATION_CONTEXT() REPRESENTATION_CONTEXT('2D SPACE',''
  ) );
#1482 = PCURVE('',#1483,#1488);
#1483 = PLANE('',#1484);
#1484 = AXIS2_PLACEMENT_3D('',#1485,#1486,#1487);
#1485 = CARTESIAN_POINT('',(59.,19.,212.));
#1486 = DIRECTION('',(-0.,-1.,-0.));
#1487 = DIRECTION('',(0.,0.,-1.));
#1488 = DEFINITIONAL_REPRESENTATION('',(#1489),#1496);
#1489 = B_SPLINE_CURVE_WITH_KNOTS('',5,(#1490,#1491,#1492,#1493,#1494,
    #1495),.UNSPECIFIED.,.F.,.F.,(6,6),(0.,1.),
  .PIECEWISE_BEZIER_KNOTS.);
#1490 = CARTESIAN_POINT('',(-0.61741051711,-1.7));
#1491 = CARTESIAN_POINT('',(-0.51814103166,-1.0218361461));
#1492 = CARTESIAN_POINT('',(-0.4265257641,-0.342547531434));
#1493 = CARTESIAN_POINT('',(-0.34167429393,0.337626107081));
#1494 = CARTESIAN_POINT('',(-0.26289852445,1.018513454155));
#1495 = CARTESIAN_POINT('',(-0.18962294975,1.7));
#1496 = ( GEOMETRIC_REPRESENTATION_CONTEXT(2) 
PARAMETRIC_REPRESENTATION_CONTEXT() REPRESENTATION_CONTEXT('2D SPACE',''
  ) );
#1497 = ORIENTED_EDGE('',*,*,#1498,.T.);
#1498 = EDGE_CURVE('',#1462,#1460,#1499,.T.);
#1499 = SURFACE_CURVE('',#1500,(#1557,#1617),.PCURVE_S1.);
#1500 = B_SPLINE_CURVE_WITH_KNOTS('',7,(#1501,#1502,#1503,#1504,#1505,
    #1506,#1507,#1508,#1509,#1510,#1511,#1512,#1513,#1514,#1515,#1516,
    #1517,#1518,#1519,#1520,#1521,#1522,#1523,#1524,#1525,#1526,#1527,
    #1528,#1529,#1530,#1531,#1532,#1533,#1534,#1535,#1536,#1537,#1538,
    #1539,#1540,#1541,#1542,#1543,#1544,#1545,#1546,#1547,#1548,#1549,
    #1550,#1551,#1552,#1553,#1554,#1555,#1556),.UNSPECIFIED.,.F.,.F.,(8,
    6,6,6,6,6,6,6,6,8),(0.,0.149516342841,0.299371112528,0.431683405767,
    0.487078535794,0.558692391581,0.607951979459,0.687361878697,
    0.830247628391,1.),.UNSPECIFIED.);
#1501 = CARTESIAN_POINT('',(60.689261329745,18.9999994,212.19077777603)
  );
#1502 = CARTESIAN_POINT('',(60.681809492701,19.102325773511,
    212.25676082927));
#1503 = CARTESIAN_POINT('',(60.671232759719,19.204179086611,
    212.32344764982));
#1504 = CARTESIAN_POINT('',(60.657358663985,19.305486803926,
    212.39083950284));
#1505 = CARTESIAN_POINT('',(60.639969151621,19.40614312293,
    212.45892334736));
#1506 = CARTESIAN_POINT('',(60.618801440933,19.506009100791,
    212.52767085869));
#1507 = CARTESIAN_POINT('',(60.593526005204,19.604907715265,
    212.59703741705));
#1508 = CARTESIAN_POINT('',(60.53380984622,19.800541159688,
    212.73704297857));
#1509 = CARTESIAN_POINT('',(60.499372392778,19.897192575138,
    212.8076286744));
#1510 = CARTESIAN_POINT('',(60.459929926548,19.992424687096,
    212.87871183139));
#1511 = CARTESIAN_POINT('',(60.4149312037,20.085925492901,
    212.95018848298));
#1512 = CARTESIAN_POINT('',(60.363687446673,20.177192510759,
    213.02183998676));
#1513 = CARTESIAN_POINT('',(60.305402596214,20.265547257203,
    213.09332824123));
#1514 = CARTESIAN_POINT('',(60.180106308559,20.42458704776,
    213.2266663457));
#1515 = CARTESIAN_POINT('',(60.115071831007,20.495929416954,
    213.2884969802));
#1516 = CARTESIAN_POINT('',(60.042818022095,20.563602395792,
    213.34946251473));
#1517 = CARTESIAN_POINT('',(59.962416440121,20.626460036672,
    213.40887575041));
#1518 = CARTESIAN_POINT('',(59.873127718477,20.682790317687,
    213.46556899838));
#1519 = CARTESIAN_POINT('',(59.774492636111,20.730347400251,
    213.51783605728));
#1520 = CARTESIAN_POINT('',(59.621949541216,20.782127224687,
    213.58290051847));
#1521 = CARTESIAN_POINT('',(59.575431157483,20.795450443213,
    213.6009549835));
#1522 = CARTESIAN_POINT('',(59.527527803898,20.806631981507,
    213.61769073184));
#1523 = CARTESIAN_POINT('',(59.47839635754,20.815509838743,
    213.63294236677));
#1524 = CARTESIAN_POINT('',(59.428240736525,20.821956673066,
    213.64656027656));
#1525 = CARTESIAN_POINT('',(59.377318659707,20.82589682077,
    213.6584239986));
#1526 = CARTESIAN_POINT('',(59.259539717461,20.829177311691,
    213.68143322054));
#1527 = CARTESIAN_POINT('',(59.192329934065,20.826834527998,
    213.69136170403));
#1528 = CARTESIAN_POINT('',(59.125028141593,20.820281685435,
    213.69807248386));
#1529 = CARTESIAN_POINT('',(59.05823199556,20.809719616868,
    213.70158330455));
#1530 = CARTESIAN_POINT('',(58.992432677396,20.795471541226,
    213.70203489251));
#1531 = CARTESIAN_POINT('',(58.928020233736,20.777917213813,
    213.69964079903));
#1532 = CARTESIAN_POINT('',(58.822141209825,20.743383861737,
    213.69122436228));
#1533 = CARTESIAN_POINT('',(58.77976287856,20.727927214997,
    213.68656568732));
#1534 = CARTESIAN_POINT('',(58.738223134556,20.711205422377,
    213.6807561324));
#1535 = CARTESIAN_POINT('',(58.697567713747,20.693332753175,
    213.67387608175));
#1536 = CARTESIAN_POINT('',(58.657822896215,20.674416072196,
    213.66600481281));
#1537 = CARTESIAN_POINT('',(58.618998325067,20.654551280312,
    213.65721684748));
#1538 = CARTESIAN_POINT('',(58.519978673672,20.600399087,213.63204029631
    ));
#1539 = CARTESIAN_POINT('',(58.461269816954,20.564738579498,
    213.61429785175));
#1540 = CARTESIAN_POINT('',(58.404927774049,20.527174641097,
    213.5946280419));
#1541 = CARTESIAN_POINT('',(58.350896493126,20.487990524149,
    213.5732730996));
#1542 = CARTESIAN_POINT('',(58.299101271436,20.447417348962,
    213.55043955402));
#1543 = CARTESIAN_POINT('',(58.249450675099,20.405635127967,
    213.5262973663));
#1544 = CARTESIAN_POINT('',(58.116167688954,20.285651485468,
    213.45542272448));
#1545 = CARTESIAN_POINT('',(58.037177055952,20.205106980239,
    213.40610094889));
#1546 = CARTESIAN_POINT('',(57.964244503792,20.121915643991,
    213.35380257039));
#1547 = CARTESIAN_POINT('',(57.896949108283,20.036628077159,
    213.29910439902));
#1548 = CARTESIAN_POINT('',(57.834894280825,19.94966040275,
    213.24246541302));
#1549 = CARTESIAN_POINT('',(57.777728351201,19.861287191838,
    213.18421886857));
#1550 = CARTESIAN_POINT('',(57.662638682796,19.665169168927,
    213.05374954125));
#1551 = CARTESIAN_POINT('',(57.606642622263,19.556990446673,
    212.98101411075));
#1552 = CARTESIAN_POINT('',(57.556634951505,19.447451174834,
    212.90682075549));
#1553 = CARTESIAN_POINT('',(57.512244072516,19.336808409476,
    212.83151314854));
#1554 = CARTESIAN_POINT('',(57.47316531745,19.225261494431,
    212.75536782933));
#1555 = CARTESIAN_POINT('',(57.43913300067,19.112959638718,
    212.67860730706));
#1556 = CARTESIAN_POINT('',(57.409931505891,18.9999994,212.60140018626)
  );
#1557 = PCURVE('',#69,#1558);
#1558 = DEFINITIONAL_REPRESENTATION('',(#1559),#1616);
#1559 = B_SPLINE_CURVE_WITH_KNOTS('',7,(#1560,#1561,#1562,#1563,#1564,
    #1565,#1566,#1567,#1568,#1569,#1570,#1571,#1572,#1573,#1574,#1575,
    #1576,#1577,#1578,#1579,#1580,#1581,#1582,#1583,#1584,#1585,#1586,
    #1587,#1588,#1589,#1590,#1591,#1592,#1593,#1594,#1595,#1596,#1597,
    #1598,#1599,#1600,#1601,#1602,#1603,#1604,#1605,#1606,#1607,#1608,
    #1609,#1610,#1611,#1612,#1613,#1614,#1615),.UNSPECIFIED.,.F.,.F.,(8,
    6,6,6,6,6,6,6,6,8),(0.,0.149516342841,0.299371112528,0.431683405767,
    0.487078535794,0.558692391581,0.607951979459,0.687361878697,
    0.830247628391,1.),.UNSPECIFIED.);
#1560 = CARTESIAN_POINT('',(5.343569675309,0.784463066487));
#1561 = CARTESIAN_POINT('',(5.347616098519,0.784090474635));
#1562 = CARTESIAN_POINT('',(5.351705816417,0.783561637986));
#1563 = CARTESIAN_POINT('',(5.35584031647,0.782867933199));
#1564 = CARTESIAN_POINT('',(5.360020663189,0.781998457581));
#1565 = CARTESIAN_POINT('',(5.364247495918,0.780940072047));
#1566 = CARTESIAN_POINT('',(5.368521232778,0.77967630026));
#1567 = CARTESIAN_POINT('',(5.377173509769,0.776690492311));
#1568 = CARTESIAN_POINT('',(5.381548814046,0.774968619639));
#1569 = CARTESIAN_POINT('',(5.385972466599,0.772996496327));
#1570 = CARTESIAN_POINT('',(5.390443763877,0.770746560185));
#1571 = CARTESIAN_POINT('',(5.394957050513,0.768184372334));
#1572 = CARTESIAN_POINT('',(5.399501537852,0.765270129811));
#1573 = CARTESIAN_POINT('',(5.408087697888,0.759005315428));
#1574 = CARTESIAN_POINT('',(5.412115156629,0.75575359155));
#1575 = CARTESIAN_POINT('',(5.416144225996,0.752140901105));
#1576 = CARTESIAN_POINT('',(5.420146626802,0.748120822006));
#1577 = CARTESIAN_POINT('',(5.424067018587,0.743656385924));
#1578 = CARTESIAN_POINT('',(5.427820098064,0.738724631806));
#1579 = CARTESIAN_POINT('',(5.432753920619,0.731097477061));
#1580 = CARTESIAN_POINT('',(5.434159849775,0.728771557874));
#1581 = CARTESIAN_POINT('',(5.435505548979,0.726376390195));
#1582 = CARTESIAN_POINT('',(5.436780897977,0.723919817877));
#1583 = CARTESIAN_POINT('',(5.437976194164,0.721412036826));
#1584 = CARTESIAN_POINT('',(5.439082782514,0.718865932985));
#1585 = CARTESIAN_POINT('',(5.441401044634,0.712976985873));
#1586 = CARTESIAN_POINT('',(5.4425496597,0.709616496703));
#1587 = CARTESIAN_POINT('',(5.443524277598,0.70625140708));
#1588 = CARTESIAN_POINT('',(5.444320540948,0.702911599778));
#1589 = CARTESIAN_POINT('',(5.444941489268,0.69962163387));
#1590 = CARTESIAN_POINT('',(5.44539485214,0.696401011687));
#1591 = CARTESIAN_POINT('',(5.445895286502,0.691107060491));
#1592 = CARTESIAN_POINT('',(5.446025119181,0.688988143928));
#1593 = CARTESIAN_POINT('',(5.446084329863,0.686911156728));
#1594 = CARTESIAN_POINT('',(5.446076735408,0.684878385687));
#1595 = CARTESIAN_POINT('',(5.446006264728,0.682891144811));
#1596 = CARTESIAN_POINT('',(5.445876741443,0.680949916253));
#1597 = CARTESIAN_POINT('',(5.445393312867,0.675998933684));
#1598 = CARTESIAN_POINT('',(5.4449507287,0.673063490848));
#1599 = CARTESIAN_POINT('',(5.444378731928,0.670246388702));
#1600 = CARTESIAN_POINT('',(5.443690498184,0.667544824656));
#1601 = CARTESIAN_POINT('',(5.442897489284,0.664955063572));
#1602 = CARTESIAN_POINT('',(5.442009381668,0.662472533755));
#1603 = CARTESIAN_POINT('',(5.439278938108,0.655808384448));
#1604 = CARTESIAN_POINT('',(5.437242920268,0.651858852798));
#1605 = CARTESIAN_POINT('',(5.434972440956,0.64821222519));
#1606 = CARTESIAN_POINT('',(5.432501153993,0.644847455414));
#1607 = CARTESIAN_POINT('',(5.429856533422,0.641744714041));
#1608 = CARTESIAN_POINT('',(5.427059043349,0.63888641756));
#1609 = CARTESIAN_POINT('',(5.420634876872,0.63313193414));
#1610 = CARTESIAN_POINT('',(5.416953953987,0.630332131113));
#1611 = CARTESIAN_POINT('',(5.413107343071,0.627831747575));
#1612 = CARTESIAN_POINT('',(5.409116314965,0.625612203626));
#1613 = CARTESIAN_POINT('',(5.404998207184,0.623658265872));
#1614 = CARTESIAN_POINT('',(5.400767261575,0.621956650033));
#1615 = CARTESIAN_POINT('',(5.396434383223,0.620496575295));
#1616 = ( GEOMETRIC_REPRESENTATION_CONTEXT(2) 
PARAMETRIC_REPRESENTATION_CONTEXT() REPRESENTATION_CONTEXT('2D SPACE',''
  ) );
#1617 = PCURVE('',#1618,#1623);
#1618 = CYLINDRICAL_SURFACE('',#1619,1.7);
#1619 = AXIS2_PLACEMENT_3D('',#1620,#1621,#1622);
#1620 = CARTESIAN_POINT('',(59.,31.,212.));
#1621 = DIRECTION('',(-0.,1.,-0.));
#1622 = DIRECTION('',(1.,0.,0.));
#1623 = DEFINITIONAL_REPRESENTATION('',(#1624),#1681);
#1624 = B_SPLINE_CURVE_WITH_KNOTS('',7,(#1625,#1626,#1627,#1628,#1629,
    #1630,#1631,#1632,#1633,#1634,#1635,#1636,#1637,#1638,#1639,#1640,
    #1641,#1642,#1643,#1644,#1645,#1646,#1647,#1648,#1649,#1650,#1651,
    #1652,#1653,#1654,#1655,#1656,#1657,#1658,#1659,#1660,#1661,#1662,
    #1663,#1664,#1665,#1666,#1667,#1668,#1669,#1670,#1671,#1672,#1673,
    #1674,#1675,#1676,#1677,#1678,#1679,#1680),.UNSPECIFIED.,.F.,.F.,(8,
    6,6,6,6,6,6,6,6,8),(0.,0.149516342841,0.299371112528,0.431683405767,
    0.487078535794,0.558692391581,0.607951979459,0.687361878697,
    0.830247628391,1.),.UNSPECIFIED.);
#1625 = CARTESIAN_POINT('',(6.170726189764,-12.0000006));
#1626 = CARTESIAN_POINT('',(6.1316658904,-11.89767422648));
#1627 = CARTESIAN_POINT('',(6.091987841768,-11.79582091338));
#1628 = CARTESIAN_POINT('',(6.051583109324,-11.69451319607));
#1629 = CARTESIAN_POINT('',(6.010332582171,-11.59385687707));
#1630 = CARTESIAN_POINT('',(5.968104288731,-11.4939908992));
#1631 = CARTESIAN_POINT('',(5.924738689501,-11.39509228473));
#1632 = CARTESIAN_POINT('',(5.835203988993,-11.19945884031));
#1633 = CARTESIAN_POINT('',(5.789064527826,-11.10280742486));
#1634 = CARTESIAN_POINT('',(5.741353017799,-11.0075753129));
#1635 = CARTESIAN_POINT('',(5.691815518485,-10.91407450709));
#1636 = CARTESIAN_POINT('',(5.640154263762,-10.82280748924));
#1637 = CARTESIAN_POINT('',(5.586031062869,-10.73445274279));
#1638 = CARTESIAN_POINT('',(5.478401347452,-10.57541295224));
#1639 = CARTESIAN_POINT('',(5.425699065302,-10.50407058304));
#1640 = CARTESIAN_POINT('',(5.37025114648,-10.4363976042));
#1641 = CARTESIAN_POINT('',(5.311678454799,-10.37353996332));
#1642 = CARTESIAN_POINT('',(5.2497507387,-10.31720968231));
#1643 = CARTESIAN_POINT('',(5.184319775256,-10.26965259974));
#1644 = CARTESIAN_POINT('',(5.08676705699,-10.21787277531));
#1645 = CARTESIAN_POINT('',(5.057430565287,-10.20454955678));
#1646 = CARTESIAN_POINT('',(5.027610027583,-10.19336801849));
#1647 = CARTESIAN_POINT('',(4.997382980774,-10.18449016125));
#1648 = CARTESIAN_POINT('',(4.966843457821,-10.17804332693));
#1649 = CARTESIAN_POINT('',(4.936106997887,-10.17410317923));
#1650 = CARTESIAN_POINT('',(4.865515567737,-10.1708226883));
#1651 = CARTESIAN_POINT('',(4.825594166276,-10.173165472));
#1652 = CARTESIAN_POINT('',(4.785879352703,-10.17971831456));
#1653 = CARTESIAN_POINT('',(4.746608999862,-10.19028038313));
#1654 = CARTESIAN_POINT('',(4.70796324553,-10.20452845877));
#1655 = CARTESIAN_POINT('',(4.670081177406,-10.22208278618));
#1656 = CARTESIAN_POINT('',(4.607602934516,-10.25661613826));
#1657 = CARTESIAN_POINT('',(4.582535778871,-10.272072785));
#1658 = CARTESIAN_POINT('',(4.557879636234,-10.28879457762));
#1659 = CARTESIAN_POINT('',(4.533642083167,-10.30666724682));
#1660 = CARTESIAN_POINT('',(4.509822937862,-10.3255839278));
#1661 = CARTESIAN_POINT('',(4.486415318286,-10.34544871968));
#1662 = CARTESIAN_POINT('',(4.426315199708,-10.399600913));
#1663 = CARTESIAN_POINT('',(4.390273637148,-10.4352614205));
#1664 = CARTESIAN_POINT('',(4.355218866431,-10.4728253589));
#1665 = CARTESIAN_POINT('',(4.32109152794,-10.51200947585));
#1666 = CARTESIAN_POINT('',(4.287832219361,-10.55258265103));
#1667 = CARTESIAN_POINT('',(4.255377666377,-10.59436487203));
#1668 = CARTESIAN_POINT('',(4.166580301223,-10.71434851453));
#1669 = CARTESIAN_POINT('',(4.111933172717,-10.79489301976));
#1670 = CARTESIAN_POINT('',(4.059307059307,-10.878084356));
#1671 = CARTESIAN_POINT('',(4.00845333265,-10.96337192284));
#1672 = CARTESIAN_POINT('',(3.959153030355,-11.05033959725));
#1673 = CARTESIAN_POINT('',(3.911213635302,-11.13871280816));
#1674 = CARTESIAN_POINT('',(3.808874425365,-11.33483083107));
#1675 = CARTESIAN_POINT('',(3.754998474929,-11.44300955332));
#1676 = CARTESIAN_POINT('',(3.70253035422,-11.55254882516));
#1677 = CARTESIAN_POINT('',(3.651270608139,-11.66319159052));
#1678 = CARTESIAN_POINT('',(3.601057284024,-11.77473850556));
#1679 = CARTESIAN_POINT('',(3.551741655751,-11.88704036128));
#1680 = CARTESIAN_POINT('',(3.503185809834,-12.0000006));
#1681 = ( GEOMETRIC_REPRESENTATION_CONTEXT(2) 
PARAMETRIC_REPRESENTATION_CONTEXT() REPRESENTATION_CONTEXT('2D SPACE',''
  ) );
#1682 = FACE_BOUND('',#1683,.T.);
#1683 = EDGE_LOOP('',(#1684,#1927));
#1684 = ORIENTED_EDGE('',*,*,#1685,.F.);
#1685 = EDGE_CURVE('',#1686,#1688,#1690,.T.);
#1686 = VERTEX_POINT('',#1687);
#1687 = CARTESIAN_POINT('',(53.856834326494,21.,215.08995903773));
#1688 = VERTEX_POINT('',#1689);
#1689 = CARTESIAN_POINT('',(64.914465616141,21.,213.00950308344));
#1690 = SURFACE_CURVE('',#1691,(#1766,#1844),.PCURVE_S1.);
#1691 = B_SPLINE_CURVE_WITH_KNOTS('',7,(#1692,#1693,#1694,#1695,#1696,
    #1697,#1698,#1699,#1700,#1701,#1702,#1703,#1704,#1705,#1706,#1707,
    #1708,#1709,#1710,#1711,#1712,#1713,#1714,#1715,#1716,#1717,#1718,
    #1719,#1720,#1721,#1722,#1723,#1724,#1725,#1726,#1727,#1728,#1729,
    #1730,#1731,#1732,#1733,#1734,#1735,#1736,#1737,#1738,#1739,#1740,
    #1741,#1742,#1743,#1744,#1745,#1746,#1747,#1748,#1749,#1750,#1751,
    #1752,#1753,#1754,#1755,#1756,#1757,#1758,#1759,#1760,#1761,#1762,
    #1763,#1764,#1765),.UNSPECIFIED.,.F.,.F.,(8,6,6,6,6,6,6,6,6,6,6,6,8)
  ,(0.,0.187431834228,0.317103263145,0.411632414407,0.469703706941,
    0.497674023675,0.550114233804,0.586407261303,0.62925330782,
    0.684355069369,0.787916330122,0.901311876165,1.),.UNSPECIFIED.);
#1692 = CARTESIAN_POINT('',(53.856834009442,20.9999994,215.08995851));
#1693 = CARTESIAN_POINT('',(54.021536931253,21.311688656949,
    215.36410279487));
#1694 = CARTESIAN_POINT('',(54.207117024362,21.619371073139,
    215.63437876206));
#1695 = CARTESIAN_POINT('',(54.414411267909,21.922823060454,
    215.89894383049));
#1696 = CARTESIAN_POINT('',(54.644134577729,22.221666758989,
    216.15567991701));
#1697 = CARTESIAN_POINT('',(54.896870229213,22.515359841698,
    216.40220790344));
#1698 = CARTESIAN_POINT('',(55.173051776483,22.803166908266,
    216.63596855319));
#1699 = CARTESIAN_POINT('',(55.681025712411,23.278381582061,
    217.00503097894));
#1700 = CARTESIAN_POINT('',(55.900196485193,23.469328773568,
    217.14842213167));
#1701 = CARTESIAN_POINT('',(56.131047503291,23.656594388837,
    217.28337909497));
#1702 = CARTESIAN_POINT('',(56.373757099529,23.839704227444,
    217.40884454838));
#1703 = CARTESIAN_POINT('',(56.628457228585,24.01800058721,
    217.52361248487));
#1704 = CARTESIAN_POINT('',(56.895237840766,24.190631616939,
    217.62634903698));
#1705 = CARTESIAN_POINT('',(57.377749026119,24.477354116521,
    217.78047685005));
#1706 = CARTESIAN_POINT('',(57.587635627253,24.594580593078,
    217.83821023071));
#1707 = CARTESIAN_POINT('',(57.804073611029,24.707729775696,
    217.88810914362));
#1708 = CARTESIAN_POINT('',(58.027066480655,24.816219325056,
    217.92947228811));
#1709 = CARTESIAN_POINT('',(58.256504662826,24.919304763137,
    217.96150952061));
#1710 = CARTESIAN_POINT('',(58.492167926861,25.016071909857,
    217.98335856879));
#1711 = CARTESIAN_POINT('',(58.882146138767,25.160300720084,
    218.00068143752));
#1712 = CARTESIAN_POINT('',(59.032747185203,25.212372044939,
    218.00307610018));
#1713 = CARTESIAN_POINT('',(59.185453403225,25.261368434817,
    218.00105997866));
#1714 = CARTESIAN_POINT('',(59.34011440797,25.306988601621,
    217.99441171935));
#1715 = CARTESIAN_POINT('',(59.49651845677,25.348895921582,
    217.9829132268));
#1716 = CARTESIAN_POINT('',(59.654387174547,25.386729455986,
    217.96636618065));
#1717 = CARTESIAN_POINT('',(59.889941439738,25.436203883927,
    217.93413662982));
#1718 = CARTESIAN_POINT('',(59.96677018948,25.451255810778,
    217.92245228135));
#1719 = CARTESIAN_POINT('',(60.043812115376,25.465235136716,
    217.90954376108));
#1720 = CARTESIAN_POINT('',(60.121020471884,25.478099976656,
    217.89539663939));
#1721 = CARTESIAN_POINT('',(60.198343502928,25.489808860378,
    217.8799998933));
#1722 = CARTESIAN_POINT('',(60.275724338523,25.500321600212,
    217.8633467705));
#1723 = CARTESIAN_POINT('',(60.498170492538,25.526996084654,
    217.81185495583));
#1724 = CARTESIAN_POINT('',(60.64325367539,25.540057274982,
    217.77384572649));
#1725 = CARTESIAN_POINT('',(60.787900439171,25.548525461379,
    217.7314038556));
#1726 = CARTESIAN_POINT('',(60.931639156916,25.552182997229,
    217.68458714708));
#1727 = CARTESIAN_POINT('',(61.073979383279,25.550867206078,
    217.63352489132));
#1728 = CARTESIAN_POINT('',(61.214415126122,25.544490696105,
    217.57842927968));
#1729 = CARTESIAN_POINT('',(61.447945478801,25.525161927304,
    217.47889985465));
#1730 = CARTESIAN_POINT('',(61.542316010405,25.514837862815,
    217.43640090358));
#1731 = CARTESIAN_POINT('',(61.635373838223,25.502098441456,
    217.39221069157));
#1732 = CARTESIAN_POINT('',(61.726972732542,25.486967045508,
    217.3464393499));
#1733 = CARTESIAN_POINT('',(61.816985070971,25.46948581585,
    217.29920615807));
#1734 = CARTESIAN_POINT('',(61.905300337016,25.449714022593,
    217.25063744483));
#1735 = CARTESIAN_POINT('',(62.093969424748,25.40176880043,
    217.14210459727));
#1736 = CARTESIAN_POINT('',(62.193625008727,25.372720958322,
    217.08166193412));
#1737 = CARTESIAN_POINT('',(62.290641785703,25.340703785735,
    217.01974848623));
#1738 = CARTESIAN_POINT('',(62.384922261775,25.305860007811,
    216.95657095755));
#1739 = CARTESIAN_POINT('',(62.476411789912,25.268346248998,
    216.8923264369));
#1740 = CARTESIAN_POINT('',(62.565090325834,25.228325083559,
    216.82719806545));
#1741 = CARTESIAN_POINT('',(62.761401464217,25.1314701151,
    216.67666831462));
#1742 = CARTESIAN_POINT('',(62.867197215593,25.073103434149,
    216.59079937635));
#1743 = CARTESIAN_POINT('',(62.96838663097,25.011190354013,
    216.50408068775));
#1744 = CARTESIAN_POINT('',(63.065070031575,24.946059211594,
    216.41680407846));
#1745 = CARTESIAN_POINT('',(63.157390180187,24.878017455912,
    216.3292133711));
#1746 = CARTESIAN_POINT('',(63.245516718293,24.80734004607,
    216.24150352948));
#1747 = CARTESIAN_POINT('',(63.487739346432,24.596915592385,
    215.98902852433));
#1748 = CARTESIAN_POINT('',(63.63160150429,24.451168707343,
    215.82442970566));
#1749 = CARTESIAN_POINT('',(63.762596102982,24.298513762325,
    215.6609015271));
#1750 = CARTESIAN_POINT('',(63.88194492695,24.14018685025,
    215.49905654328));
#1751 = CARTESIAN_POINT('',(63.99076133323,23.977169825445,
    215.33927987198));
#1752 = CARTESIAN_POINT('',(64.090064585724,23.810183276349,
    215.18175682865));
#1753 = CARTESIAN_POINT('',(64.280082260897,23.452965749449,
    214.85648347416));
#1754 = CARTESIAN_POINT('',(64.369027464105,23.262144462541,
    214.68928344864));
#1755 = CARTESIAN_POINT('',(64.448771543153,23.067891322507,
    214.52497825534));
#1756 = CARTESIAN_POINT('',(64.520241359776,22.870752777771,
    214.3636096845));
#1757 = CARTESIAN_POINT('',(64.584213873228,22.671158073593,
    214.20517310587));
#1758 = CARTESIAN_POINT('',(64.641364271188,22.469428910478,
    214.04961872873));
#1759 = CARTESIAN_POINT('',(64.736573051586,22.088540228517,
    213.76390699421));
#1760 = CARTESIAN_POINT('',(64.776140014562,21.909873433355,
    213.63309217278));
#1761 = CARTESIAN_POINT('',(64.81134936185,21.729941092147,
    213.50436788087));
#1762 = CARTESIAN_POINT('',(64.842522350887,21.548881864017,
    213.37769163755));
#1763 = CARTESIAN_POINT('',(64.86993871479,21.366811888582,
    213.25301983274));
#1764 = CARTESIAN_POINT('',(64.893846462493,21.183826252628,
    213.13030640371));
#1765 = CARTESIAN_POINT('',(64.914465683441,20.9999994,213.00950268915)
  );
#1766 = PCURVE('',#69,#1767);
#1767 = DEFINITIONAL_REPRESENTATION('',(#1768),#1843);
#1768 = B_SPLINE_CURVE_WITH_KNOTS('',7,(#1769,#1770,#1771,#1772,#1773,
    #1774,#1775,#1776,#1777,#1778,#1779,#1780,#1781,#1782,#1783,#1784,
    #1785,#1786,#1787,#1788,#1789,#1790,#1791,#1792,#1793,#1794,#1795,
    #1796,#1797,#1798,#1799,#1800,#1801,#1802,#1803,#1804,#1805,#1806,
    #1807,#1808,#1809,#1810,#1811,#1812,#1813,#1814,#1815,#1816,#1817,
    #1818,#1819,#1820,#1821,#1822,#1823,#1824,#1825,#1826,#1827,#1828,
    #1829,#1830,#1831,#1832,#1833,#1834,#1835,#1836,#1837,#1838,#1839,
    #1840,#1841,#1842),.UNSPECIFIED.,.F.,.F.,(8,6,6,6,6,6,6,6,6,6,6,6,8)
  ,(0.,0.187431834228,0.317103263145,0.411632414407,0.469703706941,
    0.497674023675,0.550114233804,0.586407261303,0.62925330782,
    0.684355069369,0.787916330122,0.901311876165,1.),.UNSPECIFIED.);
#1769 = CARTESIAN_POINT('',(5.570436836181,0.442841700472));
#1770 = CARTESIAN_POINT('',(5.5831467321,0.451076846563));
#1771 = CARTESIAN_POINT('',(5.595173901824,0.460355851218));
#1772 = CARTESIAN_POINT('',(5.60643303305,0.470720563395));
#1773 = CARTESIAN_POINT('',(5.616831589818,0.482206728886));
#1774 = CARTESIAN_POINT('',(5.626272392996,0.494843511461));
#1775 = CARTESIAN_POINT('',(5.634658128191,0.508652588824));
#1776 = CARTESIAN_POINT('',(5.646880175339,0.534051285621));
#1777 = CARTESIAN_POINT('',(5.651320351508,0.54500982426));
#1778 = CARTESIAN_POINT('',(5.655169126928,0.556552375165));
#1779 = CARTESIAN_POINT('',(5.658387605999,0.568687854976));
#1780 = CARTESIAN_POINT('',(5.66093218334,0.581422861429));
#1781 = CARTESIAN_POINT('',(5.662755444137,0.594761892038));
#1782 = CARTESIAN_POINT('',(5.664560842908,0.618887451306));
#1783 = CARTESIAN_POINT('',(5.664907704916,0.629381781363));
#1784 = CARTESIAN_POINT('',(5.664818610663,0.640203680551));
#1785 = CARTESIAN_POINT('',(5.664268015172,0.651353324033));
#1786 = CARTESIAN_POINT('',(5.663227982248,0.662825233141));
#1787 = CARTESIAN_POINT('',(5.661668689348,0.674608396343));
#1788 = CARTESIAN_POINT('',(5.658261190065,0.694107306938));
#1789 = CARTESIAN_POINT('',(5.656756647526,0.70163735926));
#1790 = CARTESIAN_POINT('',(5.655037096017,0.709272670161));
#1791 = CARTESIAN_POINT('',(5.653095573866,0.717005720398));
#1792 = CARTESIAN_POINT('',(5.650925796552,0.724825922838));
#1793 = CARTESIAN_POINT('',(5.648522846875,0.732719358727));
#1794 = CARTESIAN_POINT('',(5.644613118209,0.744497071987));
#1795 = CARTESIAN_POINT('',(5.643287490531,0.748338509474));
#1796 = CARTESIAN_POINT('',(5.641906960844,0.752190605769));
#1797 = CARTESIAN_POINT('',(5.640471429895,0.756051023594));
#1798 = CARTESIAN_POINT('',(5.638980980207,0.759917175146));
#1799 = CARTESIAN_POINT('',(5.637435912261,0.763786216926));
#1800 = CARTESIAN_POINT('',(5.632838645273,0.774908524627));
#1801 = CARTESIAN_POINT('',(5.629649882534,0.782162683769));
#1802 = CARTESIAN_POINT('',(5.626274866138,0.789395021959));
#1803 = CARTESIAN_POINT('',(5.622720595976,0.796581957846));
#1804 = CARTESIAN_POINT('',(5.618997036264,0.803698969164));
#1805 = CARTESIAN_POINT('',(5.615117613201,0.810720756306));
#1806 = CARTESIAN_POINT('',(5.608319258123,0.82239727394));
#1807 = CARTESIAN_POINT('',(5.605471987576,0.82711580052));
#1808 = CARTESIAN_POINT('',(5.602563676248,0.831768691911));
#1809 = CARTESIAN_POINT('',(5.599600172323,0.836348636627));
#1810 = CARTESIAN_POINT('',(5.596587501779,0.840849253549));
#1811 = CARTESIAN_POINT('',(5.593531813703,0.845265016851));
#1812 = CARTESIAN_POINT('',(5.586788462134,0.854698471237));
#1813 = CARTESIAN_POINT('',(5.583086041738,0.859681250436));
#1814 = CARTESIAN_POINT('',(5.579342032656,0.864532089285));
#1815 = CARTESIAN_POINT('',(5.575565674469,0.869246113089));
#1816 = CARTESIAN_POINT('',(5.571765395719,0.873820589496));
#1817 = CARTESIAN_POINT('',(5.567948731511,0.878254516292));
#1818 = CARTESIAN_POINT('',(5.559201218574,0.888070073211));
#1819 = CARTESIAN_POINT('',(5.554264087297,0.89335986078));
#1820 = CARTESIAN_POINT('',(5.549323942645,0.898419331548));
#1821 = CARTESIAN_POINT('',(5.544391463344,0.903253501579));
#1822 = CARTESIAN_POINT('',(5.539475018629,0.907869509009));
#1823 = CARTESIAN_POINT('',(5.534580754146,0.912275835915));
#1824 = CARTESIAN_POINT('',(5.520563288149,0.924386967322));
#1825 = CARTESIAN_POINT('',(5.511511605164,0.931580075214));
#1826 = CARTESIAN_POINT('',(5.502578232231,0.938129805149));
#1827 = CARTESIAN_POINT('',(5.49377569109,0.944097246348));
#1828 = CARTESIAN_POINT('',(5.485108883361,0.949538066661));
#1829 = CARTESIAN_POINT('',(5.476575375137,0.954503229286));
#1830 = CARTESIAN_POINT('',(5.458956979684,0.964004113045));
#1831 = CARTESIAN_POINT('',(5.449902147425,0.968451373205));
#1832 = CARTESIAN_POINT('',(5.440992606833,0.972438577158));
#1833 = CARTESIAN_POINT('',(5.432221117434,0.976012067989));
#1834 = CARTESIAN_POINT('',(5.423580206881,0.979210693661));
#1835 = CARTESIAN_POINT('',(5.415061415662,0.982068213559));
#1836 = CARTESIAN_POINT('',(5.399339193009,0.986828652579));
#1837 = CARTESIAN_POINT('',(5.392109548551,0.988807000728));
#1838 = CARTESIAN_POINT('',(5.38496077558,0.990567468093));
#1839 = CARTESIAN_POINT('',(5.37788811962,0.992126117544));
#1840 = CARTESIAN_POINT('',(5.370887203671,0.99349693574));
#1841 = CARTESIAN_POINT('',(5.36395382542,0.994692323125));
#1842 = CARTESIAN_POINT('',(5.357083868553,0.995723284172));
#1843 = ( GEOMETRIC_REPRESENTATION_CONTEXT(2) 
PARAMETRIC_REPRESENTATION_CONTEXT() REPRESENTATION_CONTEXT('2D SPACE',''
  ) );
#1844 = PCURVE('',#1845,#1850);
#1845 = CYLINDRICAL_SURFACE('',#1846,6.);
#1846 = AXIS2_PLACEMENT_3D('',#1847,#1848,#1849);
#1847 = CARTESIAN_POINT('',(59.,29.,212.));
#1848 = DIRECTION('',(-0.,1.,-0.));
#1849 = DIRECTION('',(1.,0.,0.));
#1850 = DEFINITIONAL_REPRESENTATION('',(#1851),#1926);
#1851 = B_SPLINE_CURVE_WITH_KNOTS('',7,(#1852,#1853,#1854,#1855,#1856,
    #1857,#1858,#1859,#1860,#1861,#1862,#1863,#1864,#1865,#1866,#1867,
    #1868,#1869,#1870,#1871,#1872,#1873,#1874,#1875,#1876,#1877,#1878,
    #1879,#1880,#1881,#1882,#1883,#1884,#1885,#1886,#1887,#1888,#1889,
    #1890,#1891,#1892,#1893,#1894,#1895,#1896,#1897,#1898,#1899,#1900,
    #1901,#1902,#1903,#1904,#1905,#1906,#1907,#1908,#1909,#1910,#1911,
    #1912,#1913,#1914,#1915,#1916,#1917,#1918,#1919,#1920,#1921,#1922,
    #1923,#1924,#1925),.UNSPECIFIED.,.F.,.F.,(8,6,6,6,6,6,6,6,6,6,6,6,8)
  ,(0.,0.187431834228,0.317103263145,0.411632414407,0.469703706941,
    0.497674023675,0.550114233804,0.586407261303,0.62925330782,
    0.684355069369,0.787916330122,0.901311876165,1.),.UNSPECIFIED.);
#1852 = CARTESIAN_POINT('',(3.682592235806,-8.0000006));
#1853 = CARTESIAN_POINT('',(3.735894867954,-7.688311343051));
#1854 = CARTESIAN_POINT('',(3.790436740118,-7.380628926861));
#1855 = CARTESIAN_POINT('',(3.846274112653,-7.077176939546));
#1856 = CARTESIAN_POINT('',(3.903463805545,-6.778333241011));
#1857 = CARTESIAN_POINT('',(3.962078958254,-6.484640158302));
#1858 = CARTESIAN_POINT('',(4.022218415707,-6.196833091734));
#1859 = CARTESIAN_POINT('',(4.126866582023,-5.721618417939));
#1860 = CARTESIAN_POINT('',(4.170465920514,-5.530671226432));
#1861 = CARTESIAN_POINT('',(4.214942026151,-5.343405611163));
#1862 = CARTESIAN_POINT('',(4.260364692949,-5.160295772556));
#1863 = CARTESIAN_POINT('',(4.306812188806,-4.98199941279));
#1864 = CARTESIAN_POINT('',(4.354377414989,-4.809368383061));
#1865 = CARTESIAN_POINT('',(4.438799046424,-4.522645883479));
#1866 = CARTESIAN_POINT('',(4.47504929975,-4.405419406922));
#1867 = CARTESIAN_POINT('',(4.512015953909,-4.292270224303));
#1868 = CARTESIAN_POINT('',(4.549750044871,-4.183780674944));
#1869 = CARTESIAN_POINT('',(4.588295894984,-4.080695236863));
#1870 = CARTESIAN_POINT('',(4.627696021715,-3.983928090143));
#1871 = CARTESIAN_POINT('',(4.692756482387,-3.839699279916));
#1872 = CARTESIAN_POINT('',(4.717849637758,-3.787627955061));
#1873 = CARTESIAN_POINT('',(4.743285490572,-3.738631565183));
#1874 = CARTESIAN_POINT('',(4.769065126293,-3.693011398379));
#1875 = CARTESIAN_POINT('',(4.79518288365,-3.651104078418));
#1876 = CARTESIAN_POINT('',(4.821625308125,-3.613270544014));
#1877 = CARTESIAN_POINT('',(4.861250130521,-3.563796116073));
#1878 = CARTESIAN_POINT('',(4.874200713052,-3.548744189222));
#1879 = CARTESIAN_POINT('',(4.887217642019,-3.534764863284));
#1880 = CARTESIAN_POINT('',(4.90029719146,-3.521900023344));
#1881 = CARTESIAN_POINT('',(4.913434875727,-3.510191139622));
#1882 = CARTESIAN_POINT('',(4.926625375673,-3.499678399788));
#1883 = CARTESIAN_POINT('',(4.964680050672,-3.473003915346));
#1884 = CARTESIAN_POINT('',(4.989666292681,-3.459942725018));
#1885 = CARTESIAN_POINT('',(5.014773246587,-3.451474538621));
#1886 = CARTESIAN_POINT('',(5.039948645734,-3.447817002771));
#1887 = CARTESIAN_POINT('',(5.06513481018,-3.449132793922));
#1888 = CARTESIAN_POINT('',(5.090266999588,-3.455509303895));
#1889 = CARTESIAN_POINT('',(5.132576222403,-3.474838072696));
#1890 = CARTESIAN_POINT('',(5.149822442458,-3.485162137185));
#1891 = CARTESIAN_POINT('',(5.166986393994,-3.497901558544));
#1892 = CARTESIAN_POINT('',(5.184046634719,-3.513032954492));
#1893 = CARTESIAN_POINT('',(5.200983458419,-3.53051418415));
#1894 = CARTESIAN_POINT('',(5.217778597268,-3.550285977407));
#1895 = CARTESIAN_POINT('',(5.254055083249,-3.59823119957));
#1896 = CARTESIAN_POINT('',(5.273475312313,-3.627279041678));
#1897 = CARTESIAN_POINT('',(5.292648982372,-3.659296214265));
#1898 = CARTESIAN_POINT('',(5.311555850453,-3.694139992189));
#1899 = CARTESIAN_POINT('',(5.330181175869,-3.731653751002));
#1900 = CARTESIAN_POINT('',(5.34851483652,-3.771674916441));
#1901 = CARTESIAN_POINT('',(5.389744972794,-3.8685298849));
#1902 = CARTESIAN_POINT('',(5.412445944626,-3.926896565851));
#1903 = CARTESIAN_POINT('',(5.434644257055,-3.988809645987));
#1904 = CARTESIAN_POINT('',(5.456340016941,-4.053940788406));
#1905 = CARTESIAN_POINT('',(5.47754019162,-4.121982544089));
#1906 = CARTESIAN_POINT('',(5.498257237837,-4.19265995393));
#1907 = CARTESIAN_POINT('',(5.556570431934,-4.403084407615));
#1908 = CARTESIAN_POINT('',(5.592965773421,-4.548831292657));
#1909 = CARTESIAN_POINT('',(5.627837537726,-4.701486237675));
#1910 = CARTESIAN_POINT('',(5.661308129318,-4.85981314975));
#1911 = CARTESIAN_POINT('',(5.693493569813,-5.022830174555));
#1912 = CARTESIAN_POINT('',(5.72451112716,-5.189816723651));
#1913 = CARTESIAN_POINT('',(5.787295916547,-5.547034250551));
#1914 = CARTESIAN_POINT('',(5.81883529101,-5.737855537459));
#1915 = CARTESIAN_POINT('',(5.849242099316,-5.932108677493));
#1916 = CARTESIAN_POINT('',(5.878626263399,-6.129247222229));
#1917 = CARTESIAN_POINT('',(5.907080220878,-6.328841926407));
#1918 = CARTESIAN_POINT('',(5.93468758025,-6.530571089522));
#1919 = CARTESIAN_POINT('',(5.98488051554,-6.911459771483));
#1920 = CARTESIAN_POINT('',(6.007649577552,-7.090126566645));
#1921 = CARTESIAN_POINT('',(6.029879277209,-7.270058907853));
#1922 = CARTESIAN_POINT('',(6.051609411392,-7.451118135983));
#1923 = CARTESIAN_POINT('',(6.072874538736,-7.633188111418));
#1924 = CARTESIAN_POINT('',(6.093705634212,-7.816173747372));
#1925 = CARTESIAN_POINT('',(6.114130761524,-8.0000006));
#1926 = ( GEOMETRIC_REPRESENTATION_CONTEXT(2) 
PARAMETRIC_REPRESENTATION_CONTEXT() REPRESENTATION_CONTEXT('2D SPACE',''
  ) );
#1927 = ORIENTED_EDGE('',*,*,#1928,.T.);
#1928 = EDGE_CURVE('',#1686,#1688,#1929,.T.);
#1929 = SURFACE_CURVE('',#1930,(#1948,#1969),.PCURVE_S1.);
#1930 = B_SPLINE_CURVE_WITH_KNOTS('',6,(#1931,#1932,#1933,#1934,#1935,
    #1936,#1937,#1938,#1939,#1940,#1941,#1942,#1943,#1944,#1945,#1946,
    #1947),.UNSPECIFIED.,.F.,.F.,(7,5,5,7),(0.,0.409961196953,
    0.810475391342,1.),.UNSPECIFIED.);
#1931 = CARTESIAN_POINT('',(53.,21.,215.3654435039));
#1932 = CARTESIAN_POINT('',(53.793237646081,21.,215.09784385582));
#1933 = CARTESIAN_POINT('',(54.595277155949,21.,214.8565702593));
#1934 = CARTESIAN_POINT('',(55.403780266917,21.,214.63754398531));
#1935 = CARTESIAN_POINT('',(56.217099485905,21.,214.43776097107));
#1936 = CARTESIAN_POINT('',(57.034136314986,21.,214.25477171343));
#1937 = CARTESIAN_POINT('',(58.655592486063,21.,213.9222476399));
#1938 = CARTESIAN_POINT('',(59.459761145327,21.,213.7720603793));
#1939 = CARTESIAN_POINT('',(60.266163776049,21.,213.63415537873));
#1940 = CARTESIAN_POINT('',(61.074316108174,21.,213.50711202104));
#1941 = CARTESIAN_POINT('',(61.883874521486,21.,213.3897581672));
#1942 = CARTESIAN_POINT('',(63.07827807684,21.,213.22970647069));
#1943 = CARTESIAN_POINT('',(63.46219167768,21.,213.18024809567));
#1944 = CARTESIAN_POINT('',(63.846341929717,21.,213.13263783377));
#1945 = CARTESIAN_POINT('',(64.230706020273,21.,213.08678213964));
#1946 = CARTESIAN_POINT('',(64.615264279648,21.,213.04259569772));
#1947 = CARTESIAN_POINT('',(65.,21.,212.9999999561));
#1948 = PCURVE('',#69,#1949);
#1949 = DEFINITIONAL_REPRESENTATION('',(#1950),#1968);
#1950 = B_SPLINE_CURVE_WITH_KNOTS('',6,(#1951,#1952,#1953,#1954,#1955,
    #1956,#1957,#1958,#1959,#1960,#1961,#1962,#1963,#1964,#1965,#1966,
    #1967),.UNSPECIFIED.,.F.,.F.,(7,5,5,7),(0.,0.409961196953,
    0.810475391342,1.),.UNSPECIFIED.);
#1951 = CARTESIAN_POINT('',(5.594463219184,0.4));
#1952 = CARTESIAN_POINT('',(5.571435670906,0.439661882304));
#1953 = CARTESIAN_POINT('',(5.549973193252,0.479763857797));
#1954 = CARTESIAN_POINT('',(5.529879147576,0.520189013346));
#1955 = CARTESIAN_POINT('',(5.510999569712,0.560854974295));
#1956 = CARTESIAN_POINT('',(5.493203121897,0.601706815749));
#1957 = CARTESIAN_POINT('',(5.459938571257,0.682779624303));
#1958 = CARTESIAN_POINT('',(5.444428437832,0.722988057266));
#1959 = CARTESIAN_POINT('',(5.429743219509,0.763308188802));
#1960 = CARTESIAN_POINT('',(5.415800854491,0.803715805409));
#1961 = CARTESIAN_POINT('',(5.402531835619,0.844193726074));
#1962 = CARTESIAN_POINT('',(5.383888057272,0.903913903842));
#1963 = CARTESIAN_POINT('',(5.378037047427,0.923109583884));
#1964 = CARTESIAN_POINT('',(5.372317274505,0.942317096486));
#1965 = CARTESIAN_POINT('',(5.366722994076,0.961535301014));
#1966 = CARTESIAN_POINT('',(5.361248907942,0.980763213982));
#1967 = CARTESIAN_POINT('',(5.355890088982,1.));
#1968 = ( GEOMETRIC_REPRESENTATION_CONTEXT(2) 
PARAMETRIC_REPRESENTATION_CONTEXT() REPRESENTATION_CONTEXT('2D SPACE',''
  ) );
#1969 = PCURVE('',#1970,#1975);
#1970 = PLANE('',#1971);
#1971 = AXIS2_PLACEMENT_3D('',#1972,#1973,#1974);
#1972 = CARTESIAN_POINT('',(59.,21.,212.));
#1973 = DIRECTION('',(-0.,-1.,-0.));
#1974 = DIRECTION('',(0.,0.,-1.));
#1975 = DEFINITIONAL_REPRESENTATION('',(#1976),#1994);
#1976 = B_SPLINE_CURVE_WITH_KNOTS('',6,(#1977,#1978,#1979,#1980,#1981,
    #1982,#1983,#1984,#1985,#1986,#1987,#1988,#1989,#1990,#1991,#1992,
    #1993),.UNSPECIFIED.,.F.,.F.,(7,5,5,7),(0.,0.409961196953,
    0.810475391342,1.),.UNSPECIFIED.);
#1977 = CARTESIAN_POINT('',(-3.3654435039,-6.));
#1978 = CARTESIAN_POINT('',(-3.09784385582,-5.206762353919));
#1979 = CARTESIAN_POINT('',(-2.8565702593,-4.404722844051));
#1980 = CARTESIAN_POINT('',(-2.63754398531,-3.596219733083));
#1981 = CARTESIAN_POINT('',(-2.43776097107,-2.782900514095));
#1982 = CARTESIAN_POINT('',(-2.25477171343,-1.965863685014));
#1983 = CARTESIAN_POINT('',(-1.9222476399,-0.344407513937));
#1984 = CARTESIAN_POINT('',(-1.7720603793,0.459761145327));
#1985 = CARTESIAN_POINT('',(-1.63415537873,1.266163776049));
#1986 = CARTESIAN_POINT('',(-1.50711202104,2.074316108174));
#1987 = CARTESIAN_POINT('',(-1.3897581672,2.883874521486));
#1988 = CARTESIAN_POINT('',(-1.22970647069,4.07827807684));
#1989 = CARTESIAN_POINT('',(-1.18024809567,4.46219167768));
#1990 = CARTESIAN_POINT('',(-1.13263783377,4.846341929717));
#1991 = CARTESIAN_POINT('',(-1.08678213964,5.230706020273));
#1992 = CARTESIAN_POINT('',(-1.04259569772,5.615264279648));
#1993 = CARTESIAN_POINT('',(-0.9999999561,6.));
#1994 = ( GEOMETRIC_REPRESENTATION_CONTEXT(2) 
PARAMETRIC_REPRESENTATION_CONTEXT() REPRESENTATION_CONTEXT('2D SPACE',''
  ) );
#1995 = ADVANCED_FACE('',(#1996),#124,.F.);
#1996 = FACE_BOUND('',#1997,.F.);
#1997 = EDGE_LOOP('',(#1998,#2021,#2022,#2023,#2046,#2165,#2257,#2341,
    #2425));
#1998 = ORIENTED_EDGE('',*,*,#1999,.T.);
#1999 = EDGE_CURVE('',#2000,#1355,#2002,.T.);
#2000 = VERTEX_POINT('',#2001);
#2001 = CARTESIAN_POINT('',(45.,11.085932628932,209.5));
#2002 = SURFACE_CURVE('',#2003,(#2007,#2014),.PCURVE_S1.);
#2003 = LINE('',#2004,#2005);
#2004 = CARTESIAN_POINT('',(45.,-12.16095756463,209.5));
#2005 = VECTOR('',#2006,1.);
#2006 = DIRECTION('',(0.,1.,0.));
#2007 = PCURVE('',#124,#2008);
#2008 = DEFINITIONAL_REPRESENTATION('',(#2009),#2013);
#2009 = LINE('',#2010,#2011);
#2010 = CARTESIAN_POINT('',(-12.16095756463,-17.5));
#2011 = VECTOR('',#2012,1.);
#2012 = DIRECTION('',(1.,0.));
#2013 = ( GEOMETRIC_REPRESENTATION_CONTEXT(2) 
PARAMETRIC_REPRESENTATION_CONTEXT() REPRESENTATION_CONTEXT('2D SPACE',''
  ) );
#2014 = PCURVE('',#174,#2015);
#2015 = DEFINITIONAL_REPRESENTATION('',(#2016),#2020);
#2016 = LINE('',#2017,#2018);
#2017 = CARTESIAN_POINT('',(295.,237.83904243537));
#2018 = VECTOR('',#2019,1.);
#2019 = DIRECTION('',(0.,1.));
#2020 = ( GEOMETRIC_REPRESENTATION_CONTEXT(2) 
PARAMETRIC_REPRESENTATION_CONTEXT() REPRESENTATION_CONTEXT('2D SPACE',''
  ) );
#2021 = ORIENTED_EDGE('',*,*,#1354,.T.);
#2022 = ORIENTED_EDGE('',*,*,#107,.T.);
#2023 = ORIENTED_EDGE('',*,*,#2024,.T.);
#2024 = EDGE_CURVE('',#108,#2025,#2027,.T.);
#2025 = VERTEX_POINT('',#2026);
#2026 = CARTESIAN_POINT('',(45.,-11.08593268015,209.5));
#2027 = SURFACE_CURVE('',#2028,(#2032,#2039),.PCURVE_S1.);
#2028 = LINE('',#2029,#2030);
#2029 = CARTESIAN_POINT('',(45.,-12.16095756463,209.5));
#2030 = VECTOR('',#2031,1.);
#2031 = DIRECTION('',(0.,1.,0.));
#2032 = PCURVE('',#124,#2033);
#2033 = DEFINITIONAL_REPRESENTATION('',(#2034),#2038);
#2034 = LINE('',#2035,#2036);
#2035 = CARTESIAN_POINT('',(-12.16095756463,-17.5));
#2036 = VECTOR('',#2037,1.);
#2037 = DIRECTION('',(1.,0.));
#2038 = ( GEOMETRIC_REPRESENTATION_CONTEXT(2) 
PARAMETRIC_REPRESENTATION_CONTEXT() REPRESENTATION_CONTEXT('2D SPACE',''
  ) );
#2039 = PCURVE('',#174,#2040);
#2040 = DEFINITIONAL_REPRESENTATION('',(#2041),#2045);
#2041 = LINE('',#2042,#2043);
#2042 = CARTESIAN_POINT('',(295.,237.83904243537));
#2043 = VECTOR('',#2044,1.);
#2044 = DIRECTION('',(0.,1.));
#2045 = ( GEOMETRIC_REPRESENTATION_CONTEXT(2) 
PARAMETRIC_REPRESENTATION_CONTEXT() REPRESENTATION_CONTEXT('2D SPACE',''
  ) );
#2046 = ORIENTED_EDGE('',*,*,#2047,.T.);
#2047 = EDGE_CURVE('',#2025,#2048,#2050,.T.);
#2048 = VERTEX_POINT('',#2049);
#2049 = CARTESIAN_POINT('',(45.,-7.022772432792,224.12398404571));
#2050 = SURFACE_CURVE('',#2051,(#2078,#2108),.PCURVE_S1.);
#2051 = B_SPLINE_CURVE_WITH_KNOTS('',7,(#2052,#2053,#2054,#2055,#2056,
    #2057,#2058,#2059,#2060,#2061,#2062,#2063,#2064,#2065,#2066,#2067,
    #2068,#2069,#2070,#2071,#2072,#2073,#2074,#2075,#2076,#2077),
  .UNSPECIFIED.,.F.,.F.,(8,6,6,6,8),(0.,0.207935918486,0.623884607107,
    0.782592215458,1.),.UNSPECIFIED.);
#2052 = CARTESIAN_POINT('',(45.,-11.08593268015,209.5));
#2053 = CARTESIAN_POINT('',(45.,-11.17871945406,209.97631458079));
#2054 = CARTESIAN_POINT('',(45.,-11.25595084861,210.4556598588));
#2055 = CARTESIAN_POINT('',(45.,-11.31771490529,210.93739935711));
#2056 = CARTESIAN_POINT('',(45.,-11.36407839448,211.42091398371));
#2057 = CARTESIAN_POINT('',(45.,-11.3950864597,211.90560173581));
#2058 = CARTESIAN_POINT('',(45.,-11.41076226191,212.39087740413));
#2059 = CARTESIAN_POINT('',(45.,-11.41179547487,213.84694138514));
#2060 = CARTESIAN_POINT('',(45.,-11.35113468062,214.8174651854));
#2061 = CARTESIAN_POINT('',(45.,-11.22918946584,215.78358161095));
#2062 = CARTESIAN_POINT('',(45.,-11.045485277,216.74054983563));
#2063 = CARTESIAN_POINT('',(45.,-10.7993224315,217.6830831632));
#2064 = CARTESIAN_POINT('',(45.,-10.4898726376,218.60536859416));
#2065 = CARTESIAN_POINT('',(45.,-9.97311885715,219.84268431194));
#2066 = CARTESIAN_POINT('',(45.,-9.821020226632,220.1804692549));
#2067 = CARTESIAN_POINT('',(45.,-9.659481659565,220.51393854519));
#2068 = CARTESIAN_POINT('',(45.,-9.488449628067,220.84267722061));
#2069 = CARTESIAN_POINT('',(45.,-9.307877029514,221.16623738424));
#2070 = CARTESIAN_POINT('',(45.,-9.117725644806,221.48413940763));
#2071 = CARTESIAN_POINT('',(45.,-8.644328676382,222.22290583582));
#2072 = CARTESIAN_POINT('',(45.,-8.352678047552,222.63834073964));
#2073 = CARTESIAN_POINT('',(45.,-8.042940682075,223.04088259177));
#2074 = CARTESIAN_POINT('',(45.,-7.715122546029,223.42905443778));
#2075 = CARTESIAN_POINT('',(45.,-7.369342357609,223.80122295938));
#2076 = CARTESIAN_POINT('',(45.,-7.00586613345,224.15562786923));
#2077 = CARTESIAN_POINT('',(45.,-6.625145523302,224.49041536365));
#2078 = PCURVE('',#124,#2079);
#2079 = DEFINITIONAL_REPRESENTATION('',(#2080),#2107);
#2080 = B_SPLINE_CURVE_WITH_KNOTS('',7,(#2081,#2082,#2083,#2084,#2085,
    #2086,#2087,#2088,#2089,#2090,#2091,#2092,#2093,#2094,#2095,#2096,
    #2097,#2098,#2099,#2100,#2101,#2102,#2103,#2104,#2105,#2106),
  .UNSPECIFIED.,.F.,.F.,(8,6,6,6,8),(0.,0.207935918486,0.623884607107,
    0.782592215458,1.),.UNSPECIFIED.);
#2081 = CARTESIAN_POINT('',(-11.08593268015,-17.5));
#2082 = CARTESIAN_POINT('',(-11.17871945406,-17.02368541921));
#2083 = CARTESIAN_POINT('',(-11.25595084861,-16.5443401412));
#2084 = CARTESIAN_POINT('',(-11.31771490529,-16.06260064289));
#2085 = CARTESIAN_POINT('',(-11.36407839448,-15.57908601629));
#2086 = CARTESIAN_POINT('',(-11.3950864597,-15.09439826419));
#2087 = CARTESIAN_POINT('',(-11.41076226191,-14.60912259587));
#2088 = CARTESIAN_POINT('',(-11.41179547487,-13.15305861486));
#2089 = CARTESIAN_POINT('',(-11.35113468062,-12.1825348146));
#2090 = CARTESIAN_POINT('',(-11.22918946584,-11.21641838905));
#2091 = CARTESIAN_POINT('',(-11.045485277,-10.25945016437));
#2092 = CARTESIAN_POINT('',(-10.7993224315,-9.3169168368));
#2093 = CARTESIAN_POINT('',(-10.4898726376,-8.39463140584));
#2094 = CARTESIAN_POINT('',(-9.97311885715,-7.15731568806));
#2095 = CARTESIAN_POINT('',(-9.821020226632,-6.8195307451));
#2096 = CARTESIAN_POINT('',(-9.659481659565,-6.48606145481));
#2097 = CARTESIAN_POINT('',(-9.488449628067,-6.15732277939));
#2098 = CARTESIAN_POINT('',(-9.307877029514,-5.83376261576));
#2099 = CARTESIAN_POINT('',(-9.117725644806,-5.51586059237));
#2100 = CARTESIAN_POINT('',(-8.644328676382,-4.77709416418));
#2101 = CARTESIAN_POINT('',(-8.352678047552,-4.36165926036));
#2102 = CARTESIAN_POINT('',(-8.042940682075,-3.95911740823));
#2103 = CARTESIAN_POINT('',(-7.715122546029,-3.57094556222));
#2104 = CARTESIAN_POINT('',(-7.369342357609,-3.19877704062));
#2105 = CARTESIAN_POINT('',(-7.00586613345,-2.84437213077));
#2106 = CARTESIAN_POINT('',(-6.625145523302,-2.50958463635));
#2107 = ( GEOMETRIC_REPRESENTATION_CONTEXT(2) 
PARAMETRIC_REPRESENTATION_CONTEXT() REPRESENTATION_CONTEXT('2D SPACE',''
  ) );
#2108 = PCURVE('',#2109,#2136);
#2109 = B_SPLINE_SURFACE_WITH_KNOTS('',12,1,(
    (#2110,#2111)
    ,(#2112,#2113)
    ,(#2114,#2115)
    ,(#2116,#2117)
    ,(#2118,#2119)
    ,(#2120,#2121)
    ,(#2122,#2123)
    ,(#2124,#2125)
    ,(#2126,#2127)
    ,(#2128,#2129)
    ,(#2130,#2131)
    ,(#2132,#2133)
    ,(#2134,#2135
    )),.UNSPECIFIED.,.F.,.F.,.F.,(13,13),(2,2),(0.,4.712388980385),(0.,
    1.),.PIECEWISE_BEZIER_KNOTS.);
#2110 = CARTESIAN_POINT('',(43.,-0.3,225.));
#2111 = CARTESIAN_POINT('',(52.,-0.3,234.));
#2112 = CARTESIAN_POINT('',(43.000000000005,-5.012388980386,
    225.00000000003));
#2113 = CARTESIAN_POINT('',(52.000000000004,-3.44159265359,
    234.00000000002));
#2114 = CARTESIAN_POINT('',(42.999999999981,-9.724775850539,
    222.47651829027));
#2115 = CARTESIAN_POINT('',(51.999999999982,-6.58318390036,
    232.14944674618));
#2116 = CARTESIAN_POINT('',(43.000000000047,-13.48585290512,
    217.42958948035));
#2117 = CARTESIAN_POINT('',(52.000000000042,-9.090568603418,
    228.44836561895));
#2118 = CARTESIAN_POINT('',(42.999999999919,-15.34418583417,
    210.48167554756));
#2119 = CARTESIAN_POINT('',(51.99999999993,-10.32945722278,
    223.35322873485));
#2120 = CARTESIAN_POINT('',(43.000000000109,-14.64219999333,
    202.87869956523));
#2121 = CARTESIAN_POINT('',(52.000000000088,-9.861466662225,
    217.7777130145));
#2122 = CARTESIAN_POINT('',(42.999999999882,-11.30801090852,
    196.23998636343));
#2123 = CARTESIAN_POINT('',(51.999999999913,-7.638673939015,
    212.90932333322));
#2124 = CARTESIAN_POINT('',(43.000000000103,-5.997040348477,
    192.07225000913));
#2125 = CARTESIAN_POINT('',(52.00000000007,-4.098026898987,
    209.85298333996));
#2126 = CARTESIAN_POINT('',(42.999999999928,8.534043852612E-02,
    191.19476770672));
#2127 = CARTESIAN_POINT('',(51.999999999955,-4.310637431384E-02,
    209.20949631833));
#2128 = CARTESIAN_POINT('',(43.000000000039,5.643671584017,
    193.51768386889));
#2129 = CARTESIAN_POINT('',(52.000000000023,3.662447722677,
    210.91296817048));
#2130 = CARTESIAN_POINT('',(42.999999999985,9.681214632325,
    198.21903018671));
#2131 = CARTESIAN_POINT('',(51.999999999992,6.354143088217,
    214.36062213693));
#2132 = CARTESIAN_POINT('',(43.000000000004,11.7,204.10951377454));
#2133 = CARTESIAN_POINT('',(52.000000000002,7.7,218.68031010132));
#2134 = CARTESIAN_POINT('',(43.,11.7,210.));
#2135 = CARTESIAN_POINT('',(52.,7.7,223.));
#2136 = DEFINITIONAL_REPRESENTATION('',(#2137),#2164);
#2137 = B_SPLINE_CURVE_WITH_KNOTS('',7,(#2138,#2139,#2140,#2141,#2142,
    #2143,#2144,#2145,#2146,#2147,#2148,#2149,#2150,#2151,#2152,#2153,
    #2154,#2155,#2156,#2157,#2158,#2159,#2160,#2161,#2162,#2163),
  .UNSPECIFIED.,.F.,.F.,(8,6,6,6,8),(0.,0.207935918486,0.623884607107,
    0.782592215458,1.),.UNSPECIFIED.);
#2138 = CARTESIAN_POINT('',(1.813324402147,0.222222222222));
#2139 = CARTESIAN_POINT('',(1.778552180114,0.222222222222));
#2140 = CARTESIAN_POINT('',(1.743907685378,0.222222222222));
#2141 = CARTESIAN_POINT('',(1.709364137301,0.222222222222));
#2142 = CARTESIAN_POINT('',(1.674896254845,0.222222222222));
#2143 = CARTESIAN_POINT('',(1.640479362356,0.222222222222));
#2144 = CARTESIAN_POINT('',(1.606088495356,0.222222222222));
#2145 = CARTESIAN_POINT('',(1.502902817609,0.222222222222));
#2146 = CARTESIAN_POINT('',(1.434130508008,0.222222222222));
#2147 = CARTESIAN_POINT('',(1.365143599512,0.222222222222));
#2148 = CARTESIAN_POINT('',(1.295748263987,0.222222222222));
#2149 = CARTESIAN_POINT('',(1.22575439125,0.222222222222));
#2150 = CARTESIAN_POINT('',(1.154964800107,0.222222222222));
#2151 = CARTESIAN_POINT('',(1.05571044747,0.222222222222));
#2152 = CARTESIAN_POINT('',(1.028149214708,0.222222222222));
#2153 = CARTESIAN_POINT('',(1.000426426872,0.222222222222));
#2154 = CARTESIAN_POINT('',(0.972530506034,0.222222222222));
#2155 = CARTESIAN_POINT('',(0.944450254444,0.222222222222));
#2156 = CARTESIAN_POINT('',(0.916174590359,0.222222222222));
#2157 = CARTESIAN_POINT('',(0.848675407392,0.222222222222));
#2158 = CARTESIAN_POINT('',(0.809272848134,0.222222222222));
#2159 = CARTESIAN_POINT('',(0.769454454865,0.222222222222));
#2160 = CARTESIAN_POINT('',(0.729196126614,0.222222222222));
#2161 = CARTESIAN_POINT('',(0.688478398632,0.222222222222));
#2162 = CARTESIAN_POINT('',(0.647286126388,0.222222222222));
#2163 = CARTESIAN_POINT('',(0.605609267605,0.222222222222));
#2164 = ( GEOMETRIC_REPRESENTATION_CONTEXT(2) 
PARAMETRIC_REPRESENTATION_CONTEXT() REPRESENTATION_CONTEXT('2D SPACE',''
  ) );
#2165 = ORIENTED_EDGE('',*,*,#2166,.T.);
#2166 = EDGE_CURVE('',#2048,#2167,#2169,.T.);
#2167 = VERTEX_POINT('',#2168);
#2168 = CARTESIAN_POINT('',(45.,1.56664804586E-15,227.3));
#2169 = SURFACE_CURVE('',#2170,(#2188,#2209),.PCURVE_S1.);
#2170 = B_SPLINE_CURVE_WITH_KNOTS('',6,(#2171,#2172,#2173,#2174,#2175,
    #2176,#2177,#2178,#2179,#2180,#2181,#2182,#2183,#2184,#2185,#2186,
    #2187),.UNSPECIFIED.,.F.,.F.,(7,5,5,7),(0.,0.389691053301,
    0.698335385628,1.),.UNSPECIFIED.);
#2171 = CARTESIAN_POINT('',(45.,-7.079060748662,224.06528704716));
#2172 = CARTESIAN_POINT('',(45.,-6.720390668802,224.44181147276));
#2173 = CARTESIAN_POINT('',(45.,-6.342503560989,224.79997558818));
#2174 = CARTESIAN_POINT('',(45.,-5.945692772976,225.13773050573));
#2175 = CARTESIAN_POINT('',(45.,-5.5305229815,225.45279855469));
#2176 = CARTESIAN_POINT('',(45.,-5.097908539037,225.74276907821));
#2177 = CARTESIAN_POINT('',(45.,-4.293901911985,226.21318749122));
#2178 = CARTESIAN_POINT('',(45.,-3.928486333945,226.40387304509));
#2179 = CARTESIAN_POINT('',(45.,-3.553734755371,226.57613567819));
#2180 = CARTESIAN_POINT('',(45.,-3.170556540507,226.72882412566));
#2181 = CARTESIAN_POINT('',(45.,-2.780061592889,226.86088619545));
#2182 = CARTESIAN_POINT('',(45.,-1.996110472623,227.07956147138));
#2183 = CARTESIAN_POINT('',(45.,-1.602884318568,227.16714523645));
#2184 = CARTESIAN_POINT('',(45.,-1.205221820975,227.2334172318));
#2185 = CARTESIAN_POINT('',(45.,-0.804513251039,227.27780747212));
#2186 = CARTESIAN_POINT('',(45.,-0.402243557627,227.3));
#2187 = CARTESIAN_POINT('',(45.,0.,227.3));
#2188 = PCURVE('',#124,#2189);
#2189 = DEFINITIONAL_REPRESENTATION('',(#2190),#2208);
#2190 = B_SPLINE_CURVE_WITH_KNOTS('',6,(#2191,#2192,#2193,#2194,#2195,
    #2196,#2197,#2198,#2199,#2200,#2201,#2202,#2203,#2204,#2205,#2206,
    #2207),.UNSPECIFIED.,.F.,.F.,(7,5,5,7),(0.,0.389691053301,
    0.698335385628,1.),.UNSPECIFIED.);
#2191 = CARTESIAN_POINT('',(-7.079060748662,-2.93471295284));
#2192 = CARTESIAN_POINT('',(-6.720390668802,-2.55818852724));
#2193 = CARTESIAN_POINT('',(-6.342503560989,-2.20002441182));
#2194 = CARTESIAN_POINT('',(-5.945692772976,-1.86226949427));
#2195 = CARTESIAN_POINT('',(-5.5305229815,-1.54720144531));
#2196 = CARTESIAN_POINT('',(-5.097908539037,-1.25723092179));
#2197 = CARTESIAN_POINT('',(-4.293901911985,-0.78681250878));
#2198 = CARTESIAN_POINT('',(-3.928486333945,-0.59612695491));
#2199 = CARTESIAN_POINT('',(-3.553734755371,-0.42386432181));
#2200 = CARTESIAN_POINT('',(-3.170556540507,-0.27117587434));
#2201 = CARTESIAN_POINT('',(-2.780061592889,-0.13911380455));
#2202 = CARTESIAN_POINT('',(-1.996110472623,7.956147138E-02));
#2203 = CARTESIAN_POINT('',(-1.602884318568,0.16714523645));
#2204 = CARTESIAN_POINT('',(-1.205221820975,0.2334172318));
#2205 = CARTESIAN_POINT('',(-0.804513251039,0.27780747212));
#2206 = CARTESIAN_POINT('',(-0.402243557627,0.3));
#2207 = CARTESIAN_POINT('',(0.,0.3));
#2208 = ( GEOMETRIC_REPRESENTATION_CONTEXT(2) 
PARAMETRIC_REPRESENTATION_CONTEXT() REPRESENTATION_CONTEXT('2D SPACE',''
  ) );
#2209 = PCURVE('',#2210,#2237);
#2210 = B_SPLINE_SURFACE_WITH_KNOTS('',12,1,(
    (#2211,#2212)
    ,(#2213,#2214)
    ,(#2215,#2216)
    ,(#2217,#2218)
    ,(#2219,#2220)
    ,(#2221,#2222)
    ,(#2223,#2224)
    ,(#2225,#2226)
    ,(#2227,#2228)
    ,(#2229,#2230)
    ,(#2231,#2232)
    ,(#2233,#2234)
    ,(#2235,#2236
    )),.UNSPECIFIED.,.F.,.F.,.F.,(13,13),(2,2),(0.,4.712388980385),(0.,
    1.),.PIECEWISE_BEZIER_KNOTS.);
#2211 = CARTESIAN_POINT('',(43.,1.7763568394E-15,225.3));
#2212 = CARTESIAN_POINT('',(52.,1.7763568394E-15,234.3));
#2213 = CARTESIAN_POINT('',(43.000000000005,-4.712388980386,
    225.30000000003));
#2214 = CARTESIAN_POINT('',(52.000000000004,-3.14159265359,
    234.30000000002));
#2215 = CARTESIAN_POINT('',(42.999999999981,-9.424775850539,
    222.77651829027));
#2216 = CARTESIAN_POINT('',(51.999999999982,-6.28318390036,
    232.44944674618));
#2217 = CARTESIAN_POINT('',(43.000000000047,-13.18585290512,
    217.72958948035));
#2218 = CARTESIAN_POINT('',(52.000000000042,-8.790568603418,
    228.74836561895));
#2219 = CARTESIAN_POINT('',(42.999999999919,-15.04418583417,
    210.78167554756));
#2220 = CARTESIAN_POINT('',(51.99999999993,-10.02945722278,
    223.65322873485));
#2221 = CARTESIAN_POINT('',(43.000000000109,-14.34219999333,
    203.17869956523));
#2222 = CARTESIAN_POINT('',(52.000000000088,-9.561466662225,
    218.0777130145));
#2223 = CARTESIAN_POINT('',(42.999999999882,-11.00801090852,
    196.53998636343));
#2224 = CARTESIAN_POINT('',(51.999999999913,-7.338673939015,
    213.20932333322));
#2225 = CARTESIAN_POINT('',(43.000000000103,-5.697040348477,
    192.37225000913));
#2226 = CARTESIAN_POINT('',(52.00000000007,-3.798026898987,
    210.15298333996));
#2227 = CARTESIAN_POINT('',(42.999999999928,0.385340438526,
    191.49476770672));
#2228 = CARTESIAN_POINT('',(51.999999999955,0.256893625686,
    209.50949631833));
#2229 = CARTESIAN_POINT('',(43.000000000039,5.943671584017,
    193.81768386889));
#2230 = CARTESIAN_POINT('',(52.000000000023,3.962447722677,
    211.21296817048));
#2231 = CARTESIAN_POINT('',(42.999999999985,9.981214632325,
    198.51903018671));
#2232 = CARTESIAN_POINT('',(51.999999999992,6.654143088217,
    214.66062213693));
#2233 = CARTESIAN_POINT('',(43.000000000004,12.,204.40951377454));
#2234 = CARTESIAN_POINT('',(52.000000000002,8.,218.98031010132));
#2235 = CARTESIAN_POINT('',(43.,12.,210.3));
#2236 = CARTESIAN_POINT('',(52.,8.,223.3));
#2237 = DEFINITIONAL_REPRESENTATION('',(#2238),#2256);
#2238 = B_SPLINE_CURVE_WITH_KNOTS('',6,(#2239,#2240,#2241,#2242,#2243,
    #2244,#2245,#2246,#2247,#2248,#2249,#2250,#2251,#2252,#2253,#2254,
    #2255),.UNSPECIFIED.,.F.,.F.,(7,5,5,7),(0.,0.389691053301,
    0.698335385628,1.),.UNSPECIFIED.);
#2239 = CARTESIAN_POINT('',(0.690750036563,0.222222222222));
#2240 = CARTESIAN_POINT('',(0.648869350977,0.222222222222));
#2241 = CARTESIAN_POINT('',(0.606484571598,0.222222222222));
#2242 = CARTESIAN_POINT('',(0.563576271967,0.222222222222));
#2243 = CARTESIAN_POINT('',(0.520138506717,0.222222222222));
#2244 = CARTESIAN_POINT('',(0.476177201727,0.222222222222));
#2245 = CARTESIAN_POINT('',(0.396506668339,0.222222222222));
#2246 = CARTESIAN_POINT('',(0.360982417784,0.222222222222));
#2247 = CARTESIAN_POINT('',(0.325162702422,0.222222222222));
#2248 = CARTESIAN_POINT('',(0.289070524056,0.222222222222));
#2249 = CARTESIAN_POINT('',(0.252736520044,0.222222222222));
#2250 = CARTESIAN_POINT('',(0.180499136179,0.222222222222));
#2251 = CARTESIAN_POINT('',(0.144601227354,0.222222222222));
#2252 = CARTESIAN_POINT('',(0.108555379976,0.222222222222));
#2253 = CARTESIAN_POINT('',(7.240619142004E-02,0.222222222222));
#2254 = CARTESIAN_POINT('',(3.620192018644E-02,0.222222222222));
#2255 = CARTESIAN_POINT('',(0.,0.222222222222));
#2256 = ( GEOMETRIC_REPRESENTATION_CONTEXT(2) 
PARAMETRIC_REPRESENTATION_CONTEXT() REPRESENTATION_CONTEXT('2D SPACE',''
  ) );
#2257 = ORIENTED_EDGE('',*,*,#2258,.T.);
#2258 = EDGE_CURVE('',#2167,#2259,#2261,.T.);
#2259 = VERTEX_POINT('',#2260);
#2260 = CARTESIAN_POINT('',(45.,7.022772620536,224.12398380586));
#2261 = SURFACE_CURVE('',#2262,(#2280,#2301),.PCURVE_S1.);
#2262 = B_SPLINE_CURVE_WITH_KNOTS('',6,(#2263,#2264,#2265,#2266,#2267,
    #2268,#2269,#2270,#2271,#2272,#2273,#2274,#2275,#2276,#2277,#2278,
    #2279),.UNSPECIFIED.,.F.,.F.,(7,5,5,7),(0.,0.301664618905,
    0.610308943922,1.),.UNSPECIFIED.);
#2263 = CARTESIAN_POINT('',(45.,2.467162276945E-16,227.3));
#2264 = CARTESIAN_POINT('',(45.,0.402243564294,227.3));
#2265 = CARTESIAN_POINT('',(45.,0.804513265373,227.27780747292));
#2266 = CARTESIAN_POINT('',(45.,1.20522184502,227.23341725207));
#2267 = CARTESIAN_POINT('',(45.,1.602884352369,227.16714527349));
#2268 = CARTESIAN_POINT('',(45.,1.99611051562,227.07956151795));
#2269 = CARTESIAN_POINT('',(45.,2.780061636841,226.86088624601));
#2270 = CARTESIAN_POINT('',(45.,3.17055657519,226.72882417245));
#2271 = CARTESIAN_POINT('',(45.,3.553734776605,226.57613571211));
#2272 = CARTESIAN_POINT('',(45.,3.928486339145,226.40387306255));
#2273 = CARTESIAN_POINT('',(45.,4.293901900584,226.21318749398));
#2274 = CARTESIAN_POINT('',(45.,5.0979085065,225.74276904932));
#2275 = CARTESIAN_POINT('',(45.,5.530522944293,225.45279850956));
#2276 = CARTESIAN_POINT('',(45.,5.945692737438,225.13773045397));
#2277 = CARTESIAN_POINT('',(45.,6.342503533521,224.79997553807));
#2278 = CARTESIAN_POINT('',(45.,6.720390653132,224.44181142759));
#2279 = CARTESIAN_POINT('',(45.,7.079060746664,224.06528700675));
#2280 = PCURVE('',#124,#2281);
#2281 = DEFINITIONAL_REPRESENTATION('',(#2282),#2300);
#2282 = B_SPLINE_CURVE_WITH_KNOTS('',6,(#2283,#2284,#2285,#2286,#2287,
    #2288,#2289,#2290,#2291,#2292,#2293,#2294,#2295,#2296,#2297,#2298,
    #2299),.UNSPECIFIED.,.F.,.F.,(7,5,5,7),(0.,0.301664618905,
    0.610308943922,1.),.UNSPECIFIED.);
#2283 = CARTESIAN_POINT('',(2.467162276945E-16,0.3));
#2284 = CARTESIAN_POINT('',(0.402243564294,0.3));
#2285 = CARTESIAN_POINT('',(0.804513265373,0.27780747292));
#2286 = CARTESIAN_POINT('',(1.20522184502,0.23341725207));
#2287 = CARTESIAN_POINT('',(1.602884352369,0.16714527349));
#2288 = CARTESIAN_POINT('',(1.99611051562,7.956151795E-02));
#2289 = CARTESIAN_POINT('',(2.780061636841,-0.13911375399));
#2290 = CARTESIAN_POINT('',(3.17055657519,-0.27117582755));
#2291 = CARTESIAN_POINT('',(3.553734776605,-0.42386428789));
#2292 = CARTESIAN_POINT('',(3.928486339145,-0.59612693745));
#2293 = CARTESIAN_POINT('',(4.293901900584,-0.78681250602));
#2294 = CARTESIAN_POINT('',(5.0979085065,-1.25723095068));
#2295 = CARTESIAN_POINT('',(5.530522944293,-1.54720149044));
#2296 = CARTESIAN_POINT('',(5.945692737438,-1.86226954603));
#2297 = CARTESIAN_POINT('',(6.342503533521,-2.20002446193));
#2298 = CARTESIAN_POINT('',(6.720390653132,-2.55818857241));
#2299 = CARTESIAN_POINT('',(7.079060746664,-2.93471299325));
#2300 = ( GEOMETRIC_REPRESENTATION_CONTEXT(2) 
PARAMETRIC_REPRESENTATION_CONTEXT() REPRESENTATION_CONTEXT('2D SPACE',''
  ) );
#2301 = PCURVE('',#2302,#2321);
#2302 = B_SPLINE_SURFACE_WITH_KNOTS('',8,1,(
    (#2303,#2304)
    ,(#2305,#2306)
    ,(#2307,#2308)
    ,(#2309,#2310)
    ,(#2311,#2312)
    ,(#2313,#2314)
    ,(#2315,#2316)
    ,(#2317,#2318)
    ,(#2319,#2320
    )),.UNSPECIFIED.,.F.,.F.,.F.,(9,9),(2,2),(4.712388980385,
    6.28318530718),(0.,1.),.PIECEWISE_BEZIER_KNOTS.);
#2303 = CARTESIAN_POINT('',(43.,12.,210.3));
#2304 = CARTESIAN_POINT('',(52.,8.,223.3));
#2305 = CARTESIAN_POINT('',(42.999999999999,12.,213.24524311273));
#2306 = CARTESIAN_POINT('',(52.,8.,225.45984494934));
#2307 = CARTESIAN_POINT('',(43.000000000002,11.471270532466,
    216.19048715257));
#2308 = CARTESIAN_POINT('',(52.000000000002,7.647513688311,
    227.61969057855));
#2309 = CARTESIAN_POINT('',(42.999999999996,10.413816790456,
    218.96269851501));
#2310 = CARTESIAN_POINT('',(51.999999999997,6.942544526971,
    229.65264557767));
#2311 = CARTESIAN_POINT('',(43.000000000004,8.871105069359,
    221.38888133671));
#2312 = CARTESIAN_POINT('',(52.000000000003,5.914070046239,
    231.43184631358));
#2313 = CARTESIAN_POINT('',(42.999999999997,6.93015881202,
    223.31727098805));
#2314 = CARTESIAN_POINT('',(51.999999999998,4.62010587468,
    232.84599872457));
#2315 = CARTESIAN_POINT('',(43.000000000001,4.712389722051,
    224.63908816558));
#2316 = CARTESIAN_POINT('',(52.000000000001,3.141593148034,
    233.81533132142));
#2317 = CARTESIAN_POINT('',(43.,2.356194490192,225.29999999999));
#2318 = CARTESIAN_POINT('',(52.,1.570796326795,234.29999999999));
#2319 = CARTESIAN_POINT('',(43.,3.552713678801E-15,225.3));
#2320 = CARTESIAN_POINT('',(52.,2.6645352591E-15,234.3));
#2321 = DEFINITIONAL_REPRESENTATION('',(#2322),#2340);
#2322 = B_SPLINE_CURVE_WITH_KNOTS('',6,(#2323,#2324,#2325,#2326,#2327,
    #2328,#2329,#2330,#2331,#2332,#2333,#2334,#2335,#2336,#2337,#2338,
    #2339),.UNSPECIFIED.,.F.,.F.,(7,5,5,7),(0.,0.301664618905,
    0.610308943922,1.),.UNSPECIFIED.);
#2323 = CARTESIAN_POINT('',(6.28318530718,0.222222222222));
#2324 = CARTESIAN_POINT('',(6.246983386393,0.222222222222));
#2325 = CARTESIAN_POINT('',(6.210779118313,0.222222222222));
#2326 = CARTESIAN_POINT('',(6.174629931,0.222222222222));
#2327 = CARTESIAN_POINT('',(6.13858408327,0.222222222222));
#2328 = CARTESIAN_POINT('',(6.102686172952,0.222222222222));
#2329 = CARTESIAN_POINT('',(6.030448786474,0.222222222222));
#2330 = CARTESIAN_POINT('',(5.994114781429,0.222222222222));
#2331 = CARTESIAN_POINT('',(5.958022602428,0.222222222222));
#2332 = CARTESIAN_POINT('',(5.922202887249,0.222222222222));
#2333 = CARTESIAN_POINT('',(5.886678637526,0.222222222222));
#2334 = CARTESIAN_POINT('',(5.807008105565,0.222222222222));
#2335 = CARTESIAN_POINT('',(5.76304680142,0.222222222222));
#2336 = CARTESIAN_POINT('',(5.719609036958,0.222222222222));
#2337 = CARTESIAN_POINT('',(5.676700737375,0.222222222222));
#2338 = CARTESIAN_POINT('',(5.634315957316,0.222222222222));
#2339 = CARTESIAN_POINT('',(5.592435270491,0.222222222222));
#2340 = ( GEOMETRIC_REPRESENTATION_CONTEXT(2) 
PARAMETRIC_REPRESENTATION_CONTEXT() REPRESENTATION_CONTEXT('2D SPACE',''
  ) );
#2341 = ORIENTED_EDGE('',*,*,#2342,.T.);
#2342 = EDGE_CURVE('',#2259,#2343,#2345,.T.);
#2343 = VERTEX_POINT('',#2344);
#2344 = CARTESIAN_POINT('',(45.,11.411111111111,212.88888888888));
#2345 = SURFACE_CURVE('',#2346,(#2364,#2385),.PCURVE_S1.);
#2346 = B_SPLINE_CURVE_WITH_KNOTS('',6,(#2347,#2348,#2349,#2350,#2351,
    #2352,#2353,#2354,#2355,#2356,#2357,#2358,#2359,#2360,#2361,#2362,
    #2363),.UNSPECIFIED.,.F.,.F.,(7,5,5,7),(0.,0.274511893318,
    0.629713051773,1.),.UNSPECIFIED.);
#2347 = CARTESIAN_POINT('',(45.,6.625145650084,224.49041518277));
#2348 = CARTESIAN_POINT('',(45.,7.068915668977,224.10018504953));
#2349 = CARTESIAN_POINT('',(45.,7.488587559886,223.68254038996));
#2350 = CARTESIAN_POINT('',(45.,7.883372932488,223.24071660086));
#2351 = CARTESIAN_POINT('',(45.,8.252915109187,222.7777316501));
#2352 = CARTESIAN_POINT('',(45.,8.597155486664,222.29626943312));
#2353 = CARTESIAN_POINT('',(45.,9.329083957123,221.15462732823));
#2354 = CARTESIAN_POINT('',(45.,9.69971943788,220.48364050202));
#2355 = CARTESIAN_POINT('',(45.,10.028495895397,219.79047362705));
#2356 = CARTESIAN_POINT('',(45.,10.315888618007,219.07935358377));
#2357 = CARTESIAN_POINT('',(45.,10.562494603927,218.35390335687));
#2358 = CARTESIAN_POINT('',(45.,10.983920685905,216.84891157355));
#2359 = CARTESIAN_POINT('',(45.,11.155203435524,216.06853810757));
#2360 = CARTESIAN_POINT('',(45.,11.283274492333,215.27931203863));
#2361 = CARTESIAN_POINT('',(45.,11.36849428217,214.48437694111));
#2362 = CARTESIAN_POINT('',(45.,11.411111111111,213.68666659375));
#2363 = CARTESIAN_POINT('',(45.,11.411111111111,212.88888888888));
#2364 = PCURVE('',#124,#2365);
#2365 = DEFINITIONAL_REPRESENTATION('',(#2366),#2384);
#2366 = B_SPLINE_CURVE_WITH_KNOTS('',6,(#2367,#2368,#2369,#2370,#2371,
    #2372,#2373,#2374,#2375,#2376,#2377,#2378,#2379,#2380,#2381,#2382,
    #2383),.UNSPECIFIED.,.F.,.F.,(7,5,5,7),(0.,0.274511893318,
    0.629713051773,1.),.UNSPECIFIED.);
#2367 = CARTESIAN_POINT('',(6.625145650084,-2.50958481723));
#2368 = CARTESIAN_POINT('',(7.068915668977,-2.89981495047));
#2369 = CARTESIAN_POINT('',(7.488587559886,-3.31745961004));
#2370 = CARTESIAN_POINT('',(7.883372932488,-3.75928339914));
#2371 = CARTESIAN_POINT('',(8.252915109187,-4.2222683499));
#2372 = CARTESIAN_POINT('',(8.597155486664,-4.70373056688));
#2373 = CARTESIAN_POINT('',(9.329083957123,-5.84537267177));
#2374 = CARTESIAN_POINT('',(9.69971943788,-6.51635949798));
#2375 = CARTESIAN_POINT('',(10.028495895397,-7.20952637295));
#2376 = CARTESIAN_POINT('',(10.315888618007,-7.92064641623));
#2377 = CARTESIAN_POINT('',(10.562494603927,-8.64609664313));
#2378 = CARTESIAN_POINT('',(10.983920685905,-10.15108842645));
#2379 = CARTESIAN_POINT('',(11.155203435524,-10.93146189243));
#2380 = CARTESIAN_POINT('',(11.283274492333,-11.72068796137));
#2381 = CARTESIAN_POINT('',(11.36849428217,-12.51562305889));
#2382 = CARTESIAN_POINT('',(11.411111111111,-13.31333340625));
#2383 = CARTESIAN_POINT('',(11.411111111111,-14.11111111112));
#2384 = ( GEOMETRIC_REPRESENTATION_CONTEXT(2) 
PARAMETRIC_REPRESENTATION_CONTEXT() REPRESENTATION_CONTEXT('2D SPACE',''
  ) );
#2385 = PCURVE('',#2386,#2405);
#2386 = B_SPLINE_SURFACE_WITH_KNOTS('',8,1,(
    (#2387,#2388)
    ,(#2389,#2390)
    ,(#2391,#2392)
    ,(#2393,#2394)
    ,(#2395,#2396)
    ,(#2397,#2398)
    ,(#2399,#2400)
    ,(#2401,#2402)
    ,(#2403,#2404
    )),.UNSPECIFIED.,.F.,.F.,.F.,(9,9),(2,2),(4.712388980385,
    6.28318530718),(0.,1.),.PIECEWISE_BEZIER_KNOTS.);
#2387 = CARTESIAN_POINT('',(43.,12.3,210.));
#2388 = CARTESIAN_POINT('',(52.,8.3,223.));
#2389 = CARTESIAN_POINT('',(42.999999999999,12.3,212.94524311273));
#2390 = CARTESIAN_POINT('',(52.,8.3,225.15984494934));
#2391 = CARTESIAN_POINT('',(43.000000000002,11.771270532466,
    215.89048715257));
#2392 = CARTESIAN_POINT('',(52.000000000002,7.947513688311,
    227.31969057855));
#2393 = CARTESIAN_POINT('',(42.999999999996,10.713816790456,
    218.66269851501));
#2394 = CARTESIAN_POINT('',(51.999999999997,7.242544526971,
    229.35264557767));
#2395 = CARTESIAN_POINT('',(43.000000000004,9.171105069359,
    221.08888133671));
#2396 = CARTESIAN_POINT('',(52.000000000003,6.214070046239,
    231.13184631358));
#2397 = CARTESIAN_POINT('',(42.999999999997,7.23015881202,
    223.01727098805));
#2398 = CARTESIAN_POINT('',(51.999999999998,4.92010587468,
    232.54599872457));
#2399 = CARTESIAN_POINT('',(43.000000000001,5.012389722051,
    224.33908816558));
#2400 = CARTESIAN_POINT('',(52.000000000001,3.441593148034,
    233.51533132142));
#2401 = CARTESIAN_POINT('',(43.,2.656194490192,224.99999999999));
#2402 = CARTESIAN_POINT('',(52.,1.870796326795,233.99999999999));
#2403 = CARTESIAN_POINT('',(43.,0.3,225.));
#2404 = CARTESIAN_POINT('',(52.,0.3,234.));
#2405 = DEFINITIONAL_REPRESENTATION('',(#2406),#2424);
#2406 = B_SPLINE_CURVE_WITH_KNOTS('',6,(#2407,#2408,#2409,#2410,#2411,
    #2412,#2413,#2414,#2415,#2416,#2417,#2418,#2419,#2420,#2421,#2422,
    #2423),.UNSPECIFIED.,.F.,.F.,(7,5,5,7),(0.,0.274511893318,
    0.629713051773,1.),.UNSPECIFIED.);
#2407 = CARTESIAN_POINT('',(5.677576024311,0.222222222222));
#2408 = CARTESIAN_POINT('',(5.628997250743,0.222222222222));
#2409 = CARTESIAN_POINT('',(5.581095652246,0.222222222222));
#2410 = CARTESIAN_POINT('',(5.533853717711,0.222222222222));
#2411 = CARTESIAN_POINT('',(5.487242063006,0.222222222222));
#2412 = CARTESIAN_POINT('',(5.441222159029,0.222222222222));
#2413 = CARTESIAN_POINT('',(5.336892169877,0.222222222222));
#2414 = CARTESIAN_POINT('',(5.278957198771,0.222222222222));
#2415 = CARTESIAN_POINT('',(5.2218153553,0.222222222222));
#2416 = CARTESIAN_POINT('',(5.165361233703,0.222222222222));
#2417 = CARTESIAN_POINT('',(5.1094864677,0.222222222222));
#2418 = CARTESIAN_POINT('',(4.996290116796,0.222222222222));
#2419 = CARTESIAN_POINT('',(4.939019585983,0.222222222222));
#2420 = CARTESIAN_POINT('',(4.882114156112,0.222222222222));
#2421 = CARTESIAN_POINT('',(4.825455096645,0.222222222222));
#2422 = CARTESIAN_POINT('',(4.768924408289,0.222222222222));
#2423 = CARTESIAN_POINT('',(4.712388980385,0.222222222222));
#2424 = ( GEOMETRIC_REPRESENTATION_CONTEXT(2) 
PARAMETRIC_REPRESENTATION_CONTEXT() REPRESENTATION_CONTEXT('2D SPACE',''
  ) );
#2425 = ORIENTED_EDGE('',*,*,#2426,.T.);
#2426 = EDGE_CURVE('',#2343,#2000,#2427,.T.);
#2427 = SURFACE_CURVE('',#2428,(#2435,#2445),.PCURVE_S1.);
#2428 = B_SPLINE_CURVE_WITH_KNOTS('',5,(#2429,#2430,#2431,#2432,#2433,
    #2434),.UNSPECIFIED.,.F.,.F.,(6,6),(0.,1.),
  .PIECEWISE_BEZIER_KNOTS.);
#2429 = CARTESIAN_POINT('',(45.,11.411111111111,212.88888888888));
#2430 = CARTESIAN_POINT('',(45.,11.411111111111,212.20693250026));
#2431 = CARTESIAN_POINT('',(45.,11.378673550647,211.5249938461));
#2432 = CARTESIAN_POINT('',(45.,11.313796793217,210.84508549683));
#2433 = CARTESIAN_POINT('',(45.,11.21632038902,210.16933674466));
#2434 = CARTESIAN_POINT('',(45.,11.085932628932,209.5));
#2435 = PCURVE('',#124,#2436);
#2436 = DEFINITIONAL_REPRESENTATION('',(#2437),#2444);
#2437 = B_SPLINE_CURVE_WITH_KNOTS('',5,(#2438,#2439,#2440,#2441,#2442,
    #2443),.UNSPECIFIED.,.F.,.F.,(6,6),(0.,1.),
  .PIECEWISE_BEZIER_KNOTS.);
#2438 = CARTESIAN_POINT('',(11.411111111111,-14.11111111112));
#2439 = CARTESIAN_POINT('',(11.411111111111,-14.79306749974));
#2440 = CARTESIAN_POINT('',(11.378673550647,-15.4750061539));
#2441 = CARTESIAN_POINT('',(11.313796793217,-16.15491450317));
#2442 = CARTESIAN_POINT('',(11.21632038902,-16.83066325534));
#2443 = CARTESIAN_POINT('',(11.085932628932,-17.5));
#2444 = ( GEOMETRIC_REPRESENTATION_CONTEXT(2) 
PARAMETRIC_REPRESENTATION_CONTEXT() REPRESENTATION_CONTEXT('2D SPACE',''
  ) );
#2445 = PCURVE('',#2446,#2473);
#2446 = B_SPLINE_SURFACE_WITH_KNOTS('',12,1,(
    (#2447,#2448)
    ,(#2449,#2450)
    ,(#2451,#2452)
    ,(#2453,#2454)
    ,(#2455,#2456)
    ,(#2457,#2458)
    ,(#2459,#2460)
    ,(#2461,#2462)
    ,(#2463,#2464)
    ,(#2465,#2466)
    ,(#2467,#2468)
    ,(#2469,#2470)
    ,(#2471,#2472
    )),.UNSPECIFIED.,.F.,.F.,.F.,(13,13),(2,2),(0.,4.712388980385),(0.,
    1.),.PIECEWISE_BEZIER_KNOTS.);
#2447 = CARTESIAN_POINT('',(43.,0.3,225.));
#2448 = CARTESIAN_POINT('',(52.,0.3,234.));
#2449 = CARTESIAN_POINT('',(43.000000000005,-4.412388980386,
    225.00000000003));
#2450 = CARTESIAN_POINT('',(52.000000000004,-2.84159265359,
    234.00000000002));
#2451 = CARTESIAN_POINT('',(42.999999999981,-9.124775850539,
    222.47651829027));
#2452 = CARTESIAN_POINT('',(51.999999999982,-5.98318390036,
    232.14944674618));
#2453 = CARTESIAN_POINT('',(43.000000000047,-12.88585290512,
    217.42958948035));
#2454 = CARTESIAN_POINT('',(52.000000000042,-8.490568603418,
    228.44836561895));
#2455 = CARTESIAN_POINT('',(42.999999999919,-14.74418583417,
    210.48167554756));
#2456 = CARTESIAN_POINT('',(51.99999999993,-9.72945722278,
    223.35322873485));
#2457 = CARTESIAN_POINT('',(43.000000000109,-14.04219999333,
    202.87869956523));
#2458 = CARTESIAN_POINT('',(52.000000000088,-9.261466662225,
    217.7777130145));
#2459 = CARTESIAN_POINT('',(42.999999999882,-10.70801090852,
    196.23998636343));
#2460 = CARTESIAN_POINT('',(51.999999999913,-7.038673939015,
    212.90932333322));
#2461 = CARTESIAN_POINT('',(43.000000000103,-5.397040348477,
    192.07225000913));
#2462 = CARTESIAN_POINT('',(52.00000000007,-3.498026898987,
    209.85298333996));
#2463 = CARTESIAN_POINT('',(42.999999999928,0.685340438526,
    191.19476770672));
#2464 = CARTESIAN_POINT('',(51.999999999955,0.556893625686,
    209.20949631833));
#2465 = CARTESIAN_POINT('',(43.000000000039,6.243671584017,
    193.51768386889));
#2466 = CARTESIAN_POINT('',(52.000000000023,4.262447722677,
    210.91296817048));
#2467 = CARTESIAN_POINT('',(42.999999999985,10.281214632325,
    198.21903018671));
#2468 = CARTESIAN_POINT('',(51.999999999992,6.954143088217,
    214.36062213693));
#2469 = CARTESIAN_POINT('',(43.000000000004,12.3,204.10951377454));
#2470 = CARTESIAN_POINT('',(52.000000000002,8.3,218.68031010132));
#2471 = CARTESIAN_POINT('',(43.,12.3,210.));
#2472 = CARTESIAN_POINT('',(52.,8.3,223.));
#2473 = DEFINITIONAL_REPRESENTATION('',(#2474),#2481);
#2474 = B_SPLINE_CURVE_WITH_KNOTS('',5,(#2475,#2476,#2477,#2478,#2479,
    #2480),.UNSPECIFIED.,.F.,.F.,(6,6),(0.,1.),
  .PIECEWISE_BEZIER_KNOTS.);
#2475 = CARTESIAN_POINT('',(4.712388980385,0.222222222222));
#2476 = CARTESIAN_POINT('',(4.664061362293,0.222222222222));
#2477 = CARTESIAN_POINT('',(4.615734998147,0.222222222222));
#2478 = CARTESIAN_POINT('',(4.567317364002,0.222222222222));
#2479 = CARTESIAN_POINT('',(4.518724244254,0.222222222222));
#2480 = CARTESIAN_POINT('',(4.46986089784,0.222222222222));
#2481 = ( GEOMETRIC_REPRESENTATION_CONTEXT(2) 
PARAMETRIC_REPRESENTATION_CONTEXT() REPRESENTATION_CONTEXT('2D SPACE',''
  ) );
#2482 = ADVANCED_FACE('',(#2483),#174,.F.);
#2483 = FACE_BOUND('',#2484,.F.);
#2484 = EDGE_LOOP('',(#2485,#2628,#2783,#2831,#2832,#2833,#3250,#3251,
    #3252,#3302,#3457,#3598));
#2485 = ORIENTED_EDGE('',*,*,#2486,.F.);
#2486 = EDGE_CURVE('',#2487,#2489,#2491,.T.);
#2487 = VERTEX_POINT('',#2488);
#2488 = CARTESIAN_POINT('',(48.695563180083,-7.22946231156,209.5));
#2489 = VERTEX_POINT('',#2490);
#2490 = CARTESIAN_POINT('',(65.,-4.805651142625,209.5));
#2491 = SURFACE_CURVE('',#2492,(#2525,#2561),.PCURVE_S1.);
#2492 = B_SPLINE_CURVE_WITH_KNOTS('',7,(#2493,#2494,#2495,#2496,#2497,
    #2498,#2499,#2500,#2501,#2502,#2503,#2504,#2505,#2506,#2507,#2508,
    #2509,#2510,#2511,#2512,#2513,#2514,#2515,#2516,#2517,#2518,#2519,
    #2520,#2521,#2522,#2523,#2524),.UNSPECIFIED.,.F.,.F.,(8,6,6,6,6,8),(
    0.,0.242164528179,0.483912514417,0.727522326973,0.976048810433,1.),
  .UNSPECIFIED.);
#2493 = CARTESIAN_POINT('',(45.,-7.234896644955,209.5));
#2494 = CARTESIAN_POINT('',(45.699985932105,-7.248807044288,209.5));
#2495 = CARTESIAN_POINT('',(46.400100923651,-7.256188497841,209.5));
#2496 = CARTESIAN_POINT('',(47.10027554362,-7.256999367933,209.5));
#2497 = CARTESIAN_POINT('',(47.800436162952,-7.25117619004,209.5));
#2498 = CARTESIAN_POINT('',(48.500504878708,-7.238629717839,209.5));
#2499 = CARTESIAN_POINT('',(49.200399438229,-7.219240968271,209.5));
#2500 = CARTESIAN_POINT('',(50.598463463596,-7.166518946942,209.5));
#2501 = CARTESIAN_POINT('',(51.2966282703,-7.133209684769,209.5));
#2502 = CARTESIAN_POINT('',(51.99444447964,-7.09277710307,209.5));
#2503 = CARTESIAN_POINT('',(52.691814467291,-7.045033005309,209.5));
#2504 = CARTESIAN_POINT('',(53.388625797672,-6.989749080919,209.5));
#2505 = CARTESIAN_POINT('',(54.084750369356,-6.926645234901,209.5));
#2506 = CARTESIAN_POINT('',(55.4806904321,-6.783546924863,209.5));
#2507 = CARTESIAN_POINT('',(56.180475664683,-6.703427599759,209.5));
#2508 = CARTESIAN_POINT('',(56.879264062833,-6.614653854516,209.5));
#2509 = CARTESIAN_POINT('',(57.57687319147,-6.516790779904,209.5));
#2510 = CARTESIAN_POINT('',(58.273071712494,-6.409318306745,209.5));
#2511 = CARTESIAN_POINT('',(58.96757313456,-6.291588848832,209.5));
#2512 = CARTESIAN_POINT('',(60.366451132645,-6.031313986393,209.5));
#2513 = CARTESIAN_POINT('',(61.070638480696,-5.888335539557,209.5));
#2514 = CARTESIAN_POINT('',(61.77231732587,-5.732893815841,209.5));
#2515 = CARTESIAN_POINT('',(62.470994870297,-5.563874680058,209.5));
#2516 = CARTESIAN_POINT('',(63.165915888183,-5.379834796692,209.5));
#2517 = CARTESIAN_POINT('',(63.856057053646,-5.178969215246,209.5));
#2518 = CARTESIAN_POINT('',(64.605845618814,-4.937130760375,209.5));
#2519 = CARTESIAN_POINT('',(64.671694262248,-4.915689923391,209.5));
#2520 = CARTESIAN_POINT('',(64.737482548915,-4.894063681454,209.5));
#2521 = CARTESIAN_POINT('',(64.803208927095,-4.872249416835,209.5));
#2522 = CARTESIAN_POINT('',(64.868871772165,-4.850244419117,209.5));
#2523 = CARTESIAN_POINT('',(64.934469386607,-4.828045885197,209.5));
#2524 = CARTESIAN_POINT('',(65.,-4.805650919286,209.5));
#2525 = PCURVE('',#174,#2526);
#2526 = DEFINITIONAL_REPRESENTATION('',(#2527),#2560);
#2527 = B_SPLINE_CURVE_WITH_KNOTS('',7,(#2528,#2529,#2530,#2531,#2532,
    #2533,#2534,#2535,#2536,#2537,#2538,#2539,#2540,#2541,#2542,#2543,
    #2544,#2545,#2546,#2547,#2548,#2549,#2550,#2551,#2552,#2553,#2554,
    #2555,#2556,#2557,#2558,#2559),.UNSPECIFIED.,.F.,.F.,(8,6,6,6,6,8),(
    0.,0.242164528179,0.483912514417,0.727522326973,0.976048810433,1.),
  .UNSPECIFIED.);
#2528 = CARTESIAN_POINT('',(295.,242.76510335504));
#2529 = CARTESIAN_POINT('',(295.6999859321,242.75119295571));
#2530 = CARTESIAN_POINT('',(296.40010092365,242.74381150215));
#2531 = CARTESIAN_POINT('',(297.10027554362,242.74300063206));
#2532 = CARTESIAN_POINT('',(297.80043616295,242.74882380996));
#2533 = CARTESIAN_POINT('',(298.5005048787,242.76137028216));
#2534 = CARTESIAN_POINT('',(299.20039943822,242.78075903172));
#2535 = CARTESIAN_POINT('',(300.59846346359,242.83348105305));
#2536 = CARTESIAN_POINT('',(301.2966282703,242.86679031523));
#2537 = CARTESIAN_POINT('',(301.99444447964,242.90722289693));
#2538 = CARTESIAN_POINT('',(302.69181446729,242.95496699469));
#2539 = CARTESIAN_POINT('',(303.38862579767,243.01025091908));
#2540 = CARTESIAN_POINT('',(304.08475036935,243.07335476509));
#2541 = CARTESIAN_POINT('',(305.4806904321,243.21645307513));
#2542 = CARTESIAN_POINT('',(306.18047566468,243.29657240024));
#2543 = CARTESIAN_POINT('',(306.87926406283,243.38534614548));
#2544 = CARTESIAN_POINT('',(307.57687319147,243.48320922009));
#2545 = CARTESIAN_POINT('',(308.27307171249,243.59068169325));
#2546 = CARTESIAN_POINT('',(308.96757313456,243.70841115116));
#2547 = CARTESIAN_POINT('',(310.36645113264,243.9686860136));
#2548 = CARTESIAN_POINT('',(311.07063848069,244.11166446044));
#2549 = CARTESIAN_POINT('',(311.77231732587,244.26710618415));
#2550 = CARTESIAN_POINT('',(312.47099487029,244.43612531994));
#2551 = CARTESIAN_POINT('',(313.16591588818,244.6201652033));
#2552 = CARTESIAN_POINT('',(313.85605705364,244.82103078475));
#2553 = CARTESIAN_POINT('',(314.60584561881,245.06286923962));
#2554 = CARTESIAN_POINT('',(314.67169426224,245.0843100766));
#2555 = CARTESIAN_POINT('',(314.73748254891,245.10593631854));
#2556 = CARTESIAN_POINT('',(314.80320892709,245.12775058316));
#2557 = CARTESIAN_POINT('',(314.86887177216,245.14975558088));
#2558 = CARTESIAN_POINT('',(314.9344693866,245.1719541148));
#2559 = CARTESIAN_POINT('',(315.,245.19434908071));
#2560 = ( GEOMETRIC_REPRESENTATION_CONTEXT(2) 
PARAMETRIC_REPRESENTATION_CONTEXT() REPRESENTATION_CONTEXT('2D SPACE',''
  ) );
#2561 = PCURVE('',#2562,#2593);
#2562 = B_SPLINE_SURFACE_WITH_KNOTS('',14,1,(
    (#2563,#2564)
    ,(#2565,#2566)
    ,(#2567,#2568)
    ,(#2569,#2570)
    ,(#2571,#2572)
    ,(#2573,#2574)
    ,(#2575,#2576)
    ,(#2577,#2578)
    ,(#2579,#2580)
    ,(#2581,#2582)
    ,(#2583,#2584)
    ,(#2585,#2586)
    ,(#2587,#2588)
    ,(#2589,#2590)
    ,(#2591,#2592
    )),.UNSPECIFIED.,.T.,.F.,.F.,(1,14,14,1),(2,2),(-6.28318530718,0.,
    6.28318530718,12.56637061436),(0.,1.),.UNSPECIFIED.);
#2563 = CARTESIAN_POINT('',(45.,19.8,227.));
#2564 = CARTESIAN_POINT('',(65.,32.8,237.));
#2565 = CARTESIAN_POINT('',(44.999999999999,19.800000000003,
    235.43742026963));
#2566 = CARTESIAN_POINT('',(65.,32.800000000002,249.47661082427));
#2567 = CARTESIAN_POINT('',(45.000000000008,15.505095648238,
    243.8748436538));
#2568 = CARTESIAN_POINT('',(65.000000000005,25.685208952653,
    261.95322625389));
#2569 = CARTESIAN_POINT('',(44.999999999963,6.91528145415,
    250.17700371529));
#2570 = CARTESIAN_POINT('',(64.99999999996,11.455617762385,
    271.27237783469));
#2571 = CARTESIAN_POINT('',(45.000000000111,-4.684890171842,
    252.20887480226));
#2572 = CARTESIAN_POINT('',(65.000000000143,-7.760828163366,
    274.27695316422));
#2573 = CARTESIAN_POINT('',(44.999999999761,-16.72655807596,
    248.60076498554));
#2574 = CARTESIAN_POINT('',(64.999999999658,-27.70864166133,
    268.94155673534));
#2575 = CARTESIAN_POINT('',(45.000000000389,-25.91902569286,
    239.51864261317));
#2576 = CARTESIAN_POINT('',(65.000000000595,-42.93656781425,
    255.51160981971));
#2577 = CARTESIAN_POINT('',(44.999999999508,-29.37980632053,
    226.99999999759));
#2578 = CARTESIAN_POINT('',(64.999999999207,-48.66957814734,
    236.9999999985));
#2579 = CARTESIAN_POINT('',(45.000000000493,-25.91902569286,
    214.48135739114));
#2580 = CARTESIAN_POINT('',(65.000000000829,-42.93656781427,
    218.48839018291));
#2581 = CARTESIAN_POINT('',(44.999999999604,-16.72655807596,
    205.39923501136));
#2582 = CARTESIAN_POINT('',(64.999999999315,-27.7086416613,
    205.05844326284));
#2583 = CARTESIAN_POINT('',(45.000000000253,-4.684890171845,
    201.79112519949));
#2584 = CARTESIAN_POINT('',(65.000000000445,-7.76082816339,
    199.72304683673));
#2585 = CARTESIAN_POINT('',(44.999999999874,6.915281454151,
    203.82299628392));
#2586 = CARTESIAN_POINT('',(64.999999999778,11.455617762401,
    202.72762216491));
#2587 = CARTESIAN_POINT('',(45.000000000046,15.505095648238,
    210.12515634645));
#2588 = CARTESIAN_POINT('',(65.00000000008,25.685208952646,
    212.04677374621));
#2589 = CARTESIAN_POINT('',(44.99999999999,19.800000000004,
    218.56257973031));
#2590 = CARTESIAN_POINT('',(64.999999999983,32.800000000004,
    224.5233891757));
#2591 = CARTESIAN_POINT('',(45.,19.8,227.));
#2592 = CARTESIAN_POINT('',(65.,32.8,237.));
#2593 = DEFINITIONAL_REPRESENTATION('',(#2594),#2627);
#2594 = B_SPLINE_CURVE_WITH_KNOTS('',7,(#2595,#2596,#2597,#2598,#2599,
    #2600,#2601,#2602,#2603,#2604,#2605,#2606,#2607,#2608,#2609,#2610,
    #2611,#2612,#2613,#2614,#2615,#2616,#2617,#2618,#2619,#2620,#2621,
    #2622,#2623,#2624,#2625,#2626),.UNSPECIFIED.,.F.,.F.,(8,6,6,6,6,8),(
    0.182621026074,0.242164527942,0.483912513117,0.727522324602,
    0.97604880697,0.999999996432),.UNSPECIFIED.);
#2595 = CARTESIAN_POINT('',(4.380721147986,0.184778158979));
#2596 = CARTESIAN_POINT('',(4.382646033416,0.193383249247));
#2597 = CARTESIAN_POINT('',(4.384566366085,0.201987865119));
#2598 = CARTESIAN_POINT('',(4.386482310666,0.210591945384));
#2599 = CARTESIAN_POINT('',(4.388394031538,0.219195428035));
#2600 = CARTESIAN_POINT('',(4.390301693011,0.22779825026));
#2601 = CARTESIAN_POINT('',(4.392205459536,0.236400348445));
#2602 = CARTESIAN_POINT('',(4.401819687332,0.27992317318));
#2603 = CARTESIAN_POINT('',(4.409472333597,0.314831413515));
#2604 = CARTESIAN_POINT('',(4.417074502318,0.349722223982));
#2605 = CARTESIAN_POINT('',(4.424637285369,0.384590723365));
#2606 = CARTESIAN_POINT('',(4.432172035688,0.419431289884));
#2607 = CARTESIAN_POINT('',(4.439690758225,0.454237518468));
#2608 = CARTESIAN_POINT('',(4.454780435701,0.524034521605));
#2609 = CARTESIAN_POINT('',(4.462351167217,0.559023783234));
#2610 = CARTESIAN_POINT('',(4.469932480118,0.593963203142));
#2611 = CARTESIAN_POINT('',(4.477539056762,0.628843659574));
#2612 = CARTESIAN_POINT('',(4.485187000533,0.663653585625));
#2613 = CARTESIAN_POINT('',(4.492895022229,0.698378656728));
#2614 = CARTESIAN_POINT('',(4.508635115983,0.768322556632));
#2615 = CARTESIAN_POINT('',(4.51666939397,0.803531924035));
#2616 = CARTESIAN_POINT('',(4.5248153289,0.838615866294));
#2617 = CARTESIAN_POINT('',(4.533102043625,0.873549743515));
#2618 = CARTESIAN_POINT('',(4.541565763425,0.908295794409));
#2619 = CARTESIAN_POINT('',(4.550250974431,0.942802852682));
#2620 = CARTESIAN_POINT('',(4.560094877385,0.980292280941));
#2621 = CARTESIAN_POINT('',(4.560962886622,0.983584713112));
#2622 = CARTESIAN_POINT('',(4.561833673599,0.986874127446));
#2623 = CARTESIAN_POINT('',(4.56270730266,0.990160446355));
#2624 = CARTESIAN_POINT('',(4.563583840395,0.993443588608));
#2625 = CARTESIAN_POINT('',(4.564463355637,0.99672346933));
#2626 = CARTESIAN_POINT('',(4.565345916049,1.));
#2627 = ( GEOMETRIC_REPRESENTATION_CONTEXT(2) 
PARAMETRIC_REPRESENTATION_CONTEXT() REPRESENTATION_CONTEXT('2D SPACE',''
  ) );
#2628 = ORIENTED_EDGE('',*,*,#2629,.F.);
#2629 = EDGE_CURVE('',#2630,#2487,#2632,.T.);
#2630 = VERTEX_POINT('',#2631);
#2631 = CARTESIAN_POINT('',(46.758549338318,-9.551424335293,209.5));
#2632 = SURFACE_CURVE('',#2633,(#2672,#2714),.PCURVE_S1.);
#2633 = B_SPLINE_CURVE_WITH_KNOTS('',7,(#2634,#2635,#2636,#2637,#2638,
    #2639,#2640,#2641,#2642,#2643,#2644,#2645,#2646,#2647,#2648,#2649,
    #2650,#2651,#2652,#2653,#2654,#2655,#2656,#2657,#2658,#2659,#2660,
    #2661,#2662,#2663,#2664,#2665,#2666,#2667,#2668,#2669,#2670,#2671),
  .UNSPECIFIED.,.F.,.F.,(8,6,6,6,6,6,8),(0.,0.154899924643,
    0.336515469585,0.500782978621,0.662985964973,0.845160688029,1.),
  .UNSPECIFIED.);
#2634 = CARTESIAN_POINT('',(45.,-10.99973722074,209.5));
#2635 = CARTESIAN_POINT('',(45.472659512397,-10.67262823857,209.5));
#2636 = CARTESIAN_POINT('',(45.928826677224,-10.32161486362,209.5));
#2637 = CARTESIAN_POINT('',(46.367684710039,-9.948421284009,209.5));
#2638 = CARTESIAN_POINT('',(46.788427105404,-9.554633155549,209.5));
#2639 = CARTESIAN_POINT('',(47.19025050209,-9.141691116518,209.5));
#2640 = CARTESIAN_POINT('',(47.572334415494,-8.710869960555,209.5));
#2641 = CARTESIAN_POINT('',(48.357624650782,-7.738414746232,209.5));
#2642 = CARTESIAN_POINT('',(48.753016081582,-7.190598458911,209.5));
#2643 = CARTESIAN_POINT('',(49.118597535911,-6.621546663139,209.5));
#2644 = CARTESIAN_POINT('',(49.452599056858,-6.032994067707,209.5));
#2645 = CARTESIAN_POINT('',(49.752988160135,-5.426730774732,209.5));
#2646 = CARTESIAN_POINT('',(50.017551994213,-4.804644701918,209.5));
#2647 = CARTESIAN_POINT('',(50.449100418833,-3.593806157026,209.5));
#2648 = CARTESIAN_POINT('',(50.62299528261,-3.007534343605,209.5));
#2649 = CARTESIAN_POINT('',(50.764147617942,-2.411900942849,209.5));
#2650 = CARTESIAN_POINT('',(50.871005451574,-1.808935036922,209.5));
#2651 = CARTESIAN_POINT('',(50.942349075346,-1.200870641213,209.5));
#2652 = CARTESIAN_POINT('',(50.977487603293,-0.590183720804,209.5));
#2653 = CARTESIAN_POINT('',(50.975432099787,0.623242021237,209.5));
#2654 = CARTESIAN_POINT('',(50.939141315036,1.226129237649,209.5));
#2655 = CARTESIAN_POINT('',(50.867575003583,1.826376217878,209.5));
#2656 = CARTESIAN_POINT('',(50.76141141194,2.421602679075,209.5));
#2657 = CARTESIAN_POINT('',(50.621828720507,3.009659863253,209.5));
#2658 = CARTESIAN_POINT('',(50.450319338696,3.588595586174,209.5));
#2659 = CARTESIAN_POINT('',(50.021836990075,4.794592257203,209.5));
#2660 = CARTESIAN_POINT('',(49.756939694471,5.418808303007,209.5));
#2661 = CARTESIAN_POINT('',(49.455971984658,6.027124599185,209.5));
#2662 = CARTESIAN_POINT('',(49.121168918089,6.617634482175,209.5));
#2663 = CARTESIAN_POINT('',(48.754583369138,7.188530790517,209.5));
#2664 = CARTESIAN_POINT('',(48.358002585315,7.738062860181,209.5));
#2665 = CARTESIAN_POINT('',(47.571442359318,8.711875779801,209.5));
#2666 = CARTESIAN_POINT('',(47.18946874319,9.142494499916,209.5));
#2667 = CARTESIAN_POINT('',(46.787772294413,9.555246017068,209.5));
#2668 = CARTESIAN_POINT('',(46.367172476493,9.948856869673,209.5));
#2669 = CARTESIAN_POINT('',(45.928471702591,10.321887986832,209.5));
#2670 = CARTESIAN_POINT('',(45.472475572003,10.672755486717,209.5));
#2671 = CARTESIAN_POINT('',(45.,10.999737160116,209.5));
#2672 = PCURVE('',#174,#2673);
#2673 = DEFINITIONAL_REPRESENTATION('',(#2674),#2713);
#2674 = B_SPLINE_CURVE_WITH_KNOTS('',7,(#2675,#2676,#2677,#2678,#2679,
    #2680,#2681,#2682,#2683,#2684,#2685,#2686,#2687,#2688,#2689,#2690,
    #2691,#2692,#2693,#2694,#2695,#2696,#2697,#2698,#2699,#2700,#2701,
    #2702,#2703,#2704,#2705,#2706,#2707,#2708,#2709,#2710,#2711,#2712),
  .UNSPECIFIED.,.F.,.F.,(8,6,6,6,6,6,8),(0.,0.154899924643,
    0.336515469585,0.500782978621,0.662985964973,0.845160688029,1.),
  .UNSPECIFIED.);
#2675 = CARTESIAN_POINT('',(295.,239.00026277926));
#2676 = CARTESIAN_POINT('',(295.47265951239,239.32737176143));
#2677 = CARTESIAN_POINT('',(295.92882667722,239.67838513638));
#2678 = CARTESIAN_POINT('',(296.36768471003,240.05157871599));
#2679 = CARTESIAN_POINT('',(296.7884271054,240.44536684445));
#2680 = CARTESIAN_POINT('',(297.19025050209,240.85830888348));
#2681 = CARTESIAN_POINT('',(297.57233441549,241.28913003944));
#2682 = CARTESIAN_POINT('',(298.35762465078,242.26158525376));
#2683 = CARTESIAN_POINT('',(298.75301608158,242.80940154108));
#2684 = CARTESIAN_POINT('',(299.11859753591,243.37845333686));
#2685 = CARTESIAN_POINT('',(299.45259905685,243.96700593229));
#2686 = CARTESIAN_POINT('',(299.75298816013,244.57326922526));
#2687 = CARTESIAN_POINT('',(300.01755199421,245.19535529808));
#2688 = CARTESIAN_POINT('',(300.44910041883,246.40619384297));
#2689 = CARTESIAN_POINT('',(300.62299528261,246.99246565639));
#2690 = CARTESIAN_POINT('',(300.76414761794,247.58809905715));
#2691 = CARTESIAN_POINT('',(300.87100545157,248.19106496307));
#2692 = CARTESIAN_POINT('',(300.94234907534,248.79912935878));
#2693 = CARTESIAN_POINT('',(300.97748760329,249.40981627919));
#2694 = CARTESIAN_POINT('',(300.97543209978,250.62324202123));
#2695 = CARTESIAN_POINT('',(300.93914131503,251.22612923764));
#2696 = CARTESIAN_POINT('',(300.86757500358,251.82637621787));
#2697 = CARTESIAN_POINT('',(300.76141141194,252.42160267907));
#2698 = CARTESIAN_POINT('',(300.6218287205,253.00965986325));
#2699 = CARTESIAN_POINT('',(300.45031933869,253.58859558617));
#2700 = CARTESIAN_POINT('',(300.02183699007,254.7945922572));
#2701 = CARTESIAN_POINT('',(299.75693969447,255.418808303));
#2702 = CARTESIAN_POINT('',(299.45597198465,256.02712459918));
#2703 = CARTESIAN_POINT('',(299.12116891808,256.61763448217));
#2704 = CARTESIAN_POINT('',(298.75458336913,257.18853079051));
#2705 = CARTESIAN_POINT('',(298.35800258531,257.73806286018));
#2706 = CARTESIAN_POINT('',(297.57144235931,258.7118757798));
#2707 = CARTESIAN_POINT('',(297.18946874319,259.14249449991));
#2708 = CARTESIAN_POINT('',(296.78777229441,259.55524601706));
#2709 = CARTESIAN_POINT('',(296.36717247649,259.94885686967));
#2710 = CARTESIAN_POINT('',(295.92847170259,260.32188798683));
#2711 = CARTESIAN_POINT('',(295.472475572,260.67275548671));
#2712 = CARTESIAN_POINT('',(295.,260.99973716011));
#2713 = ( GEOMETRIC_REPRESENTATION_CONTEXT(2) 
PARAMETRIC_REPRESENTATION_CONTEXT() REPRESENTATION_CONTEXT('2D SPACE',''
  ) );
#2714 = PCURVE('',#2715,#2742);
#2715 = B_SPLINE_SURFACE_WITH_KNOTS('',12,1,(
    (#2716,#2717)
    ,(#2718,#2719)
    ,(#2720,#2721)
    ,(#2722,#2723)
    ,(#2724,#2725)
    ,(#2726,#2727)
    ,(#2728,#2729)
    ,(#2730,#2731)
    ,(#2732,#2733)
    ,(#2734,#2735)
    ,(#2736,#2737)
    ,(#2738,#2739)
    ,(#2740,#2741
    )),.UNSPECIFIED.,.F.,.F.,.F.,(13,13),(2,2),(0.,4.712388980385),(0.,
    1.),.PIECEWISE_BEZIER_KNOTS.);
#2716 = CARTESIAN_POINT('',(43.3,1.7763568394E-15,225.));
#2717 = CARTESIAN_POINT('',(52.3,1.7763568394E-15,234.));
#2718 = CARTESIAN_POINT('',(43.300000000005,-4.712388980386,
    225.00000000003));
#2719 = CARTESIAN_POINT('',(52.300000000004,-3.14159265359,
    234.00000000002));
#2720 = CARTESIAN_POINT('',(43.299999999981,-9.424775850539,
    222.47651829027));
#2721 = CARTESIAN_POINT('',(52.299999999982,-6.28318390036,
    232.14944674618));
#2722 = CARTESIAN_POINT('',(43.300000000047,-13.18585290512,
    217.42958948035));
#2723 = CARTESIAN_POINT('',(52.300000000042,-8.790568603418,
    228.44836561895));
#2724 = CARTESIAN_POINT('',(43.299999999919,-15.04418583417,
    210.48167554756));
#2725 = CARTESIAN_POINT('',(52.29999999993,-10.02945722278,
    223.35322873485));
#2726 = CARTESIAN_POINT('',(43.300000000109,-14.34219999333,
    202.87869956523));
#2727 = CARTESIAN_POINT('',(52.300000000088,-9.561466662225,
    217.7777130145));
#2728 = CARTESIAN_POINT('',(43.299999999882,-11.00801090852,
    196.23998636343));
#2729 = CARTESIAN_POINT('',(52.299999999913,-7.338673939015,
    212.90932333322));
#2730 = CARTESIAN_POINT('',(43.300000000103,-5.697040348477,
    192.07225000913));
#2731 = CARTESIAN_POINT('',(52.30000000007,-3.798026898987,
    209.85298333996));
#2732 = CARTESIAN_POINT('',(43.299999999928,0.385340438526,
    191.19476770672));
#2733 = CARTESIAN_POINT('',(52.299999999955,0.256893625686,
    209.20949631833));
#2734 = CARTESIAN_POINT('',(43.300000000039,5.943671584017,
    193.51768386889));
#2735 = CARTESIAN_POINT('',(52.300000000023,3.962447722677,
    210.91296817048));
#2736 = CARTESIAN_POINT('',(43.299999999985,9.981214632325,
    198.21903018671));
#2737 = CARTESIAN_POINT('',(52.299999999991,6.654143088217,
    214.36062213693));
#2738 = CARTESIAN_POINT('',(43.300000000004,12.,204.10951377454));
#2739 = CARTESIAN_POINT('',(52.300000000002,8.,218.68031010132));
#2740 = CARTESIAN_POINT('',(43.3,12.,210.));
#2741 = CARTESIAN_POINT('',(52.3,8.,223.));
#2742 = DEFINITIONAL_REPRESENTATION('',(#2743),#2782);
#2743 = B_SPLINE_CURVE_WITH_KNOTS('',7,(#2744,#2745,#2746,#2747,#2748,
    #2749,#2750,#2751,#2752,#2753,#2754,#2755,#2756,#2757,#2758,#2759,
    #2760,#2761,#2762,#2763,#2764,#2765,#2766,#2767,#2768,#2769,#2770,
    #2771,#2772,#2773,#2774,#2775,#2776,#2777,#2778,#2779,#2780,#2781),
  .UNSPECIFIED.,.F.,.F.,(8,6,6,6,6,6,8),(0.,0.154899924643,
    0.336515469585,0.500782978621,0.662985964973,0.845160688029,1.),
  .UNSPECIFIED.);
#2744 = CARTESIAN_POINT('',(1.779803006762,0.188888888889));
#2745 = CARTESIAN_POINT('',(1.831926891405,0.241406612489));
#2746 = CARTESIAN_POINT('',(1.884697989408,0.292091853025));
#2747 = CARTESIAN_POINT('',(1.938173324464,0.340853856671));
#2748 = CARTESIAN_POINT('',(1.992407351883,0.387603011712));
#2749 = CARTESIAN_POINT('',(2.047453814586,0.432250055788));
#2750 = CARTESIAN_POINT('',(2.103367786377,0.474703823944));
#2751 = CARTESIAN_POINT('',(2.226851244575,0.561958294531));
#2752 = CARTESIAN_POINT('',(2.294753223055,0.605890675731));
#2753 = CARTESIAN_POINT('',(2.364007044399,0.646510837323));
#2754 = CARTESIAN_POINT('',(2.434666504271,0.683622117429));
#2755 = CARTESIAN_POINT('',(2.506744519027,0.716998684459));
#2756 = CARTESIAN_POINT('',(2.580198532622,0.746394666024));
#2757 = CARTESIAN_POINT('',(2.722497036922,0.794344490981));
#2758 = CARTESIAN_POINT('',(2.791112932682,0.813666142512));
#2759 = CARTESIAN_POINT('',(2.860647655842,0.829349735327));
#2760 = CARTESIAN_POINT('',(2.930937138844,0.841222827953));
#2761 = CARTESIAN_POINT('',(3.00176594694,0.849149897261));
#2762 = CARTESIAN_POINT('',(3.072872620025,0.853054178144));
#2763 = CARTESIAN_POINT('',(3.214161936952,0.852825788865));
#2764 = CARTESIAN_POINT('',(3.284361744602,0.848793479449));
#2765 = CARTESIAN_POINT('',(3.354281872914,0.840841667065));
#2766 = CARTESIAN_POINT('',(3.423671488767,0.829045712438));
#2767 = CARTESIAN_POINT('',(3.492323813413,0.813536524501));
#2768 = CARTESIAN_POINT('',(3.560081063433,0.794479926522));
#2769 = CARTESIAN_POINT('',(3.701799755342,0.746870776675));
#2770 = CARTESIAN_POINT('',(3.77549861129,0.71743774383));
#2771 = CARTESIAN_POINT('',(3.847813469498,0.683996887184));
#2772 = CARTESIAN_POINT('',(3.918700882092,0.646796546454));
#2773 = CARTESIAN_POINT('',(3.988173671025,0.606064818793));
#2774 = CARTESIAN_POINT('',(4.056286062137,0.562000287257));
#2775 = CARTESIAN_POINT('',(4.179948056529,0.474604706591));
#2776 = CARTESIAN_POINT('',(4.235838581433,0.432163193688));
#2777 = CARTESIAN_POINT('',(4.290862356657,0.387530254935));
#2778 = CARTESIAN_POINT('',(4.345074395424,0.340796941833));
#2779 = CARTESIAN_POINT('',(4.398528378844,0.292052411399));
#2780 = CARTESIAN_POINT('',(4.451278696047,0.241386174667));
#2781 = CARTESIAN_POINT('',(4.503382296563,0.188888888889));
#2782 = ( GEOMETRIC_REPRESENTATION_CONTEXT(2) 
PARAMETRIC_REPRESENTATION_CONTEXT() REPRESENTATION_CONTEXT('2D SPACE',''
  ) );
#2783 = ORIENTED_EDGE('',*,*,#2784,.F.);
#2784 = EDGE_CURVE('',#2025,#2630,#2785,.T.);
#2785 = SURFACE_CURVE('',#2786,(#2799,#2815),.PCURVE_S1.);
#2786 = B_SPLINE_CURVE_WITH_KNOTS('',6,(#2787,#2788,#2789,#2790,#2791,
    #2792,#2793,#2794,#2795,#2796,#2797,#2798),.UNSPECIFIED.,.F.,.F.,(7,
    5,7),(0.,0.564278541589,1.),.UNSPECIFIED.);
#2787 = CARTESIAN_POINT('',(45.,-11.08593268015,209.5));
#2788 = CARTESIAN_POINT('',(45.491250985978,-10.7255462189,209.5));
#2789 = CARTESIAN_POINT('',(45.96299302698,-10.33845431695,209.5));
#2790 = CARTESIAN_POINT('',(46.414184883895,-9.926839728099,209.5));
#2791 = CARTESIAN_POINT('',(46.843778105213,-9.492663873346,209.5));
#2792 = CARTESIAN_POINT('',(47.250704053325,-9.037655673065,209.5));
#2793 = CARTESIAN_POINT('',(47.929630781354,-8.196914495922,209.5));
#2794 = CARTESIAN_POINT('',(48.211223664072,-7.819047927107,209.5));
#2795 = CARTESIAN_POINT('',(48.478044502863,-7.430324189646,209.5));
#2796 = CARTESIAN_POINT('',(48.729457340676,-7.031404653465,209.5));
#2797 = CARTESIAN_POINT('',(48.964754184855,-6.622945777144,209.5));
#2798 = CARTESIAN_POINT('',(49.18317694602,-6.205613254981,209.5));
#2799 = PCURVE('',#174,#2800);
#2800 = DEFINITIONAL_REPRESENTATION('',(#2801),#2814);
#2801 = B_SPLINE_CURVE_WITH_KNOTS('',6,(#2802,#2803,#2804,#2805,#2806,
    #2807,#2808,#2809,#2810,#2811,#2812,#2813),.UNSPECIFIED.,.F.,.F.,(7,
    5,7),(0.,0.564278541589,1.),.UNSPECIFIED.);
#2802 = CARTESIAN_POINT('',(295.,238.91406731985));
#2803 = CARTESIAN_POINT('',(295.49125098597,239.2744537811));
#2804 = CARTESIAN_POINT('',(295.96299302698,239.66154568305));
#2805 = CARTESIAN_POINT('',(296.41418488389,240.0731602719));
#2806 = CARTESIAN_POINT('',(296.84377810521,240.50733612665));
#2807 = CARTESIAN_POINT('',(297.25070405332,240.96234432693));
#2808 = CARTESIAN_POINT('',(297.92963078135,241.80308550407));
#2809 = CARTESIAN_POINT('',(298.21122366407,242.18095207289));
#2810 = CARTESIAN_POINT('',(298.47804450286,242.56967581035));
#2811 = CARTESIAN_POINT('',(298.72945734067,242.96859534653));
#2812 = CARTESIAN_POINT('',(298.96475418485,243.37705422285));
#2813 = CARTESIAN_POINT('',(299.18317694602,243.79438674501));
#2814 = ( GEOMETRIC_REPRESENTATION_CONTEXT(2) 
PARAMETRIC_REPRESENTATION_CONTEXT() REPRESENTATION_CONTEXT('2D SPACE',''
  ) );
#2815 = PCURVE('',#2109,#2816);
#2816 = DEFINITIONAL_REPRESENTATION('',(#2817),#2830);
#2817 = B_SPLINE_CURVE_WITH_KNOTS('',6,(#2818,#2819,#2820,#2821,#2822,
    #2823,#2824,#2825,#2826,#2827,#2828,#2829),.UNSPECIFIED.,.F.,.F.,(7,
    5,7),(0.,0.564278541589,1.),.UNSPECIFIED.);
#2818 = CARTESIAN_POINT('',(1.813324402147,0.222222222222));
#2819 = CARTESIAN_POINT('',(1.868953819096,0.276805665109));
#2820 = CARTESIAN_POINT('',(1.925358508564,0.329221447442));
#2821 = CARTESIAN_POINT('',(1.982614600179,0.379353875988));
#2822 = CARTESIAN_POINT('',(2.040793603604,0.427086456135));
#2823 = CARTESIAN_POINT('',(2.099966506439,0.472300450369));
#2824 = CARTESIAN_POINT('',(2.206724767873,0.547736753484));
#2825 = CARTESIAN_POINT('',(2.253874687108,0.579024851564));
#2826 = CARTESIAN_POINT('',(2.301689250044,0.608671611429));
#2827 = CARTESIAN_POINT('',(2.350191001626,0.636606371186));
#2828 = CARTESIAN_POINT('',(2.399391456315,0.662750464984));
#2829 = CARTESIAN_POINT('',(2.449289112498,0.687019660669));
#2830 = ( GEOMETRIC_REPRESENTATION_CONTEXT(2) 
PARAMETRIC_REPRESENTATION_CONTEXT() REPRESENTATION_CONTEXT('2D SPACE',''
  ) );
#2831 = ORIENTED_EDGE('',*,*,#2024,.F.);
#2832 = ORIENTED_EDGE('',*,*,#136,.T.);
#2833 = ORIENTED_EDGE('',*,*,#2834,.T.);
#2834 = EDGE_CURVE('',#137,#1380,#2835,.T.);
#2835 = SURFACE_CURVE('',#2836,(#2972,#3111),.PCURVE_S1.);
#2836 = B_SPLINE_CURVE_WITH_KNOTS('',8,(#2837,#2838,#2839,#2840,#2841,
    #2842,#2843,#2844,#2845,#2846,#2847,#2848,#2849,#2850,#2851,#2852,
    #2853,#2854,#2855,#2856,#2857,#2858,#2859,#2860,#2861,#2862,#2863,
    #2864,#2865,#2866,#2867,#2868,#2869,#2870,#2871,#2872,#2873,#2874,
    #2875,#2876,#2877,#2878,#2879,#2880,#2881,#2882,#2883,#2884,#2885,
    #2886,#2887,#2888,#2889,#2890,#2891,#2892,#2893,#2894,#2895,#2896,
    #2897,#2898,#2899,#2900,#2901,#2902,#2903,#2904,#2905,#2906,#2907,
    #2908,#2909,#2910,#2911,#2912,#2913,#2914,#2915,#2916,#2917,#2918,
    #2919,#2920,#2921,#2922,#2923,#2924,#2925,#2926,#2927,#2928,#2929,
    #2930,#2931,#2932,#2933,#2934,#2935,#2936,#2937,#2938,#2939,#2940,
    #2941,#2942,#2943,#2944,#2945,#2946,#2947,#2948,#2949,#2950,#2951,
    #2952,#2953,#2954,#2955,#2956,#2957,#2958,#2959,#2960,#2961,#2962,
    #2963,#2964,#2965,#2966,#2967,#2968,#2969,#2970,#2971),
  .UNSPECIFIED.,.F.,.F.,(9,7,7,7,7,7,7,7,7,7,7,7,7,7,7,7,7,7,7,9),(0.,
    0.119498342538,0.240297019447,0.303254503231,0.367068422158,
    0.399040685627,0.432624082776,0.468044149673,0.479389100122,
    0.500111436498,0.522980704609,0.536243151474,0.557209330495,
    0.585945605417,0.614185249973,0.669250192764,0.723418953729,
    0.8282860519,0.932383173852,1.),.UNSPECIFIED.);
#2837 = CARTESIAN_POINT('',(65.,-13.98784200543,209.5));
#2838 = CARTESIAN_POINT('',(66.327527745627,-13.75247774274,209.5));
#2839 = CARTESIAN_POINT('',(67.654449047247,-13.51370937302,209.5));
#2840 = CARTESIAN_POINT('',(68.980715480814,-13.27130493648,209.5));
#2841 = CARTESIAN_POINT('',(70.3062682829,-13.02500288558,209.5));
#2842 = CARTESIAN_POINT('',(71.631037566479,-12.77450786725,209.5));
#2843 = CARTESIAN_POINT('',(72.954940595054,-12.51948157276,209.5));
#2844 = CARTESIAN_POINT('',(74.277879115093,-12.25952865514,209.5));
#2845 = CARTESIAN_POINT('',(76.935976306972,-11.72593932775,209.5));
#2846 = CARTESIAN_POINT('',(78.271094255324,-11.4521882174,209.5));
#2847 = CARTESIAN_POINT('',(79.604981823049,-11.1724336753,209.5));
#2848 = CARTESIAN_POINT('',(80.937494120505,-10.88610956909,209.5));
#2849 = CARTESIAN_POINT('',(82.268442479913,-10.59254479662,209.5));
#2850 = CARTESIAN_POINT('',(83.597588625008,-10.29093684941,209.5));
#2851 = CARTESIAN_POINT('',(84.924631621419,-9.980292771412,209.5));
#2852 = CARTESIAN_POINT('',(86.939503392959,-9.492008709141,209.5));
#2853 = CARTESIAN_POINT('',(87.62914264748,-9.321906668041,209.5));
#2854 = CARTESIAN_POINT('',(88.318042531168,-9.148810323063,209.5));
#2855 = CARTESIAN_POINT('',(89.006135874115,-8.972510902308,209.5));
#2856 = CARTESIAN_POINT('',(89.693342282308,-8.792772899154,209.5));
#2857 = CARTESIAN_POINT('',(90.379566158934,-8.609326486222,209.5));
#2858 = CARTESIAN_POINT('',(91.064693595217,-8.421855658931,209.5));
#2859 = CARTESIAN_POINT('',(92.441785949737,-8.035498427787,209.5));
#2860 = CARTESIAN_POINT('',(93.133694303058,-7.836497824124,209.5));
#2861 = CARTESIAN_POINT('',(93.824189438885,-7.632580480183,209.5));
#2862 = CARTESIAN_POINT('',(94.513101032641,-7.423287541076,209.5));
#2863 = CARTESIAN_POINT('',(95.200203979794,-7.208075638717,209.5));
#2864 = CARTESIAN_POINT('',(95.885211704396,-6.986295517132,209.5));
#2865 = CARTESIAN_POINT('',(96.567760206966,-6.757141246594,209.5));
#2866 = CARTESIAN_POINT('',(97.58787349061,-6.400490995315,209.5));
#2867 = CARTESIAN_POINT('',(97.927629723134,-6.279326898953,209.5));
#2868 = CARTESIAN_POINT('',(98.266581219657,-6.155909055265,209.5));
#2869 = CARTESIAN_POINT('',(98.60465491944,-6.030086457071,209.5));
#2870 = CARTESIAN_POINT('',(98.941763397131,-5.901689953223,209.5));
#2871 = CARTESIAN_POINT('',(99.277802859046,-5.770526971496,209.5));
#2872 = CARTESIAN_POINT('',(99.612649992832,-5.636373271184,209.5));
#2873 = CARTESIAN_POINT('',(100.2964713354,-5.354625791197,209.5));
#2874 = CARTESIAN_POINT('',(100.64527845367,-5.206707238216,209.5));
#2875 = CARTESIAN_POINT('',(100.99243257634,-5.054886681885,209.5));
#2876 = CARTESIAN_POINT('',(101.33772891859,-4.898804146658,209.5));
#2877 = CARTESIAN_POINT('',(101.68089494689,-4.738039660716,209.5));
#2878 = CARTESIAN_POINT('',(102.02158300416,-4.572097495962,209.5));
#2879 = CARTESIAN_POINT('',(102.35935207242,-4.400367370793,209.5));
#2880 = CARTESIAN_POINT('',(103.04618083848,-4.033951582374,209.5));
#2881 = CARTESIAN_POINT('',(103.39438801561,-3.83876823858,209.5));
#2882 = CARTESIAN_POINT('',(103.73804065767,-3.63533060349,209.5));
#2883 = CARTESIAN_POINT('',(104.07633806057,-3.422366509073,209.5));
#2884 = CARTESIAN_POINT('',(104.40791272975,-3.198506191247,209.5));
#2885 = CARTESIAN_POINT('',(104.73057413413,-2.961952039986,209.5));
#2886 = CARTESIAN_POINT('',(105.04141027267,-2.710597270974,209.5));
#2887 = CARTESIAN_POINT('',(105.42992066943,-2.353950552749,209.5));
#2888 = CARTESIAN_POINT('',(105.52242345445,-2.265547576942,209.5));
#2889 = CARTESIAN_POINT('',(105.61301383241,-2.175144386157,209.5));
#2890 = CARTESIAN_POINT('',(105.70148679795,-2.082626550884,209.5));
#2891 = CARTESIAN_POINT('',(105.78759530445,-1.987881670238,209.5));
#2892 = CARTESIAN_POINT('',(105.87104864163,-1.890797948448,209.5));
#2893 = CARTESIAN_POINT('',(105.95151081308,-1.791262771342,209.5));
#2894 = CARTESIAN_POINT('',(106.16940565966,-1.502665854874,209.5));
#2895 = CARTESIAN_POINT('',(106.299277463,-1.307179784577,209.5));
#2896 = CARTESIAN_POINT('',(106.41555458918,-1.102243196617,209.5));
#2897 = CARTESIAN_POINT('',(106.51471686967,-0.887920565653,209.5));
#2898 = CARTESIAN_POINT('',(106.59272610408,-0.664918639704,209.5));
#2899 = CARTESIAN_POINT('',(106.64550669118,-0.434738513351,209.5));
#2900 = CARTESIAN_POINT('',(106.67002146208,-0.200052606002,209.5));
#2901 = CARTESIAN_POINT('',(106.66240268267,0.293359040493,209.5));
#2902 = CARTESIAN_POINT('',(106.62415560654,0.550848144307,209.5));
#2903 = CARTESIAN_POINT('',(106.55237873609,0.801286226383,209.5));
#2904 = CARTESIAN_POINT('',(106.45198224377,1.041900557118,209.5));
#2905 = CARTESIAN_POINT('',(106.32855196201,1.271332650574,209.5));
#2906 = CARTESIAN_POINT('',(106.18721776904,1.489235103019,209.5));
#2907 = CARTESIAN_POINT('',(106.03203066743,1.696023148417,209.5));
#2908 = CARTESIAN_POINT('',(105.76914619978,2.006853787745,209.5));
#2909 = CARTESIAN_POINT('',(105.66880332057,2.117662729062,209.5));
#2910 = CARTESIAN_POINT('',(105.56510814276,2.225395015891,209.5));
#2911 = CARTESIAN_POINT('',(105.45848217665,2.330236508858,209.5));
#2912 = CARTESIAN_POINT('',(105.34928046197,2.432360210838,209.5));
#2913 = CARTESIAN_POINT('',(105.23779769738,2.531932439627,209.5));
#2914 = CARTESIAN_POINT('',(105.12427183257,2.629116512914,209.5));
#2915 = CARTESIAN_POINT('',(104.82647395631,2.874189120517,209.5));
#2916 = CARTESIAN_POINT('',(104.63948382949,3.018681111027,209.5));
#2917 = CARTESIAN_POINT('',(104.44867150402,3.158171569658,209.5));
#2918 = CARTESIAN_POINT('',(104.25462627519,3.293138017297,209.5));
#2919 = CARTESIAN_POINT('',(104.05781696038,3.423980310775,209.5));
#2920 = CARTESIAN_POINT('',(103.85861200469,3.551049439591,209.5));
#2921 = CARTESIAN_POINT('',(103.6572873789,3.674658912897,209.5));
#2922 = CARTESIAN_POINT('',(103.17546161069,3.960174350536,209.5));
#2923 = CARTESIAN_POINT('',(102.89335494885,4.119244603635,209.5));
#2924 = CARTESIAN_POINT('',(102.60828839652,4.273020794621,209.5));
#2925 = CARTESIAN_POINT('',(102.32070291931,4.42204208263,209.5));
#2926 = CARTESIAN_POINT('',(102.03094800761,4.566750066865,209.5));
#2927 = CARTESIAN_POINT('',(101.73929884763,4.707521816953,209.5));
#2928 = CARTESIAN_POINT('',(101.44596343149,4.844683607647,209.5));
#2929 = CARTESIAN_POINT('',(100.86131539061,5.110057958379,209.5));
#2930 = CARTESIAN_POINT('',(100.57008280356,5.238371793695,209.5));
#2931 = CARTESIAN_POINT('',(100.27755757527,5.363736244604,209.5));
#2932 = CARTESIAN_POINT('',(99.983876697713,5.48637504373,209.5));
#2933 = CARTESIAN_POINT('',(99.689155112127,5.606479982445,209.5));
#2934 = CARTESIAN_POINT('',(99.393489299441,5.724219479502,209.5));
#2935 = CARTESIAN_POINT('',(99.096959537473,5.839744003759,209.5));
#2936 = CARTESIAN_POINT('',(98.219864726256,6.174395331085,209.5));
#2937 = CARTESIAN_POINT('',(97.637094874894,6.387680582621,209.5));
#2938 = CARTESIAN_POINT('',(97.051809344315,6.594044469748,209.5));
#2939 = CARTESIAN_POINT('',(96.464380727685,6.79423679177,209.5));
#2940 = CARTESIAN_POINT('',(95.875102558018,6.98886251308,209.5));
#2941 = CARTESIAN_POINT('',(95.284205430621,7.178428933608,209.5));
#2942 = CARTESIAN_POINT('',(94.691863750096,7.363365496942,209.5));
#2943 = CARTESIAN_POINT('',(93.514206109191,7.721788771485,209.5));
#2944 = CARTESIAN_POINT('',(92.928955405413,7.895405930495,209.5));
#2945 = CARTESIAN_POINT('',(92.34259038797,8.065250092607,209.5));
#2946 = CARTESIAN_POINT('',(91.755226718929,8.231614788165,209.5));
#2947 = CARTESIAN_POINT('',(91.166961506109,8.394750852376,209.5));
#2948 = CARTESIAN_POINT('',(90.577876425512,8.55487741963,209.5));
#2949 = CARTESIAN_POINT('',(89.988039707445,8.712188955327,209.5));
#2950 = CARTESIAN_POINT('',(88.254275135852,9.166287880322,209.5));
#2951 = CARTESIAN_POINT('',(87.10846137692,9.455808538971,209.5));
#2952 = CARTESIAN_POINT('',(85.960474088578,9.736675946109,209.5));
#2953 = CARTESIAN_POINT('',(84.810626359811,10.009838781656,209.5));
#2954 = CARTESIAN_POINT('',(83.659165772185,10.276063072113,209.5));
#2955 = CARTESIAN_POINT('',(82.50628800844,10.535989345577,209.5));
#2956 = CARTESIAN_POINT('',(81.352142851463,10.790157887309,209.5));
#2957 = CARTESIAN_POINT('',(79.050022112493,11.286089446086,209.5));
#2958 = CARTESIAN_POINT('',(77.902081398096,11.527925986145,209.5));
#2959 = CARTESIAN_POINT('',(76.753141500754,11.765001374676,209.5));
#2960 = CARTESIAN_POINT('',(75.603304853073,11.997696142745,209.5));
#2961 = CARTESIAN_POINT('',(74.452657606274,12.226335609871,209.5));
#2962 = CARTESIAN_POINT('',(73.301272425903,12.451203670993,209.5));
#2963 = CARTESIAN_POINT('',(72.149210291417,12.672551711558,209.5));
#2964 = CARTESIAN_POINT('',(70.247786179031,13.032238770608,209.5));
#2965 = CARTESIAN_POINT('',(69.498787811093,13.172483607397,209.5));
#2966 = CARTESIAN_POINT('',(68.749540708675,13.311398144765,209.5));
#2967 = CARTESIAN_POINT('',(68.000058136984,13.44903855157,209.5));
#2968 = CARTESIAN_POINT('',(67.250352206548,13.585456687145,209.5));
#2969 = CARTESIAN_POINT('',(66.500433966173,13.720700606601,209.5));
#2970 = CARTESIAN_POINT('',(65.750313495906,13.854815066117,209.5));
#2971 = CARTESIAN_POINT('',(65.,13.987842028241,209.5));
#2972 = PCURVE('',#174,#2973);
#2973 = DEFINITIONAL_REPRESENTATION('',(#2974),#3110);
#2974 = B_SPLINE_CURVE_WITH_KNOTS('',8,(#2975,#2976,#2977,#2978,#2979,
    #2980,#2981,#2982,#2983,#2984,#2985,#2986,#2987,#2988,#2989,#2990,
    #2991,#2992,#2993,#2994,#2995,#2996,#2997,#2998,#2999,#3000,#3001,
    #3002,#3003,#3004,#3005,#3006,#3007,#3008,#3009,#3010,#3011,#3012,
    #3013,#3014,#3015,#3016,#3017,#3018,#3019,#3020,#3021,#3022,#3023,
    #3024,#3025,#3026,#3027,#3028,#3029,#3030,#3031,#3032,#3033,#3034,
    #3035,#3036,#3037,#3038,#3039,#3040,#3041,#3042,#3043,#3044,#3045,
    #3046,#3047,#3048,#3049,#3050,#3051,#3052,#3053,#3054,#3055,#3056,
    #3057,#3058,#3059,#3060,#3061,#3062,#3063,#3064,#3065,#3066,#3067,
    #3068,#3069,#3070,#3071,#3072,#3073,#3074,#3075,#3076,#3077,#3078,
    #3079,#3080,#3081,#3082,#3083,#3084,#3085,#3086,#3087,#3088,#3089,
    #3090,#3091,#3092,#3093,#3094,#3095,#3096,#3097,#3098,#3099,#3100,
    #3101,#3102,#3103,#3104,#3105,#3106,#3107,#3108,#3109),
  .UNSPECIFIED.,.F.,.F.,(9,7,7,7,7,7,7,7,7,7,7,7,7,7,7,7,7,7,7,9),(0.,
    0.119498342538,0.240297019447,0.303254503231,0.367068422158,
    0.399040685627,0.432624082776,0.468044149673,0.479389100122,
    0.500111436498,0.522980704609,0.536243151474,0.557209330495,
    0.585945605417,0.614185249973,0.669250192764,0.723418953729,
    0.8282860519,0.932383173852,1.),.UNSPECIFIED.);
#2975 = CARTESIAN_POINT('',(315.,236.01215799457));
#2976 = CARTESIAN_POINT('',(316.32752774562,236.24752225726));
#2977 = CARTESIAN_POINT('',(317.65444904724,236.48629062698));
#2978 = CARTESIAN_POINT('',(318.98071548081,236.72869506352));
#2979 = CARTESIAN_POINT('',(320.3062682829,236.97499711442));
#2980 = CARTESIAN_POINT('',(321.63103756647,237.22549213275));
#2981 = CARTESIAN_POINT('',(322.95494059505,237.48051842724));
#2982 = CARTESIAN_POINT('',(324.27787911509,237.74047134486));
#2983 = CARTESIAN_POINT('',(326.93597630697,238.27406067225));
#2984 = CARTESIAN_POINT('',(328.27109425532,238.5478117826));
#2985 = CARTESIAN_POINT('',(329.60498182304,238.8275663247));
#2986 = CARTESIAN_POINT('',(330.9374941205,239.11389043091));
#2987 = CARTESIAN_POINT('',(332.26844247991,239.40745520338));
#2988 = CARTESIAN_POINT('',(333.597588625,239.70906315059));
#2989 = CARTESIAN_POINT('',(334.92463162141,240.01970722858));
#2990 = CARTESIAN_POINT('',(336.93950339295,240.50799129085));
#2991 = CARTESIAN_POINT('',(337.62914264748,240.67809333195));
#2992 = CARTESIAN_POINT('',(338.31804253116,240.85118967693));
#2993 = CARTESIAN_POINT('',(339.00613587411,241.02748909769));
#2994 = CARTESIAN_POINT('',(339.6933422823,241.20722710084));
#2995 = CARTESIAN_POINT('',(340.37956615893,241.39067351377));
#2996 = CARTESIAN_POINT('',(341.06469359521,241.57814434106));
#2997 = CARTESIAN_POINT('',(342.44178594973,241.96450157221));
#2998 = CARTESIAN_POINT('',(343.13369430305,242.16350217587));
#2999 = CARTESIAN_POINT('',(343.82418943888,242.36741951981));
#3000 = CARTESIAN_POINT('',(344.51310103264,242.57671245892));
#3001 = CARTESIAN_POINT('',(345.20020397979,242.79192436128));
#3002 = CARTESIAN_POINT('',(345.88521170439,243.01370448286));
#3003 = CARTESIAN_POINT('',(346.56776020696,243.2428587534));
#3004 = CARTESIAN_POINT('',(347.58787349061,243.59950900468));
#3005 = CARTESIAN_POINT('',(347.92762972313,243.72067310104));
#3006 = CARTESIAN_POINT('',(348.26658121965,243.84409094473));
#3007 = CARTESIAN_POINT('',(348.60465491944,243.96991354292));
#3008 = CARTESIAN_POINT('',(348.94176339713,244.09831004677));
#3009 = CARTESIAN_POINT('',(349.27780285904,244.2294730285));
#3010 = CARTESIAN_POINT('',(349.61264999283,244.36362672881));
#3011 = CARTESIAN_POINT('',(350.2964713354,244.6453742088));
#3012 = CARTESIAN_POINT('',(350.64527845367,244.79329276178));
#3013 = CARTESIAN_POINT('',(350.99243257634,244.94511331811));
#3014 = CARTESIAN_POINT('',(351.33772891859,245.10119585334));
#3015 = CARTESIAN_POINT('',(351.68089494689,245.26196033928));
#3016 = CARTESIAN_POINT('',(352.02158300416,245.42790250403));
#3017 = CARTESIAN_POINT('',(352.35935207242,245.5996326292));
#3018 = CARTESIAN_POINT('',(353.04618083848,245.96604841762));
#3019 = CARTESIAN_POINT('',(353.39438801561,246.16123176142));
#3020 = CARTESIAN_POINT('',(353.73804065767,246.36466939651));
#3021 = CARTESIAN_POINT('',(354.07633806057,246.57763349092));
#3022 = CARTESIAN_POINT('',(354.40791272975,246.80149380875));
#3023 = CARTESIAN_POINT('',(354.73057413413,247.03804796001));
#3024 = CARTESIAN_POINT('',(355.04141027267,247.28940272902));
#3025 = CARTESIAN_POINT('',(355.42992066943,247.64604944725));
#3026 = CARTESIAN_POINT('',(355.52242345445,247.73445242305));
#3027 = CARTESIAN_POINT('',(355.61301383241,247.82485561384));
#3028 = CARTESIAN_POINT('',(355.70148679795,247.91737344911));
#3029 = CARTESIAN_POINT('',(355.78759530445,248.01211832976));
#3030 = CARTESIAN_POINT('',(355.87104864163,248.10920205155));
#3031 = CARTESIAN_POINT('',(355.95151081308,248.20873722865));
#3032 = CARTESIAN_POINT('',(356.16940565966,248.49733414512));
#3033 = CARTESIAN_POINT('',(356.299277463,248.69282021542));
#3034 = CARTESIAN_POINT('',(356.41555458918,248.89775680338));
#3035 = CARTESIAN_POINT('',(356.51471686967,249.11207943434));
#3036 = CARTESIAN_POINT('',(356.59272610408,249.33508136029));
#3037 = CARTESIAN_POINT('',(356.64550669118,249.56526148664));
#3038 = CARTESIAN_POINT('',(356.67002146208,249.79994739399));
#3039 = CARTESIAN_POINT('',(356.66240268267,250.29335904049));
#3040 = CARTESIAN_POINT('',(356.62415560654,250.5508481443));
#3041 = CARTESIAN_POINT('',(356.55237873609,250.80128622638));
#3042 = CARTESIAN_POINT('',(356.45198224377,251.04190055711));
#3043 = CARTESIAN_POINT('',(356.32855196201,251.27133265057));
#3044 = CARTESIAN_POINT('',(356.18721776904,251.48923510301));
#3045 = CARTESIAN_POINT('',(356.03203066743,251.69602314841));
#3046 = CARTESIAN_POINT('',(355.76914619978,252.00685378774));
#3047 = CARTESIAN_POINT('',(355.66880332057,252.11766272906));
#3048 = CARTESIAN_POINT('',(355.56510814276,252.22539501589));
#3049 = CARTESIAN_POINT('',(355.45848217665,252.33023650885));
#3050 = CARTESIAN_POINT('',(355.34928046197,252.43236021083));
#3051 = CARTESIAN_POINT('',(355.23779769738,252.53193243962));
#3052 = CARTESIAN_POINT('',(355.12427183257,252.62911651291));
#3053 = CARTESIAN_POINT('',(354.82647395631,252.87418912051));
#3054 = CARTESIAN_POINT('',(354.63948382949,253.01868111102));
#3055 = CARTESIAN_POINT('',(354.44867150402,253.15817156965));
#3056 = CARTESIAN_POINT('',(354.25462627519,253.29313801729));
#3057 = CARTESIAN_POINT('',(354.05781696038,253.42398031077));
#3058 = CARTESIAN_POINT('',(353.85861200469,253.55104943959));
#3059 = CARTESIAN_POINT('',(353.6572873789,253.67465891289));
#3060 = CARTESIAN_POINT('',(353.17546161069,253.96017435053));
#3061 = CARTESIAN_POINT('',(352.89335494885,254.11924460363));
#3062 = CARTESIAN_POINT('',(352.60828839652,254.27302079462));
#3063 = CARTESIAN_POINT('',(352.32070291931,254.42204208263));
#3064 = CARTESIAN_POINT('',(352.03094800761,254.56675006686));
#3065 = CARTESIAN_POINT('',(351.73929884763,254.70752181695));
#3066 = CARTESIAN_POINT('',(351.44596343149,254.84468360764));
#3067 = CARTESIAN_POINT('',(350.86131539061,255.11005795837));
#3068 = CARTESIAN_POINT('',(350.57008280356,255.23837179369));
#3069 = CARTESIAN_POINT('',(350.27755757527,255.3637362446));
#3070 = CARTESIAN_POINT('',(349.98387669771,255.48637504373));
#3071 = CARTESIAN_POINT('',(349.68915511212,255.60647998244));
#3072 = CARTESIAN_POINT('',(349.39348929944,255.7242194795));
#3073 = CARTESIAN_POINT('',(349.09695953747,255.83974400375));
#3074 = CARTESIAN_POINT('',(348.21986472625,256.17439533108));
#3075 = CARTESIAN_POINT('',(347.63709487489,256.38768058262));
#3076 = CARTESIAN_POINT('',(347.05180934431,256.59404446974));
#3077 = CARTESIAN_POINT('',(346.46438072768,256.79423679177));
#3078 = CARTESIAN_POINT('',(345.87510255801,256.98886251308));
#3079 = CARTESIAN_POINT('',(345.28420543062,257.1784289336));
#3080 = CARTESIAN_POINT('',(344.69186375009,257.36336549694));
#3081 = CARTESIAN_POINT('',(343.51420610919,257.72178877148));
#3082 = CARTESIAN_POINT('',(342.92895540541,257.89540593049));
#3083 = CARTESIAN_POINT('',(342.34259038797,258.0652500926));
#3084 = CARTESIAN_POINT('',(341.75522671892,258.23161478816));
#3085 = CARTESIAN_POINT('',(341.1669615061,258.39475085237));
#3086 = CARTESIAN_POINT('',(340.57787642551,258.55487741963));
#3087 = CARTESIAN_POINT('',(339.98803970744,258.71218895532));
#3088 = CARTESIAN_POINT('',(338.25427513585,259.16628788032));
#3089 = CARTESIAN_POINT('',(337.10846137692,259.45580853897));
#3090 = CARTESIAN_POINT('',(335.96047408857,259.7366759461));
#3091 = CARTESIAN_POINT('',(334.81062635981,260.00983878165));
#3092 = CARTESIAN_POINT('',(333.65916577218,260.27606307211));
#3093 = CARTESIAN_POINT('',(332.50628800844,260.53598934557));
#3094 = CARTESIAN_POINT('',(331.35214285146,260.7901578873));
#3095 = CARTESIAN_POINT('',(329.05002211249,261.28608944608));
#3096 = CARTESIAN_POINT('',(327.90208139809,261.52792598614));
#3097 = CARTESIAN_POINT('',(326.75314150075,261.76500137467));
#3098 = CARTESIAN_POINT('',(325.60330485307,261.99769614274));
#3099 = CARTESIAN_POINT('',(324.45265760627,262.22633560987));
#3100 = CARTESIAN_POINT('',(323.3012724259,262.45120367099));
#3101 = CARTESIAN_POINT('',(322.14921029141,262.67255171155));
#3102 = CARTESIAN_POINT('',(320.24778617903,263.0322387706));
#3103 = CARTESIAN_POINT('',(319.49878781109,263.17248360739));
#3104 = CARTESIAN_POINT('',(318.74954070867,263.31139814476));
#3105 = CARTESIAN_POINT('',(318.00005813698,263.44903855157));
#3106 = CARTESIAN_POINT('',(317.25035220654,263.58545668714));
#3107 = CARTESIAN_POINT('',(316.50043396617,263.7207006066));
#3108 = CARTESIAN_POINT('',(315.7503134959,263.85481506611));
#3109 = CARTESIAN_POINT('',(315.,263.98784202824));
#3110 = ( GEOMETRIC_REPRESENTATION_CONTEXT(2) 
PARAMETRIC_REPRESENTATION_CONTEXT() REPRESENTATION_CONTEXT('2D SPACE',''
  ) );
#3111 = PCURVE('',#214,#3112);
#3112 = DEFINITIONAL_REPRESENTATION('',(#3113),#3249);
#3113 = B_SPLINE_CURVE_WITH_KNOTS('',8,(#3114,#3115,#3116,#3117,#3118,
    #3119,#3120,#3121,#3122,#3123,#3124,#3125,#3126,#3127,#3128,#3129,
    #3130,#3131,#3132,#3133,#3134,#3135,#3136,#3137,#3138,#3139,#3140,
    #3141,#3142,#3143,#3144,#3145,#3146,#3147,#3148,#3149,#3150,#3151,
    #3152,#3153,#3154,#3155,#3156,#3157,#3158,#3159,#3160,#3161,#3162,
    #3163,#3164,#3165,#3166,#3167,#3168,#3169,#3170,#3171,#3172,#3173,
    #3174,#3175,#3176,#3177,#3178,#3179,#3180,#3181,#3182,#3183,#3184,
    #3185,#3186,#3187,#3188,#3189,#3190,#3191,#3192,#3193,#3194,#3195,
    #3196,#3197,#3198,#3199,#3200,#3201,#3202,#3203,#3204,#3205,#3206,
    #3207,#3208,#3209,#3210,#3211,#3212,#3213,#3214,#3215,#3216,#3217,
    #3218,#3219,#3220,#3221,#3222,#3223,#3224,#3225,#3226,#3227,#3228,
    #3229,#3230,#3231,#3232,#3233,#3234,#3235,#3236,#3237,#3238,#3239,
    #3240,#3241,#3242,#3243,#3244,#3245,#3246,#3247,#3248),
  .UNSPECIFIED.,.F.,.F.,(9,7,7,7,7,7,7,7,7,7,7,7,7,7,7,7,7,7,7,9),(0.,
    0.119498342538,0.240297019447,0.303254503231,0.367068422158,
    0.399040685627,0.432624082776,0.468044149673,0.479389100122,
    0.500111436498,0.522980704609,0.536243151474,0.557209330495,
    0.585945605417,0.614185249973,0.669250192764,0.723418953729,
    0.8282860519,0.932383173852,1.),.UNSPECIFIED.);
#3114 = CARTESIAN_POINT('',(4.30125111597,0.));
#3115 = CARTESIAN_POINT('',(4.306602750311,2.655055491254E-02));
#3116 = CARTESIAN_POINT('',(4.312102798736,5.308898094493E-02));
#3117 = CARTESIAN_POINT('',(4.317760327965,7.961430961629E-02));
#3118 = CARTESIAN_POINT('',(4.323585500271,0.106125365658));
#3119 = CARTESIAN_POINT('',(4.32958972511,0.13262075133));
#3120 = CARTESIAN_POINT('',(4.335785982102,0.159098811901));
#3121 = CARTESIAN_POINT('',(4.34218931536,0.185557582302));
#3122 = CARTESIAN_POINT('',(4.3555178083,0.238719526139));
#3123 = CARTESIAN_POINT('',(4.362447802834,0.265421885106));
#3124 = CARTESIAN_POINT('',(4.369625944742,0.292099636461));
#3125 = CARTESIAN_POINT('',(4.377073445468,0.31874988241));
#3126 = CARTESIAN_POINT('',(4.384815289336,0.345368849598));
#3127 = CARTESIAN_POINT('',(4.392881156227,0.3719517725));
#3128 = CARTESIAN_POINT('',(4.401307462173,0.398492632428));
#3129 = CARTESIAN_POINT('',(4.414745956481,0.438790067859));
#3130 = CARTESIAN_POINT('',(4.419460949783,0.45258285295));
#3131 = CARTESIAN_POINT('',(4.424293436493,0.466360850623));
#3132 = CARTESIAN_POINT('',(4.429250963963,0.480122717482));
#3133 = CARTESIAN_POINT('',(4.434342020783,0.493866845646));
#3134 = CARTESIAN_POINT('',(4.439576295857,0.507591323179));
#3135 = CARTESIAN_POINT('',(4.444965082593,0.521293871904));
#3136 = CARTESIAN_POINT('',(4.45615416439,0.548835718995));
#3137 = CARTESIAN_POINT('',(4.461958874852,0.562673886061));
#3138 = CARTESIAN_POINT('',(4.467950133589,0.576483788778));
#3139 = CARTESIAN_POINT('',(4.47414419505,0.590262020653));
#3140 = CARTESIAN_POINT('',(4.480560254985,0.604004079596));
#3141 = CARTESIAN_POINT('',(4.487221174761,0.617704234088));
#3142 = CARTESIAN_POINT('',(4.494155198286,0.631355204139));
#3143 = CARTESIAN_POINT('',(4.505029500603,0.651757469812));
#3144 = CARTESIAN_POINT('',(4.508737089037,0.658552594463));
#3145 = CARTESIAN_POINT('',(4.512527260369,0.665331624393));
#3146 = CARTESIAN_POINT('',(4.516405266262,0.672093098389));
#3147 = CARTESIAN_POINT('',(4.520376982954,0.678835267943));
#3148 = CARTESIAN_POINT('',(4.524449088343,0.685556057181));
#3149 = CARTESIAN_POINT('',(4.52862933884,0.692252999857));
#3150 = CARTESIAN_POINT('',(4.537441116467,0.705929426708));
#3151 = CARTESIAN_POINT('',(4.542084399016,0.712905569074));
#3152 = CARTESIAN_POINT('',(4.546867772916,0.719848651527));
#3153 = CARTESIAN_POINT('',(4.551803630072,0.726754578372));
#3154 = CARTESIAN_POINT('',(4.556906420808,0.733617898938));
#3155 = CARTESIAN_POINT('',(4.562193177703,0.740431660083));
#3156 = CARTESIAN_POINT('',(4.567684809879,0.747187041448));
#3157 = CARTESIAN_POINT('',(4.579446368523,0.76092361677));
#3158 = CARTESIAN_POINT('',(4.585734599629,0.767887760312));
#3159 = CARTESIAN_POINT('',(4.592312645453,0.774760813153));
#3160 = CARTESIAN_POINT('',(4.599223716628,0.781526761212));
#3161 = CARTESIAN_POINT('',(4.606514606366,0.788158254594));
#3162 = CARTESIAN_POINT('',(4.614246570885,0.794611482683));
#3163 = CARTESIAN_POINT('',(4.622491247105,0.800828205453));
#3164 = CARTESIAN_POINT('',(4.634229923282,0.808598413389));
#3165 = CARTESIAN_POINT('',(4.637142536063,0.810448469089));
#3166 = CARTESIAN_POINT('',(4.640123987899,0.812260276648));
#3167 = CARTESIAN_POINT('',(4.643178138154,0.814029735959));
#3168 = CARTESIAN_POINT('',(4.646308778038,0.815751906089));
#3169 = CARTESIAN_POINT('',(4.649519671258,0.817420972833));
#3170 = CARTESIAN_POINT('',(4.652814594668,0.819030216262));
#3171 = CARTESIAN_POINT('',(4.662376268256,0.823388113193));
#3172 = CARTESIAN_POINT('',(4.668862487914,0.82598554926));
#3173 = CARTESIAN_POINT('',(4.675671508376,0.828311091784));
#3174 = CARTESIAN_POINT('',(4.682801066986,0.830294337393));
#3175 = CARTESIAN_POINT('',(4.690226954958,0.831854522082));
#3176 = CARTESIAN_POINT('',(4.697897425953,0.832910133824));
#3177 = CARTESIAN_POINT('',(4.705720579115,0.833400429242));
#3178 = CARTESIAN_POINT('',(4.722167592275,0.833248053653));
#3179 = CARTESIAN_POINT('',(4.730750165549,0.832483112131));
#3180 = CARTESIAN_POINT('',(4.73909358465,0.831047574722));
#3181 = CARTESIAN_POINT('',(4.747101892032,0.829039644875));
#3182 = CARTESIAN_POINT('',(4.754728202344,0.82657103924));
#3183 = CARTESIAN_POINT('',(4.761960519525,0.823744355381));
#3184 = CARTESIAN_POINT('',(4.768812894846,0.820640613349));
#3185 = CARTESIAN_POINT('',(4.779095258473,0.815382923996));
#3186 = CARTESIAN_POINT('',(4.782756890737,0.813376066412));
#3187 = CARTESIAN_POINT('',(4.786312875266,0.811302162855));
#3188 = CARTESIAN_POINT('',(4.789769468072,0.809169643533));
#3189 = CARTESIAN_POINT('',(4.793132510568,0.806985609239));
#3190 = CARTESIAN_POINT('',(4.796407625041,0.804755953948));
#3191 = CARTESIAN_POINT('',(4.799600329036,0.802485436652));
#3192 = CARTESIAN_POINT('',(4.807641641944,0.796529479126));
#3193 = CARTESIAN_POINT('',(4.812372951069,0.79278967659));
#3194 = CARTESIAN_POINT('',(4.816930985509,0.788973430081));
#3195 = CARTESIAN_POINT('',(4.82133193698,0.785092525504));
#3196 = CARTESIAN_POINT('',(4.825589398038,0.781156339208));
#3197 = CARTESIAN_POINT('',(4.829715309406,0.777172240094));
#3198 = CARTESIAN_POINT('',(4.833720329592,0.773145747578));
#3199 = CARTESIAN_POINT('',(4.842951382341,0.763509232214));
#3200 = CARTESIAN_POINT('',(4.848078195651,0.757867098977));
#3201 = CARTESIAN_POINT('',(4.853018921875,0.75216576793));
#3202 = CARTESIAN_POINT('',(4.857791972498,0.746414058386));
#3203 = CARTESIAN_POINT('',(4.862412466263,0.740618960152));
#3204 = CARTESIAN_POINT('',(4.866893327901,0.734785976953));
#3205 = CARTESIAN_POINT('',(4.871245742714,0.72891926863));
#3206 = CARTESIAN_POINT('',(4.87964048747,0.717226307812));
#3207 = CARTESIAN_POINT('',(4.883686483536,0.711401656071));
#3208 = CARTESIAN_POINT('',(4.88762686904,0.705551151505));
#3209 = CARTESIAN_POINT('',(4.891469346536,0.699677533954));
#3210 = CARTESIAN_POINT('',(4.89522053411,0.693783102243));
#3211 = CARTESIAN_POINT('',(4.898886252254,0.687869785989));
#3212 = CARTESIAN_POINT('',(4.902471705291,0.681939190749));
#3213 = CARTESIAN_POINT('',(4.91282547493,0.664397294525));
#3214 = CARTESIAN_POINT('',(4.91938155755,0.652741897498));
#3215 = CARTESIAN_POINT('',(4.925684427252,0.641036186886));
#3216 = CARTESIAN_POINT('',(4.931760191073,0.629287614554));
#3217 = CARTESIAN_POINT('',(4.937630000766,0.61750205116));
#3218 = CARTESIAN_POINT('',(4.943311642157,0.605684108612));
#3219 = CARTESIAN_POINT('',(4.948820203227,0.593837275002));
#3220 = CARTESIAN_POINT('',(4.959430487298,0.570284122184));
#3221 = CARTESIAN_POINT('',(4.964537167863,0.558579108108));
#3222 = CARTESIAN_POINT('',(4.969501286304,0.546851807759));
#3223 = CARTESIAN_POINT('',(4.974333234773,0.535104534379));
#3224 = CARTESIAN_POINT('',(4.979041930423,0.523339230122));
#3225 = CARTESIAN_POINT('',(4.983635188626,0.51155752851));
#3226 = CARTESIAN_POINT('',(4.988119961969,0.499760794149));
#3227 = CARTESIAN_POINT('',(5.000986639153,0.465085502717));
#3228 = CARTESIAN_POINT('',(5.009087284566,0.442169227538));
#3229 = CARTESIAN_POINT('',(5.016849383634,0.419209481772));
#3230 = CARTESIAN_POINT('',(5.02430728195,0.396212527196));
#3231 = CARTESIAN_POINT('',(5.031488918954,0.373183315444));
#3232 = CARTESIAN_POINT('',(5.038417790963,0.350125760169));
#3233 = CARTESIAN_POINT('',(5.045113825394,0.327042857029));
#3234 = CARTESIAN_POINT('',(5.058027321746,0.28100044225));
#3235 = CARTESIAN_POINT('',(5.064247836105,0.258041627962));
#3236 = CARTESIAN_POINT('',(5.070272761608,0.235062830015));
#3237 = CARTESIAN_POINT('',(5.076116328911,0.212066097061));
#3238 = CARTESIAN_POINT('',(5.081790793773,0.189053152125));
#3239 = CARTESIAN_POINT('',(5.087306916935,0.166025448518));
#3240 = CARTESIAN_POINT('',(5.09267427583,0.142984205828));
#3241 = CARTESIAN_POINT('',(5.101296719039,0.104955723581));
#3242 = CARTESIAN_POINT('',(5.10463286207,8.997575622186E-02));
#3243 = CARTESIAN_POINT('',(5.107912174819,7.499081417349E-02));
#3244 = CARTESIAN_POINT('',(5.11113681982,6.000116273968E-02));
#3245 = CARTESIAN_POINT('',(5.114308802392,4.500704413096E-02));
#3246 = CARTESIAN_POINT('',(5.117429988488,3.000867932345E-02));
#3247 = CARTESIAN_POINT('',(5.120502122555,1.500626991813E-02));
#3248 = CARTESIAN_POINT('',(5.123526845383,0.));
#3249 = ( GEOMETRIC_REPRESENTATION_CONTEXT(2) 
PARAMETRIC_REPRESENTATION_CONTEXT() REPRESENTATION_CONTEXT('2D SPACE',''
  ) );
#3250 = ORIENTED_EDGE('',*,*,#1403,.F.);
#3251 = ORIENTED_EDGE('',*,*,#1999,.F.);
#3252 = ORIENTED_EDGE('',*,*,#3253,.T.);
#3253 = EDGE_CURVE('',#2000,#3254,#3256,.T.);
#3254 = VERTEX_POINT('',#3255);
#3255 = CARTESIAN_POINT('',(46.75854956431,9.551424144185,209.5));
#3256 = SURFACE_CURVE('',#3257,(#3270,#3286),.PCURVE_S1.);
#3257 = B_SPLINE_CURVE_WITH_KNOTS('',6,(#3258,#3259,#3260,#3261,#3262,
    #3263,#3264,#3265,#3266,#3267,#3268,#3269),.UNSPECIFIED.,.F.,.F.,(7,
    5,7),(0.,0.564435637411,1.),.UNSPECIFIED.);
#3258 = CARTESIAN_POINT('',(45.,11.085932628932,209.5));
#3259 = CARTESIAN_POINT('',(45.491388603598,10.725445229312,209.5));
#3260 = CARTESIAN_POINT('',(45.963256130592,10.338238320876,209.5));
#3261 = CARTESIAN_POINT('',(46.414562092664,9.926495646951,209.5));
#3262 = CARTESIAN_POINT('',(46.844257460522,9.492179560781,209.5));
#3263 = CARTESIAN_POINT('',(47.251272122428,9.037020456171,209.5));
#3264 = CARTESIAN_POINT('',(47.930139622843,8.196231709839,209.5));
#3265 = CARTESIAN_POINT('',(48.211609325802,7.818486057339,209.5));
#3266 = CARTESIAN_POINT('',(48.478317056669,7.429891739807,209.5));
#3267 = CARTESIAN_POINT('',(48.729627514987,7.031109289932,209.5));
#3268 = CARTESIAN_POINT('',(48.964833331889,6.622794562621,209.5));
#3269 = CARTESIAN_POINT('',(49.183177117194,6.20561289761,209.5));
#3270 = PCURVE('',#174,#3271);
#3271 = DEFINITIONAL_REPRESENTATION('',(#3272),#3285);
#3272 = B_SPLINE_CURVE_WITH_KNOTS('',6,(#3273,#3274,#3275,#3276,#3277,
    #3278,#3279,#3280,#3281,#3282,#3283,#3284),.UNSPECIFIED.,.F.,.F.,(7,
    5,7),(0.,0.564435637411,1.),.UNSPECIFIED.);
#3273 = CARTESIAN_POINT('',(295.,261.08593262893));
#3274 = CARTESIAN_POINT('',(295.49138860359,260.72544522931));
#3275 = CARTESIAN_POINT('',(295.96325613059,260.33823832087));
#3276 = CARTESIAN_POINT('',(296.41456209266,259.92649564695));
#3277 = CARTESIAN_POINT('',(296.84425746052,259.49217956078));
#3278 = CARTESIAN_POINT('',(297.25127212242,259.03702045617));
#3279 = CARTESIAN_POINT('',(297.93013962284,258.19623170983));
#3280 = CARTESIAN_POINT('',(298.2116093258,257.81848605733));
#3281 = CARTESIAN_POINT('',(298.47831705666,257.4298917398));
#3282 = CARTESIAN_POINT('',(298.72962751498,257.03110928993));
#3283 = CARTESIAN_POINT('',(298.96483333188,256.62279456262));
#3284 = CARTESIAN_POINT('',(299.18317711719,256.20561289761));
#3285 = ( GEOMETRIC_REPRESENTATION_CONTEXT(2) 
PARAMETRIC_REPRESENTATION_CONTEXT() REPRESENTATION_CONTEXT('2D SPACE',''
  ) );
#3286 = PCURVE('',#2446,#3287);
#3287 = DEFINITIONAL_REPRESENTATION('',(#3288),#3301);
#3288 = B_SPLINE_CURVE_WITH_KNOTS('',6,(#3289,#3290,#3291,#3292,#3293,
    #3294,#3295,#3296,#3297,#3298,#3299,#3300),.UNSPECIFIED.,.F.,.F.,(7,
    5,7),(0.,0.564435637411,1.),.UNSPECIFIED.);
#3289 = CARTESIAN_POINT('',(4.46986089784,0.222222222222));
#3290 = CARTESIAN_POINT('',(4.414215900343,0.276820955955));
#3291 = CARTESIAN_POINT('',(4.357795329435,0.329250681177));
#3292 = CARTESIAN_POINT('',(4.300522837612,0.379395788074));
#3293 = CARTESIAN_POINT('',(4.242326795077,0.427139717836));
#3294 = CARTESIAN_POINT('',(4.183136187662,0.472363569159));
#3295 = CARTESIAN_POINT('',(4.076375337241,0.547793291427));
#3296 = CARTESIAN_POINT('',(4.029241504189,0.579067702867));
#3297 = CARTESIAN_POINT('',(3.981443477061,0.608701895185));
#3298 = CARTESIAN_POINT('',(3.932958728311,0.636625279443));
#3299 = CARTESIAN_POINT('',(3.883775772825,0.662759259099));
#3300 = CARTESIAN_POINT('',(3.833896155123,0.687019679688));
#3301 = ( GEOMETRIC_REPRESENTATION_CONTEXT(2) 
PARAMETRIC_REPRESENTATION_CONTEXT() REPRESENTATION_CONTEXT('2D SPACE',''
  ) );
#3302 = ORIENTED_EDGE('',*,*,#3303,.F.);
#3303 = EDGE_CURVE('',#3304,#3254,#3306,.T.);
#3304 = VERTEX_POINT('',#3305);
#3305 = CARTESIAN_POINT('',(48.695563189414,7.229462319741,209.5));
#3306 = SURFACE_CURVE('',#3307,(#3346,#3388),.PCURVE_S1.);
#3307 = B_SPLINE_CURVE_WITH_KNOTS('',7,(#3308,#3309,#3310,#3311,#3312,
    #3313,#3314,#3315,#3316,#3317,#3318,#3319,#3320,#3321,#3322,#3323,
    #3324,#3325,#3326,#3327,#3328,#3329,#3330,#3331,#3332,#3333,#3334,
    #3335,#3336,#3337,#3338,#3339,#3340,#3341,#3342,#3343,#3344,#3345),
  .UNSPECIFIED.,.F.,.F.,(8,6,6,6,6,6,8),(0.,0.154899924643,
    0.336515469585,0.500782978621,0.662985964973,0.845160688029,1.),
  .UNSPECIFIED.);
#3308 = CARTESIAN_POINT('',(45.,-10.99973722074,209.5));
#3309 = CARTESIAN_POINT('',(45.472659512397,-10.67262823857,209.5));
#3310 = CARTESIAN_POINT('',(45.928826677224,-10.32161486362,209.5));
#3311 = CARTESIAN_POINT('',(46.367684710039,-9.948421284009,209.5));
#3312 = CARTESIAN_POINT('',(46.788427105404,-9.554633155549,209.5));
#3313 = CARTESIAN_POINT('',(47.19025050209,-9.141691116518,209.5));
#3314 = CARTESIAN_POINT('',(47.572334415494,-8.710869960555,209.5));
#3315 = CARTESIAN_POINT('',(48.357624650782,-7.738414746232,209.5));
#3316 = CARTESIAN_POINT('',(48.753016081582,-7.190598458911,209.5));
#3317 = CARTESIAN_POINT('',(49.118597535911,-6.621546663139,209.5));
#3318 = CARTESIAN_POINT('',(49.452599056858,-6.032994067707,209.5));
#3319 = CARTESIAN_POINT('',(49.752988160135,-5.426730774732,209.5));
#3320 = CARTESIAN_POINT('',(50.017551994213,-4.804644701918,209.5));
#3321 = CARTESIAN_POINT('',(50.449100418833,-3.593806157026,209.5));
#3322 = CARTESIAN_POINT('',(50.62299528261,-3.007534343605,209.5));
#3323 = CARTESIAN_POINT('',(50.764147617942,-2.411900942849,209.5));
#3324 = CARTESIAN_POINT('',(50.871005451574,-1.808935036922,209.5));
#3325 = CARTESIAN_POINT('',(50.942349075346,-1.200870641213,209.5));
#3326 = CARTESIAN_POINT('',(50.977487603293,-0.590183720804,209.5));
#3327 = CARTESIAN_POINT('',(50.975432099787,0.623242021237,209.5));
#3328 = CARTESIAN_POINT('',(50.939141315036,1.226129237649,209.5));
#3329 = CARTESIAN_POINT('',(50.867575003583,1.826376217878,209.5));
#3330 = CARTESIAN_POINT('',(50.76141141194,2.421602679075,209.5));
#3331 = CARTESIAN_POINT('',(50.621828720507,3.009659863253,209.5));
#3332 = CARTESIAN_POINT('',(50.450319338696,3.588595586174,209.5));
#3333 = CARTESIAN_POINT('',(50.021836990075,4.794592257203,209.5));
#3334 = CARTESIAN_POINT('',(49.756939694471,5.418808303007,209.5));
#3335 = CARTESIAN_POINT('',(49.455971984658,6.027124599185,209.5));
#3336 = CARTESIAN_POINT('',(49.121168918089,6.617634482175,209.5));
#3337 = CARTESIAN_POINT('',(48.754583369138,7.188530790517,209.5));
#3338 = CARTESIAN_POINT('',(48.358002585315,7.738062860181,209.5));
#3339 = CARTESIAN_POINT('',(47.571442359318,8.711875779801,209.5));
#3340 = CARTESIAN_POINT('',(47.18946874319,9.142494499916,209.5));
#3341 = CARTESIAN_POINT('',(46.787772294413,9.555246017068,209.5));
#3342 = CARTESIAN_POINT('',(46.367172476493,9.948856869673,209.5));
#3343 = CARTESIAN_POINT('',(45.928471702591,10.321887986832,209.5));
#3344 = CARTESIAN_POINT('',(45.472475572003,10.672755486717,209.5));
#3345 = CARTESIAN_POINT('',(45.,10.999737160116,209.5));
#3346 = PCURVE('',#174,#3347);
#3347 = DEFINITIONAL_REPRESENTATION('',(#3348),#3387);
#3348 = B_SPLINE_CURVE_WITH_KNOTS('',7,(#3349,#3350,#3351,#3352,#3353,
    #3354,#3355,#3356,#3357,#3358,#3359,#3360,#3361,#3362,#3363,#3364,
    #3365,#3366,#3367,#3368,#3369,#3370,#3371,#3372,#3373,#3374,#3375,
    #3376,#3377,#3378,#3379,#3380,#3381,#3382,#3383,#3384,#3385,#3386),
  .UNSPECIFIED.,.F.,.F.,(8,6,6,6,6,6,8),(0.,0.154899924643,
    0.336515469585,0.500782978621,0.662985964973,0.845160688029,1.),
  .UNSPECIFIED.);
#3349 = CARTESIAN_POINT('',(295.,239.00026277926));
#3350 = CARTESIAN_POINT('',(295.47265951239,239.32737176143));
#3351 = CARTESIAN_POINT('',(295.92882667722,239.67838513638));
#3352 = CARTESIAN_POINT('',(296.36768471003,240.05157871599));
#3353 = CARTESIAN_POINT('',(296.7884271054,240.44536684445));
#3354 = CARTESIAN_POINT('',(297.19025050209,240.85830888348));
#3355 = CARTESIAN_POINT('',(297.57233441549,241.28913003944));
#3356 = CARTESIAN_POINT('',(298.35762465078,242.26158525376));
#3357 = CARTESIAN_POINT('',(298.75301608158,242.80940154108));
#3358 = CARTESIAN_POINT('',(299.11859753591,243.37845333686));
#3359 = CARTESIAN_POINT('',(299.45259905685,243.96700593229));
#3360 = CARTESIAN_POINT('',(299.75298816013,244.57326922526));
#3361 = CARTESIAN_POINT('',(300.01755199421,245.19535529808));
#3362 = CARTESIAN_POINT('',(300.44910041883,246.40619384297));
#3363 = CARTESIAN_POINT('',(300.62299528261,246.99246565639));
#3364 = CARTESIAN_POINT('',(300.76414761794,247.58809905715));
#3365 = CARTESIAN_POINT('',(300.87100545157,248.19106496307));
#3366 = CARTESIAN_POINT('',(300.94234907534,248.79912935878));
#3367 = CARTESIAN_POINT('',(300.97748760329,249.40981627919));
#3368 = CARTESIAN_POINT('',(300.97543209978,250.62324202123));
#3369 = CARTESIAN_POINT('',(300.93914131503,251.22612923764));
#3370 = CARTESIAN_POINT('',(300.86757500358,251.82637621787));
#3371 = CARTESIAN_POINT('',(300.76141141194,252.42160267907));
#3372 = CARTESIAN_POINT('',(300.6218287205,253.00965986325));
#3373 = CARTESIAN_POINT('',(300.45031933869,253.58859558617));
#3374 = CARTESIAN_POINT('',(300.02183699007,254.7945922572));
#3375 = CARTESIAN_POINT('',(299.75693969447,255.418808303));
#3376 = CARTESIAN_POINT('',(299.45597198465,256.02712459918));
#3377 = CARTESIAN_POINT('',(299.12116891808,256.61763448217));
#3378 = CARTESIAN_POINT('',(298.75458336913,257.18853079051));
#3379 = CARTESIAN_POINT('',(298.35800258531,257.73806286018));
#3380 = CARTESIAN_POINT('',(297.57144235931,258.7118757798));
#3381 = CARTESIAN_POINT('',(297.18946874319,259.14249449991));
#3382 = CARTESIAN_POINT('',(296.78777229441,259.55524601706));
#3383 = CARTESIAN_POINT('',(296.36717247649,259.94885686967));
#3384 = CARTESIAN_POINT('',(295.92847170259,260.32188798683));
#3385 = CARTESIAN_POINT('',(295.472475572,260.67275548671));
#3386 = CARTESIAN_POINT('',(295.,260.99973716011));
#3387 = ( GEOMETRIC_REPRESENTATION_CONTEXT(2) 
PARAMETRIC_REPRESENTATION_CONTEXT() REPRESENTATION_CONTEXT('2D SPACE',''
  ) );
#3388 = PCURVE('',#3389,#3416);
#3389 = B_SPLINE_SURFACE_WITH_KNOTS('',12,1,(
    (#3390,#3391)
    ,(#3392,#3393)
    ,(#3394,#3395)
    ,(#3396,#3397)
    ,(#3398,#3399)
    ,(#3400,#3401)
    ,(#3402,#3403)
    ,(#3404,#3405)
    ,(#3406,#3407)
    ,(#3408,#3409)
    ,(#3410,#3411)
    ,(#3412,#3413)
    ,(#3414,#3415
    )),.UNSPECIFIED.,.F.,.F.,.F.,(13,13),(2,2),(0.,4.712388980385),(0.,
    1.),.PIECEWISE_BEZIER_KNOTS.);
#3390 = CARTESIAN_POINT('',(43.3,1.7763568394E-15,225.));
#3391 = CARTESIAN_POINT('',(52.3,1.7763568394E-15,234.));
#3392 = CARTESIAN_POINT('',(43.300000000005,-4.712388980386,
    225.00000000003));
#3393 = CARTESIAN_POINT('',(52.300000000004,-3.14159265359,
    234.00000000002));
#3394 = CARTESIAN_POINT('',(43.299999999981,-9.424775850539,
    222.47651829027));
#3395 = CARTESIAN_POINT('',(52.299999999982,-6.28318390036,
    232.14944674618));
#3396 = CARTESIAN_POINT('',(43.300000000047,-13.18585290512,
    217.42958948035));
#3397 = CARTESIAN_POINT('',(52.300000000042,-8.790568603418,
    228.44836561895));
#3398 = CARTESIAN_POINT('',(43.299999999919,-15.04418583417,
    210.48167554756));
#3399 = CARTESIAN_POINT('',(52.29999999993,-10.02945722278,
    223.35322873485));
#3400 = CARTESIAN_POINT('',(43.300000000109,-14.34219999333,
    202.87869956523));
#3401 = CARTESIAN_POINT('',(52.300000000088,-9.561466662225,
    217.7777130145));
#3402 = CARTESIAN_POINT('',(43.299999999882,-11.00801090852,
    196.23998636343));
#3403 = CARTESIAN_POINT('',(52.299999999913,-7.338673939015,
    212.90932333322));
#3404 = CARTESIAN_POINT('',(43.300000000103,-5.697040348477,
    192.07225000913));
#3405 = CARTESIAN_POINT('',(52.30000000007,-3.798026898987,
    209.85298333996));
#3406 = CARTESIAN_POINT('',(43.299999999928,0.385340438526,
    191.19476770672));
#3407 = CARTESIAN_POINT('',(52.299999999955,0.256893625686,
    209.20949631833));
#3408 = CARTESIAN_POINT('',(43.300000000039,5.943671584017,
    193.51768386889));
#3409 = CARTESIAN_POINT('',(52.300000000023,3.962447722677,
    210.91296817048));
#3410 = CARTESIAN_POINT('',(43.299999999985,9.981214632325,
    198.21903018671));
#3411 = CARTESIAN_POINT('',(52.299999999991,6.654143088217,
    214.36062213693));
#3412 = CARTESIAN_POINT('',(43.300000000004,12.,204.10951377454));
#3413 = CARTESIAN_POINT('',(52.300000000002,8.,218.68031010132));
#3414 = CARTESIAN_POINT('',(43.3,12.,210.));
#3415 = CARTESIAN_POINT('',(52.3,8.,223.));
#3416 = DEFINITIONAL_REPRESENTATION('',(#3417),#3456);
#3417 = B_SPLINE_CURVE_WITH_KNOTS('',7,(#3418,#3419,#3420,#3421,#3422,
    #3423,#3424,#3425,#3426,#3427,#3428,#3429,#3430,#3431,#3432,#3433,
    #3434,#3435,#3436,#3437,#3438,#3439,#3440,#3441,#3442,#3443,#3444,
    #3445,#3446,#3447,#3448,#3449,#3450,#3451,#3452,#3453,#3454,#3455),
  .UNSPECIFIED.,.F.,.F.,(8,6,6,6,6,6,8),(0.,0.154899924643,
    0.336515469585,0.500782978621,0.662985964973,0.845160688029,1.),
  .UNSPECIFIED.);
#3418 = CARTESIAN_POINT('',(1.779803006762,0.188888888889));
#3419 = CARTESIAN_POINT('',(1.831926891405,0.241406612489));
#3420 = CARTESIAN_POINT('',(1.884697989408,0.292091853025));
#3421 = CARTESIAN_POINT('',(1.938173324464,0.340853856671));
#3422 = CARTESIAN_POINT('',(1.992407351883,0.387603011712));
#3423 = CARTESIAN_POINT('',(2.047453814586,0.432250055788));
#3424 = CARTESIAN_POINT('',(2.103367786377,0.474703823944));
#3425 = CARTESIAN_POINT('',(2.226851244575,0.561958294531));
#3426 = CARTESIAN_POINT('',(2.294753223055,0.605890675731));
#3427 = CARTESIAN_POINT('',(2.364007044399,0.646510837323));
#3428 = CARTESIAN_POINT('',(2.434666504271,0.683622117429));
#3429 = CARTESIAN_POINT('',(2.506744519027,0.716998684459));
#3430 = CARTESIAN_POINT('',(2.580198532622,0.746394666024));
#3431 = CARTESIAN_POINT('',(2.722497036922,0.794344490981));
#3432 = CARTESIAN_POINT('',(2.791112932682,0.813666142512));
#3433 = CARTESIAN_POINT('',(2.860647655842,0.829349735327));
#3434 = CARTESIAN_POINT('',(2.930937138844,0.841222827953));
#3435 = CARTESIAN_POINT('',(3.00176594694,0.849149897261));
#3436 = CARTESIAN_POINT('',(3.072872620025,0.853054178144));
#3437 = CARTESIAN_POINT('',(3.214161936952,0.852825788865));
#3438 = CARTESIAN_POINT('',(3.284361744602,0.848793479449));
#3439 = CARTESIAN_POINT('',(3.354281872914,0.840841667065));
#3440 = CARTESIAN_POINT('',(3.423671488767,0.829045712438));
#3441 = CARTESIAN_POINT('',(3.492323813413,0.813536524501));
#3442 = CARTESIAN_POINT('',(3.560081063433,0.794479926522));
#3443 = CARTESIAN_POINT('',(3.701799755342,0.746870776675));
#3444 = CARTESIAN_POINT('',(3.77549861129,0.71743774383));
#3445 = CARTESIAN_POINT('',(3.847813469498,0.683996887184));
#3446 = CARTESIAN_POINT('',(3.918700882092,0.646796546454));
#3447 = CARTESIAN_POINT('',(3.988173671025,0.606064818793));
#3448 = CARTESIAN_POINT('',(4.056286062137,0.562000287257));
#3449 = CARTESIAN_POINT('',(4.179948056529,0.474604706591));
#3450 = CARTESIAN_POINT('',(4.235838581433,0.432163193688));
#3451 = CARTESIAN_POINT('',(4.290862356657,0.387530254935));
#3452 = CARTESIAN_POINT('',(4.345074395424,0.340796941833));
#3453 = CARTESIAN_POINT('',(4.398528378844,0.292052411399));
#3454 = CARTESIAN_POINT('',(4.451278696047,0.241386174667));
#3455 = CARTESIAN_POINT('',(4.503382296563,0.188888888889));
#3456 = ( GEOMETRIC_REPRESENTATION_CONTEXT(2) 
PARAMETRIC_REPRESENTATION_CONTEXT() REPRESENTATION_CONTEXT('2D SPACE',''
  ) );
#3457 = ORIENTED_EDGE('',*,*,#3458,.T.);
#3458 = EDGE_CURVE('',#3304,#3459,#3461,.T.);
#3459 = VERTEX_POINT('',#3460);
#3460 = CARTESIAN_POINT('',(65.,4.805651142625,209.5));
#3461 = SURFACE_CURVE('',#3462,(#3495,#3531),.PCURVE_S1.);
#3462 = B_SPLINE_CURVE_WITH_KNOTS('',7,(#3463,#3464,#3465,#3466,#3467,
    #3468,#3469,#3470,#3471,#3472,#3473,#3474,#3475,#3476,#3477,#3478,
    #3479,#3480,#3481,#3482,#3483,#3484,#3485,#3486,#3487,#3488,#3489,
    #3490,#3491,#3492,#3493,#3494),.UNSPECIFIED.,.F.,.F.,(8,6,6,6,6,8),(
    0.,0.242164528127,0.483912514333,0.727522326894,0.976048810422,1.),
  .UNSPECIFIED.);
#3463 = CARTESIAN_POINT('',(45.,7.234896655788,209.5));
#3464 = CARTESIAN_POINT('',(45.699985932117,7.248807054812,209.5));
#3465 = CARTESIAN_POINT('',(46.400100923675,7.256188507987,209.5));
#3466 = CARTESIAN_POINT('',(47.100275543651,7.256999377634,209.5));
#3467 = CARTESIAN_POINT('',(47.800436162986,7.251176199227,209.5));
#3468 = CARTESIAN_POINT('',(48.500504878739,7.238629726448,209.5));
#3469 = CARTESIAN_POINT('',(49.200399438249,7.21924097624,209.5));
#3470 = CARTESIAN_POINT('',(50.59846346363,7.166518953505,209.5));
#3471 = CARTESIAN_POINT('',(51.296628270365,7.133209690567,209.5));
#3472 = CARTESIAN_POINT('',(51.994444479716,7.092777108043,209.5));
#3473 = CARTESIAN_POINT('',(52.69181446737,7.045033009399,209.5));
#3474 = CARTESIAN_POINT('',(53.388625797744,6.989749084071,209.5));
#3475 = CARTESIAN_POINT('',(54.084750369399,6.92664523706,209.5));
#3476 = CARTESIAN_POINT('',(55.480690432163,6.783546924921,209.5));
#3477 = CARTESIAN_POINT('',(56.180475664791,6.703427598703,209.5));
#3478 = CARTESIAN_POINT('',(56.879264062967,6.614653852296,209.5));
#3479 = CARTESIAN_POINT('',(57.576873191608,6.516790776473,209.5));
#3480 = CARTESIAN_POINT('',(58.273071712611,6.409318302058,209.5));
#3481 = CARTESIAN_POINT('',(58.967573134633,6.291588842851,209.5));
#3482 = CARTESIAN_POINT('',(60.36645113275,6.031313977691,209.5));
#3483 = CARTESIAN_POINT('',(61.070638480878,5.88833552942,209.5));
#3484 = CARTESIAN_POINT('',(61.772317326086,5.73289380424,209.5));
#3485 = CARTESIAN_POINT('',(62.470994870539,5.563874666944,209.5));
#3486 = CARTESIAN_POINT('',(63.165915888369,5.37983478206,209.5));
#3487 = CARTESIAN_POINT('',(63.856057053771,5.178969199064,209.5));
#3488 = CARTESIAN_POINT('',(64.605845618815,4.937130742494,209.5));
#3489 = CARTESIAN_POINT('',(64.671694262249,4.915689905356,209.5));
#3490 = CARTESIAN_POINT('',(64.737482548918,4.894063663266,209.5));
#3491 = CARTESIAN_POINT('',(64.803208927097,4.872249398494,209.5));
#3492 = CARTESIAN_POINT('',(64.868871772167,4.850244400622,209.5));
#3493 = CARTESIAN_POINT('',(64.934469386608,4.828045866548,209.5));
#3494 = CARTESIAN_POINT('',(65.,4.805650900483,209.5));
#3495 = PCURVE('',#174,#3496);
#3496 = DEFINITIONAL_REPRESENTATION('',(#3497),#3530);
#3497 = B_SPLINE_CURVE_WITH_KNOTS('',7,(#3498,#3499,#3500,#3501,#3502,
    #3503,#3504,#3505,#3506,#3507,#3508,#3509,#3510,#3511,#3512,#3513,
    #3514,#3515,#3516,#3517,#3518,#3519,#3520,#3521,#3522,#3523,#3524,
    #3525,#3526,#3527,#3528,#3529),.UNSPECIFIED.,.F.,.F.,(8,6,6,6,6,8),(
    0.,0.242164528127,0.483912514333,0.727522326894,0.976048810422,1.),
  .UNSPECIFIED.);
#3498 = CARTESIAN_POINT('',(295.,257.23489665578));
#3499 = CARTESIAN_POINT('',(295.69998593211,257.24880705481));
#3500 = CARTESIAN_POINT('',(296.40010092367,257.25618850798));
#3501 = CARTESIAN_POINT('',(297.10027554365,257.25699937763));
#3502 = CARTESIAN_POINT('',(297.80043616298,257.25117619922));
#3503 = CARTESIAN_POINT('',(298.50050487873,257.23862972644));
#3504 = CARTESIAN_POINT('',(299.20039943824,257.21924097624));
#3505 = CARTESIAN_POINT('',(300.59846346363,257.1665189535));
#3506 = CARTESIAN_POINT('',(301.29662827036,257.13320969056));
#3507 = CARTESIAN_POINT('',(301.99444447971,257.09277710804));
#3508 = CARTESIAN_POINT('',(302.69181446737,257.04503300939));
#3509 = CARTESIAN_POINT('',(303.38862579774,256.98974908407));
#3510 = CARTESIAN_POINT('',(304.08475036939,256.92664523706));
#3511 = CARTESIAN_POINT('',(305.48069043216,256.78354692492));
#3512 = CARTESIAN_POINT('',(306.18047566479,256.7034275987));
#3513 = CARTESIAN_POINT('',(306.87926406296,256.61465385229));
#3514 = CARTESIAN_POINT('',(307.5768731916,256.51679077647));
#3515 = CARTESIAN_POINT('',(308.27307171261,256.40931830205));
#3516 = CARTESIAN_POINT('',(308.96757313463,256.29158884285));
#3517 = CARTESIAN_POINT('',(310.36645113275,256.03131397769));
#3518 = CARTESIAN_POINT('',(311.07063848087,255.88833552942));
#3519 = CARTESIAN_POINT('',(311.77231732608,255.73289380424));
#3520 = CARTESIAN_POINT('',(312.47099487053,255.56387466694));
#3521 = CARTESIAN_POINT('',(313.16591588836,255.37983478206));
#3522 = CARTESIAN_POINT('',(313.85605705377,255.17896919906));
#3523 = CARTESIAN_POINT('',(314.60584561881,254.93713074249));
#3524 = CARTESIAN_POINT('',(314.67169426224,254.91568990535));
#3525 = CARTESIAN_POINT('',(314.73748254891,254.89406366326));
#3526 = CARTESIAN_POINT('',(314.80320892709,254.87224939849));
#3527 = CARTESIAN_POINT('',(314.86887177216,254.85024440062));
#3528 = CARTESIAN_POINT('',(314.9344693866,254.82804586654));
#3529 = CARTESIAN_POINT('',(315.,254.80565090048));
#3530 = ( GEOMETRIC_REPRESENTATION_CONTEXT(2) 
PARAMETRIC_REPRESENTATION_CONTEXT() REPRESENTATION_CONTEXT('2D SPACE',''
  ) );
#3531 = PCURVE('',#3532,#3563);
#3532 = B_SPLINE_SURFACE_WITH_KNOTS('',14,1,(
    (#3533,#3534)
    ,(#3535,#3536)
    ,(#3537,#3538)
    ,(#3539,#3540)
    ,(#3541,#3542)
    ,(#3543,#3544)
    ,(#3545,#3546)
    ,(#3547,#3548)
    ,(#3549,#3550)
    ,(#3551,#3552)
    ,(#3553,#3554)
    ,(#3555,#3556)
    ,(#3557,#3558)
    ,(#3559,#3560)
    ,(#3561,#3562
    )),.UNSPECIFIED.,.T.,.F.,.F.,(1,14,14,1),(2,2),(-6.28318530718,0.,
    6.28318530718,12.56637061436),(0.,1.),.UNSPECIFIED.);
#3533 = CARTESIAN_POINT('',(45.,19.8,227.));
#3534 = CARTESIAN_POINT('',(65.,32.8,237.));
#3535 = CARTESIAN_POINT('',(44.999999999999,19.800000000003,
    235.43742026963));
#3536 = CARTESIAN_POINT('',(65.,32.800000000002,249.47661082427));
#3537 = CARTESIAN_POINT('',(45.000000000008,15.505095648238,
    243.8748436538));
#3538 = CARTESIAN_POINT('',(65.000000000005,25.685208952653,
    261.95322625389));
#3539 = CARTESIAN_POINT('',(44.999999999963,6.91528145415,
    250.17700371529));
#3540 = CARTESIAN_POINT('',(64.99999999996,11.455617762385,
    271.27237783469));
#3541 = CARTESIAN_POINT('',(45.000000000111,-4.684890171842,
    252.20887480226));
#3542 = CARTESIAN_POINT('',(65.000000000143,-7.760828163366,
    274.27695316422));
#3543 = CARTESIAN_POINT('',(44.999999999761,-16.72655807596,
    248.60076498554));
#3544 = CARTESIAN_POINT('',(64.999999999658,-27.70864166133,
    268.94155673534));
#3545 = CARTESIAN_POINT('',(45.000000000389,-25.91902569286,
    239.51864261317));
#3546 = CARTESIAN_POINT('',(65.000000000595,-42.93656781425,
    255.51160981971));
#3547 = CARTESIAN_POINT('',(44.999999999508,-29.37980632053,
    226.99999999759));
#3548 = CARTESIAN_POINT('',(64.999999999207,-48.66957814734,
    236.9999999985));
#3549 = CARTESIAN_POINT('',(45.000000000493,-25.91902569286,
    214.48135739114));
#3550 = CARTESIAN_POINT('',(65.000000000829,-42.93656781427,
    218.48839018291));
#3551 = CARTESIAN_POINT('',(44.999999999604,-16.72655807596,
    205.39923501136));
#3552 = CARTESIAN_POINT('',(64.999999999315,-27.7086416613,
    205.05844326284));
#3553 = CARTESIAN_POINT('',(45.000000000253,-4.684890171845,
    201.79112519949));
#3554 = CARTESIAN_POINT('',(65.000000000445,-7.76082816339,
    199.72304683673));
#3555 = CARTESIAN_POINT('',(44.999999999874,6.915281454151,
    203.82299628392));
#3556 = CARTESIAN_POINT('',(64.999999999778,11.455617762401,
    202.72762216491));
#3557 = CARTESIAN_POINT('',(45.000000000046,15.505095648238,
    210.12515634645));
#3558 = CARTESIAN_POINT('',(65.00000000008,25.685208952646,
    212.04677374621));
#3559 = CARTESIAN_POINT('',(44.99999999999,19.800000000004,
    218.56257973031));
#3560 = CARTESIAN_POINT('',(64.999999999983,32.800000000004,
    224.5233891757));
#3561 = CARTESIAN_POINT('',(45.,19.8,227.));
#3562 = CARTESIAN_POINT('',(65.,32.8,237.));
#3563 = DEFINITIONAL_REPRESENTATION('',(#3564),#3597);
#3564 = B_SPLINE_CURVE_WITH_KNOTS('',7,(#3565,#3566,#3567,#3568,#3569,
    #3570,#3571,#3572,#3573,#3574,#3575,#3576,#3577,#3578,#3579,#3580,
    #3581,#3582,#3583,#3584,#3585,#3586,#3587,#3588,#3589,#3590,#3591,
    #3592,#3593,#3594,#3595,#3596),.UNSPECIFIED.,.F.,.F.,(8,6,6,6,6,8),(
    0.182621026495,0.242164527868,0.483912512922,0.727522324323,
    0.976048806667,0.999999996131),.UNSPECIFIED.);
#3565 = CARTESIAN_POINT('',(5.044056813027,0.184778159446));
#3566 = CARTESIAN_POINT('',(5.042131927606,0.193383249647));
#3567 = CARTESIAN_POINT('',(5.040211594944,0.201987865452));
#3568 = CARTESIAN_POINT('',(5.038295650371,0.210591945651));
#3569 = CARTESIAN_POINT('',(5.036383929505,0.219195428235));
#3570 = CARTESIAN_POINT('',(5.03447626804,0.227798250393));
#3571 = CARTESIAN_POINT('',(5.032572501521,0.236400348512));
#3572 = CARTESIAN_POINT('',(5.0229582737,0.279923173181));
#3573 = CARTESIAN_POINT('',(5.015305627401,0.314831413518));
#3574 = CARTESIAN_POINT('',(5.007703458646,0.349722223986));
#3575 = CARTESIAN_POINT('',(5.00014067556,0.384590723369));
#3576 = CARTESIAN_POINT('',(4.992605925206,0.419431289887));
#3577 = CARTESIAN_POINT('',(4.985087202634,0.45423751847));
#3578 = CARTESIAN_POINT('',(4.969997525086,0.524034521608));
#3579 = CARTESIAN_POINT('',(4.962426793534,0.55902378324));
#3580 = CARTESIAN_POINT('',(4.954845480596,0.593963203148));
#3581 = CARTESIAN_POINT('',(4.947238903915,0.62884365958));
#3582 = CARTESIAN_POINT('',(4.939590960108,0.663653585631));
#3583 = CARTESIAN_POINT('',(4.931882938376,0.698378656732));
#3584 = CARTESIAN_POINT('',(4.916142844548,0.768322556637));
#3585 = CARTESIAN_POINT('',(4.908108566522,0.803531924044));
#3586 = CARTESIAN_POINT('',(4.899962631555,0.838615866304));
#3587 = CARTESIAN_POINT('',(4.891675916793,0.873549743527));
#3588 = CARTESIAN_POINT('',(4.883212196957,0.908295794418));
#3589 = CARTESIAN_POINT('',(4.874526985915,0.942802852689));
#3590 = CARTESIAN_POINT('',(4.864683082924,0.980292280941));
#3591 = CARTESIAN_POINT('',(4.863815073682,0.983584713112));
#3592 = CARTESIAN_POINT('',(4.862944286702,0.986874127446));
#3593 = CARTESIAN_POINT('',(4.862070657637,0.990160446355));
#3594 = CARTESIAN_POINT('',(4.8611941199,0.993443588608));
#3595 = CARTESIAN_POINT('',(4.860314604654,0.99672346933));
#3596 = CARTESIAN_POINT('',(4.859432044479,1.));
#3597 = ( GEOMETRIC_REPRESENTATION_CONTEXT(2) 
PARAMETRIC_REPRESENTATION_CONTEXT() REPRESENTATION_CONTEXT('2D SPACE',''
  ) );
#3598 = ORIENTED_EDGE('',*,*,#3599,.F.);
#3599 = EDGE_CURVE('',#2489,#3459,#3600,.T.);
#3600 = SURFACE_CURVE('',#3601,(#3646,#3694),.PCURVE_S1.);
#3601 = B_SPLINE_CURVE_WITH_KNOTS('',8,(#3602,#3603,#3604,#3605,#3606,
    #3607,#3608,#3609,#3610,#3611,#3612,#3613,#3614,#3615,#3616,#3617,
    #3618,#3619,#3620,#3621,#3622,#3623,#3624,#3625,#3626,#3627,#3628,
    #3629,#3630,#3631,#3632,#3633,#3634,#3635,#3636,#3637,#3638,#3639,
    #3640,#3641,#3642,#3643,#3644,#3645),.UNSPECIFIED.,.F.,.F.,(9,7,7,7,
    7,7,9),(0.,0.12485954514,0.2623411354,0.39944872553,0.620518210886,
    0.801168145801,1.),.UNSPECIFIED.);
#3602 = CARTESIAN_POINT('',(65.,-4.805650919285,209.5));
#3603 = CARTESIAN_POINT('',(65.203511908489,-4.707251925616,209.5));
#3604 = CARTESIAN_POINT('',(65.40613889528,-4.607034874592,209.5));
#3605 = CARTESIAN_POINT('',(65.607808853278,-4.504884965421,209.5));
#3606 = CARTESIAN_POINT('',(65.808433046403,-4.400675710219,209.5));
#3607 = CARTESIAN_POINT('',(66.007905176163,-4.29426713093,209.5));
#3608 = CARTESIAN_POINT('',(66.206099154179,-4.185501567692,209.5));
#3609 = CARTESIAN_POINT('',(66.402865580665,-4.074197098645,209.5));
#3610 = CARTESIAN_POINT('',(66.812917127907,-3.834549872932,209.5));
#3611 = CARTESIAN_POINT('',(67.025819845367,-3.705646415795,209.5));
#3612 = CARTESIAN_POINT('',(67.236534966954,-3.573121316715,209.5));
#3613 = CARTESIAN_POINT('',(67.444776138836,-3.436642325493,209.5));
#3614 = CARTESIAN_POINT('',(67.650159516483,-3.295836161181,209.5));
#3615 = CARTESIAN_POINT('',(67.852195377026,-3.150276239018,209.5));
#3616 = CARTESIAN_POINT('',(68.050266386553,-2.999451093186,209.5));
#3617 = CARTESIAN_POINT('',(68.436360367403,-2.686356953328,209.5));
#3618 = CARTESIAN_POINT('',(68.624135981016,-2.524341867905,209.5));
#3619 = CARTESIAN_POINT('',(68.806391020137,-2.355801734623,209.5));
#3620 = CARTESIAN_POINT('',(68.982103506797,-2.179950434596,209.5));
#3621 = CARTESIAN_POINT('',(69.149720574718,-1.99604320843,209.5));
#3622 = CARTESIAN_POINT('',(69.307149820313,-1.803368039166,209.5));
#3623 = CARTESIAN_POINT('',(69.451725304293,-1.601214626359,209.5));
#3624 = CARTESIAN_POINT('',(69.787116066371,-1.046283023003,209.5));
#3625 = CARTESIAN_POINT('',(69.961012765331,-0.662211251979,209.5));
#3626 = CARTESIAN_POINT('',(70.066086226966,-0.254556877608,209.5));
#3627 = CARTESIAN_POINT('',(70.080932846298,0.161117959061,209.5));
#3628 = CARTESIAN_POINT('',(70.003767738764,0.571141016126,209.5));
#3629 = CARTESIAN_POINT('',(69.848440225276,0.963367157468,209.5));
#3630 = CARTESIAN_POINT('',(69.63953824569,1.326690260679,209.5));
#3631 = CARTESIAN_POINT('',(69.21729886701,1.914836852328,209.5));
#3632 = CARTESIAN_POINT('',(69.005013458682,2.162230441866,209.5));
#3633 = CARTESIAN_POINT('',(68.776301942529,2.3952010636,209.5));
#3634 = CARTESIAN_POINT('',(68.535250136385,2.615379959728,209.5));
#3635 = CARTESIAN_POINT('',(68.284948923294,2.82427505301,209.5));
#3636 = CARTESIAN_POINT('',(68.027426978965,3.023220179287,209.5));
#3637 = CARTESIAN_POINT('',(67.763857192513,3.213565679891,209.5));
#3638 = CARTESIAN_POINT('',(67.1981152962,3.598211742195,209.5));
#3639 = CARTESIAN_POINT('',(66.89547447139,3.790475998216,209.5));
#3640 = CARTESIAN_POINT('',(66.587861774611,3.974830340692,209.5));
#3641 = CARTESIAN_POINT('',(66.276178887795,4.152223808972,209.5));
#3642 = CARTESIAN_POINT('',(65.961111934324,4.323409568663,209.5));
#3643 = CARTESIAN_POINT('',(65.643176910804,4.489024268856,209.5));
#3644 = CARTESIAN_POINT('',(65.322731259292,4.649608772483,209.5));
#3645 = CARTESIAN_POINT('',(65.,4.805650900483,209.5));
#3646 = PCURVE('',#174,#3647);
#3647 = DEFINITIONAL_REPRESENTATION('',(#3648),#3693);
#3648 = B_SPLINE_CURVE_WITH_KNOTS('',8,(#3649,#3650,#3651,#3652,#3653,
    #3654,#3655,#3656,#3657,#3658,#3659,#3660,#3661,#3662,#3663,#3664,
    #3665,#3666,#3667,#3668,#3669,#3670,#3671,#3672,#3673,#3674,#3675,
    #3676,#3677,#3678,#3679,#3680,#3681,#3682,#3683,#3684,#3685,#3686,
    #3687,#3688,#3689,#3690,#3691,#3692),.UNSPECIFIED.,.F.,.F.,(9,7,7,7,
    7,7,9),(0.,0.12485954514,0.2623411354,0.39944872553,0.620518210886,
    0.801168145801,1.),.UNSPECIFIED.);
#3649 = CARTESIAN_POINT('',(315.,245.19434908071));
#3650 = CARTESIAN_POINT('',(315.20351190848,245.29274807438));
#3651 = CARTESIAN_POINT('',(315.40613889528,245.3929651254));
#3652 = CARTESIAN_POINT('',(315.60780885327,245.49511503457));
#3653 = CARTESIAN_POINT('',(315.8084330464,245.59932428978));
#3654 = CARTESIAN_POINT('',(316.00790517616,245.70573286907));
#3655 = CARTESIAN_POINT('',(316.20609915417,245.8144984323));
#3656 = CARTESIAN_POINT('',(316.40286558066,245.92580290135));
#3657 = CARTESIAN_POINT('',(316.8129171279,246.16545012706));
#3658 = CARTESIAN_POINT('',(317.02581984536,246.2943535842));
#3659 = CARTESIAN_POINT('',(317.23653496695,246.42687868328));
#3660 = CARTESIAN_POINT('',(317.44477613883,246.5633576745));
#3661 = CARTESIAN_POINT('',(317.65015951648,246.70416383881));
#3662 = CARTESIAN_POINT('',(317.85219537702,246.84972376098));
#3663 = CARTESIAN_POINT('',(318.05026638655,247.00054890681));
#3664 = CARTESIAN_POINT('',(318.4363603674,247.31364304667));
#3665 = CARTESIAN_POINT('',(318.62413598101,247.47565813209));
#3666 = CARTESIAN_POINT('',(318.80639102013,247.64419826537));
#3667 = CARTESIAN_POINT('',(318.98210350679,247.8200495654));
#3668 = CARTESIAN_POINT('',(319.14972057471,248.00395679157));
#3669 = CARTESIAN_POINT('',(319.30714982031,248.19663196083));
#3670 = CARTESIAN_POINT('',(319.45172530429,248.39878537364));
#3671 = CARTESIAN_POINT('',(319.78711606637,248.95371697699));
#3672 = CARTESIAN_POINT('',(319.96101276533,249.33778874802));
#3673 = CARTESIAN_POINT('',(320.06608622696,249.74544312239));
#3674 = CARTESIAN_POINT('',(320.08093284629,250.16111795906));
#3675 = CARTESIAN_POINT('',(320.00376773876,250.57114101612));
#3676 = CARTESIAN_POINT('',(319.84844022527,250.96336715746));
#3677 = CARTESIAN_POINT('',(319.63953824569,251.32669026067));
#3678 = CARTESIAN_POINT('',(319.21729886701,251.91483685232));
#3679 = CARTESIAN_POINT('',(319.00501345868,252.16223044186));
#3680 = CARTESIAN_POINT('',(318.77630194252,252.3952010636));
#3681 = CARTESIAN_POINT('',(318.53525013638,252.61537995972));
#3682 = CARTESIAN_POINT('',(318.28494892329,252.82427505301));
#3683 = CARTESIAN_POINT('',(318.02742697896,253.02322017928));
#3684 = CARTESIAN_POINT('',(317.76385719251,253.21356567989));
#3685 = CARTESIAN_POINT('',(317.1981152962,253.59821174219));
#3686 = CARTESIAN_POINT('',(316.89547447139,253.79047599821));
#3687 = CARTESIAN_POINT('',(316.58786177461,253.97483034069));
#3688 = CARTESIAN_POINT('',(316.27617888779,254.15222380897));
#3689 = CARTESIAN_POINT('',(315.96111193432,254.32340956866));
#3690 = CARTESIAN_POINT('',(315.6431769108,254.48902426885));
#3691 = CARTESIAN_POINT('',(315.32273125929,254.64960877248));
#3692 = CARTESIAN_POINT('',(315.,254.80565090048));
#3693 = ( GEOMETRIC_REPRESENTATION_CONTEXT(2) 
PARAMETRIC_REPRESENTATION_CONTEXT() REPRESENTATION_CONTEXT('2D SPACE',''
  ) );
#3694 = PCURVE('',#3695,#3726);
#3695 = B_SPLINE_SURFACE_WITH_KNOTS('',14,1,(
    (#3696,#3697)
    ,(#3698,#3699)
    ,(#3700,#3701)
    ,(#3702,#3703)
    ,(#3704,#3705)
    ,(#3706,#3707)
    ,(#3708,#3709)
    ,(#3710,#3711)
    ,(#3712,#3713)
    ,(#3714,#3715)
    ,(#3716,#3717)
    ,(#3718,#3719)
    ,(#3720,#3721)
    ,(#3722,#3723)
    ,(#3724,#3725
    )),.UNSPECIFIED.,.T.,.F.,.F.,(1,14,14,1),(2,2),(-6.28318530718,0.,
    6.28318530718,12.56637061436),(0.,1.),.UNSPECIFIED.);
#3696 = CARTESIAN_POINT('',(65.,32.8,237.));
#3697 = CARTESIAN_POINT('',(115.,26.8,233.));
#3698 = CARTESIAN_POINT('',(65.,32.800000000002,249.47661082427));
#3699 = CARTESIAN_POINT('',(115.,26.800000000003,242.33501817067));
#3700 = CARTESIAN_POINT('',(65.000000000005,25.685208952653,
    261.95322625389));
#3701 = CARTESIAN_POINT('',(115.,20.986695119844,251.67003978709));
#3702 = CARTESIAN_POINT('',(64.99999999996,11.455617762385,
    271.27237783469));
#3703 = CARTESIAN_POINT('',(114.99999999997,9.360077927823,
    258.64264240867));
#3704 = CARTESIAN_POINT('',(65.000000000143,-7.760828163366,
    274.27695316422));
#3705 = CARTESIAN_POINT('',(115.00000000012,-6.34116447499,
    260.89066999343));
#3706 = CARTESIAN_POINT('',(64.999999999658,-27.70864166133,
    268.94155673534));
#3707 = CARTESIAN_POINT('',(114.9999999997,-22.63998769881,
    256.89871870833));
#3708 = CARTESIAN_POINT('',(65.000000000595,-42.93656781425,
    255.51160981971));
#3709 = CARTESIAN_POINT('',(115.0000000005,-35.08231760444,
    246.85041310271));
#3710 = CARTESIAN_POINT('',(64.999999999207,-48.66957814734,
    236.9999999985));
#3711 = CARTESIAN_POINT('',(114.99999999935,-39.7666065349,
    232.99999999863));
#3712 = CARTESIAN_POINT('',(65.000000000829,-42.93656781427,
    218.48839018291));
#3713 = CARTESIAN_POINT('',(115.00000000064,-35.08231760445,
    219.14958689972));
#3714 = CARTESIAN_POINT('',(64.999999999315,-27.7086416613,
    205.05844326284));
#3715 = CARTESIAN_POINT('',(114.99999999949,-22.63998769879,
    209.10128128993));
#3716 = CARTESIAN_POINT('',(65.000000000445,-7.76082816339,
    199.72304683673));
#3717 = CARTESIAN_POINT('',(115.00000000031,-6.341164475013,
    205.10933000753));
#3718 = CARTESIAN_POINT('',(64.999999999778,11.455617762401,
    202.72762216491));
#3719 = CARTESIAN_POINT('',(114.99999999984,9.360077927837,
    207.3573575909));
#3720 = CARTESIAN_POINT('',(65.00000000008,25.685208952646,
    212.04677374621));
#3721 = CARTESIAN_POINT('',(115.00000000005,20.986695119838,
    214.32996021303));
#3722 = CARTESIAN_POINT('',(64.999999999983,32.800000000004,
    224.5233891757));
#3723 = CARTESIAN_POINT('',(114.99999999998,26.800000000004,
    223.66498182929));
#3724 = CARTESIAN_POINT('',(65.,32.8,237.));
#3725 = CARTESIAN_POINT('',(115.,26.8,233.));
#3726 = DEFINITIONAL_REPRESENTATION('',(#3727),#3772);
#3727 = B_SPLINE_CURVE_WITH_KNOTS('',8,(#3728,#3729,#3730,#3731,#3732,
    #3733,#3734,#3735,#3736,#3737,#3738,#3739,#3740,#3741,#3742,#3743,
    #3744,#3745,#3746,#3747,#3748,#3749,#3750,#3751,#3752,#3753,#3754,
    #3755,#3756,#3757,#3758,#3759,#3760,#3761,#3762,#3763,#3764,#3765,
    #3766,#3767,#3768,#3769,#3770,#3771),.UNSPECIFIED.,.F.,.F.,(9,7,7,7,
    7,7,9),(0.,0.12485954514,0.2623411354,0.39944872553,0.620518210886,
    0.801168145801,1.),.UNSPECIFIED.);
#3728 = CARTESIAN_POINT('',(4.565345916049,0.));
#3729 = CARTESIAN_POINT('',(4.568268338022,4.070238169777E-03));
#3730 = CARTESIAN_POINT('',(4.571250797174,8.122777905611E-03));
#3731 = CARTESIAN_POINT('',(4.574296953561,1.215617706557E-02));
#3732 = CARTESIAN_POINT('',(4.577410837071,1.616866092806E-02));
#3733 = CARTESIAN_POINT('',(4.580596906247,2.015810352326E-02));
#3734 = CARTESIAN_POINT('',(4.583860177955,2.412198308357E-02));
#3735 = CARTESIAN_POINT('',(4.587206431324,2.805731161329E-02));
#3736 = CARTESIAN_POINT('',(4.594425891178,3.625834255814E-02));
#3737 = CARTESIAN_POINT('',(4.598317440562,4.051639690734E-02));
#3738 = CARTESIAN_POINT('',(4.602326825508,4.473069933908E-02));
#3739 = CARTESIAN_POINT('',(4.606464566306,4.889552277672E-02));
#3740 = CARTESIAN_POINT('',(4.610742490041,5.300319032967E-02));
#3741 = CARTESIAN_POINT('',(4.615174102442,5.704390754052E-02));
#3742 = CARTESIAN_POINT('',(4.619775556846,6.100532773106E-02));
#3743 = CARTESIAN_POINT('',(4.629347253072,6.872720734806E-02));
#3744 = CARTESIAN_POINT('',(4.634309681161,7.248271962032E-02));
#3745 = CARTESIAN_POINT('',(4.639481542735,7.612782040272E-02));
#3746 = CARTESIAN_POINT('',(4.64488754456,7.964207013593E-02));
#3747 = CARTESIAN_POINT('',(4.650551171046,8.299441149437E-02));
#3748 = CARTESIAN_POINT('',(4.656494832151,8.614299640625E-02));
#3749 = CARTESIAN_POINT('',(4.662740664243,8.903450608585E-02));
#3750 = CARTESIAN_POINT('',(4.679909825851,9.574232132742E-02));
#3751 = CARTESIAN_POINT('',(4.691815179153,9.92202553066E-02));
#3752 = CARTESIAN_POINT('',(4.704474847614,0.101321724539));
#3753 = CARTESIAN_POINT('',(4.717397115847,0.101618656926));
#3754 = CARTESIAN_POINT('',(4.730137776293,0.100075354775));
#3755 = CARTESIAN_POINT('',(4.742305815604,9.696880450549E-02));
#3756 = CARTESIAN_POINT('',(4.753553137779,9.279076491379E-02));
#3757 = CARTESIAN_POINT('',(4.771721774444,8.43459773402E-02));
#3758 = CARTESIAN_POINT('',(4.779348211641,8.010026917365E-02));
#3759 = CARTESIAN_POINT('',(4.786513472593,7.552603885052E-02));
#3760 = CARTESIAN_POINT('',(4.793268825522,7.070500272779E-02));
#3761 = CARTESIAN_POINT('',(4.799661931465,6.569897846582E-02));
#3762 = CARTESIAN_POINT('',(4.805735024878,6.054853957932E-02));
#3763 = CARTESIAN_POINT('',(4.811530599447,5.527714385026E-02));
#3764 = CARTESIAN_POINT('',(4.823211282992,4.3962305924E-02));
#3765 = CARTESIAN_POINT('',(4.829031323575,3.79094894278E-02));
#3766 = CARTESIAN_POINT('',(4.834594255079,3.175723549222E-02));
#3767 = CARTESIAN_POINT('',(4.839930176539,2.552357775591E-02));
#3768 = CARTESIAN_POINT('',(4.845063045702,1.922223868648E-02));
#3769 = CARTESIAN_POINT('',(4.850013130376,1.286353821607E-02));
#3770 = CARTESIAN_POINT('',(4.854797639665,6.45462518584E-03));
#3771 = CARTESIAN_POINT('',(4.859432044479,0.));
#3772 = ( GEOMETRIC_REPRESENTATION_CONTEXT(2) 
PARAMETRIC_REPRESENTATION_CONTEXT() REPRESENTATION_CONTEXT('2D SPACE',''
  ) );
#3773 = ADVANCED_FACE('',(#3774),#214,.T.);
#3774 = FACE_BOUND('',#3775,.T.);
#3775 = EDGE_LOOP('',(#3776,#4048,#4049,#4050,#4051,#4073,#4240,#4262,
    #4315,#4316,#4396,#4645,#4646,#4647,#4648,#4649,#4650));
#3776 = ORIENTED_EDGE('',*,*,#3777,.T.);
#3777 = EDGE_CURVE('',#3778,#198,#3780,.T.);
#3778 = VERTEX_POINT('',#3779);
#3779 = CARTESIAN_POINT('',(81.77486342474,-31.,245.10998697334));
#3780 = SURFACE_CURVE('',#3781,(#3868,#3958),.PCURVE_S1.);
#3781 = B_SPLINE_CURVE_WITH_KNOTS('',8,(#3782,#3783,#3784,#3785,#3786,
    #3787,#3788,#3789,#3790,#3791,#3792,#3793,#3794,#3795,#3796,#3797,
    #3798,#3799,#3800,#3801,#3802,#3803,#3804,#3805,#3806,#3807,#3808,
    #3809,#3810,#3811,#3812,#3813,#3814,#3815,#3816,#3817,#3818,#3819,
    #3820,#3821,#3822,#3823,#3824,#3825,#3826,#3827,#3828,#3829,#3830,
    #3831,#3832,#3833,#3834,#3835,#3836,#3837,#3838,#3839,#3840,#3841,
    #3842,#3843,#3844,#3845,#3846,#3847,#3848,#3849,#3850,#3851,#3852,
    #3853,#3854,#3855,#3856,#3857,#3858,#3859,#3860,#3861,#3862,#3863,
    #3864,#3865,#3866,#3867),.UNSPECIFIED.,.F.,.F.,(9,7,7,7,7,7,7,7,7,7,
    7,7,9),(0.,0.12232632115,0.235416578991,0.334142374639,
    0.457743922751,0.493512059374,0.533845107548,0.600860973537,
    0.66922062129,0.739711890932,0.813219232193,0.897613283639,1.),
  .UNSPECIFIED.);
#3782 = CARTESIAN_POINT('',(81.77486342474,-31.,245.10998697334));
#3783 = CARTESIAN_POINT('',(81.853588360608,-31.14500758696,
    244.74528069508));
#3784 = CARTESIAN_POINT('',(81.914611486553,-31.28763697468,
    244.37579086081));
#3785 = CARTESIAN_POINT('',(81.957758562628,-31.42717187061,
    244.00231246761));
#3786 = CARTESIAN_POINT('',(81.9829193755,-31.5629647762,243.62567384819
    ));
#3787 = CARTESIAN_POINT('',(81.990040961581,-31.69444624752,
    243.24673950139));
#3788 = CARTESIAN_POINT('',(81.979125303768,-31.82113220073,
    242.86641235888));
#3789 = CARTESIAN_POINT('',(81.950231501785,-31.94262926227,
    242.48563548802));
#3790 = CARTESIAN_POINT('',(81.860263049263,-32.16588798946,
    241.75386058856));
#3791 = CARTESIAN_POINT('',(81.801780623842,-32.26845274123,
    241.40276641443));
#3792 = CARTESIAN_POINT('',(81.728129603678,-32.36609516961,
    241.05288834086));
#3793 = CARTESIAN_POINT('',(81.639447780055,-32.45865481554,
    240.705007315));
#3794 = CARTESIAN_POINT('',(81.535911687798,-32.54604725313,
    240.35990846488));
#3795 = CARTESIAN_POINT('',(81.417734878931,-32.62826195611,
    240.01838085953));
#3796 = CARTESIAN_POINT('',(81.285169053919,-32.7053587879,
    239.68121616329));
#3797 = CARTESIAN_POINT('',(81.01047558747,-32.8404089187,
    239.05936734274));
#3798 = CARTESIAN_POINT('',(80.871697589516,-32.89955170854,
    238.77344874349));
#3799 = CARTESIAN_POINT('',(80.722365852768,-32.95497580007,
    238.49197156306));
#3800 = CARTESIAN_POINT('',(80.562691486184,-33.00680489012,
    238.21544919767));
#3801 = CARTESIAN_POINT('',(80.392904321987,-33.05519864563,
    237.9443869464));
#3802 = CARTESIAN_POINT('',(80.213252896072,-33.10034877128,
    237.67928130077));
#3803 = CARTESIAN_POINT('',(80.024004998368,-33.1424745566,
    237.42061884081));
#3804 = CARTESIAN_POINT('',(79.576862755526,-33.23107451687,
    236.85369914755));
#3805 = CARTESIAN_POINT('',(79.313691258144,-33.2759689738,
    236.54937333697));
#3806 = CARTESIAN_POINT('',(79.03649134827,-33.31697798057,
    236.25681765925));
#3807 = CARTESIAN_POINT('',(78.745873030527,-33.35463180726,
    235.97693364714));
#3808 = CARTESIAN_POINT('',(78.442503978189,-33.38949998456,
    235.71059771606));
#3809 = CARTESIAN_POINT('',(78.127115848588,-33.42217448504,
    235.45865341161));
#3810 = CARTESIAN_POINT('',(77.800512202654,-33.45325038771,
    235.22190220116));
#3811 = CARTESIAN_POINT('',(77.366075143263,-33.49200102561,
    234.93719441506));
#3812 = CARTESIAN_POINT('',(77.267708348451,-33.50061231456,
    234.87463180158));
#3813 = CARTESIAN_POINT('',(77.168499521468,-33.50915182813,
    234.81342330217));
#3814 = CARTESIAN_POINT('',(77.06847139202,-33.51763335268,
    234.75358702114));
#3815 = CARTESIAN_POINT('',(76.967647583812,-33.5260704785,
    234.69514077019));
#3816 = CARTESIAN_POINT('',(76.866052656143,-33.53447655281,
    234.63810200453));
#3817 = CARTESIAN_POINT('',(76.763712145514,-33.54286463271,
    234.58248775901));
#3818 = CARTESIAN_POINT('',(76.544440086393,-33.56070010005,
    234.46722755331));
#3819 = CARTESIAN_POINT('',(76.427313695799,-33.57014602374,
    234.40797310943));
#3820 = CARTESIAN_POINT('',(76.309311305795,-33.57960345637,
    234.35057483863));
#3821 = CARTESIAN_POINT('',(76.190473069363,-33.5890900527,
    234.2950558944));
#3822 = CARTESIAN_POINT('',(76.070841485346,-33.59862277442,
    234.24143874271));
#3823 = CARTESIAN_POINT('',(75.950461461685,-33.60821778944,
    234.18974490722));
#3824 = CARTESIAN_POINT('',(75.829380378647,-33.61789037104,
    234.13999471434));
#3825 = CARTESIAN_POINT('',(75.505382492691,-33.64387899805,
    234.01280484502));
#3826 = CARTESIAN_POINT('',(75.301308859625,-33.66035760434,
    233.93881680789));
#3827 = CARTESIAN_POINT('',(75.095667068687,-33.67715514789,
    233.87033432413));
#3828 = CARTESIAN_POINT('',(74.888718339113,-33.69432858151,
    233.80743795573));
#3829 = CARTESIAN_POINT('',(74.680745457766,-33.71192538471,
    233.75019066345));
#3830 = CARTESIAN_POINT('',(74.472046314406,-33.7299826952,
    233.69863269971));
#3831 = CARTESIAN_POINT('',(74.262920808028,-33.74852746639,
    233.65277816046));
#3832 = CARTESIAN_POINT('',(73.840185228433,-33.78700982333,
    233.57164285591));
#3833 = CARTESIAN_POINT('',(73.62654735767,-33.80696990563,
    233.53658844957));
#3834 = CARTESIAN_POINT('',(73.413062758815,-33.82747487021,
    233.50744284458));
#3835 = CARTESIAN_POINT('',(73.199965458005,-33.84853858767,
    233.48415229917));
#3836 = CARTESIAN_POINT('',(72.987355201935,-33.87017669709,
    233.46663059686));
#3837 = CARTESIAN_POINT('',(72.775187615924,-33.89241234699,
    233.45479495747));
#3838 = CARTESIAN_POINT('',(72.563306873633,-33.91527765187,
    233.44859984992));
#3839 = CARTESIAN_POINT('',(72.133149754767,-33.96306742963,
    233.44747250639));
#3840 = CARTESIAN_POINT('',(71.914850626527,-33.98803713071,
    233.45289737449));
#3841 = CARTESIAN_POINT('',(71.696425740862,-34.01375217982,
    233.46432182974));
#3842 = CARTESIAN_POINT('',(71.477696919014,-34.04024434467,
    233.48179892692));
#3843 = CARTESIAN_POINT('',(71.25859144541,-34.06753155896,233.505429773
    ));
#3844 = CARTESIAN_POINT('',(71.039221074761,-34.09560302475,
    233.53531956725));
#3845 = CARTESIAN_POINT('',(70.819833075709,-34.12441892083,
    233.57153904024));
#3846 = CARTESIAN_POINT('',(70.372364736904,-34.18466569423,
    233.65849050305));
#3847 = CARTESIAN_POINT('',(70.144290947278,-34.21615881823,
    233.70978159153));
#3848 = CARTESIAN_POINT('',(69.916935635902,-34.24831853142,
    233.76800430365));
#3849 = CARTESIAN_POINT('',(69.690692779547,-34.28105447209,
    233.83314625073));
#3850 = CARTESIAN_POINT('',(69.465946894831,-34.31426177637,
    233.90515491675));
#3851 = CARTESIAN_POINT('',(69.243055152172,-34.34782511162,
    233.98394545905));
#3852 = CARTESIAN_POINT('',(69.022340487167,-34.38162210082,
    234.06941076002));
#3853 = CARTESIAN_POINT('',(68.55352248606,-34.45444935778,
    234.2670718609));
#3854 = CARTESIAN_POINT('',(68.306192806875,-34.49351512061,
    234.38135664807));
#3855 = CARTESIAN_POINT('',(68.062512138053,-34.53253428298,
    234.50410951496));
#3856 = CARTESIAN_POINT('',(67.822845903947,-34.5713078407,
    234.63513087436));
#3857 = CARTESIAN_POINT('',(67.587519248918,-34.60962928217,
    234.77420219117));
#3858 = CARTESIAN_POINT('',(67.356821383669,-34.6472874555,
    234.92109205174));
#3859 = CARTESIAN_POINT('',(67.1310101401,-34.68406897882,
    235.07556093226));
#3860 = CARTESIAN_POINT('',(66.642567947317,-34.76306076172,
    235.43366712832));
#3861 = CARTESIAN_POINT('',(66.382361552321,-34.80475486502,
    235.64075822757));
#3862 = CARTESIAN_POINT('',(66.130111961489,-34.84446006112,
    235.85819798579));
#3863 = CARTESIAN_POINT('',(65.886191545097,-34.8817906553,
    236.08552283878));
#3864 = CARTESIAN_POINT('',(65.650934367806,-34.91636384339,
    236.32225087192));
#3865 = CARTESIAN_POINT('',(65.424640840607,-34.94780513734,
    236.567885287));
#3866 = CARTESIAN_POINT('',(65.207581512228,-34.97575309543,
    236.82191720884));
#3867 = CARTESIAN_POINT('',(65.,-34.99986335693,237.08382783162));
#3868 = PCURVE('',#214,#3869);
#3869 = DEFINITIONAL_REPRESENTATION('',(#3870),#3957);
#3870 = B_SPLINE_CURVE_WITH_KNOTS('',8,(#3871,#3872,#3873,#3874,#3875,
    #3876,#3877,#3878,#3879,#3880,#3881,#3882,#3883,#3884,#3885,#3886,
    #3887,#3888,#3889,#3890,#3891,#3892,#3893,#3894,#3895,#3896,#3897,
    #3898,#3899,#3900,#3901,#3902,#3903,#3904,#3905,#3906,#3907,#3908,
    #3909,#3910,#3911,#3912,#3913,#3914,#3915,#3916,#3917,#3918,#3919,
    #3920,#3921,#3922,#3923,#3924,#3925,#3926,#3927,#3928,#3929,#3930,
    #3931,#3932,#3933,#3934,#3935,#3936,#3937,#3938,#3939,#3940,#3941,
    #3942,#3943,#3944,#3945,#3946,#3947,#3948,#3949,#3950,#3951,#3952,
    #3953,#3954,#3955,#3956),.UNSPECIFIED.,.F.,.F.,(9,7,7,7,7,7,7,7,7,7,
    7,7,9),(0.,0.12232632115,0.235416578991,0.334142374639,
    0.457743922751,0.493512059374,0.533845107548,0.600860973537,
    0.66922062129,0.739711890932,0.813219232193,0.897613283639,1.),
  .UNSPECIFIED.);
#3871 = CARTESIAN_POINT('',(2.792734633314,0.335497268495));
#3872 = CARTESIAN_POINT('',(2.806382071091,0.337071767212));
#3873 = CARTESIAN_POINT('',(2.820235697486,0.338292229731));
#3874 = CARTESIAN_POINT('',(2.834261112066,0.339155171253));
#3875 = CARTESIAN_POINT('',(2.848423404532,0.33965838751));
#3876 = CARTESIAN_POINT('',(2.862687108875,0.339800819232));
#3877 = CARTESIAN_POINT('',(2.87701612222,0.339582506075));
#3878 = CARTESIAN_POINT('',(2.891373588358,0.339004630036));
#3879 = CARTESIAN_POINT('',(2.918986567717,0.337205260985));
#3880 = CARTESIAN_POINT('',(2.932244131133,0.336035612477));
#3881 = CARTESIAN_POINT('',(2.94546460611,0.334562592074));
#3882 = CARTESIAN_POINT('',(2.958618524536,0.332788955601));
#3883 = CARTESIAN_POINT('',(2.971676677505,0.330718233756));
#3884 = CARTESIAN_POINT('',(2.984610047509,0.328354697579));
#3885 = CARTESIAN_POINT('',(2.997389775622,0.325703381078));
#3886 = CARTESIAN_POINT('',(3.020984460716,0.320209511749));
#3887 = CARTESIAN_POINT('',(3.031843106677,0.31743395179));
#3888 = CARTESIAN_POINT('',(3.042544223476,0.314447317055));
#3889 = CARTESIAN_POINT('',(3.053069330185,0.311253829724));
#3890 = CARTESIAN_POINT('',(3.063400314442,0.30785808644));
#3891 = CARTESIAN_POINT('',(3.073519427099,0.304265057921));
#3892 = CARTESIAN_POINT('',(3.083409300139,0.300480099967));
#3893 = CARTESIAN_POINT('',(3.105126577307,0.291537255111));
#3894 = CARTESIAN_POINT('',(3.116814068011,0.286273825163));
#3895 = CARTESIAN_POINT('',(3.128082671276,0.280729826965));
#3896 = CARTESIAN_POINT('',(3.138900284299,0.274917460611));
#3897 = CARTESIAN_POINT('',(3.149235692984,0.268850079564));
#3898 = CARTESIAN_POINT('',(3.159058854549,0.262542316972));
#3899 = CARTESIAN_POINT('',(3.168341259878,0.256010244053));
#3900 = CARTESIAN_POINT('',(3.179578378433,0.247321502865));
#3901 = CARTESIAN_POINT('',(3.182052844398,0.245354166969));
#3902 = CARTESIAN_POINT('',(3.184479122743,0.243369990429));
#3903 = CARTESIAN_POINT('',(3.186856570812,0.24136942784));
#3904 = CARTESIAN_POINT('',(3.189184556423,0.239352951676));
#3905 = CARTESIAN_POINT('',(3.191462460213,0.237321053123));
#3906 = CARTESIAN_POINT('',(3.193689677985,0.23527424291));
#3907 = CARTESIAN_POINT('',(3.198319273305,0.230888801728));
#3908 = CARTESIAN_POINT('',(3.200707719918,0.228546273916));
#3909 = CARTESIAN_POINT('',(3.20303012726,0.226186226116));
#3910 = CARTESIAN_POINT('',(3.205285674095,0.223809461387));
#3911 = CARTESIAN_POINT('',(3.207473562723,0.221416829707));
#3912 = CARTESIAN_POINT('',(3.209593028113,0.219009229234));
#3913 = CARTESIAN_POINT('',(3.211643347036,0.216587607573));
#3914 = CARTESIAN_POINT('',(3.216914571297,0.210107649854));
#3915 = CARTESIAN_POINT('',(3.220012704347,0.206026177192));
#3916 = CARTESIAN_POINT('',(3.222914964829,0.201913341374));
#3917 = CARTESIAN_POINT('',(3.2256184468,0.197774366782));
#3918 = CARTESIAN_POINT('',(3.228120860171,0.193614909155));
#3919 = CARTESIAN_POINT('',(3.230420722366,0.189440926288));
#3920 = CARTESIAN_POINT('',(3.232517501362,0.185258416161));
#3921 = CARTESIAN_POINT('',(3.23634390095,0.176803704569));
#3922 = CARTESIAN_POINT('',(3.238065511192,0.172530947153));
#3923 = CARTESIAN_POINT('',(3.239576758303,0.168261255176));
#3924 = CARTESIAN_POINT('',(3.240879737534,0.16399930916));
#3925 = CARTESIAN_POINT('',(3.241977992655,0.159747104039));
#3926 = CARTESIAN_POINT('',(3.242875266869,0.155503752318));
#3927 = CARTESIAN_POINT('',(3.243574250804,0.151266137473));
#3928 = CARTESIAN_POINT('',(3.244593688473,0.142662995095));
#3929 = CARTESIAN_POINT('',(3.244901730104,0.138297012531));
#3930 = CARTESIAN_POINT('',(3.245001499096,0.133928514817));
#3931 = CARTESIAN_POINT('',(3.244892413627,0.12955393838));
#3932 = CARTESIAN_POINT('',(3.24457202159,0.125171828908));
#3933 = CARTESIAN_POINT('',(3.244037376009,0.120784421495));
#3934 = CARTESIAN_POINT('',(3.243286457162,0.116396661514));
#3935 = CARTESIAN_POINT('',(3.241309927429,0.107447294738));
#3936 = CARTESIAN_POINT('',(3.240065279783,0.102885818946));
#3937 = CARTESIAN_POINT('',(3.238584300747,9.833871271804E-02));
#3938 = CARTESIAN_POINT('',(3.236867662018,9.381385559095E-02));
#3939 = CARTESIAN_POINT('',(3.234917422658,8.931893789663E-02));
#3940 = CARTESIAN_POINT('',(3.232736769115,8.486110304343E-02));
#3941 = CARTESIAN_POINT('',(3.230329659288,8.044680974334E-02));
#3942 = CARTESIAN_POINT('',(3.224682172357,7.10704497212E-02));
#3943 = CARTESIAN_POINT('',(3.221371048558,6.61238561375E-02));
#3944 = CARTESIAN_POINT('',(3.217773625775,6.125024276107E-02));
#3945 = CARTESIAN_POINT('',(3.213897193504,5.645691807894E-02));
#3946 = CARTESIAN_POINT('',(3.209749604345,5.175038497836E-02));
#3947 = CARTESIAN_POINT('',(3.205339031569,4.713642767338E-02));
#3948 = CARTESIAN_POINT('',(3.200673780307,4.262020280201E-02));
#3949 = CARTESIAN_POINT('',(3.189803295232,3.285135894634E-02));
#3950 = CARTESIAN_POINT('',(3.183482025058,2.764723104643E-02));
#3951 = CARTESIAN_POINT('',(3.176813286945,2.260223922978E-02));
#3952 = CARTESIAN_POINT('',(3.169812429311,1.772383090194E-02));
#3953 = CARTESIAN_POINT('',(3.162494981363,1.301868735611E-02));
#3954 = CARTESIAN_POINT('',(3.154876509545,8.492816812133E-03));
#3955 = CARTESIAN_POINT('',(3.146972517401,4.151630244565E-03));
#3956 = CARTESIAN_POINT('',(3.138798388881,0.));
#3957 = ( GEOMETRIC_REPRESENTATION_CONTEXT(2) 
PARAMETRIC_REPRESENTATION_CONTEXT() REPRESENTATION_CONTEXT('2D SPACE',''
  ) );
#3958 = PCURVE('',#350,#3959);
#3959 = DEFINITIONAL_REPRESENTATION('',(#3960),#4047);
#3960 = B_SPLINE_CURVE_WITH_KNOTS('',8,(#3961,#3962,#3963,#3964,#3965,
    #3966,#3967,#3968,#3969,#3970,#3971,#3972,#3973,#3974,#3975,#3976,
    #3977,#3978,#3979,#3980,#3981,#3982,#3983,#3984,#3985,#3986,#3987,
    #3988,#3989,#3990,#3991,#3992,#3993,#3994,#3995,#3996,#3997,#3998,
    #3999,#4000,#4001,#4002,#4003,#4004,#4005,#4006,#4007,#4008,#4009,
    #4010,#4011,#4012,#4013,#4014,#4015,#4016,#4017,#4018,#4019,#4020,
    #4021,#4022,#4023,#4024,#4025,#4026,#4027,#4028,#4029,#4030,#4031,
    #4032,#4033,#4034,#4035,#4036,#4037,#4038,#4039,#4040,#4041,#4042,
    #4043,#4044,#4045,#4046),.UNSPECIFIED.,.F.,.F.,(9,7,7,7,7,7,7,7,7,7,
    7,7,9),(0.,0.12232632115,0.235416578991,0.334142374639,
    0.457743922751,0.493512059374,0.533845107548,0.600860973537,
    0.66922062129,0.739711890932,0.813219232193,0.897613283639,1.),
  .UNSPECIFIED.);
#3961 = CARTESIAN_POINT('',(6.28318530718,0.212596546824));
#3962 = CARTESIAN_POINT('',(6.268350564159,0.175285920331));
#3963 = CARTESIAN_POINT('',(6.254032200372,0.137829348067));
#3964 = CARTESIAN_POINT('',(6.240189379755,0.100233684838));
#3965 = CARTESIAN_POINT('',(6.226782637827,6.250533172137E-02));
#3966 = CARTESIAN_POINT('',(6.213772466899,2.465093998924E-02));
#3967 = CARTESIAN_POINT('',(6.201117837012,-1.332177849171E-02));
#3968 = CARTESIAN_POINT('',(6.1887746526,-5.140313438435E-02));
#3969 = CARTESIAN_POINT('',(6.165525757585,-0.124875221316));
#3970 = CARTESIAN_POINT('',(6.154581274824,-0.160253852785));
#3971 = CARTESIAN_POINT('',(6.143822222226,-0.195706340947));
#3972 = CARTESIAN_POINT('',(6.133205643,-0.231223096219));
#3973 = CARTESIAN_POINT('',(6.122683286336,-0.266794311409));
#3974 = CARTESIAN_POINT('',(6.112200035531,-0.302409260109));
#3975 = CARTESIAN_POINT('',(6.101691575866,-0.338055512512));
#3976 = CARTESIAN_POINT('',(6.081818720915,-0.404850849636));
#3977 = CARTESIAN_POINT('',(6.072478250955,-0.435996922099));
#3978 = CARTESIAN_POINT('',(6.063008802668,-0.467146960924));
#3979 = CARTESIAN_POINT('',(6.05335146143,-0.498290947439));
#3980 = CARTESIAN_POINT('',(6.043438221246,-0.529417807398));
#3981 = CARTESIAN_POINT('',(6.033189283085,-0.56051481006));
#3982 = CARTESIAN_POINT('',(6.022508917981,-0.591566728331));
#3983 = CARTESIAN_POINT('',(5.997221516022,-0.661350787521));
#3984 = CARTESIAN_POINT('',(5.98230293997,-0.700045766616));
#3985 = CARTESIAN_POINT('',(5.96629536023,-0.738604988531));
#3986 = CARTESIAN_POINT('',(5.948911219624,-0.776981742865));
#3987 = CARTESIAN_POINT('',(5.929794456851,-0.815117257556));
#3988 = CARTESIAN_POINT('',(5.908486599227,-0.852933733413));
#3989 = CARTESIAN_POINT('',(5.88436870162,-0.890320473187));
#3990 = CARTESIAN_POINT('',(5.848537313702,-0.937760252467));
#3991 = CARTESIAN_POINT('',(5.84018808628,-0.948357502751));
#3992 = CARTESIAN_POINT('',(5.83151057774,-0.958900798684));
#3993 = CARTESIAN_POINT('',(5.822482211336,-0.969385674001));
#3994 = CARTESIAN_POINT('',(5.813078535034,-0.979807182847));
#3995 = CARTESIAN_POINT('',(5.803273051417,-0.990159829114));
#3996 = CARTESIAN_POINT('',(5.793037047583,-1.000437495763));
#3997 = CARTESIAN_POINT('',(5.770276517498,-1.022130502432));
#3998 = CARTESIAN_POINT('',(5.757626610764,-1.033523594607));
#3999 = CARTESIAN_POINT('',(5.744345358878,-1.04480288423));
#4000 = CARTESIAN_POINT('',(5.730384269533,-1.05595742162));
#4001 = CARTESIAN_POINT('',(5.715690876973,-1.066974886717));
#4002 = CARTESIAN_POINT('',(5.700208914885,-1.07784140192));
#4003 = CARTESIAN_POINT('',(5.68387848929,-1.08854134493));
#4004 = CARTESIAN_POINT('',(5.637987201739,-1.116529844468));
#4005 = CARTESIAN_POINT('',(5.606819902389,-1.133495224182));
#4006 = CARTESIAN_POINT('',(5.572845037964,-1.149871017761));
#4007 = CARTESIAN_POINT('',(5.53575697207,-1.165561868003));
#4008 = CARTESIAN_POINT('',(5.495237271027,-1.180453933859));
#4009 = CARTESIAN_POINT('',(5.450993571288,-1.194414616117));
#4010 = CARTESIAN_POINT('',(5.402833790586,-1.207297418373));
#4011 = CARTESIAN_POINT('',(5.297673721664,-1.230840161243));
#4012 = CARTESIAN_POINT('',(5.240509084774,-1.241451762256));
#4013 = CARTESIAN_POINT('',(5.179309850704,-1.250625844574));
#4014 = CARTESIAN_POINT('',(5.114293456768,-1.258204857833));
#4015 = CARTESIAN_POINT('',(5.04599986621,-1.264045207155));
#4016 = CARTESIAN_POINT('',(4.975327147817,-1.268039154288));
#4017 = CARTESIAN_POINT('',(4.903429782047,-1.270132141395));
#4018 = CARTESIAN_POINT('',(4.757205415346,-1.270513032159));
#4019 = CARTESIAN_POINT('',(4.682863900111,-1.268680271545));
#4020 = CARTESIAN_POINT('',(4.609661728476,-1.264815685464));
#4021 = CARTESIAN_POINT('',(4.538875583339,-1.258969787022));
#4022 = CARTESIAN_POINT('',(4.471565479296,-1.251254952935));
#4023 = CARTESIAN_POINT('',(4.408317395363,-1.241826476333));
#4024 = CARTESIAN_POINT('',(4.349397776396,-1.230856011599));
#4025 = CARTESIAN_POINT('',(4.237933532738,-1.205655292504));
#4026 = CARTESIAN_POINT('',(4.185763562138,-1.191304320217));
#4027 = CARTESIAN_POINT('',(4.138350241366,-1.175663789257));
#4028 = CARTESIAN_POINT('',(4.0954112716,-1.158928230412));
#4029 = CARTESIAN_POINT('',(4.056538657838,-1.141267635047));
#4030 = CARTESIAN_POINT('',(4.021305720778,-1.122824210247));
#4031 = CARTESIAN_POINT('',(3.989313981369,-1.10371722364));
#4032 = CARTESIAN_POINT('',(3.92676674635,-1.061459977163));
#4033 = CARTESIAN_POINT('',(3.897124612056,-1.038128999532));
#4034 = CARTESIAN_POINT('',(3.870712553132,-1.014199000052));
#4035 = CARTESIAN_POINT('',(3.847042721394,-0.989781967272));
#4036 = CARTESIAN_POINT('',(3.825712852518,-0.964964245915));
#4037 = CARTESIAN_POINT('',(3.806393134734,-0.939813469939));
#4038 = CARTESIAN_POINT('',(3.788805918894,-0.914383420584));
#4039 = CARTESIAN_POINT('',(3.753204741574,-0.857578016462));
#4040 = CARTESIAN_POINT('',(3.73589971482,-0.826092301727));
#4041 = CARTESIAN_POINT('',(3.720391973075,-0.794336539884));
#4042 = CARTESIAN_POINT('',(3.706364660145,-0.762366725494));
#4043 = CARTESIAN_POINT('',(3.693568999967,-0.730224833039));
#4044 = CARTESIAN_POINT('',(3.68180365828,-0.697943656798));
#4045 = CARTESIAN_POINT('',(3.670901544292,-0.665549583171));
#4046 = CARTESIAN_POINT('',(3.660724052305,-0.633063295421));
#4047 = ( GEOMETRIC_REPRESENTATION_CONTEXT(2) 
PARAMETRIC_REPRESENTATION_CONTEXT() REPRESENTATION_CONTEXT('2D SPACE',''
  ) );
#4048 = ORIENTED_EDGE('',*,*,#197,.T.);
#4049 = ORIENTED_EDGE('',*,*,#2834,.T.);
#4050 = ORIENTED_EDGE('',*,*,#1379,.T.);
#4051 = ORIENTED_EDGE('',*,*,#4052,.T.);
#4052 = EDGE_CURVE('',#24,#4053,#4055,.T.);
#4053 = VERTEX_POINT('',#4054);
#4054 = CARTESIAN_POINT('',(65.071804509287,34.991383458886,
    236.99425563925));
#4055 = SURFACE_CURVE('',#4056,(#4059,#4066),.PCURVE_S1.);
#4056 = B_SPLINE_CURVE_WITH_KNOTS('',1,(#4057,#4058),.UNSPECIFIED.,.F.,
  .F.,(2,2),(0.,1.),.PIECEWISE_BEZIER_KNOTS.);
#4057 = CARTESIAN_POINT('',(65.,35.,237.));
#4058 = CARTESIAN_POINT('',(115.,29.,233.));
#4059 = PCURVE('',#214,#4060);
#4060 = DEFINITIONAL_REPRESENTATION('',(#4061),#4065);
#4061 = LINE('',#4062,#4063);
#4062 = CARTESIAN_POINT('',(6.28318530718,0.));
#4063 = VECTOR('',#4064,1.);
#4064 = DIRECTION('',(0.,1.));
#4065 = ( GEOMETRIC_REPRESENTATION_CONTEXT(2) 
PARAMETRIC_REPRESENTATION_CONTEXT() REPRESENTATION_CONTEXT('2D SPACE',''
  ) );
#4066 = PCURVE('',#687,#4067);
#4067 = DEFINITIONAL_REPRESENTATION('',(#4068),#4072);
#4068 = LINE('',#4069,#4070);
#4069 = CARTESIAN_POINT('',(0.,0.));
#4070 = VECTOR('',#4071,1.);
#4071 = DIRECTION('',(0.,1.));
#4072 = ( GEOMETRIC_REPRESENTATION_CONTEXT(2) 
PARAMETRIC_REPRESENTATION_CONTEXT() REPRESENTATION_CONTEXT('2D SPACE',''
  ) );
#4073 = ORIENTED_EDGE('',*,*,#4074,.T.);
#4074 = EDGE_CURVE('',#4053,#4075,#4077,.T.);
#4075 = VERTEX_POINT('',#4076);
#4076 = CARTESIAN_POINT('',(78.642929033033,33.362848516036,
    235.90856567735));
#4077 = SURFACE_CURVE('',#4078,(#4130,#4185),.PCURVE_S1.);
#4078 = B_SPLINE_CURVE_WITH_KNOTS('',8,(#4079,#4080,#4081,#4082,#4083,
    #4084,#4085,#4086,#4087,#4088,#4089,#4090,#4091,#4092,#4093,#4094,
    #4095,#4096,#4097,#4098,#4099,#4100,#4101,#4102,#4103,#4104,#4105,
    #4106,#4107,#4108,#4109,#4110,#4111,#4112,#4113,#4114,#4115,#4116,
    #4117,#4118,#4119,#4120,#4121,#4122,#4123,#4124,#4125,#4126,#4127,
    #4128,#4129),.UNSPECIFIED.,.F.,.F.,(9,7,7,7,7,7,7,9),(0.,
    0.166362630889,0.308880116748,0.429375914568,0.54726328179,
    0.661877360695,0.773900823933,1.),.UNSPECIFIED.);
#4079 = CARTESIAN_POINT('',(65.071804509287,34.991383458886,
    236.99425563925));
#4080 = CARTESIAN_POINT('',(65.275235481573,34.966971742211,
    236.74335483887));
#4081 = CARTESIAN_POINT('',(65.487465217705,34.939056492516,
    236.49994317188));
#4082 = CARTESIAN_POINT('',(65.708268615818,34.907952103878,
    236.26448701287));
#4083 = CARTESIAN_POINT('',(65.937396491385,34.873987268373,
    236.03744395679));
#4084 = CARTESIAN_POINT('',(66.174573005046,34.837501514589,
    235.81926091237));
#4085 = CARTESIAN_POINT('',(66.419492366614,34.798841172178,
    235.61037163322));
#4086 = CARTESIAN_POINT('',(66.671814815248,34.758354762439,
    235.41119368674));
#4087 = CARTESIAN_POINT('',(67.153336115537,34.680436088192,
    235.06015571208));
#4088 = CARTESIAN_POINT('',(67.38065834489,34.643398994788,
    234.90561068525));
#4089 = CARTESIAN_POINT('',(67.612894667243,34.605493146765,
    234.75873561591));
#4090 = CARTESIAN_POINT('',(67.849781855892,34.566934829798,
    234.61977283296));
#4091 = CARTESIAN_POINT('',(68.091024287313,34.527937975697,
    234.48895636504));
#4092 = CARTESIAN_POINT('',(68.336289178729,34.488711684526,
    234.36650693985));
#4093 = CARTESIAN_POINT('',(68.585202107393,34.449457265362,
    234.2526256134));
#4094 = CARTESIAN_POINT('',(69.050526584839,34.377312806007,
    234.0585903839));
#4095 = CARTESIAN_POINT('',(69.266024169685,34.344375534247,
    233.97594124266));
#4096 = CARTESIAN_POINT('',(69.483565232584,34.31167074593,
    233.89964986181));
#4097 = CARTESIAN_POINT('',(69.702848462521,34.27931168139,
    233.82981533193));
#4098 = CARTESIAN_POINT('',(69.92354101307,34.247404794966,
    233.76651437947));
#4099 = CARTESIAN_POINT('',(70.145285602431,34.216046993777,
    233.70979432823));
#4100 = CARTESIAN_POINT('',(70.367717248826,34.18532234508,
    233.65966805815));
#4101 = CARTESIAN_POINT('',(70.808439572324,34.12592410535,
    233.57349676617));
#4102 = CARTESIAN_POINT('',(71.026738297993,34.097217494932,
    233.53716616826));
#4103 = CARTESIAN_POINT('',(71.245030543971,34.069246079834,
    233.50710498469));
#4104 = CARTESIAN_POINT('',(71.463068642631,34.042050014789,
    233.48324476991));
#4105 = CARTESIAN_POINT('',(71.680736849289,34.015641029145,
    233.46548270174));
#4106 = CARTESIAN_POINT('',(71.898099293536,33.990002575674,
    233.45371849206));
#4107 = CARTESIAN_POINT('',(72.115326210744,33.965104067935,
    233.44789765112));
#4108 = CARTESIAN_POINT('',(72.543878317962,33.91738591248,
    233.44812899585));
#4109 = CARTESIAN_POINT('',(72.755227080887,33.894524719248,
    233.45385605187));
#4110 = CARTESIAN_POINT('',(72.96684955303,33.872292434917,
    233.4651939313));
#4111 = CARTESIAN_POINT('',(73.178906008525,33.850656718627,
    233.48218547025));
#4112 = CARTESIAN_POINT('',(73.391448994279,33.829594034051,
    233.50491183349));
#4113 = CARTESIAN_POINT('',(73.604388465616,33.809088501385,
    233.53345926845));
#4114 = CARTESIAN_POINT('',(73.817499184294,33.78912638865,
    233.56788320212));
#4115 = CARTESIAN_POINT('',(74.238614795026,33.750695108381,
    233.64759281236));
#4116 = CARTESIAN_POINT('',(74.446645705022,33.732200592496,
    233.69261898156));
#4117 = CARTESIAN_POINT('',(74.654281028387,33.714190395996,
    233.74328762372));
#4118 = CARTESIAN_POINT('',(74.861226237395,33.696638718538,
    233.79958701203));
#4119 = CARTESIAN_POINT('',(75.067187429854,33.679509856842,
    233.86147955475));
#4120 = CARTESIAN_POINT('',(75.271884510574,33.662757973863,
    233.92890495082));
#4121 = CARTESIAN_POINT('',(75.475057906064,33.646327897229,
    234.00178509679));
#4122 = CARTESIAN_POINT('',(76.082980436525,33.597518797487,
    234.23795548827));
#4123 = CARTESIAN_POINT('',(76.482268992689,33.565939627878,
    234.4177199097));
#4124 = CARTESIAN_POINT('',(76.87259050364,33.534885590922,
    234.61866248409));
#4125 = CARTESIAN_POINT('',(77.252416241792,33.503706663608,
    234.83993669082));
#4126 = CARTESIAN_POINT('',(77.620436768503,33.471675655278,
    235.08059120911));
#4127 = CARTESIAN_POINT('',(77.975505407376,33.438030556666,
    235.33961007641));
#4128 = CARTESIAN_POINT('',(78.316627528134,33.402004696624,
    235.61594820072));
#4129 = CARTESIAN_POINT('',(78.642929033033,33.362848516036,
    235.90856567735));
#4130 = PCURVE('',#214,#4131);
#4131 = DEFINITIONAL_REPRESENTATION('',(#4132),#4184);
#4132 = B_SPLINE_CURVE_WITH_KNOTS('',8,(#4133,#4134,#4135,#4136,#4137,
    #4138,#4139,#4140,#4141,#4142,#4143,#4144,#4145,#4146,#4147,#4148,
    #4149,#4150,#4151,#4152,#4153,#4154,#4155,#4156,#4157,#4158,#4159,
    #4160,#4161,#4162,#4163,#4164,#4165,#4166,#4167,#4168,#4169,#4170,
    #4171,#4172,#4173,#4174,#4175,#4176,#4177,#4178,#4179,#4180,#4181,
    #4182,#4183),.UNSPECIFIED.,.F.,.F.,(9,7,7,7,7,7,7,9),(0.,
    0.166362630889,0.308880116748,0.429375914568,0.54726328179,
    0.661877360695,0.773900823933,1.),.UNSPECIFIED.);
#4133 = CARTESIAN_POINT('',(6.28318530718,1.436090185731E-03));
#4134 = CARTESIAN_POINT('',(6.275361808201,5.504709631469E-03));
#4135 = CARTESIAN_POINT('',(6.267794519769,9.749304354116E-03));
#4136 = CARTESIAN_POINT('',(6.260497350892,1.416537231638E-02));
#4137 = CARTESIAN_POINT('',(6.253484312985,1.874792982772E-02));
#4138 = CARTESIAN_POINT('',(6.246769466801,2.349146010095E-02));
#4139 = CARTESIAN_POINT('',(6.24036683296,2.83898473323E-02));
#4140 = CARTESIAN_POINT('',(6.234290266057,3.3436296305E-02));
#4141 = CARTESIAN_POINT('',(6.223638612511,4.306672231076E-02));
#4142 = CARTESIAN_POINT('',(6.218973312207,4.761316689782E-02));
#4143 = CARTESIAN_POINT('',(6.21456576331,5.225789334489E-02));
#4144 = CARTESIAN_POINT('',(6.210424378912,5.699563711788E-02));
#4145 = CARTESIAN_POINT('',(6.206557434728,6.182048574628E-02));
#4146 = CARTESIAN_POINT('',(6.202972871309,6.672578357461E-02));
#4147 = CARTESIAN_POINT('',(6.199678040034,7.170404214789E-02));
#4148 = CARTESIAN_POINT('',(6.194144025964,8.101053169681E-02));
#4149 = CARTESIAN_POINT('',(6.191820315764,8.532048339374E-02));
#4150 = CARTESIAN_POINT('',(6.189712334383,8.967130465172E-02));
#4151 = CARTESIAN_POINT('',(6.187823745501,9.405696925046E-02));
#4152 = CARTESIAN_POINT('',(6.186157434855,9.847082026144E-02));
#4153 = CARTESIAN_POINT('',(6.184715262768,0.102905712049));
#4154 = CARTESIAN_POINT('',(6.18349790171,0.107354344977));
#4155 = CARTESIAN_POINT('',(6.181533115084,0.116168791447));
#4156 = CARTESIAN_POINT('',(6.180775992625,0.12053476596));
#4157 = CARTESIAN_POINT('',(6.180233070791,0.124900610879));
#4158 = CARTESIAN_POINT('',(6.179902394409,0.129261372853));
#4159 = CARTESIAN_POINT('',(6.179781077684,0.133614736986));
#4160 = CARTESIAN_POINT('',(6.179866666829,0.137961985871));
#4161 = CARTESIAN_POINT('',(6.180158501242,0.142306524215));
#4162 = CARTESIAN_POINT('',(6.181143013405,0.150877566359));
#4163 = CARTESIAN_POINT('',(6.181824399878,0.155104541618));
#4164 = CARTESIAN_POINT('',(6.182702954171,0.159336991061));
#4165 = CARTESIAN_POINT('',(6.18378127776,0.163578120171));
#4166 = CARTESIAN_POINT('',(6.185063070089,0.167828979886));
#4167 = CARTESIAN_POINT('',(6.186551892386,0.172087769312));
#4168 = CARTESIAN_POINT('',(6.188249914432,0.176349983686));
#4169 = CARTESIAN_POINT('',(6.192021903424,0.184772295901));
#4170 = CARTESIAN_POINT('',(6.194086676503,0.1889329141));
#4171 = CARTESIAN_POINT('',(6.196352364684,0.193085620568));
#4172 = CARTESIAN_POINT('',(6.198818523406,0.197224524748));
#4173 = CARTESIAN_POINT('',(6.201483766015,0.201343748597));
#4174 = CARTESIAN_POINT('',(6.204345896628,0.205437690212));
#4175 = CARTESIAN_POINT('',(6.207402095045,0.209501158121));
#4176 = CARTESIAN_POINT('',(6.217202756529,0.221659608731));
#4177 = CARTESIAN_POINT('',(6.224533134898,0.229645379854));
#4178 = CARTESIAN_POINT('',(6.232616986948,0.237451810073));
#4179 = CARTESIAN_POINT('',(6.241424331053,0.245048324836));
#4180 = CARTESIAN_POINT('',(6.250921364405,0.25240873537));
#4181 = CARTESIAN_POINT('',(6.2610719233,0.259510108147));
#4182 = CARTESIAN_POINT('',(6.271838859646,0.266332550563));
#4183 = CARTESIAN_POINT('',(6.28318530718,0.272858580661));
#4184 = ( GEOMETRIC_REPRESENTATION_CONTEXT(2) 
PARAMETRIC_REPRESENTATION_CONTEXT() REPRESENTATION_CONTEXT('2D SPACE',''
  ) );
#4185 = PCURVE('',#619,#4186);
#4186 = DEFINITIONAL_REPRESENTATION('',(#4187),#4239);
#4187 = B_SPLINE_CURVE_WITH_KNOTS('',8,(#4188,#4189,#4190,#4191,#4192,
    #4193,#4194,#4195,#4196,#4197,#4198,#4199,#4200,#4201,#4202,#4203,
    #4204,#4205,#4206,#4207,#4208,#4209,#4210,#4211,#4212,#4213,#4214,
    #4215,#4216,#4217,#4218,#4219,#4220,#4221,#4222,#4223,#4224,#4225,
    #4226,#4227,#4228,#4229,#4230,#4231,#4232,#4233,#4234,#4235,#4236,
    #4237,#4238),.UNSPECIFIED.,.F.,.F.,(9,7,7,7,7,7,7,9),(0.,
    0.166362630889,0.308880116748,0.429375914568,0.54726328179,
    0.661877360695,0.773900823933,1.),.UNSPECIFIED.);
#4188 = CARTESIAN_POINT('',(2.618926665055,-0.644219347398));
#4189 = CARTESIAN_POINT('',(2.60887142544,-0.675598859021));
#4190 = CARTESIAN_POINT('',(2.598104724787,-0.706886954197));
#4191 = CARTESIAN_POINT('',(2.586495847492,-0.738063949084));
#4192 = CARTESIAN_POINT('',(2.573888004278,-0.769104918978));
#4193 = CARTESIAN_POINT('',(2.560092931568,-0.799978997361));
#4194 = CARTESIAN_POINT('',(2.544879247022,-0.830646911637));
#4195 = CARTESIAN_POINT('',(2.52795456121,-0.861056755525));
#4196 = CARTESIAN_POINT('',(2.492653338374,-0.916907625868));
#4197 = CARTESIAN_POINT('',(2.47483296419,-0.942435224978));
#4198 = CARTESIAN_POINT('',(2.455243090194,-0.967676929878));
#4199 = CARTESIAN_POINT('',(2.433598509162,-0.992577344883));
#4200 = CARTESIAN_POINT('',(2.40956038981,-1.017066729586));
#4201 = CARTESIAN_POINT('',(2.382715045981,-1.041055908253));
#4202 = CARTESIAN_POINT('',(2.352560774298,-1.064429053065));
#4203 = CARTESIAN_POINT('',(2.289751193059,-1.10614695475));
#4204 = CARTESIAN_POINT('',(2.258202020995,-1.124711496797));
#4205 = CARTESIAN_POINT('',(2.223533870932,-1.142633640479));
#4206 = CARTESIAN_POINT('',(2.18537833156,-1.159803109013));
#4207 = CARTESIAN_POINT('',(2.143339326463,-1.176085685121));
#4208 = CARTESIAN_POINT('',(2.097040841875,-1.191322162689));
#4209 = CARTESIAN_POINT('',(2.046226758881,-1.205334390508));
#4210 = CARTESIAN_POINT('',(1.936796229378,-1.230269580358));
#4211 = CARTESIAN_POINT('',(1.878367087548,-1.24125438119));
#4212 = CARTESIAN_POINT('',(1.815644577538,-1.25071931416));
#4213 = CARTESIAN_POINT('',(1.748880803059,-1.258494827564));
#4214 = CARTESIAN_POINT('',(1.678638532671,-1.264426903119));
#4215 = CARTESIAN_POINT('',(1.60594385616,-1.268402650811));
#4216 = CARTESIAN_POINT('',(1.532045968409,-1.270369391772));
#4217 = CARTESIAN_POINT('',(1.386353536675,-1.270291225767));
#4218 = CARTESIAN_POINT('',(1.314549561039,-1.268356185468));
#4219 = CARTESIAN_POINT('',(1.243885847417,-1.264526390351));
#4220 = CARTESIAN_POINT('',(1.175517170092,-1.2588529701));
#4221 = CARTESIAN_POINT('',(1.110354469709,-1.25144019617));
#4222 = CARTESIAN_POINT('',(1.048956419147,-1.242428804494));
#4223 = CARTESIAN_POINT('',(0.991556994866,-1.231974418832));
#4224 = CARTESIAN_POINT('',(0.886046020485,-1.208764125005));
#4225 = CARTESIAN_POINT('',(0.837747953984,-1.196064331263));
#4226 = CARTESIAN_POINT('',(0.793336001621,-1.182285259988));
#4227 = CARTESIAN_POINT('',(0.752630750933,-1.167571917719));
#4228 = CARTESIAN_POINT('',(0.715349676115,-1.152056103246));
#4229 = CARTESIAN_POINT('',(0.681180907677,-1.135851358852));
#4230 = CARTESIAN_POINT('',(0.649822749412,-1.119053063373));
#4231 = CARTESIAN_POINT('',(0.562793099013,-1.06680776943));
#4232 = CARTESIAN_POINT('',(0.514888145661,-1.02979291788));
#4233 = CARTESIAN_POINT('',(0.474889683052,-0.991354324624));
#4234 = CARTESIAN_POINT('',(0.440805693289,-0.95190420736));
#4235 = CARTESIAN_POINT('',(0.411347921225,-0.911708524056));
#4236 = CARTESIAN_POINT('',(0.385486677318,-0.870958087147));
#4237 = CARTESIAN_POINT('',(0.362480105025,-0.829784829851));
#4238 = CARTESIAN_POINT('',(0.341738193665,-0.78828258692));
#4239 = ( GEOMETRIC_REPRESENTATION_CONTEXT(2) 
PARAMETRIC_REPRESENTATION_CONTEXT() REPRESENTATION_CONTEXT('2D SPACE',''
  ) );
#4240 = ORIENTED_EDGE('',*,*,#4241,.T.);
#4241 = EDGE_CURVE('',#4075,#4242,#4244,.T.);
#4242 = VERTEX_POINT('',#4243);
#4243 = CARTESIAN_POINT('',(115.,29.,233.));
#4244 = SEAM_CURVE('',#4245,(#4248,#4255),.PCURVE_S1.);
#4245 = B_SPLINE_CURVE_WITH_KNOTS('',1,(#4246,#4247),.UNSPECIFIED.,.F.,
  .F.,(2,2),(0.,1.),.PIECEWISE_BEZIER_KNOTS.);
#4246 = CARTESIAN_POINT('',(65.,35.,237.));
#4247 = CARTESIAN_POINT('',(115.,29.,233.));
#4248 = PCURVE('',#214,#4249);
#4249 = DEFINITIONAL_REPRESENTATION('',(#4250),#4254);
#4250 = LINE('',#4251,#4252);
#4251 = CARTESIAN_POINT('',(6.28318530718,0.));
#4252 = VECTOR('',#4253,1.);
#4253 = DIRECTION('',(0.,1.));
#4254 = ( GEOMETRIC_REPRESENTATION_CONTEXT(2) 
PARAMETRIC_REPRESENTATION_CONTEXT() REPRESENTATION_CONTEXT('2D SPACE',''
  ) );
#4255 = PCURVE('',#214,#4256);
#4256 = DEFINITIONAL_REPRESENTATION('',(#4257),#4261);
#4257 = LINE('',#4258,#4259);
#4258 = CARTESIAN_POINT('',(0.,0.));
#4259 = VECTOR('',#4260,1.);
#4260 = DIRECTION('',(0.,1.));
#4261 = ( GEOMETRIC_REPRESENTATION_CONTEXT(2) 
PARAMETRIC_REPRESENTATION_CONTEXT() REPRESENTATION_CONTEXT('2D SPACE',''
  ) );
#4262 = ORIENTED_EDGE('',*,*,#4263,.F.);
#4263 = EDGE_CURVE('',#4242,#4242,#4264,.T.);
#4264 = SURFACE_CURVE('',#4265,(#4270,#4277),.PCURVE_S1.);
#4265 = ELLIPSE('',#4266,29.,23.);
#4266 = AXIS2_PLACEMENT_3D('',#4267,#4268,#4269);
#4267 = CARTESIAN_POINT('',(115.,0.,233.));
#4268 = DIRECTION('',(1.,0.,0.));
#4269 = DIRECTION('',(-0.,1.,0.));
#4270 = PCURVE('',#214,#4271);
#4271 = DEFINITIONAL_REPRESENTATION('',(#4272),#4276);
#4272 = LINE('',#4273,#4274);
#4273 = CARTESIAN_POINT('',(0.,1.));
#4274 = VECTOR('',#4275,1.);
#4275 = DIRECTION('',(1.,0.));
#4276 = ( GEOMETRIC_REPRESENTATION_CONTEXT(2) 
PARAMETRIC_REPRESENTATION_CONTEXT() REPRESENTATION_CONTEXT('2D SPACE',''
  ) );
#4277 = PCURVE('',#4278,#4309);
#4278 = B_SPLINE_SURFACE_WITH_KNOTS('',14,1,(
    (#4279,#4280)
    ,(#4281,#4282)
    ,(#4283,#4284)
    ,(#4285,#4286)
    ,(#4287,#4288)
    ,(#4289,#4290)
    ,(#4291,#4292)
    ,(#4293,#4294)
    ,(#4295,#4296)
    ,(#4297,#4298)
    ,(#4299,#4300)
    ,(#4301,#4302)
    ,(#4303,#4304)
    ,(#4305,#4306)
    ,(#4307,#4308
    )),.UNSPECIFIED.,.T.,.F.,.F.,(1,14,14,1),(2,2),(-6.28318530718,0.,
    6.28318530718,12.56637061436),(0.,1.),.UNSPECIFIED.);
#4279 = CARTESIAN_POINT('',(115.,29.,233.));
#4280 = CARTESIAN_POINT('',(157.,19.,223.));
#4281 = CARTESIAN_POINT('',(115.,29.000000000006,243.32237586184));
#4282 = CARTESIAN_POINT('',(156.99999999998,19.000000000006,
    228.83438635669));
#4283 = CARTESIAN_POINT('',(115.,22.709483525194,253.64475553364));
#4284 = CARTESIAN_POINT('',(157.00000000008,14.878627137186,
    234.66877486686));
#4285 = CARTESIAN_POINT('',(114.99999999997,10.128442533865,
    261.35484497159));
#4286 = CARTESIAN_POINT('',(156.9999999997,6.635876142907,
    239.02665150558));
#4287 = CARTESIAN_POINT('',(115.00000000012,-6.861707827469,
    263.84064470326));
#4288 = CARTESIAN_POINT('',(157.00000000073,-4.495601680127,
    240.43166874561));
#4289 = CARTESIAN_POINT('',(114.9999999997,-24.49849415162,
    259.42646780424));
#4290 = CARTESIAN_POINT('',(156.99999999858,-16.05073754751,
    237.93669919309));
#4291 = CARTESIAN_POINT('',(115.0000000005,-37.9622093482,
    248.31536063997));
#4292 = CARTESIAN_POINT('',(157.00000000213,-24.8717923317,
    231.65650818879));
#4293 = CARTESIAN_POINT('',(114.99999999935,-43.03102945929,
    233.00000000129));
#4294 = CARTESIAN_POINT('',(156.99999999741,-28.19274343872,
    222.9999999995));
#4295 = CARTESIAN_POINT('',(115.00000000064,-37.96220934821,
    217.6846393576));
#4296 = CARTESIAN_POINT('',(157.00000000253,-24.87179233169,
    214.34349181204));
#4297 = CARTESIAN_POINT('',(114.99999999949,-24.4984941516,
    206.57353219768));
#4298 = CARTESIAN_POINT('',(156.999999998,-16.05073754753,
    208.06330080641));
#4299 = CARTESIAN_POINT('',(115.00000000031,-6.861707827483,
    202.15935529546));
#4300 = CARTESIAN_POINT('',(157.00000000126,-4.495601680112,
    205.56833125457));
#4301 = CARTESIAN_POINT('',(114.99999999984,10.128442533875,
    204.64515502907));
#4302 = CARTESIAN_POINT('',(156.99999999938,6.635876142898,
    206.97334849438));
#4303 = CARTESIAN_POINT('',(115.00000000005,22.70948352519,
    212.35524446609));
#4304 = CARTESIAN_POINT('',(157.00000000022,14.878627137189,
    211.33122513312));
#4305 = CARTESIAN_POINT('',(114.99999999998,29.000000000007,
    222.67762413821));
#4306 = CARTESIAN_POINT('',(156.99999999995,19.000000000005,
    217.16561364331));
#4307 = CARTESIAN_POINT('',(115.,29.,233.));
#4308 = CARTESIAN_POINT('',(157.,19.,223.));
#4309 = DEFINITIONAL_REPRESENTATION('',(#4310),#4314);
#4310 = LINE('',#4311,#4312);
#4311 = CARTESIAN_POINT('',(0.,0.));
#4312 = VECTOR('',#4313,1.);
#4313 = DIRECTION('',(1.,0.));
#4314 = ( GEOMETRIC_REPRESENTATION_CONTEXT(2) 
PARAMETRIC_REPRESENTATION_CONTEXT() REPRESENTATION_CONTEXT('2D SPACE',''
  ) );
#4315 = ORIENTED_EDGE('',*,*,#4241,.F.);
#4316 = ORIENTED_EDGE('',*,*,#4317,.F.);
#4317 = EDGE_CURVE('',#4318,#4075,#4320,.T.);
#4318 = VERTEX_POINT('',#4319);
#4319 = CARTESIAN_POINT('',(81.774863413182,31.,245.10998702689));
#4320 = SURFACE_CURVE('',#4321,(#4344,#4370),.PCURVE_S1.);
#4321 = B_SPLINE_CURVE_WITH_KNOTS('',6,(#4322,#4323,#4324,#4325,#4326,
    #4327,#4328,#4329,#4330,#4331,#4332,#4333,#4334,#4335,#4336,#4337,
    #4338,#4339,#4340,#4341,#4342,#4343),.UNSPECIFIED.,.F.,.F.,(7,5,5,5,
    7),(0.,0.305344157033,0.587633763046,0.83406759819,1.),
  .UNSPECIFIED.);
#4322 = CARTESIAN_POINT('',(81.774863413182,31.,245.10998702689));
#4323 = CARTESIAN_POINT('',(81.879829998155,31.193343456606,
    244.62371198444));
#4324 = CARTESIAN_POINT('',(81.951753203722,31.382247607631,
    244.12850763688));
#4325 = CARTESIAN_POINT('',(81.990145158018,31.564706833614,
    243.62659997605));
#4326 = CARTESIAN_POINT('',(81.99481678006,31.739036553686,
    243.12037055999));
#4327 = CARTESIAN_POINT('',(81.965814528973,31.903959658374,
    242.61238293126));
#4328 = CARTESIAN_POINT('',(81.845856591873,32.201637964577,
    241.63668305738));
#4329 = CARTESIAN_POINT('',(81.759739726941,32.335892260612,
    241.16879134062));
#4330 = CARTESIAN_POINT('',(81.645396318054,32.460736785717,
    240.70389546813));
#4331 = CARTESIAN_POINT('',(81.503293058742,32.57586559695,
    240.24418827973));
#4332 = CARTESIAN_POINT('',(81.334056054065,32.681324038804,
    239.79188616727));
#4333 = CARTESIAN_POINT('',(80.967798099059,32.861390874136,
    238.96275440352));
#4334 = CARTESIAN_POINT('',(80.777029816574,32.938219650563,
    238.58362039901));
#4335 = CARTESIAN_POINT('',(80.566740231355,33.008185550817,
    238.21326347437));
#4336 = CARTESIAN_POINT('',(80.337556499048,33.071708438984,
    237.85310661595));
#4337 = CARTESIAN_POINT('',(80.090190399309,33.129360118154,
    237.5045335446));
#4338 = CARTESIAN_POINT('',(79.647189135858,33.217139552042,
    236.94286408726));
#4339 = CARTESIAN_POINT('',(79.461051586994,33.25010644987,
    236.72270828456));
#4340 = CARTESIAN_POINT('',(79.267281193151,33.280925497336,
    236.50881188187));
#4341 = CARTESIAN_POINT('',(79.066142601941,33.30982534976,
    236.30156981878));
#4342 = CARTESIAN_POINT('',(78.857921996833,33.33704936038,
    236.10136496763));
#4343 = CARTESIAN_POINT('',(78.642929033033,33.362848516036,
    235.90856567735));
#4344 = PCURVE('',#214,#4345);
#4345 = DEFINITIONAL_REPRESENTATION('',(#4346),#4369);
#4346 = B_SPLINE_CURVE_WITH_KNOTS('',6,(#4347,#4348,#4349,#4350,#4351,
    #4352,#4353,#4354,#4355,#4356,#4357,#4358,#4359,#4360,#4361,#4362,
    #4363,#4364,#4365,#4366,#4367,#4368),.UNSPECIFIED.,.F.,.F.,(7,5,5,5,
    7),(0.,0.305344157033,0.587633763046,0.83406759819,1.),
  .UNSPECIFIED.);
#4347 = CARTESIAN_POINT('',(0.348858020218,0.335497268264));
#4348 = CARTESIAN_POINT('',(0.330661435966,0.337596599963));
#4349 = CARTESIAN_POINT('',(0.312079966277,0.339035064074));
#4350 = CARTESIAN_POINT('',(0.293209932385,0.33980290316));
#4351 = CARTESIAN_POINT('',(0.274150034893,0.339896335601));
#4352 = CARTESIAN_POINT('',(0.255001781686,0.339316290579));
#4353 = CARTESIAN_POINT('',(0.218184475335,0.336917131837));
#4354 = CARTESIAN_POINT('',(0.200511595149,0.335194794539));
#4355 = CARTESIAN_POINT('',(0.182935788239,0.332907926361));
#4356 = CARTESIAN_POINT('',(0.165538889592,0.330065861175));
#4357 = CARTESIAN_POINT('',(0.148402004271,0.326681121081));
#4358 = CARTESIAN_POINT('',(0.116942424653,0.319355961981));
#4359 = CARTESIAN_POINT('',(0.102538177575,0.315540596331));
#4360 = CARTESIAN_POINT('',(8.844560451866E-02,0.311334804627));
#4361 = CARTESIAN_POINT('',(7.471571070295E-02,0.306751129981));
#4362 = CARTESIAN_POINT('',(6.139791481467E-02,0.301803807986));
#4363 = CARTESIAN_POINT('',(3.988176165846E-02,0.292943782717));
#4364 = CARTESIAN_POINT('',(3.143219926143E-02,0.28922103174));
#4365 = CARTESIAN_POINT('',(2.320539857381E-02,0.285345623863));
#4366 = CARTESIAN_POINT('',(1.5215430163E-02,0.281322852039));
#4367 = CARTESIAN_POINT('',(7.475927469742E-03,0.277158439937));
#4368 = CARTESIAN_POINT('',(0.,0.272858580661));
#4369 = ( GEOMETRIC_REPRESENTATION_CONTEXT(2) 
PARAMETRIC_REPRESENTATION_CONTEXT() REPRESENTATION_CONTEXT('2D SPACE',''
  ) );
#4370 = PCURVE('',#619,#4371);
#4371 = DEFINITIONAL_REPRESENTATION('',(#4372),#4395);
#4372 = B_SPLINE_CURVE_WITH_KNOTS('',6,(#4373,#4374,#4375,#4376,#4377,
    #4378,#4379,#4380,#4381,#4382,#4383,#4384,#4385,#4386,#4387,#4388,
    #4389,#4390,#4391,#4392,#4393,#4394),.UNSPECIFIED.,.F.,.F.,(7,5,5,5,
    7),(0.,0.305344157033,0.587633763046,0.83406759819,1.),
  .UNSPECIFIED.);
#4373 = CARTESIAN_POINT('',(0.,0.212596552302));
#4374 = CARTESIAN_POINT('',(1.977965813264E-02,0.162849049765));
#4375 = CARTESIAN_POINT('',(3.859540829087E-02,0.112829115095));
#4376 = CARTESIAN_POINT('',(5.656159143855E-02,6.255594174329E-02));
#4377 = CARTESIAN_POINT('',(7.378614781824E-02,1.204660575992E-02));
#4378 = CARTESIAN_POINT('',(9.038382167078E-02,-3.867736424809E-02));
#4379 = CARTESIAN_POINT('',(0.121382348715,-0.136640147604));
#4380 = CARTESIAN_POINT('',(0.135855576625,-0.183856375081));
#4381 = CARTESIAN_POINT('',(0.150018577566,-0.231201143481));
#4382 = CARTESIAN_POINT('',(0.163999997718,-0.278648351277));
#4383 = CARTESIAN_POINT('',(0.177956976232,-0.326167992638));
#4384 = CARTESIAN_POINT('',(0.204454115635,-0.415228442426));
#4385 = CARTESIAN_POINT('',(0.216949615922,-0.456763627968));
#4386 = CARTESIAN_POINT('',(0.229733559438,-0.498297513955));
#4387 = CARTESIAN_POINT('',(0.242985513727,-0.539800753435));
#4388 = CARTESIAN_POINT('',(0.256933382702,-0.581237384118));
#4389 = CARTESIAN_POINT('',(0.281986597986,-0.650375174032));
#4390 = CARTESIAN_POINT('',(0.292531979395,-0.678141581975));
#4391 = CARTESIAN_POINT('',(0.303642743804,-0.705837899713));
#4392 = CARTESIAN_POINT('',(0.315438797521,-0.733444928869));
#4393 = CARTESIAN_POINT('',(0.328071799452,-0.760937661818));
#4394 = CARTESIAN_POINT('',(0.341738193665,-0.78828258692));
#4395 = ( GEOMETRIC_REPRESENTATION_CONTEXT(2) 
PARAMETRIC_REPRESENTATION_CONTEXT() REPRESENTATION_CONTEXT('2D SPACE',''
  ) );
#4396 = ORIENTED_EDGE('',*,*,#4397,.F.);
#4397 = EDGE_CURVE('',#498,#4318,#4398,.T.);
#4398 = SURFACE_CURVE('',#4399,(#4479,#4562),.PCURVE_S1.);
#4399 = B_SPLINE_CURVE_WITH_KNOTS('',8,(#4400,#4401,#4402,#4403,#4404,
    #4405,#4406,#4407,#4408,#4409,#4410,#4411,#4412,#4413,#4414,#4415,
    #4416,#4417,#4418,#4419,#4420,#4421,#4422,#4423,#4424,#4425,#4426,
    #4427,#4428,#4429,#4430,#4431,#4432,#4433,#4434,#4435,#4436,#4437,
    #4438,#4439,#4440,#4441,#4442,#4443,#4444,#4445,#4446,#4447,#4448,
    #4449,#4450,#4451,#4452,#4453,#4454,#4455,#4456,#4457,#4458,#4459,
    #4460,#4461,#4462,#4463,#4464,#4465,#4466,#4467,#4468,#4469,#4470,
    #4471,#4472,#4473,#4474,#4475,#4476,#4477,#4478),.UNSPECIFIED.,.F.,
  .F.,(9,7,7,7,7,7,7,7,7,7,7,9),(0.,0.10430697312,0.192562418673,
    0.268589212704,0.35236221323,0.441061821851,0.533953099331,
    0.617764759677,0.693716628027,0.748565249073,0.875892152628,1.),
  .UNSPECIFIED.);
#4400 = CARTESIAN_POINT('',(65.,31.472189785458,250.12580078352));
#4401 = CARTESIAN_POINT('',(65.178260969484,31.334058688743,
    250.31006791633));
#4402 = CARTESIAN_POINT('',(65.363395927627,31.195775726669,
    250.48749543252));
#4403 = CARTESIAN_POINT('',(65.555234060934,31.057686743975,
    250.65790039295));
#4404 = CARTESIAN_POINT('',(65.753590093061,30.920145866776,
    250.82111189508));
#4405 = CARTESIAN_POINT('',(65.958262599124,30.783513912733,
    250.97697120751));
#4406 = CARTESIAN_POINT('',(66.169031625826,30.648156468516,
    251.12533216404));
#4407 = CARTESIAN_POINT('',(66.385655617412,30.514441634533,
    251.2660618172));
#4408 = CARTESIAN_POINT('',(66.795884048768,30.271300854225,
    251.51155701233));
#4409 = CARTESIAN_POINT('',(66.987895792222,30.161306766019,
    251.61852121154));
#4410 = CARTESIAN_POINT('',(67.183743618978,30.052976226009,
    251.71986430412));
#4411 = CARTESIAN_POINT('',(67.383249399079,29.946534058481,
    251.81551959274));
#4412 = CARTESIAN_POINT('',(67.586212413192,29.842207598554,
    251.90542532595));
#4413 = CARTESIAN_POINT('',(67.792406309665,29.740224451244,
    251.98952731835));
#4414 = CARTESIAN_POINT('',(68.001576736905,29.640809269338,
    252.0677821925));
#4415 = CARTESIAN_POINT('',(68.395946895079,29.460938819583,
    252.20251147046));
#4416 = CARTESIAN_POINT('',(68.580456300056,29.379763316904,
    252.26050268644));
#4417 = CARTESIAN_POINT('',(68.766773120376,29.300798028887,
    252.31411200343));
#4418 = CARTESIAN_POINT('',(68.954683051703,29.224185156014,
    252.36332444189));
#4419 = CARTESIAN_POINT('',(69.143951525364,29.150060070428,
    252.40813736024));
#4420 = CARTESIAN_POINT('',(69.334329454883,29.078546719604,
    252.44856353914));
#4421 = CARTESIAN_POINT('',(69.525565434687,29.009752475716,
    252.4846329197));
#4422 = CARTESIAN_POINT('',(69.928831443555,28.871048801926,
    252.55138903739));
#4423 = CARTESIAN_POINT('',(70.141018807033,28.801731781849,
    252.58115674767));
#4424 = CARTESIAN_POINT('',(70.353640048054,28.735937902484,
    252.6057519899));
#4425 = CARTESIAN_POINT('',(70.566461783156,28.673729068889,
    252.62527350581));
#4426 = CARTESIAN_POINT('',(70.77939409702,28.615106467692,
    252.63984445214));
#4427 = CARTESIAN_POINT('',(70.992551409206,28.560021283137,
    252.64957864858));
#4428 = CARTESIAN_POINT('',(71.20617487224,28.508424543962,
    252.65454119617));
#4429 = CARTESIAN_POINT('',(71.647525772008,28.409324982308,
    252.65496151256));
#4430 = CARTESIAN_POINT('',(71.875385733236,28.362231949847,
    252.64984319992));
#4431 = CARTESIAN_POINT('',(72.104458001835,28.31898390033,
    252.63940222856));
#4432 = CARTESIAN_POINT('',(72.335039578323,28.27960113568,
    252.62358600179));
#4433 = CARTESIAN_POINT('',(72.567275428417,28.244177248729,
    252.60228119027));
#4434 = CARTESIAN_POINT('',(72.801042565677,28.21286124049,252.575370482
    ));
#4435 = CARTESIAN_POINT('',(73.036033622512,28.185804255321,
    252.54277204482));
#4436 = CARTESIAN_POINT('',(73.51868260267,28.139395124798,
    252.46433692737));
#4437 = CARTESIAN_POINT('',(73.766448115856,28.120464215997,
    252.4179420175));
#4438 = CARTESIAN_POINT('',(74.014619938317,28.106486656233,
    252.36523168284));
#4439 = CARTESIAN_POINT('',(74.262689534215,28.097571965873,
    252.30619977334));
#4440 = CARTESIAN_POINT('',(74.51015439195,28.093782816676,
    252.2408760149));
#4441 = CARTESIAN_POINT('',(74.756541760695,28.09513684335,252.169316405
    ));
#4442 = CARTESIAN_POINT('',(75.00141533727,28.10161428071,
    252.09159239262));
#4443 = CARTESIAN_POINT('',(75.463585659763,28.123583146403,
    251.93217107935));
#4444 = CARTESIAN_POINT('',(75.68124777764,28.138132075943,
    251.85160146022));
#4445 = CARTESIAN_POINT('',(75.89707689905,28.156772913924,
    251.76613279176));
#4446 = CARTESIAN_POINT('',(76.110807138946,28.179448323983,
    251.67582790229));
#4447 = CARTESIAN_POINT('',(76.322189514769,28.206083348954,
    251.58075445399));
#4448 = CARTESIAN_POINT('',(76.530990731551,28.236587830251,
    251.48098323033));
#4449 = CARTESIAN_POINT('',(76.736991884327,28.27085853803,
    251.37658697899));
#4450 = CARTESIAN_POINT('',(77.12394554081,28.343147146258,
    251.16890962159));
#4451 = CARTESIAN_POINT('',(77.305434251695,28.380512047732,
    251.06644263543));
#4452 = CARTESIAN_POINT('',(77.484299010275,28.420790201815,
    250.96029474837));
#4453 = CARTESIAN_POINT('',(77.660393240373,28.463888307713,
    250.85052333333));
#4454 = CARTESIAN_POINT('',(77.833577570516,28.509706122672,
    250.73718717543));
#4455 = CARTESIAN_POINT('',(78.003719414597,28.558137306084,
    250.62034640785));
#4456 = CARTESIAN_POINT('',(78.170692552517,28.609070263591,
    250.50006244778));
#4457 = CARTESIAN_POINT('',(78.452581181208,28.700893095795,
    250.28709363622));
#4458 = CARTESIAN_POINT('',(78.569070480736,28.740641380698,
    250.19602637196));
#4459 = CARTESIAN_POINT('',(78.683799364243,28.781590143846,
    250.10321974057));
#4460 = CARTESIAN_POINT('',(78.796724228525,28.823694471486,
    250.00869769189));
#4461 = CARTESIAN_POINT('',(78.907803063158,28.866908377012,
    249.91248454516));
#4462 = CARTESIAN_POINT('',(79.016995401315,28.911184939825,
    249.81460500971));
#4463 = CARTESIAN_POINT('',(79.124262270566,28.956476444189,
    249.71508420558));
#4464 = CARTESIAN_POINT('',(79.474021078785,29.110119119584,
    249.37916693917));
#4465 = CARTESIAN_POINT('',(79.707896474384,29.222712157971,
    249.13567997648));
#4466 = CARTESIAN_POINT('',(79.930724236008,29.33990886357,
    248.88380554649));
#4467 = CARTESIAN_POINT('',(80.142077377657,29.461085090843,
    248.6238754547));
#4468 = CARTESIAN_POINT('',(80.341567587448,29.585605835246,
    248.35623700804));
#4469 = CARTESIAN_POINT('',(80.528843283708,29.712833304634,
    248.08125553829));
#4470 = CARTESIAN_POINT('',(80.703588161544,29.842134545211,
    247.79931700291));
#4471 = CARTESIAN_POINT('',(81.023358360369,30.10033699748,
    247.22963778372));
#4472 = CARTESIAN_POINT('',(81.169023541264,30.229166053709,
    246.94222335908));
#4473 = CARTESIAN_POINT('',(81.302254186176,30.35879981502,
    246.6489678155));
#4474 = CARTESIAN_POINT('',(81.422819230355,30.488673733743,
    246.35027253791));
#4475 = CARTESIAN_POINT('',(81.530518006599,30.618240404333,
    246.04656222142));
#4476 = CARTESIAN_POINT('',(81.62518012117,30.74697527748,
    245.73828722298));
#4477 = CARTESIAN_POINT('',(81.706665329714,30.874382374212,
    245.42592591297));
#4478 = CARTESIAN_POINT('',(81.774863413182,31.,245.10998702689));
#4479 = PCURVE('',#214,#4480);
#4480 = DEFINITIONAL_REPRESENTATION('',(#4481),#4561);
#4481 = B_SPLINE_CURVE_WITH_KNOTS('',8,(#4482,#4483,#4484,#4485,#4486,
    #4487,#4488,#4489,#4490,#4491,#4492,#4493,#4494,#4495,#4496,#4497,
    #4498,#4499,#4500,#4501,#4502,#4503,#4504,#4505,#4506,#4507,#4508,
    #4509,#4510,#4511,#4512,#4513,#4514,#4515,#4516,#4517,#4518,#4519,
    #4520,#4521,#4522,#4523,#4524,#4525,#4526,#4527,#4528,#4529,#4530,
    #4531,#4532,#4533,#4534,#4535,#4536,#4537,#4538,#4539,#4540,#4541,
    #4542,#4543,#4544,#4545,#4546,#4547,#4548,#4549,#4550,#4551,#4552,
    #4553,#4554,#4555,#4556,#4557,#4558,#4559,#4560),.UNSPECIFIED.,.F.,
  .F.,(9,7,7,7,7,7,7,7,7,7,7,9),(0.,0.10430697312,0.192562418673,
    0.268589212704,0.35236221323,0.441061821851,0.533953099331,
    0.617764759677,0.693716628027,0.748565249073,0.875892152628,1.),
  .UNSPECIFIED.);
#4482 = CARTESIAN_POINT('',(0.452846280713,0.));
#4483 = CARTESIAN_POINT('',(0.46061043777,3.565219389674E-03));
#4484 = CARTESIAN_POINT('',(0.468205330632,7.267918552542E-03));
#4485 = CARTESIAN_POINT('',(0.475621760038,1.110468121868E-02));
#4486 = CARTESIAN_POINT('',(0.482850466887,1.507180186123E-02));
#4487 = CARTESIAN_POINT('',(0.489882136892,1.916525198249E-02));
#4488 = CARTESIAN_POINT('',(0.496707421557,2.338063251652E-02));
#4489 = CARTESIAN_POINT('',(0.503316975463,2.771311234825E-02));
#4490 = CARTESIAN_POINT('',(0.515103544958,3.591768097537E-02));
#4491 = CARTESIAN_POINT('',(0.520344338422,3.975791584445E-02));
#4492 = CARTESIAN_POINT('',(0.525418363918,4.367487237956E-02));
#4493 = CARTESIAN_POINT('',(0.530319929892,4.766498798159E-02));
#4494 = CARTESIAN_POINT('',(0.535043241258,5.172424826384E-02));
#4495 = CARTESIAN_POINT('',(0.539582499631,5.584812619331E-02));
#4496 = CARTESIAN_POINT('',(0.54393204209,6.003153473811E-02));
#4497 = CARTESIAN_POINT('',(0.551665351725,6.791893790158E-02));
#4498 = CARTESIAN_POINT('',(0.555099507595,7.160912600111E-02));
#4499 = CARTESIAN_POINT('',(0.558385308076,7.533546240751E-02));
#4500 = CARTESIAN_POINT('',(0.561519214042,7.909366103407E-02));
#4501 = CARTESIAN_POINT('',(0.564498014596,8.287903050728E-02));
#4502 = CARTESIAN_POINT('',(0.567319010484,8.668658909767E-02));
#4503 = CARTESIAN_POINT('',(0.569980191583,9.051130869374E-02));
#4504 = CARTESIAN_POINT('',(0.575235367087,9.85766288711E-02));
#4505 = CARTESIAN_POINT('',(0.577795196692,0.102820376141));
#4506 = CARTESIAN_POINT('',(0.580157850206,0.107072800961));
#4507 = CARTESIAN_POINT('',(0.582323788156,0.111329235663));
#4508 = CARTESIAN_POINT('',(0.584295521789,0.11558788194));
#4509 = CARTESIAN_POINT('',(0.586076709359,0.119851028184));
#4510 = CARTESIAN_POINT('',(0.587670012022,0.124123497445));
#4511 = CARTESIAN_POINT('',(0.590565419718,0.13295051544));
#4512 = CARTESIAN_POINT('',(0.591845164538,0.137507714665));
#4513 = CARTESIAN_POINT('',(0.592916521429,0.142089160037));
#4514 = CARTESIAN_POINT('',(0.593777710601,0.146700791566));
#4515 = CARTESIAN_POINT('',(0.594423561234,0.151345508568));
#4516 = CARTESIAN_POINT('',(0.594847024876,0.156020851314));
#4517 = CARTESIAN_POINT('',(0.595041427693,0.16072067245));
#4518 = CARTESIAN_POINT('',(0.594959827428,0.170373652053));
#4519 = CARTESIAN_POINT('',(0.594661156952,0.175328962317));
#4520 = CARTESIAN_POINT('',(0.594099461046,0.180292398766));
#4521 = CARTESIAN_POINT('',(0.593270095995,0.185253790684));
#4522 = CARTESIAN_POINT('',(0.592170216604,0.190203087839));
#4523 = CARTESIAN_POINT('',(0.590798572117,0.195130835214));
#4524 = CARTESIAN_POINT('',(0.589155112856,0.200028306745));
#4525 = CARTESIAN_POINT('',(0.585513539474,0.209271713195));
#4526 = CARTESIAN_POINT('',(0.583565717916,0.213624955553));
#4527 = CARTESIAN_POINT('',(0.581397866041,0.217941537981));
#4528 = CARTESIAN_POINT('',(0.579011166127,0.222216142779));
#4529 = CARTESIAN_POINT('',(0.576407312643,0.226443790295));
#4530 = CARTESIAN_POINT('',(0.573588422815,0.230619814631));
#4531 = CARTESIAN_POINT('',(0.570556964875,0.234739837687));
#4532 = CARTESIAN_POINT('',(0.564378406051,0.242478910816));
#4533 = CARTESIAN_POINT('',(0.561268827445,0.246108685034));
#4534 = CARTESIAN_POINT('',(0.557989050454,0.249685980206));
#4535 = CARTESIAN_POINT('',(0.55454137542,0.253207864807));
#4536 = CARTESIAN_POINT('',(0.550928302472,0.25667155141));
#4537 = CARTESIAN_POINT('',(0.547152513234,0.260074388292));
#4538 = CARTESIAN_POINT('',(0.543216852533,0.26341385105));
#4539 = CARTESIAN_POINT('',(0.536168881715,0.269051623624));
#4540 = CARTESIAN_POINT('',(0.533131639263,0.271381409615));
#4541 = CARTESIAN_POINT('',(0.530013709325,0.273675987285));
#4542 = CARTESIAN_POINT('',(0.526816258518,0.275934484571));
#4543 = CARTESIAN_POINT('',(0.52354049135,0.278156061263));
#4544 = CARTESIAN_POINT('',(0.520187648076,0.280339908026));
#4545 = CARTESIAN_POINT('',(0.516759002546,0.282485245411));
#4546 = CARTESIAN_POINT('',(0.505123581118,0.289480421576));
#4547 = CARTESIAN_POINT('',(0.496589868734,0.294157929488));
#4548 = CARTESIAN_POINT('',(0.487671022853,0.29861448472));
#4549 = CARTESIAN_POINT('',(0.478384277782,0.302841547553));
#4550 = CARTESIAN_POINT('',(0.468747704622,0.306831351749));
#4551 = CARTESIAN_POINT('',(0.458780139573,0.310576865674));
#4552 = CARTESIAN_POINT('',(0.448501138094,0.314071763231));
#4553 = CARTESIAN_POINT('',(0.427628005262,0.320467167207));
#4554 = CARTESIAN_POINT('',(0.417048382296,0.323380470825));
#4555 = CARTESIAN_POINT('',(0.406210913599,0.326045083724));
#4556 = CARTESIAN_POINT('',(0.395135025955,0.328456384607));
#4557 = CARTESIAN_POINT('',(0.383840767256,0.330610360132));
#4558 = CARTESIAN_POINT('',(0.372348828402,0.332503602423));
#4559 = CARTESIAN_POINT('',(0.360680565192,0.334133306594));
#4560 = CARTESIAN_POINT('',(0.348858020218,0.335497268264));
#4561 = ( GEOMETRIC_REPRESENTATION_CONTEXT(2) 
PARAMETRIC_REPRESENTATION_CONTEXT() REPRESENTATION_CONTEXT('2D SPACE',''
  ) );
#4562 = PCURVE('',#619,#4563);
#4563 = DEFINITIONAL_REPRESENTATION('',(#4564),#4644);
#4564 = B_SPLINE_CURVE_WITH_KNOTS('',8,(#4565,#4566,#4567,#4568,#4569,
    #4570,#4571,#4572,#4573,#4574,#4575,#4576,#4577,#4578,#4579,#4580,
    #4581,#4582,#4583,#4584,#4585,#4586,#4587,#4588,#4589,#4590,#4591,
    #4592,#4593,#4594,#4595,#4596,#4597,#4598,#4599,#4600,#4601,#4602,
    #4603,#4604,#4605,#4606,#4607,#4608,#4609,#4610,#4611,#4612,#4613,
    #4614,#4615,#4616,#4617,#4618,#4619,#4620,#4621,#4622,#4623,#4624,
    #4625,#4626,#4627,#4628,#4629,#4630,#4631,#4632,#4633,#4634,#4635,
    #4636,#4637,#4638,#4639,#4640,#4641,#4642,#4643),.UNSPECIFIED.,.F.,
  .F.,(9,7,7,7,7,7,7,7,7,7,7,9),(0.,0.10430697312,0.192562418673,
    0.268589212704,0.35236221323,0.441061821851,0.533953099331,
    0.617764759677,0.693716628027,0.748565249073,0.875892152628,1.),
  .UNSPECIFIED.);
#4565 = CARTESIAN_POINT('',(3.074239005365,0.793168844273));
#4566 = CARTESIAN_POINT('',(3.092172599989,0.819433033641));
#4567 = CARTESIAN_POINT('',(3.111155342428,0.845523027689));
#4568 = CARTESIAN_POINT('',(3.13130413124,0.871421874576));
#4569 = CARTESIAN_POINT('',(3.152757931696,0.897108623614));
#4570 = CARTESIAN_POINT('',(3.175682948026,0.922557653004));
#4571 = CARTESIAN_POINT('',(3.200281604184,0.947736874147));
#4572 = CARTESIAN_POINT('',(3.226805333147,0.972604812538));
#4573 = CARTESIAN_POINT('',(3.279910316093,1.017837807214));
#4574 = CARTESIAN_POINT('',(3.305853562705,1.038306314251));
#4575 = CARTESIAN_POINT('',(3.333594885386,1.058479078457));
#4576 = CARTESIAN_POINT('',(3.36335705106,1.078315392165));
#4577 = CARTESIAN_POINT('',(3.3954055098,1.097764784013));
#4578 = CARTESIAN_POINT('',(3.430054609662,1.116764207707));
#4579 = CARTESIAN_POINT('',(3.467666139269,1.13523448346));
#4580 = CARTESIAN_POINT('',(3.54393690215,1.168445385967));
#4581 = CARTESIAN_POINT('',(3.581729117629,1.183348638499));
#4582 = CARTESIAN_POINT('',(3.622269645894,1.197720539496));
#4583 = CARTESIAN_POINT('',(3.665824004421,1.211485864444));
#4584 = CARTESIAN_POINT('',(3.712665281532,1.224555813924));
#4585 = CARTESIAN_POINT('',(3.763041317964,1.236828077118));
#4586 = CARTESIAN_POINT('',(3.81711421538,1.248190519405));
#4587 = CARTESIAN_POINT('',(3.938514962144,1.269919782736));
#4588 = CARTESIAN_POINT('',(4.0066391313,1.280068624606));
#4589 = CARTESIAN_POINT('',(4.079223296221,1.288819972998));
#4590 = CARTESIAN_POINT('',(4.156010841858,1.296022896894));
#4591 = CARTESIAN_POINT('',(4.236428891576,1.30154103981));
#4592 = CARTESIAN_POINT('',(4.319428516412,1.305275529125));
#4593 = CARTESIAN_POINT('',(4.403729701894,1.307180548445));
#4594 = CARTESIAN_POINT('',(4.577373307853,1.307341899885));
#4595 = CARTESIAN_POINT('',(4.666736771588,1.305377077493));
#4596 = CARTESIAN_POINT('',(4.754664086959,1.301366702781));
#4597 = CARTESIAN_POINT('',(4.83963314144,1.295374173888));
#4598 = CARTESIAN_POINT('',(4.920439892394,1.287529838653));
#4599 = CARTESIAN_POINT('',(4.996506682022,1.278006874704));
#4600 = CARTESIAN_POINT('',(5.067620753274,1.266990711536));
#4601 = CARTESIAN_POINT('',(5.203177306277,1.241761474381));
#4602 = CARTESIAN_POINT('',(5.267155236931,1.227420121591));
#4603 = CARTESIAN_POINT('',(5.325838732202,1.211852750334));
#4604 = CARTESIAN_POINT('',(5.379645138306,1.195259349646));
#4605 = CARTESIAN_POINT('',(5.429091373267,1.177808517694));
#4606 = CARTESIAN_POINT('',(5.474678708375,1.159636919729));
#4607 = CARTESIAN_POINT('',(5.516859477714,1.140856892421));
#4608 = CARTESIAN_POINT('',(5.591382330117,1.104147438495));
#4609 = CARTESIAN_POINT('',(5.624284288037,1.086313574422));
#4610 = CARTESIAN_POINT('',(5.655038053814,1.068123229199));
#4611 = CARTESIAN_POINT('',(5.683900848879,1.049628580457));
#4612 = CARTESIAN_POINT('',(5.711092222772,1.030871314361));
#4613 = CARTESIAN_POINT('',(5.736797649149,1.01188509792));
#4614 = CARTESIAN_POINT('',(5.761173957865,0.992697406444));
#4615 = CARTESIAN_POINT('',(5.805365198033,0.955780199884));
#4616 = CARTESIAN_POINT('',(5.825393401038,0.938082834584));
#4617 = CARTESIAN_POINT('',(5.844541080176,0.920255322486));
#4618 = CARTESIAN_POINT('',(5.862893345065,0.902311382655));
#4619 = CARTESIAN_POINT('',(5.880522688809,0.884262224717));
#4620 = CARTESIAN_POINT('',(5.897491129902,0.86611703259));
#4621 = CARTESIAN_POINT('',(5.913852354136,0.847883448208));
#4622 = CARTESIAN_POINT('',(5.941064907125,0.81634159921));
#4623 = CARTESIAN_POINT('',(5.952184011284,0.803072461301));
#4624 = CARTESIAN_POINT('',(5.963028880912,0.789763070456));
#4625 = CARTESIAN_POINT('',(5.973615423363,0.776415530352));
#4626 = CARTESIAN_POINT('',(5.983957946259,0.763031659944));
#4627 = CARTESIAN_POINT('',(5.994069362357,0.749613033996));
#4628 = CARTESIAN_POINT('',(6.003961394399,0.736161023617));
#4629 = CARTESIAN_POINT('',(6.036124023369,0.691374322318));
#4630 = CARTESIAN_POINT('',(6.057478782565,0.659898528453));
#4631 = CARTESIAN_POINT('',(6.077842902367,0.628264291971));
#4632 = CARTESIAN_POINT('',(6.097320730828,0.596481632487));
#4633 = CARTESIAN_POINT('',(6.115995796417,0.564557398228));
#4634 = CARTESIAN_POINT('',(6.13393717379,0.532496475805));
#4635 = CARTESIAN_POINT('',(6.151203538164,0.500302564004));
#4636 = CARTESIAN_POINT('',(6.184065554279,0.436471670143));
#4637 = CARTESIAN_POINT('',(6.199692594329,0.404841132379));
#4638 = CARTESIAN_POINT('',(6.214772088277,0.373089713804));
#4639 = CARTESIAN_POINT('',(6.229343479091,0.34121961287));
#4640 = CARTESIAN_POINT('',(6.24344102193,0.309232800163));
#4641 = CARTESIAN_POINT('',(6.2570952132,0.277131407597));
#4642 = CARTESIAN_POINT('',(6.270334219601,0.2449181176));
#4643 = CARTESIAN_POINT('',(6.28318530718,0.212596552302));
#4644 = ( GEOMETRIC_REPRESENTATION_CONTEXT(2) 
PARAMETRIC_REPRESENTATION_CONTEXT() REPRESENTATION_CONTEXT('2D SPACE',''
  ) );
#4645 = ORIENTED_EDGE('',*,*,#497,.T.);
#4646 = ORIENTED_EDGE('',*,*,#473,.T.);
#4647 = ORIENTED_EDGE('',*,*,#449,.T.);
#4648 = ORIENTED_EDGE('',*,*,#425,.T.);
#4649 = ORIENTED_EDGE('',*,*,#403,.T.);
#4650 = ORIENTED_EDGE('',*,*,#4651,.T.);
#4651 = EDGE_CURVE('',#253,#3778,#4652,.T.);
#4652 = SURFACE_CURVE('',#4653,(#4733,#4816),.PCURVE_S1.);
#4653 = B_SPLINE_CURVE_WITH_KNOTS('',8,(#4654,#4655,#4656,#4657,#4658,
    #4659,#4660,#4661,#4662,#4663,#4664,#4665,#4666,#4667,#4668,#4669,
    #4670,#4671,#4672,#4673,#4674,#4675,#4676,#4677,#4678,#4679,#4680,
    #4681,#4682,#4683,#4684,#4685,#4686,#4687,#4688,#4689,#4690,#4691,
    #4692,#4693,#4694,#4695,#4696,#4697,#4698,#4699,#4700,#4701,#4702,
    #4703,#4704,#4705,#4706,#4707,#4708,#4709,#4710,#4711,#4712,#4713,
    #4714,#4715,#4716,#4717,#4718,#4719,#4720,#4721,#4722,#4723,#4724,
    #4725,#4726,#4727,#4728,#4729,#4730,#4731,#4732),.UNSPECIFIED.,.F.,
  .F.,(9,7,7,7,7,7,7,7,7,7,7,9),(0.,0.104306972642,0.192562417938,
    0.268589211801,0.352362212241,0.441061820796,0.533953097625,
    0.617764757765,0.6937166259,0.748565246761,0.875892149664,1.),
  .UNSPECIFIED.);
#4654 = CARTESIAN_POINT('',(65.,-31.47218979578,250.12580078284));
#4655 = CARTESIAN_POINT('',(65.178260969715,-31.33405870133,
    250.31006791594));
#4656 = CARTESIAN_POINT('',(65.363395928017,-31.19577574143,
    250.48749543243));
#4657 = CARTESIAN_POINT('',(65.555234061409,-31.05768676081,
    250.65790039316));
#4658 = CARTESIAN_POINT('',(65.753590093546,-30.92014588557,
    250.8211118956));
#4659 = CARTESIAN_POINT('',(65.958262599544,-30.78351393337,
    250.97697120833));
#4660 = CARTESIAN_POINT('',(66.169031626109,-30.64815649087,
    251.12533216517));
#4661 = CARTESIAN_POINT('',(66.385655617488,-30.51444165848,
    251.26606181863));
#4662 = CARTESIAN_POINT('',(66.79588404866,-30.27130088071,
    251.51155701452));
#4663 = CARTESIAN_POINT('',(66.987895792168,-30.16130679348,
    251.61852121417));
#4664 = CARTESIAN_POINT('',(67.183743618946,-30.05297625437,
    251.71986430717));
#4665 = CARTESIAN_POINT('',(67.383249399041,-29.94653408765,
    251.8155195962));
#4666 = CARTESIAN_POINT('',(67.586212413122,-29.84220762847,
    251.90542532979));
#4667 = CARTESIAN_POINT('',(67.792406309539,-29.74022448182,
    251.98952732256));
#4668 = CARTESIAN_POINT('',(68.001576736702,-29.64080930051,
    252.06778219708));
#4669 = CARTESIAN_POINT('',(68.395946894821,-29.46093885168,
    252.20251147573));
#4670 = CARTESIAN_POINT('',(68.58045629983,-29.37976334935,
    252.26050269204));
#4671 = CARTESIAN_POINT('',(68.76677312017,-29.30079806165,
    252.31411200934));
#4672 = CARTESIAN_POINT('',(68.954683051506,-29.22418518904,
    252.36332444809));
#4673 = CARTESIAN_POINT('',(69.143951525161,-29.15006010369,
    252.40813736672));
#4674 = CARTESIAN_POINT('',(69.334329454657,-29.07854675308,
    252.44856354588));
#4675 = CARTESIAN_POINT('',(69.525565434413,-29.00975250937,
    252.48463292669));
#4676 = CARTESIAN_POINT('',(69.928831443367,-28.87104883582,
    252.55138904491));
#4677 = CARTESIAN_POINT('',(70.141018806982,-28.80173181582,
    252.58115675546));
#4678 = CARTESIAN_POINT('',(70.353640048077,-28.73593793651,
    252.60575199793));
#4679 = CARTESIAN_POINT('',(70.566461783217,-28.67372910297,
    252.62527351405));
#4680 = CARTESIAN_POINT('',(70.779394097032,-28.61510650181,
    252.63984446058));
#4681 = CARTESIAN_POINT('',(70.992551409125,-28.5600213173,
    252.64957865721));
#4682 = CARTESIAN_POINT('',(71.206174872022,-28.50842457815,
    252.65454120498));
#4683 = CARTESIAN_POINT('',(71.647525771539,-28.4093250165,
    252.65496152172));
#4684 = CARTESIAN_POINT('',(71.875385732649,-28.36223198402,
    252.64984320925));
#4685 = CARTESIAN_POINT('',(72.104458001155,-28.31898393445,
    252.63940223805));
#4686 = CARTESIAN_POINT('',(72.335039577574,-28.27960116973,
    252.62358601144));
#4687 = CARTESIAN_POINT('',(72.567275427683,-28.24417728269,
    252.60228120006));
#4688 = CARTESIAN_POINT('',(72.801042565008,-28.21286127434,
    252.57537049191));
#4689 = CARTESIAN_POINT('',(73.036033621973,-28.18580428904,
    252.54277205483));
#4690 = CARTESIAN_POINT('',(73.518682600936,-28.1393951584,
    252.46433693777));
#4691 = CARTESIAN_POINT('',(73.766448112793,-28.12046424954,
    252.41794202827));
#4692 = CARTESIAN_POINT('',(74.014619933965,-28.10648668965,
    252.36523169402));
#4693 = CARTESIAN_POINT('',(74.262689528596,-28.09757199909,
    252.30619978499));
#4694 = CARTESIAN_POINT('',(74.510154385094,-28.09378284963,
    252.24087602705));
#4695 = CARTESIAN_POINT('',(74.756541752638,-28.09513687598,
    252.1693164177));
#4696 = CARTESIAN_POINT('',(75.001415328035,-28.10161431295,
    252.09159240591));
#4697 = CARTESIAN_POINT('',(75.463585649354,-28.1235831778,
    251.9321710935));
#4698 = CARTESIAN_POINT('',(75.681247767212,-28.13813210695,
    251.85160147457));
#4699 = CARTESIAN_POINT('',(75.897076888613,-28.15677294452,
    251.76613280631));
#4700 = CARTESIAN_POINT('',(76.110807128511,-28.17944835414,
    251.67582791703));
#4701 = CARTESIAN_POINT('',(76.322189504347,-28.20608337865,
    251.5807544689));
#4702 = CARTESIAN_POINT('',(76.530990721153,-28.23658785945,
    251.4809832454));
#4703 = CARTESIAN_POINT('',(76.736991873962,-28.27085856671,
    251.37658699419));
#4704 = CARTESIAN_POINT('',(77.123945530458,-28.34314717385,
    251.16890963705));
#4705 = CARTESIAN_POINT('',(77.305434241323,-28.38051207477,
    251.06644265103));
#4706 = CARTESIAN_POINT('',(77.484298999894,-28.42079022827,
    250.96029476408));
#4707 = CARTESIAN_POINT('',(77.660393229994,-28.46388833354,
    250.85052334915));
#4708 = CARTESIAN_POINT('',(77.833577560151,-28.50970614784,
    250.73718719133));
#4709 = CARTESIAN_POINT('',(78.003719404259,-28.55813733055,
    250.62034642382));
#4710 = CARTESIAN_POINT('',(78.170692542219,-28.6090702873,
    250.50006246381));
#4711 = CARTESIAN_POINT('',(78.45258117094,-28.70089311811,
    250.28709365235));
#4712 = CARTESIAN_POINT('',(78.569070470452,-28.74064140239,
    250.19602638815));
#4713 = CARTESIAN_POINT('',(78.683799353954,-28.78159016489,
    250.10321975682));
#4714 = CARTESIAN_POINT('',(78.79672421824,-28.82369449185,
    250.00869770817));
#4715 = CARTESIAN_POINT('',(78.907803052887,-28.86690839667,
    249.91248456148));
#4716 = CARTESIAN_POINT('',(79.016995391067,-28.91118495875,
    249.81460502605));
#4717 = CARTESIAN_POINT('',(79.124262260354,-28.95647646235,
    249.71508422194));
#4718 = CARTESIAN_POINT('',(79.474021068297,-29.11011913491,
    249.37916695594));
#4719 = CARTESIAN_POINT('',(79.707896463669,-29.22271217109,
    249.13567999363));
#4720 = CARTESIAN_POINT('',(79.930724225166,-29.33990887429,
    248.88380556398));
#4721 = CARTESIAN_POINT('',(80.142077366791,-29.46108509899,
    248.62387547251));
#4722 = CARTESIAN_POINT('',(80.341567576662,-29.58560584065,
    248.35623702611));
#4723 = CARTESIAN_POINT('',(80.52884327311,-29.71283330713,
    248.08125555658));
#4724 = CARTESIAN_POINT('',(80.70358815124,-29.84213454466,
    247.79931702138));
#4725 = CARTESIAN_POINT('',(81.023358355424,-30.10033699439,
    247.22963779435));
#4726 = CARTESIAN_POINT('',(81.169023540673,-30.22916605122,
    246.94222336132));
#4727 = CARTESIAN_POINT('',(81.302254189307,-30.35879981308,
    246.64896780901));
#4728 = CARTESIAN_POINT('',(81.422819236554,-30.48867373229,
    246.35027252239));
#4729 = CARTESIAN_POINT('',(81.53051801519,-30.61824040331,
    246.04656219661));
#4730 = CARTESIAN_POINT('',(81.625180131461,-30.74697527683,
    245.7382871887));
#4731 = CARTESIAN_POINT('',(81.706665340998,-30.87438237389,
    245.42592586909));
#4732 = CARTESIAN_POINT('',(81.77486342474,-31.,245.10998697334));
#4733 = PCURVE('',#214,#4734);
#4734 = DEFINITIONAL_REPRESENTATION('',(#4735),#4815);
#4735 = B_SPLINE_CURVE_WITH_KNOTS('',8,(#4736,#4737,#4738,#4739,#4740,
    #4741,#4742,#4743,#4744,#4745,#4746,#4747,#4748,#4749,#4750,#4751,
    #4752,#4753,#4754,#4755,#4756,#4757,#4758,#4759,#4760,#4761,#4762,
    #4763,#4764,#4765,#4766,#4767,#4768,#4769,#4770,#4771,#4772,#4773,
    #4774,#4775,#4776,#4777,#4778,#4779,#4780,#4781,#4782,#4783,#4784,
    #4785,#4786,#4787,#4788,#4789,#4790,#4791,#4792,#4793,#4794,#4795,
    #4796,#4797,#4798,#4799,#4800,#4801,#4802,#4803,#4804,#4805,#4806,
    #4807,#4808,#4809,#4810,#4811,#4812,#4813,#4814),.UNSPECIFIED.,.F.,
  .F.,(9,7,7,7,7,7,7,7,7,7,7,9),(0.,0.104306972642,0.192562417938,
    0.268589211801,0.352362212241,0.441061820796,0.533953097625,
    0.617764757765,0.6937166259,0.748565246761,0.875892149664,1.),
  .UNSPECIFIED.);
#4736 = CARTESIAN_POINT('',(2.68874637295,0.));
#4737 = CARTESIAN_POINT('',(2.680982216022,3.565219394291E-03));
#4738 = CARTESIAN_POINT('',(2.673387323282,7.267918560336E-03));
#4739 = CARTESIAN_POINT('',(2.665970893989,1.110468122817E-02));
#4740 = CARTESIAN_POINT('',(2.658742187245,1.507180187091E-02));
#4741 = CARTESIAN_POINT('',(2.651710517336,1.916525199088E-02));
#4742 = CARTESIAN_POINT('',(2.64488523276,2.338063252217E-02));
#4743 = CARTESIAN_POINT('',(2.638275678937,2.771311234977E-02));
#4744 = CARTESIAN_POINT('',(2.626489109569,3.59176809732E-02));
#4745 = CARTESIAN_POINT('',(2.621248316154,3.975791584335E-02));
#4746 = CARTESIAN_POINT('',(2.616174290702,4.367487237893E-02));
#4747 = CARTESIAN_POINT('',(2.611272724769,4.766498798083E-02));
#4748 = CARTESIAN_POINT('',(2.606549413439,5.172424826243E-02));
#4749 = CARTESIAN_POINT('',(2.602010155098,5.584812619078E-02));
#4750 = CARTESIAN_POINT('',(2.597660612667,6.003153473403E-02));
#4751 = CARTESIAN_POINT('',(2.589927303078,6.791893789643E-02));
#4752 = CARTESIAN_POINT('',(2.586493147225,7.16091259966E-02));
#4753 = CARTESIAN_POINT('',(2.583207346758,7.53354624034E-02));
#4754 = CARTESIAN_POINT('',(2.580073440806,7.909366103011E-02));
#4755 = CARTESIAN_POINT('',(2.577094640263,8.287903050321E-02));
#4756 = CARTESIAN_POINT('',(2.574273644385,8.668658909313E-02));
#4757 = CARTESIAN_POINT('',(2.571612463295,9.051130868826E-02));
#4758 = CARTESIAN_POINT('',(2.566357287804,9.857662886733E-02));
#4759 = CARTESIAN_POINT('',(2.563797458203,0.10282037614));
#4760 = CARTESIAN_POINT('',(2.561434804693,0.107072800962));
#4761 = CARTESIAN_POINT('',(2.559268866746,0.111329235664));
#4762 = CARTESIAN_POINT('',(2.557297133116,0.115587881941));
#4763 = CARTESIAN_POINT('',(2.555515945548,0.119851028182));
#4764 = CARTESIAN_POINT('',(2.553922642887,0.12412349744));
#4765 = CARTESIAN_POINT('',(2.551027235192,0.132950515431));
#4766 = CARTESIAN_POINT('',(2.549747490371,0.137507714653));
#4767 = CARTESIAN_POINT('',(2.548676133479,0.142089160023));
#4768 = CARTESIAN_POINT('',(2.547814944304,0.146700791551));
#4769 = CARTESIAN_POINT('',(2.547169093667,0.151345508554));
#4770 = CARTESIAN_POINT('',(2.546745630022,0.1560208513));
#4771 = CARTESIAN_POINT('',(2.5465512272,0.160720672439));
#4772 = CARTESIAN_POINT('',(2.546632827455,0.170373652019));
#4773 = CARTESIAN_POINT('',(2.546931497923,0.175328962256));
#4774 = CARTESIAN_POINT('',(2.547493193816,0.180292398679));
#4775 = CARTESIAN_POINT('',(2.548322558853,0.185253790572));
#4776 = CARTESIAN_POINT('',(2.549422438225,0.190203087702));
#4777 = CARTESIAN_POINT('',(2.55079408269,0.195130835053));
#4778 = CARTESIAN_POINT('',(2.552437541925,0.200028306561));
#4779 = CARTESIAN_POINT('',(2.556079115259,0.209271712987));
#4780 = CARTESIAN_POINT('',(2.558026936797,0.213624955344));
#4781 = CARTESIAN_POINT('',(2.560194788651,0.217941537772));
#4782 = CARTESIAN_POINT('',(2.562581488543,0.22221614257));
#4783 = CARTESIAN_POINT('',(2.565185342003,0.226443790087));
#4784 = CARTESIAN_POINT('',(2.568004231807,0.230619814423));
#4785 = CARTESIAN_POINT('',(2.571035689719,0.234739837479));
#4786 = CARTESIAN_POINT('',(2.577214248487,0.242478910609));
#4787 = CARTESIAN_POINT('',(2.580323827063,0.246108684826));
#4788 = CARTESIAN_POINT('',(2.583603604023,0.249685979998));
#4789 = CARTESIAN_POINT('',(2.587051279024,0.2532078646));
#4790 = CARTESIAN_POINT('',(2.590664351937,0.256671551203));
#4791 = CARTESIAN_POINT('',(2.594440141137,0.260074388085));
#4792 = CARTESIAN_POINT('',(2.598375801797,0.263413850844));
#4793 = CARTESIAN_POINT('',(2.605423772539,0.269051623419));
#4794 = CARTESIAN_POINT('',(2.608461014957,0.271381409409));
#4795 = CARTESIAN_POINT('',(2.611578944859,0.273675987079));
#4796 = CARTESIAN_POINT('',(2.614776395628,0.275934484365));
#4797 = CARTESIAN_POINT('',(2.618052162757,0.278156061058));
#4798 = CARTESIAN_POINT('',(2.62140500599,0.280339907821));
#4799 = CARTESIAN_POINT('',(2.624833651477,0.282485245207));
#4800 = CARTESIAN_POINT('',(2.636469072741,0.289480421366));
#4801 = CARTESIAN_POINT('',(2.645002784995,0.294157929273));
#4802 = CARTESIAN_POINT('',(2.653921630733,0.298614484503));
#4803 = CARTESIAN_POINT('',(2.663208375648,0.302841547336));
#4804 = CARTESIAN_POINT('',(2.672844948639,0.306831351533));
#4805 = CARTESIAN_POINT('',(2.682812513506,0.310576865462));
#4806 = CARTESIAN_POINT('',(2.693091514789,0.314071763025));
#4807 = CARTESIAN_POINT('',(2.713964647507,0.320467167108));
#4808 = CARTESIAN_POINT('',(2.724544270573,0.323380470813));
#4809 = CARTESIAN_POINT('',(2.735381739373,0.326045083786));
#4810 = CARTESIAN_POINT('',(2.746457627123,0.328456384731));
#4811 = CARTESIAN_POINT('',(2.757751885929,0.330610360304));
#4812 = CARTESIAN_POINT('',(2.769243824894,0.332503602629));
#4813 = CARTESIAN_POINT('',(2.780912088219,0.33413330682));
#4814 = CARTESIAN_POINT('',(2.792734633314,0.335497268495));
#4815 = ( GEOMETRIC_REPRESENTATION_CONTEXT(2) 
PARAMETRIC_REPRESENTATION_CONTEXT() REPRESENTATION_CONTEXT('2D SPACE',''
  ) );
#4816 = PCURVE('',#350,#4817);
#4817 = DEFINITIONAL_REPRESENTATION('',(#4818),#4898);
#4818 = B_SPLINE_CURVE_WITH_KNOTS('',8,(#4819,#4820,#4821,#4822,#4823,
    #4824,#4825,#4826,#4827,#4828,#4829,#4830,#4831,#4832,#4833,#4834,
    #4835,#4836,#4837,#4838,#4839,#4840,#4841,#4842,#4843,#4844,#4845,
    #4846,#4847,#4848,#4849,#4850,#4851,#4852,#4853,#4854,#4855,#4856,
    #4857,#4858,#4859,#4860,#4861,#4862,#4863,#4864,#4865,#4866,#4867,
    #4868,#4869,#4870,#4871,#4872,#4873,#4874,#4875,#4876,#4877,#4878,
    #4879,#4880,#4881,#4882,#4883,#4884,#4885,#4886,#4887,#4888,#4889,
    #4890,#4891,#4892,#4893,#4894,#4895,#4896,#4897),.UNSPECIFIED.,.F.,
  .F.,(9,7,7,7,7,7,7,7,7,7,7,9),(0.,0.104306972642,0.192562417938,
    0.268589211801,0.352362212241,0.441061820796,0.533953097625,
    0.617764757765,0.6937166259,0.748565246761,0.875892149664,1.),
  .UNSPECIFIED.);
#4819 = CARTESIAN_POINT('',(3.208946303282,0.793168844175));
#4820 = CARTESIAN_POINT('',(3.191012709025,0.819433033583));
#4821 = CARTESIAN_POINT('',(3.17202996696,0.845523027673));
#4822 = CARTESIAN_POINT('',(3.15188117853,0.871421874606));
#4823 = CARTESIAN_POINT('',(3.130427378466,0.897108623693));
#4824 = CARTESIAN_POINT('',(3.107502362538,0.922557653135));
#4825 = CARTESIAN_POINT('',(3.082903706791,0.947736874336));
#4826 = CARTESIAN_POINT('',(3.056379978253,0.97260481279));
#4827 = CARTESIAN_POINT('',(3.003274996075,1.017837807629));
#4828 = CARTESIAN_POINT('',(2.977331749797,1.038306314763));
#4829 = CARTESIAN_POINT('',(2.949590427453,1.058479079071));
#4830 = CARTESIAN_POINT('',(2.919828262119,1.078315392886));
#4831 = CARTESIAN_POINT('',(2.88777980372,1.097764784846));
#4832 = CARTESIAN_POINT('',(2.853130704196,1.11676420866));
#4833 = CARTESIAN_POINT('',(2.81551917492,1.13523448454));
#4834 = CARTESIAN_POINT('',(2.739248412596,1.168445387308));
#4835 = CARTESIAN_POINT('',(2.701456197344,1.183348639971));
#4836 = CARTESIAN_POINT('',(2.660915669284,1.197720541105));
#4837 = CARTESIAN_POINT('',(2.617361310929,1.211485866194));
#4838 = CARTESIAN_POINT('',(2.570520033945,1.224555815822));
#4839 = CARTESIAN_POINT('',(2.52014399758,1.236828079166));
#4840 = CARTESIAN_POINT('',(2.466071100155,1.248190521605));
#4841 = CARTESIAN_POINT('',(2.344670353104,1.269919785266));
#4842 = CARTESIAN_POINT('',(2.276546183637,1.280068627313));
#4843 = CARTESIAN_POINT('',(2.203962018268,1.288819975873));
#4844 = CARTESIAN_POINT('',(2.127174472026,1.296022899925));
#4845 = CARTESIAN_POINT('',(2.046756421551,1.30154104298));
#4846 = CARTESIAN_POINT('',(1.963756795823,1.305275532411));
#4847 = CARTESIAN_POINT('',(1.879455609362,1.307180551823));
#4848 = CARTESIAN_POINT('',(1.705812001283,1.307341903401));
#4849 = CARTESIAN_POINT('',(1.616448536401,1.30537708105));
#4850 = CARTESIAN_POINT('',(1.528521219885,1.301366706349));
#4851 = CARTESIAN_POINT('',(1.443552164349,1.295374177434));
#4852 = CARTESIAN_POINT('',(1.362745412449,1.287529842153));
#4853 = CARTESIAN_POINT('',(1.286678622029,1.278006878133));
#4854 = CARTESIAN_POINT('',(1.215564550119,1.266990714878));
#4855 = CARTESIAN_POINT('',(1.080007996473,1.241761477597));
#4856 = CARTESIAN_POINT('',(1.016030065777,1.227420124787));
#4857 = CARTESIAN_POINT('',(0.957346570525,1.211852753516));
#4858 = CARTESIAN_POINT('',(0.903540164487,1.195259352819));
#4859 = CARTESIAN_POINT('',(0.854093929625,1.177808520866));
#4860 = CARTESIAN_POINT('',(0.808506594638,1.159636922906));
#4861 = CARTESIAN_POINT('',(0.766325825438,1.14085689561));
#4862 = CARTESIAN_POINT('',(0.691802973159,1.104147441637));
#4863 = CARTESIAN_POINT('',(0.658901015244,1.0863135775));
#4864 = CARTESIAN_POINT('',(0.628147249498,1.068123232215));
#4865 = CARTESIAN_POINT('',(0.59928445448,1.049628583412));
#4866 = CARTESIAN_POINT('',(0.572093080649,1.030871317257));
#4867 = CARTESIAN_POINT('',(0.546387654345,1.011885100758));
#4868 = CARTESIAN_POINT('',(0.522011345712,0.992697409224));
#4869 = CARTESIAN_POINT('',(0.477820105725,0.955780202563));
#4870 = CARTESIAN_POINT('',(0.457791902816,0.938082837219));
#4871 = CARTESIAN_POINT('',(0.438644223779,0.920255325078));
#4872 = CARTESIAN_POINT('',(0.420291958996,0.902311385204));
#4873 = CARTESIAN_POINT('',(0.402662615362,0.884262227224));
#4874 = CARTESIAN_POINT('',(0.385694174381,0.866117035054));
#4875 = CARTESIAN_POINT('',(0.369332950264,0.847883450629));
#4876 = CARTESIAN_POINT('',(0.342120397488,0.816341601565));
#4877 = CARTESIAN_POINT('',(0.331001293424,0.803072463631));
#4878 = CARTESIAN_POINT('',(0.320156423892,0.789763072762));
#4879 = CARTESIAN_POINT('',(0.309569881539,0.776415532634));
#4880 = CARTESIAN_POINT('',(0.299227358742,0.763031662201));
#4881 = CARTESIAN_POINT('',(0.289115942746,0.749613036228));
#4882 = CARTESIAN_POINT('',(0.279223910806,0.736161025824));
#4883 = CARTESIAN_POINT('',(0.247061282221,0.691374324494));
#4884 = CARTESIAN_POINT('',(0.225706523311,0.659898530622));
#4885 = CARTESIAN_POINT('',(0.205342403801,0.628264294131));
#4886 = CARTESIAN_POINT('',(0.185864575639,0.596481634636));
#4887 = CARTESIAN_POINT('',(0.167189510355,0.564557400364));
#4888 = CARTESIAN_POINT('',(0.149248133293,0.532496477925));
#4889 = CARTESIAN_POINT('',(0.131981769235,0.500302566108));
#4890 = CARTESIAN_POINT('',(9.911975328128E-02,0.436471671301));
#4891 = CARTESIAN_POINT('',(8.349271311029E-02,0.4048411326));
#4892 = CARTESIAN_POINT('',(6.841321907258E-02,0.373089713082));
#4893 = CARTESIAN_POINT('',(5.3841828196E-02,0.3412196112));
#4894 = CARTESIAN_POINT('',(3.97442853142E-02,0.309232797541));
#4895 = CARTESIAN_POINT('',(2.609009401613E-02,0.277131404022));
#4896 = CARTESIAN_POINT('',(1.285108759544E-02,0.244918113073));
#4897 = CARTESIAN_POINT('',(0.,0.212596546824));
#4898 = ( GEOMETRIC_REPRESENTATION_CONTEXT(2) 
PARAMETRIC_REPRESENTATION_CONTEXT() REPRESENTATION_CONTEXT('2D SPACE',''
  ) );
#4899 = ADVANCED_FACE('',(#4900),#350,.F.);
#4900 = FACE_BOUND('',#4901,.F.);
#4901 = EDGE_LOOP('',(#4902,#4903,#4927,#5178,#5303,#5573,#5574,#5575));
#4902 = ORIENTED_EDGE('',*,*,#4651,.T.);
#4903 = ORIENTED_EDGE('',*,*,#4904,.F.);
#4904 = EDGE_CURVE('',#4905,#3778,#4907,.T.);
#4905 = VERTEX_POINT('',#4906);
#4906 = CARTESIAN_POINT('',(79.821748347005,-31.,236.76940991589));
#4907 = SEAM_CURVE('',#4908,(#4913,#4920),.PCURVE_S1.);
#4908 = CIRCLE('',#4909,10.);
#4909 = AXIS2_PLACEMENT_3D('',#4910,#4911,#4912);
#4910 = CARTESIAN_POINT('',(72.,-31.,243.));
#4911 = DIRECTION('',(-2.449293598295E-16,-1.,0.));
#4912 = DIRECTION('',(1.,-2.449293598295E-16,0.));
#4913 = PCURVE('',#350,#4914);
#4914 = DEFINITIONAL_REPRESENTATION('',(#4915),#4919);
#4915 = LINE('',#4916,#4917);
#4916 = CARTESIAN_POINT('',(0.,-6.28318530718));
#4917 = VECTOR('',#4918,1.);
#4918 = DIRECTION('',(0.,1.));
#4919 = ( GEOMETRIC_REPRESENTATION_CONTEXT(2) 
PARAMETRIC_REPRESENTATION_CONTEXT() REPRESENTATION_CONTEXT('2D SPACE',''
  ) );
#4920 = PCURVE('',#350,#4921);
#4921 = DEFINITIONAL_REPRESENTATION('',(#4922),#4926);
#4922 = LINE('',#4923,#4924);
#4923 = CARTESIAN_POINT('',(6.28318530718,-6.28318530718));
#4924 = VECTOR('',#4925,1.);
#4925 = DIRECTION('',(0.,1.));
#4926 = ( GEOMETRIC_REPRESENTATION_CONTEXT(2) 
PARAMETRIC_REPRESENTATION_CONTEXT() REPRESENTATION_CONTEXT('2D SPACE',''
  ) );
#4927 = ORIENTED_EDGE('',*,*,#4928,.F.);
#4928 = EDGE_CURVE('',#4929,#4905,#4931,.T.);
#4929 = VERTEX_POINT('',#4930);
#4930 = CARTESIAN_POINT('',(65.,-29.06992124637,249.87566694981));
#4931 = SURFACE_CURVE('',#4932,(#5012,#5095),.PCURVE_S1.);
#4932 = B_SPLINE_CURVE_WITH_KNOTS('',8,(#4933,#4934,#4935,#4936,#4937,
    #4938,#4939,#4940,#4941,#4942,#4943,#4944,#4945,#4946,#4947,#4948,
    #4949,#4950,#4951,#4952,#4953,#4954,#4955,#4956,#4957,#4958,#4959,
    #4960,#4961,#4962,#4963,#4964,#4965,#4966,#4967,#4968,#4969,#4970,
    #4971,#4972,#4973,#4974,#4975,#4976,#4977,#4978,#4979,#4980,#4981,
    #4982,#4983,#4984,#4985,#4986,#4987,#4988,#4989,#4990,#4991,#4992,
    #4993,#4994,#4995,#4996,#4997,#4998,#4999,#5000,#5001,#5002,#5003,
    #5004,#5005,#5006,#5007,#5008,#5009,#5010,#5011),.UNSPECIFIED.,.F.,
  .F.,(9,7,7,7,7,7,7,7,7,7,7,9),(0.,5.06966902317E-02,0.115841449574,
    0.225020485037,0.280341100467,0.345586688283,0.424362597324,
    0.517528007758,0.628176823375,0.731683019071,0.822350147434,1.),
  .UNSPECIFIED.);
#4933 = CARTESIAN_POINT('',(65.,-29.06992123423,249.8756669464));
#4934 = CARTESIAN_POINT('',(65.129050523294,-28.97934108159,
    249.98162420692));
#4935 = CARTESIAN_POINT('',(65.260829465773,-28.88904902665,
    250.08444200731));
#4936 = CARTESIAN_POINT('',(65.395272383237,-28.79914653115,
    250.18408709161));
#4937 = CARTESIAN_POINT('',(65.532312742968,-28.70973491641,
    250.28052943997));
#4938 = CARTESIAN_POINT('',(65.671881861915,-28.62091507201,
    250.37374218864));
#4939 = CARTESIAN_POINT('',(65.813908844884,-28.53278716429,
    250.4637015501));
#4940 = CARTESIAN_POINT('',(65.958320522718,-28.44545034497,
    250.55038673298));
#4941 = CARTESIAN_POINT('',(66.293576294406,-28.24791775877,
    250.74093923118));
#4942 = CARTESIAN_POINT('',(66.485924944966,-28.13830038816,
    250.8426632206));
#4943 = CARTESIAN_POINT('',(66.681926293033,-28.03035847746,
    250.93891334138));
#4944 = CARTESIAN_POINT('',(66.88141352207,-27.9242961608,
    251.02965957762));
#4945 = CARTESIAN_POINT('',(67.08421405327,-27.82031240055,
    251.11488013192));
#4946 = CARTESIAN_POINT('',(67.290149841473,-27.71859979133,
    251.19456113986));
#4947 = CARTESIAN_POINT('',(67.499037961878,-27.61934334439,
    251.26869635353));
#4948 = CARTESIAN_POINT('',(68.06541116135,-27.36078258522,
    251.45224060162));
#4949 = CARTESIAN_POINT('',(68.42791487859,-27.20623210221,
    251.55162564194));
#4950 = CARTESIAN_POINT('',(68.797299465755,-27.05990957135,
    251.63543633368));
#4951 = CARTESIAN_POINT('',(69.172675766422,-26.92256320217,
    251.70374509923));
#4952 = CARTESIAN_POINT('',(69.553183619452,-26.79484126371,
    251.75667928292));
#4953 = CARTESIAN_POINT('',(69.938034399205,-26.67728650106,
    251.79439495626));
#4954 = CARTESIAN_POINT('',(70.326491789957,-26.57036667431,
    251.81703513589));
#4955 = CARTESIAN_POINT('',(70.916104013171,-26.42590339239,
    251.82861834253));
#4956 = CARTESIAN_POINT('',(71.115130679817,-26.38015380201,
    251.82867494007));
#4957 = CARTESIAN_POINT('',(71.314807279661,-26.33728908621,
    251.82490847781));
#4958 = CARTESIAN_POINT('',(71.515040256142,-26.29735772186,
    251.81733288543));
#4959 = CARTESIAN_POINT('',(71.71573272726,-26.26040492941,
    251.80596033261));
#4960 = CARTESIAN_POINT('',(71.916782806137,-26.22647255826,
    251.79080159669));
#4961 = CARTESIAN_POINT('',(72.118082365873,-26.19559858557,
    251.77186675612));
#4962 = CARTESIAN_POINT('',(72.557089023181,-26.13504948879,
    251.72239299911));
#4963 = CARTESIAN_POINT('',(72.794850712831,-26.10658292674,
    251.69038143194));
#4964 = CARTESIAN_POINT('',(73.032607406032,-26.08247184486,
    251.65314896559));
#4965 = CARTESIAN_POINT('',(73.270154408942,-26.06276164837,
    251.61071378917));
#4966 = CARTESIAN_POINT('',(73.507276055909,-26.04748603384,
    251.56309633252));
#4967 = CARTESIAN_POINT('',(73.743746341217,-26.03666533311,
    251.51032060462));
#4968 = CARTESIAN_POINT('',(73.979330372182,-26.03030501284,
    251.45241536124));
#4969 = CARTESIAN_POINT('',(74.496863347034,-26.02608741733,
    251.31335014693));
#4970 = CARTESIAN_POINT('',(74.778303586199,-26.03026692843,
    251.22985588257));
#4971 = CARTESIAN_POINT('',(75.057683441262,-26.04091467505,
    251.13899188253));
#4972 = CARTESIAN_POINT('',(75.33457948903,-26.05797819399,
    251.04082574332));
#4973 = CARTESIAN_POINT('',(75.608571718087,-26.08137110939,
    250.93543213464));
#4974 = CARTESIAN_POINT('',(75.879245756882,-26.11097399679,
    250.82289237742));
#4975 = CARTESIAN_POINT('',(76.146194414777,-26.14663574824,
    250.70329454983));
#4976 = CARTESIAN_POINT('',(76.719851091728,-26.23730292372,
    250.42705569193));
#4977 = CARTESIAN_POINT('',(77.024920952199,-26.2946528219,
    250.26763570334));
#4978 = CARTESIAN_POINT('',(77.323573697329,-26.35992732165,
    250.09862852183));
#4979 = CARTESIAN_POINT('',(77.615180123583,-26.43277254548,
    249.92019708451));
#4980 = CARTESIAN_POINT('',(77.899135995524,-26.51278434019,
    249.73251278561));
#4981 = CARTESIAN_POINT('',(78.174861945769,-26.59951417292,
    249.53575654653));
#4982 = CARTESIAN_POINT('',(78.441803523402,-26.69247513292,
    249.33012106907));
#4983 = CARTESIAN_POINT('',(79.00540566038,-26.90833788603,
    248.86129069765));
#4984 = CARTESIAN_POINT('',(79.298243496487,-27.03358497558,
    248.59453516675));
#4985 = CARTESIAN_POINT('',(79.577061796275,-27.16602113864,
    248.31589260811));
#4986 = CARTESIAN_POINT('',(79.841025091611,-27.30471402303,
    248.02573828609));
#4987 = CARTESIAN_POINT('',(80.089346749165,-27.44868130856,
    247.72448570137));
#4988 = CARTESIAN_POINT('',(80.321291011341,-27.59690605762,
    247.41259576519));
#4989 = CARTESIAN_POINT('',(80.536175878101,-27.74835320119,
    247.09058724708));
#4990 = CARTESIAN_POINT('',(80.917848034117,-28.04570371575,
    246.44891128723));
#4991 = CARTESIAN_POINT('',(81.086847207219,-28.19133574253,
    246.13043047422));
#4992 = CARTESIAN_POINT('',(81.239855877655,-28.33803072893,
    245.80409786956));
#4993 = CARTESIAN_POINT('',(81.376405753124,-28.48493687491,
    245.4704566558));
#4994 = CARTESIAN_POINT('',(81.496079486064,-28.63121693014,
    245.13010783361));
#4995 = CARTESIAN_POINT('',(81.598514342748,-28.77606203521,
    244.78371756547));
#4996 = CARTESIAN_POINT('',(81.683408775775,-28.91870556605,
    244.43202541493));
#4997 = CARTESIAN_POINT('',(81.809328968806,-29.18083589779,
    243.76386166091));
#4998 = CARTESIAN_POINT('',(81.854493525562,-29.30100737231,
    243.44841453825));
#4999 = CARTESIAN_POINT('',(81.88586621685,-29.41847002813,
    243.1300725228));
#5000 = CARTESIAN_POINT('',(81.903336655676,-29.53278482999,
    242.80942171735));
#5001 = CARTESIAN_POINT('',(81.906840230081,-29.64356113378,
    242.48707580705));
#5002 = CARTESIAN_POINT('',(81.896358003283,-29.7504616697,
    242.16367762762));
#5003 = CARTESIAN_POINT('',(81.871919705308,-29.85320645921,
    241.83990041266));
#5004 = CARTESIAN_POINT('',(81.758546821497,-30.14431668832,
    240.88268931345));
#5005 = CARTESIAN_POINT('',(81.630194874555,-30.32034690729,
    240.24989193207));
#5006 = CARTESIAN_POINT('',(81.449145743621,-30.47789034059,
    239.62367109242));
#5007 = CARTESIAN_POINT('',(81.2168496056,-30.61633388088,
    239.00934355496));
#5008 = CARTESIAN_POINT('',(80.93528572051,-30.7361133728,
    238.41201581797));
#5009 = CARTESIAN_POINT('',(80.606879904086,-30.83856108052,
    237.8365765076));
#5010 = CARTESIAN_POINT('',(80.234548474227,-30.92570369115,
    237.28763028815));
#5011 = CARTESIAN_POINT('',(79.821748347005,-31.,236.76940991589));
#5012 = PCURVE('',#350,#5013);
#5013 = DEFINITIONAL_REPRESENTATION('',(#5014),#5094);
#5014 = B_SPLINE_CURVE_WITH_KNOTS('',8,(#5015,#5016,#5017,#5018,#5019,
    #5020,#5021,#5022,#5023,#5024,#5025,#5026,#5027,#5028,#5029,#5030,
    #5031,#5032,#5033,#5034,#5035,#5036,#5037,#5038,#5039,#5040,#5041,
    #5042,#5043,#5044,#5045,#5046,#5047,#5048,#5049,#5050,#5051,#5052,
    #5053,#5054,#5055,#5056,#5057,#5058,#5059,#5060,#5061,#5062,#5063,
    #5064,#5065,#5066,#5067,#5068,#5069,#5070,#5071,#5072,#5073,#5074,
    #5075,#5076,#5077,#5078,#5079,#5080,#5081,#5082,#5083,#5084,#5085,
    #5086,#5087,#5088,#5089,#5090,#5091,#5092,#5093),.UNSPECIFIED.,.F.,
  .F.,(9,7,7,7,7,7,7,7,7,7,7,9),(0.,5.06966902317E-02,0.115841449574,
    0.225020485037,0.280341100467,0.345586688283,0.424362597324,
    0.517528007758,0.628176823375,0.731683019071,0.822350147434,1.),
  .UNSPECIFIED.);
#5015 = CARTESIAN_POINT('',(2.872552041012,0.758132611991));
#5016 = CARTESIAN_POINT('',(2.855802200794,0.772724839317));
#5017 = CARTESIAN_POINT('',(2.838461675031,0.787115134955));
#5018 = CARTESIAN_POINT('',(2.82050315514,0.801292499735));
#5019 = CARTESIAN_POINT('',(2.801897719229,0.81524495848));
#5020 = CARTESIAN_POINT('',(2.782615248852,0.828959461396));
#5021 = CARTESIAN_POINT('',(2.762624845755,0.842421785467));
#5022 = CARTESIAN_POINT('',(2.741895248633,0.855616435848));
#5023 = CARTESIAN_POINT('',(2.692767958262,0.885115916246));
#5024 = CARTESIAN_POINT('',(2.663868555458,0.901235542086));
#5025 = CARTESIAN_POINT('',(2.633631333243,0.916849536686));
#5026 = CARTESIAN_POINT('',(2.601991666955,0.931918541639));
#5027 = CARTESIAN_POINT('',(2.568888838185,0.946399289749));
#5028 = CARTESIAN_POINT('',(2.534270925365,0.960244698562));
#5029 = CARTESIAN_POINT('',(2.498101762257,0.973404495889));
#5030 = CARTESIAN_POINT('',(2.397133545255,1.006644767773));
#5031 = CARTESIAN_POINT('',(2.32950526957,1.025391524197));
#5032 = CARTESIAN_POINT('',(2.257432982427,1.041818762132));
#5033 = CARTESIAN_POINT('',(2.181060921086,1.055667622675));
#5034 = CARTESIAN_POINT('',(2.100801429214,1.066682789565));
#5035 = CARTESIAN_POINT('',(2.017541129848,1.07465061911));
#5036 = CARTESIAN_POINT('',(1.932486069298,1.079458249758));
#5037 = CARTESIAN_POINT('',(1.803508836909,1.081920852624));
#5038 = CARTESIAN_POINT('',(1.759992648884,1.081934365308));
#5039 = CARTESIAN_POINT('',(1.716496203151,1.081131467491));
#5040 = CARTESIAN_POINT('',(1.673185392876,1.079517069195));
#5041 = CARTESIAN_POINT('',(1.630220413892,1.077102788469));
#5042 = CARTESIAN_POINT('',(1.587747957735,1.073906466966));
#5043 = CARTESIAN_POINT('',(1.545895817262,1.06995116218));
#5044 = CARTESIAN_POINT('',(1.456265666264,1.059735086305));
#5045 = CARTESIAN_POINT('',(1.408771101446,1.053187989377));
#5046 = CARTESIAN_POINT('',(1.362462217178,1.045666278641));
#5047 = CARTESIAN_POINT('',(1.317471137225,1.03722159941));
#5048 = CARTESIAN_POINT('',(1.273885394292,1.027909712354));
#5049 = CARTESIAN_POINT('',(1.231751423917,1.017787641928));
#5050 = CARTESIAN_POINT('',(1.191082260294,1.006911550131));
#5051 = CARTESIAN_POINT('',(1.104524837447,0.981358500406));
#5052 = CARTESIAN_POINT('',(1.059301719413,0.966360661612));
#5053 = CARTESIAN_POINT('',(1.016183879401,0.95043679034));
#5054 = CARTESIAN_POINT('',(0.975102477951,0.933676032633));
#5055 = CARTESIAN_POINT('',(0.935959515059,0.916159153649));
#5056 = CARTESIAN_POINT('',(0.898644801639,0.897957436286));
#5057 = CARTESIAN_POINT('',(0.863046424073,0.879133034202));
#5058 = CARTESIAN_POINT('',(0.788853924802,0.836806262621));
#5059 = CARTESIAN_POINT('',(0.750899762089,0.813076961741));
#5060 = CARTESIAN_POINT('',(0.715009665653,0.788642870872));
#5061 = CARTESIAN_POINT('',(0.681007576363,0.763577710998));
#5062 = CARTESIAN_POINT('',(0.648732122775,0.737941674722));
#5063 = CARTESIAN_POINT('',(0.61804059085,0.711783918208));
#5064 = CARTESIAN_POINT('',(0.588808664604,0.685144800138));
#5065 = CARTESIAN_POINT('',(0.527810742976,0.625887806082));
#5066 = CARTESIAN_POINT('',(0.496598773692,0.593085991904));
#5067 = CARTESIAN_POINT('',(0.467105527672,0.559708059162));
#5068 = CARTESIAN_POINT('',(0.43917806445,0.525796146896));
#5069 = CARTESIAN_POINT('',(0.412689586686,0.491382751087));
#5070 = CARTESIAN_POINT('',(0.387534599921,0.456493797281));
#5071 = CARTESIAN_POINT('',(0.363624650666,0.421150933954));
#5072 = CARTESIAN_POINT('',(0.319612551613,0.35190469911));
#5073 = CARTESIAN_POINT('',(0.299363969003,0.318055262036));
#5074 = CARTESIAN_POINT('',(0.2800782957,0.283841346955));
#5075 = CARTESIAN_POINT('',(0.261704817135,0.249277375271));
#5076 = CARTESIAN_POINT('',(0.244200524789,0.214376621647));
#5077 = CARTESIAN_POINT('',(0.227528309118,0.179152359329));
#5078 = CARTESIAN_POINT('',(0.211655524109,0.143619107356));
#5079 = CARTESIAN_POINT('',(0.183323672541,7.641265578796E-02));
#5080 = CARTESIAN_POINT('',(0.170684621957,4.480557934228E-02));
#5081 = CARTESIAN_POINT('',(0.15861657601,1.298507628065E-02));
#5082 = CARTESIAN_POINT('',(0.147101207721,-1.90372369478E-02));
#5083 = CARTESIAN_POINT('',(0.136120816208,-5.124991727765E-02));
#5084 = CARTESIAN_POINT('',(0.125658026825,-8.364107727924E-02));
#5085 = CARTESIAN_POINT('',(0.11569543407,-0.11619768578));
#5086 = CARTESIAN_POINT('',(8.763993866291E-02,-0.212989883497));
#5087 = CARTESIAN_POINT('',(7.090822750187E-02,-0.277681808057));
#5088 = CARTESIAN_POINT('',(5.589676267935E-02,-0.342837248709));
#5089 = CARTESIAN_POINT('',(4.245143989721E-02,-0.408360058536));
#5090 = CARTESIAN_POINT('',(3.038846262328E-02,-0.474173427018));
#5091 = CARTESIAN_POINT('',(1.949411574815E-02,-0.540207856065));
#5092 = CARTESIAN_POINT('',(9.498683101427E-03,-0.606393764051));
#5093 = CARTESIAN_POINT('',(0.,-0.672647541245));
#5094 = ( GEOMETRIC_REPRESENTATION_CONTEXT(2) 
PARAMETRIC_REPRESENTATION_CONTEXT() REPRESENTATION_CONTEXT('2D SPACE',''
  ) );
#5095 = PCURVE('',#3695,#5096);
#5096 = DEFINITIONAL_REPRESENTATION('',(#5097),#5177);
#5097 = B_SPLINE_CURVE_WITH_KNOTS('',8,(#5098,#5099,#5100,#5101,#5102,
    #5103,#5104,#5105,#5106,#5107,#5108,#5109,#5110,#5111,#5112,#5113,
    #5114,#5115,#5116,#5117,#5118,#5119,#5120,#5121,#5122,#5123,#5124,
    #5125,#5126,#5127,#5128,#5129,#5130,#5131,#5132,#5133,#5134,#5135,
    #5136,#5137,#5138,#5139,#5140,#5141,#5142,#5143,#5144,#5145,#5146,
    #5147,#5148,#5149,#5150,#5151,#5152,#5153,#5154,#5155,#5156,#5157,
    #5158,#5159,#5160,#5161,#5162,#5163,#5164,#5165,#5166,#5167,#5168,
    #5169,#5170,#5171,#5172,#5173,#5174,#5175,#5176),.UNSPECIFIED.,.F.,
  .F.,(9,7,7,7,7,7,7,7,7,7,7,9),(0.,5.06966902317E-02,0.115841449574,
    0.225020485037,0.280341100467,0.345586688283,0.424362597324,
    0.517528007758,0.628176823375,0.731683019071,0.822350147434,1.),
  .UNSPECIFIED.);
#5098 = CARTESIAN_POINT('',(2.660042624364,0.));
#5099 = CARTESIAN_POINT('',(2.654983510623,2.581010465884E-03));
#5100 = CARTESIAN_POINT('',(2.650012977107,5.216589315461E-03));
#5101 = CARTESIAN_POINT('',(2.645133483292,7.90544766474E-03));
#5102 = CARTESIAN_POINT('',(2.640347452678,1.064625485936E-02));
#5103 = CARTESIAN_POINT('',(2.635657270396,1.343763723831E-02));
#5104 = CARTESIAN_POINT('',(2.631065280816,1.627817689767E-02));
#5105 = CARTESIAN_POINT('',(2.626573785154,1.916641045436E-02));
#5106 = CARTESIAN_POINT('',(2.616545542586,2.587152588811E-02));
#5107 = CARTESIAN_POINT('',(2.611075681768,2.971849889932E-02));
#5108 = CARTESIAN_POINT('',(2.60578026968,3.363852586066E-02));
#5109 = CARTESIAN_POINT('',(2.600663968503,3.76282704414E-02));
#5110 = CARTESIAN_POINT('',(2.595731273459,4.168428106539E-02));
#5111 = CARTESIAN_POINT('',(2.590986493793,4.580299682946E-02));
#5112 = CARTESIAN_POINT('',(2.586433730811,4.998075923756E-02));
#5113 = CARTESIAN_POINT('',(2.574774965272,6.1308223227E-02));
#5114 = CARTESIAN_POINT('',(2.568022937907,6.855829757181E-02));
#5115 = CARTESIAN_POINT('',(2.561839572789,7.594598931506E-02));
#5116 = CARTESIAN_POINT('',(2.55624067292,8.345351532848E-02));
#5117 = CARTESIAN_POINT('',(2.551239415319,9.106367238899E-02));
#5118 = CARTESIAN_POINT('',(2.546846678802,9.87606879841E-02));
#5119 = CARTESIAN_POINT('',(2.543072725283,0.106529835799));
#5120 = CARTESIAN_POINT('',(2.538334059089,0.118322080263));
#5121 = CARTESIAN_POINT('',(2.536901881156,0.122302613596));
#5122 = CARTESIAN_POINT('',(2.535632422817,0.126296145593));
#5123 = CARTESIAN_POINT('',(2.534527005262,0.130300805123));
#5124 = CARTESIAN_POINT('',(2.533586975969,0.134314654545));
#5125 = CARTESIAN_POINT('',(2.532813697434,0.138335656123));
#5126 = CARTESIAN_POINT('',(2.532208517702,0.142361647317));
#5127 = CARTESIAN_POINT('',(2.531258742419,0.151141780464));
#5128 = CARTESIAN_POINT('',(2.530980373061,0.155897014257));
#5129 = CARTESIAN_POINT('',(2.530939741894,0.160652148121));
#5130 = CARTESIAN_POINT('',(2.531138831344,0.165403088179));
#5131 = CARTESIAN_POINT('',(2.531579391976,0.170145521118));
#5132 = CARTESIAN_POINT('',(2.532262860511,0.174874926824));
#5133 = CARTESIAN_POINT('',(2.533190282838,0.179586607444));
#5134 = CARTESIAN_POINT('',(2.535777236571,0.189937266941));
#5135 = CARTESIAN_POINT('',(2.537548743691,0.195566071724));
#5136 = CARTESIAN_POINT('',(2.539677835206,0.201153668825));
#5137 = CARTESIAN_POINT('',(2.542164686725,0.206691589781));
#5138 = CARTESIAN_POINT('',(2.545008583403,0.212171434362));
#5139 = CARTESIAN_POINT('',(2.548207926782,0.217584915138));
#5140 = CARTESIAN_POINT('',(2.551760242707,0.222923888296));
#5141 = CARTESIAN_POINT('',(2.560276882235,0.234397021835));
#5142 = CARTESIAN_POINT('',(2.565380694094,0.240498419044));
#5143 = CARTESIAN_POINT('',(2.570968221671,0.246471473947));
#5144 = CARTESIAN_POINT('',(2.577032559102,0.252303602472));
#5145 = CARTESIAN_POINT('',(2.583565413175,0.25798271991));
#5146 = CARTESIAN_POINT('',(2.590557187632,0.263497238915));
#5147 = CARTESIAN_POINT('',(2.59799703747,0.268836070468));
#5148 = CARTESIAN_POINT('',(2.61522673077,0.280108113208));
#5149 = CARTESIAN_POINT('',(2.625195596461,0.28596486993));
#5150 = CARTESIAN_POINT('',(2.635759399118,0.291541235925));
#5151 = CARTESIAN_POINT('',(2.646895601247,0.296820501832));
#5152 = CARTESIAN_POINT('',(2.658579280784,0.301786934983));
#5153 = CARTESIAN_POINT('',(2.670783123622,0.306425820227));
#5154 = CARTESIAN_POINT('',(2.683477346939,0.310723517562));
#5155 = CARTESIAN_POINT('',(2.708932756365,0.318356960682));
#5156 = CARTESIAN_POINT('',(2.721636882752,0.321736944144));
#5157 = CARTESIAN_POINT('',(2.734715009338,0.324797117553));
#5158 = CARTESIAN_POINT('',(2.748138257215,0.327528115062));
#5159 = CARTESIAN_POINT('',(2.761875771494,0.329921589721));
#5160 = CARTESIAN_POINT('',(2.775894607711,0.331970286855));
#5161 = CARTESIAN_POINT('',(2.790159524862,0.333668175515));
#5162 = CARTESIAN_POINT('',(2.817310572248,0.336186579376));
#5163 = CARTESIAN_POINT('',(2.830148974332,0.337089870511));
#5164 = CARTESIAN_POINT('',(2.843122141893,0.337717324337));
#5165 = CARTESIAN_POINT('',(2.856203722777,0.338066733114));
#5166 = CARTESIAN_POINT('',(2.869366726411,0.338136804602));
#5167 = CARTESIAN_POINT('',(2.882583466695,0.337927160066));
#5168 = CARTESIAN_POINT('',(2.895825483459,0.337438394106));
#5169 = CARTESIAN_POINT('',(2.935001414861,0.33517093643));
#5170 = CARTESIAN_POINT('',(2.960935589953,0.332603897491));
#5171 = CARTESIAN_POINT('',(2.986632461218,0.328982914872));
#5172 = CARTESIAN_POINT('',(3.011876781735,0.324336992112));
#5173 = CARTESIAN_POINT('',(3.0364664412,0.31870571441));
#5174 = CARTESIAN_POINT('',(3.060210202402,0.312137598082));
#5175 = CARTESIAN_POINT('',(3.082928163089,0.304690969485));
#5176 = CARTESIAN_POINT('',(3.104454809155,0.29643496694));
#5177 = ( GEOMETRIC_REPRESENTATION_CONTEXT(2) 
PARAMETRIC_REPRESENTATION_CONTEXT() REPRESENTATION_CONTEXT('2D SPACE',''
  ) );
#5178 = ORIENTED_EDGE('',*,*,#5179,.F.);
#5179 = EDGE_CURVE('',#5180,#4929,#5182,.T.);
#5180 = VERTEX_POINT('',#5181);
#5181 = CARTESIAN_POINT('',(65.,-32.78221064215,236.08453000678));
#5182 = SURFACE_CURVE('',#5183,(#5221,#5262),.PCURVE_S1.);
#5183 = B_SPLINE_CURVE_WITH_KNOTS('',6,(#5184,#5185,#5186,#5187,#5188,
    #5189,#5190,#5191,#5192,#5193,#5194,#5195,#5196,#5197,#5198,#5199,
    #5200,#5201,#5202,#5203,#5204,#5205,#5206,#5207,#5208,#5209,#5210,
    #5211,#5212,#5213,#5214,#5215,#5216,#5217,#5218,#5219,#5220),
  .UNSPECIFIED.,.F.,.F.,(7,5,5,5,5,5,5,7),(0.,6.582111388691E-02,
    0.118628729646,0.283438652852,0.494329647408,0.664714761119,
    0.787527974329,1.),.UNSPECIFIED.);
#5184 = CARTESIAN_POINT('',(65.,-32.78221063758,236.08453000561));
#5185 = CARTESIAN_POINT('',(64.878153235797,-32.70941670263,
    236.18910615514));
#5186 = CARTESIAN_POINT('',(64.75870676189,-32.63688105513,
    236.29671275598));
#5187 = CARTESIAN_POINT('',(64.641750546462,-32.56459009496,
    236.40725865278));
#5188 = CARTESIAN_POINT('',(64.527369496955,-32.49253337756,
    236.52065276129));
#5189 = CARTESIAN_POINT('',(64.41564346006,-32.42070361394,
    236.63680406838));
#5190 = CARTESIAN_POINT('',(64.219200639116,-32.29164714239,
    236.8509477649));
#5191 = CARTESIAN_POINT('',(64.133511216259,-32.23434113711,
    236.94799009827));
#5192 = CARTESIAN_POINT('',(64.049617621524,-32.17717660735,
    237.0467017135));
#5193 = CARTESIAN_POINT('',(63.967556647789,-32.12015314436,
    237.14703581084));
#5194 = CARTESIAN_POINT('',(63.887363212445,-32.06327197815,
    237.24894570936));
#5195 = CARTESIAN_POINT('',(63.564722279141,-31.8294657619,
    237.67521321359));
#5196 = CARTESIAN_POINT('',(63.338887553927,-31.653810789,
    238.01293594824));
#5197 = CARTESIAN_POINT('',(63.132569362659,-31.47965647705,
    238.36413949579));
#5198 = CARTESIAN_POINT('',(62.946604996258,-31.3072625274,
    238.72742190804));
#5199 = CARTESIAN_POINT('',(62.781670347643,-31.13706470257,
    239.10139659715));
#5200 = CARTESIAN_POINT('',(62.454807561218,-30.75548657359,
    239.97516662329));
#5201 = CARTESIAN_POINT('',(62.30661305018,-30.5458952562,
    240.48090772261));
#5202 = CARTESIAN_POINT('',(62.194789968069,-30.34218614087,
    240.99904729636));
#5203 = CARTESIAN_POINT('',(62.119999183959,-30.14609993085,
    241.52676499513));
#5204 = CARTESIAN_POINT('',(62.082485573874,-29.95979559184,
    242.06128111689));
#5205 = CARTESIAN_POINT('',(62.081731029541,-29.64508083685,
    243.03489550627));
#5206 = CARTESIAN_POINT('',(62.105608298143,-29.51242449626,
    243.47260084478));
#5207 = CARTESIAN_POINT('',(62.15360529663,-29.38903952639,
    243.91145316753));
#5208 = CARTESIAN_POINT('',(62.225445349629,-29.27634815048,
    244.3499662721));
#5209 = CARTESIAN_POINT('',(62.320662679453,-29.17584355164,
    244.78662040255));
#5210 = CARTESIAN_POINT('',(62.523600783984,-29.02644848382,
    245.53211488286));
#5211 = CARTESIAN_POINT('',(62.620407145643,-28.97098251221,
    245.8425988084));
#5212 = CARTESIAN_POINT('',(62.728765117301,-28.92318962592,
    246.15070618294));
#5213 = CARTESIAN_POINT('',(62.848369569029,-28.88363349111,
    246.45582383366));
#5214 = CARTESIAN_POINT('',(62.978856841033,-28.85285944758,
    246.75731581118));
#5215 = CARTESIAN_POINT('',(63.363643402049,-28.79420281959,
    247.56870041777));
#5216 = CARTESIAN_POINT('',(63.638815404077,-28.78482739754,
    248.07011383443));
#5217 = CARTESIAN_POINT('',(63.943082307838,-28.80589002911,
    248.55522187942));
#5218 = CARTESIAN_POINT('',(64.273643964907,-28.85962011731,
    249.02037955476));
#5219 = CARTESIAN_POINT('',(64.627226147732,-28.9475304495,
    249.46179570413));
#5220 = CARTESIAN_POINT('',(65.,-29.06992123423,249.8756669464));
#5221 = PCURVE('',#350,#5222);
#5222 = DEFINITIONAL_REPRESENTATION('',(#5223),#5261);
#5223 = B_SPLINE_CURVE_WITH_KNOTS('',6,(#5224,#5225,#5226,#5227,#5228,
    #5229,#5230,#5231,#5232,#5233,#5234,#5235,#5236,#5237,#5238,#5239,
    #5240,#5241,#5242,#5243,#5244,#5245,#5246,#5247,#5248,#5249,#5250,
    #5251,#5252,#5253,#5254,#5255,#5256,#5257,#5258,#5259,#5260),
  .UNSPECIFIED.,.F.,.F.,(7,5,5,5,5,5,5,7),(0.,6.582111388691E-02,
    0.118628729646,0.283438652852,0.494329647408,0.664714761119,
    0.787527974329,1.),.UNSPECIFIED.);
#5224 = CARTESIAN_POINT('',(3.39089744778,-0.763628538491));
#5225 = CARTESIAN_POINT('',(3.37696939049,-0.749150953841));
#5226 = CARTESIAN_POINT('',(3.363621283347,-0.734494725827));
#5227 = CARTESIAN_POINT('',(3.350808315202,-0.719677876571));
#5228 = CARTESIAN_POINT('',(3.338489291457,-0.704716279698));
#5229 = CARTESIAN_POINT('',(3.326626634067,-0.689623660336));
#5230 = CARTESIAN_POINT('',(3.306007982327,-0.662207108629));
#5231 = CARTESIAN_POINT('',(3.29710144261,-0.649925816059));
#5232 = CARTESIAN_POINT('',(3.288449259159,-0.637573758424));
#5233 = CARTESIAN_POINT('',(3.280035266222,-0.625156365831));
#5234 = CARTESIAN_POINT('',(3.271844635524,-0.612678457478));
#5235 = CARTESIAN_POINT('',(3.238956326435,-0.561025582014));
#5236 = CARTESIAN_POINT('',(3.216092573367,-0.521359062406));
#5237 = CARTESIAN_POINT('',(3.194861478906,-0.481272864228));
#5238 = CARTESIAN_POINT('',(3.174964304803,-0.44085104837));
#5239 = CARTESIAN_POINT('',(3.156183848613,-0.400148409103));
#5240 = CARTESIAN_POINT('',(3.115537943879,-0.306814507476));
#5241 = CARTESIAN_POINT('',(3.094278500943,-0.254029345412));
#5242 = CARTESIAN_POINT('',(3.074230147697,-0.200932486402));
#5243 = CARTESIAN_POINT('',(3.055194017141,-0.147559796675));
#5244 = CARTESIAN_POINT('',(3.037053490088,-9.392575396219E-02));
#5245 = CARTESIAN_POINT('',(3.005799402498,3.513743639921E-03));
#5246 = CARTESIAN_POINT('',(2.99238935325,4.722823723108E-02));
#5247 = CARTESIAN_POINT('',(2.979514447429,9.11136895824E-02));
#5248 = CARTESIAN_POINT('',(2.967182107836,0.135174869399));
#5249 = CARTESIAN_POINT('',(2.95543022849,0.179418274212));
#5250 = CARTESIAN_POINT('',(2.936326488925,0.255875313073));
#5251 = CARTESIAN_POINT('',(2.928662365933,0.287998401963));
#5252 = CARTESIAN_POINT('',(2.921362987901,0.320220223827));
#5253 = CARTESIAN_POINT('',(2.914463975285,0.352541367782));
#5254 = CARTESIAN_POINT('',(2.90801275012,0.384960508956));
#5255 = CARTESIAN_POINT('',(2.89179294614,0.473722151426));
#5256 = CARTESIAN_POINT('',(2.883040450507,0.530258217718));
#5257 = CARTESIAN_POINT('',(2.876135741859,0.587048312884));
#5258 = CARTESIAN_POINT('',(2.871557260823,0.644035810313));
#5259 = CARTESIAN_POINT('',(2.869948872397,0.701135071461));
#5260 = CARTESIAN_POINT('',(2.872552041012,0.758132611991));
#5261 = ( GEOMETRIC_REPRESENTATION_CONTEXT(2) 
PARAMETRIC_REPRESENTATION_CONTEXT() REPRESENTATION_CONTEXT('2D SPACE',''
  ) );
#5262 = PCURVE('',#2562,#5263);
#5263 = DEFINITIONAL_REPRESENTATION('',(#5264),#5302);
#5264 = B_SPLINE_CURVE_WITH_KNOTS('',6,(#5265,#5266,#5267,#5268,#5269,
    #5270,#5271,#5272,#5273,#5274,#5275,#5276,#5277,#5278,#5279,#5280,
    #5281,#5282,#5283,#5284,#5285,#5286,#5287,#5288,#5289,#5290,#5291,
    #5292,#5293,#5294,#5295,#5296,#5297,#5298,#5299,#5300,#5301),
  .UNSPECIFIED.,.F.,.F.,(7,5,5,5,5,5,5,7),(0.,6.582111388691E-02,
    0.118628729646,0.283438652852,0.494329647408,0.664714761119,
    0.787527974329,1.),.UNSPECIFIED.);
#5265 = CARTESIAN_POINT('',(3.174529183828,1.));
#5266 = CARTESIAN_POINT('',(3.168637718223,0.99390766179));
#5267 = CARTESIAN_POINT('',(3.162652581973,0.987935338094));
#5268 = CARTESIAN_POINT('',(3.156578529522,0.982087527323));
#5269 = CARTESIAN_POINT('',(3.15042036014,0.976368474848));
#5270 = CARTESIAN_POINT('',(3.144182917924,0.970782173003));
#5271 = CARTESIAN_POINT('',(3.13280717736,0.960960031956));
#5272 = CARTESIAN_POINT('',(3.127695384297,0.956675560813));
#5273 = CARTESIAN_POINT('',(3.122538236092,0.952480881076));
#5274 = CARTESIAN_POINT('',(3.117338272378,0.948377832389));
#5275 = CARTESIAN_POINT('',(3.112098048931,0.944368160622));
#5276 = CARTESIAN_POINT('',(3.090348041062,0.928236113957));
#5277 = CARTESIAN_POINT('',(3.073508909909,0.916944377696));
#5278 = CARTESIAN_POINT('',(3.056380782399,0.906628468133));
#5279 = CARTESIAN_POINT('',(3.039043371812,0.897330249813));
#5280 = CARTESIAN_POINT('',(3.021577413898,0.889083517382));
#5281 = CARTESIAN_POINT('',(2.981653845018,0.872740378061));
#5282 = CARTESIAN_POINT('',(2.959165873297,0.865330652509));
#5283 = CARTESIAN_POINT('',(2.936770262668,0.859739498403));
#5284 = CARTESIAN_POINT('',(2.914637721288,0.855999959198));
#5285 = CARTESIAN_POINT('',(2.892937335443,0.854124278694));
#5286 = CARTESIAN_POINT('',(2.854781469386,0.854086551477));
#5287 = CARTESIAN_POINT('',(2.838119195546,0.855280414907));
#5288 = CARTESIAN_POINT('',(2.821931854778,0.857680264831));
#5289 = CARTESIAN_POINT('',(2.806303804846,0.861272267481));
#5290 = CARTESIAN_POINT('',(2.791315778919,0.866033133973));
#5291 = CARTESIAN_POINT('',(2.766755164391,0.876180039199));
#5292 = CARTESIAN_POINT('',(2.756839058292,0.881020357282));
#5293 = CARTESIAN_POINT('',(2.747322943372,0.886438255865));
#5294 = CARTESIAN_POINT('',(2.738233815555,0.892418478451));
#5295 = CARTESIAN_POINT('',(2.729596858732,0.898942842052));
#5296 = CARTESIAN_POINT('',(2.707314440199,0.918182170102));
#5297 = CARTESIAN_POINT('',(2.694613985311,0.931940770204));
#5298 = CARTESIAN_POINT('',(2.683455761972,0.947154115392));
#5299 = CARTESIAN_POINT('',(2.673936346523,0.963682198245));
#5300 = CARTESIAN_POINT('',(2.666122172583,0.981361307387));
#5301 = CARTESIAN_POINT('',(2.660042624364,1.));
#5302 = ( GEOMETRIC_REPRESENTATION_CONTEXT(2) 
PARAMETRIC_REPRESENTATION_CONTEXT() REPRESENTATION_CONTEXT('2D SPACE',''
  ) );
#5303 = ORIENTED_EDGE('',*,*,#5304,.F.);
#5304 = EDGE_CURVE('',#4905,#5180,#5305,.T.);
#5305 = SURFACE_CURVE('',#5306,(#5393,#5483),.PCURVE_S1.);
#5306 = B_SPLINE_CURVE_WITH_KNOTS('',8,(#5307,#5308,#5309,#5310,#5311,
    #5312,#5313,#5314,#5315,#5316,#5317,#5318,#5319,#5320,#5321,#5322,
    #5323,#5324,#5325,#5326,#5327,#5328,#5329,#5330,#5331,#5332,#5333,
    #5334,#5335,#5336,#5337,#5338,#5339,#5340,#5341,#5342,#5343,#5344,
    #5345,#5346,#5347,#5348,#5349,#5350,#5351,#5352,#5353,#5354,#5355,
    #5356,#5357,#5358,#5359,#5360,#5361,#5362,#5363,#5364,#5365,#5366,
    #5367,#5368,#5369,#5370,#5371,#5372,#5373,#5374,#5375,#5376,#5377,
    #5378,#5379,#5380,#5381,#5382,#5383,#5384,#5385,#5386,#5387,#5388,
    #5389,#5390,#5391,#5392),.UNSPECIFIED.,.F.,.F.,(9,7,7,7,7,7,7,7,7,7,
    7,7,9),(0.,0.178815519058,0.262708868592,0.341190331403,
    0.423086363362,0.466753746412,0.526397616832,0.582304054365,
    0.6225533956,0.695910499342,0.811686962585,0.945159096675,1.),
  .UNSPECIFIED.);
#5307 = CARTESIAN_POINT('',(79.821748347005,-31.,236.76940991589));
#5308 = CARTESIAN_POINT('',(79.575233900539,-31.04436799371,
    236.45994099912));
#5309 = CARTESIAN_POINT('',(79.314228478542,-31.08416539914,
    236.1613552139));
#5310 = CARTESIAN_POINT('',(79.039406927953,-31.11992099039,
    235.8745006191));
#5311 = CARTESIAN_POINT('',(78.751479640598,-31.15221789185,
    235.60016773482));
#5312 = CARTESIAN_POINT('',(78.451189750881,-31.18167364252,
    235.33909038127));
#5313 = CARTESIAN_POINT('',(78.139311171231,-31.20892032245,
    235.09194558856));
#5314 = CARTESIAN_POINT('',(77.816647123859,-31.23458542713,
    234.85935346591));
#5315 = CARTESIAN_POINT('',(77.32797714264,-31.27085718545,
    234.53984677435));
#5316 = CARTESIAN_POINT('',(77.16973535292,-31.2822252167,
    234.44114359425));
#5317 = CARTESIAN_POINT('',(77.009389321184,-31.29344077621,
    234.34582653023));
#5318 = CARTESIAN_POINT('',(76.847027046283,-31.30456523236,
    234.25395149641));
#5319 = CARTESIAN_POINT('',(76.682738709525,-31.31565842239,
    234.16557205837));
#5320 = CARTESIAN_POINT('',(76.516616800196,-31.32677825875,
    234.08073931609));
#5321 = CARTESIAN_POINT('',(76.348756320061,-31.33798033483,
    233.99950178095));
#5322 = CARTESIAN_POINT('',(76.020688191435,-31.35992337274,
    233.84931439714));
#5323 = CARTESIAN_POINT('',(75.860690701984,-31.37064710997,
    233.7799123704));
#5324 = CARTESIAN_POINT('',(75.699337942094,-31.3815323459,
    233.71373402826));
#5325 = CARTESIAN_POINT('',(75.536711676295,-31.39262031471,
    233.65081480521));
#5326 = CARTESIAN_POINT('',(75.372901104701,-31.40394956038,
    233.59118986606));
#5327 = CARTESIAN_POINT('',(75.208003607945,-31.41555558313,
    233.53489326318));
#5328 = CARTESIAN_POINT('',(75.042126396777,-31.42747033907,
    233.48195702747));
#5329 = CARTESIAN_POINT('',(74.701399732896,-31.45250564289,
    233.38070754081));
#5330 = CARTESIAN_POINT('',(74.526714263027,-31.46563844088,
    233.33276707543));
#5331 = CARTESIAN_POINT('',(74.351225629004,-31.47916786563,
    233.28852933042));
#5332 = CARTESIAN_POINT('',(74.175006404527,-31.49312671421,
    233.24801311668));
#5333 = CARTESIAN_POINT('',(73.998344245385,-31.50752779968,
    233.21128442562));
#5334 = CARTESIAN_POINT('',(73.821743972044,-31.52235965793,
    233.17842159999));
#5335 = CARTESIAN_POINT('',(73.646016132424,-31.53757165769,
    233.14948332628));
#5336 = CARTESIAN_POINT('',(73.379728157093,-31.56131693467,
    233.11111250434));
#5337 = CARTESIAN_POINT('',(73.287721237992,-31.56965151555,
    233.09888307496));
#5338 = CARTESIAN_POINT('',(73.19660111917,-31.57803707393,
    233.08778111655));
#5339 = CARTESIAN_POINT('',(73.106769075825,-31.58643525607,
    233.07782040311));
#5340 = CARTESIAN_POINT('',(73.018755326919,-31.59479182252,
    233.06900387009));
#5341 = CARTESIAN_POINT('',(72.933155983687,-31.60304107354,
    233.06130795787));
#5342 = CARTESIAN_POINT('',(72.850535075267,-31.6111152071,
    233.05467473889));
#5343 = CARTESIAN_POINT('',(72.663155301128,-31.62966527906,
    233.04130412435));
#5344 = CARTESIAN_POINT('',(72.561547805276,-31.63992017007,
    233.0354298704));
#5345 = CARTESIAN_POINT('',(72.467623636674,-31.64957213098,
    233.03118591424));
#5346 = CARTESIAN_POINT('',(72.38090214378,-31.65861923075,
    233.02818260034));
#5347 = CARTESIAN_POINT('',(72.299601433162,-31.66721206039,
    233.02611546407));
#5348 = CARTESIAN_POINT('',(72.222052002613,-31.67550920884,
    233.02481633908));
#5349 = CARTESIAN_POINT('',(72.146438185181,-31.68369469711,
    233.02418344119));
#5350 = CARTESIAN_POINT('',(71.999790958008,-31.69976702522,
    233.02425838734));
#5351 = CARTESIAN_POINT('',(71.928788459638,-31.70763812228,
    233.02488462395));
#5352 = CARTESIAN_POINT('',(71.85606613115,-31.71578762581,
    233.02610275826));
#5353 = CARTESIAN_POINT('',(71.780119277881,-31.724393285,
    233.02799592125));
#5354 = CARTESIAN_POINT('',(71.699554623624,-31.73362936909,
    233.03070440505));
#5355 = CARTESIAN_POINT('',(71.612944772699,-31.74368875097,
    233.03446505296));
#5356 = CARTESIAN_POINT('',(71.519737168767,-31.75467967944,
    233.03958726957));
#5357 = CARTESIAN_POINT('',(71.349213860123,-31.7751143158,
    233.05108717409));
#5358 = CARTESIAN_POINT('',(71.274817300409,-31.78412220004,
    233.05670761168));
#5359 = CARTESIAN_POINT('',(71.197707052919,-31.79356166632,
    233.06320474964));
#5360 = CARTESIAN_POINT('',(71.11829484917,-31.80339594204,
    233.07063397854));
#5361 = CARTESIAN_POINT('',(71.037055427118,-31.81357730569,
    233.07902561056));
#5362 = CARTESIAN_POINT('',(70.954448622766,-31.82405591823,
    233.08838706728));
#5363 = CARTESIAN_POINT('',(70.870857008421,-31.83478798431,
    233.09871153011));
#5364 = CARTESIAN_POINT('',(70.633002758939,-31.86569199778,
    233.13053674661));
#5365 = CARTESIAN_POINT('',(70.477199232983,-31.88636329087,
    233.15424066733));
#5366 = CARTESIAN_POINT('',(70.320283421325,-31.90762684453,
    233.18112225869));
#5367 = CARTESIAN_POINT('',(70.16306620596,-31.92937849561,
    233.21113969701));
#5368 = CARTESIAN_POINT('',(70.006053587197,-31.95154167421,
    233.24422899719));
#5369 = CARTESIAN_POINT('',(69.849538937226,-31.97406262819,
    233.28033542397));
#5370 = CARTESIAN_POINT('',(69.69359900822,-31.99691549993,
    233.31944420546));
#5371 = CARTESIAN_POINT('',(69.292755904703,-32.05669536475,
    233.4281558922));
#5372 = CARTESIAN_POINT('',(69.049110709746,-32.09403598901,
    233.50216355693));
#5373 = CARTESIAN_POINT('',(68.807622137584,-32.13199496496,
    233.58355016849));
#5374 = CARTESIAN_POINT('',(68.568630266711,-32.17043807381,
    233.67221409917));
#5375 = CARTESIAN_POINT('',(68.33242830176,-32.20922347166,
    233.7680429691));
#5376 = CARTESIAN_POINT('',(68.099264353324,-32.24820390571,
    233.87092024557));
#5377 = CARTESIAN_POINT('',(67.869352564816,-32.28722750208,
    233.98073130641));
#5378 = CARTESIAN_POINT('',(67.381782485376,-32.37099765076,
    234.23183626073));
#5379 = CARTESIAN_POINT('',(67.125299788539,-32.41569947386,
    234.37535338531));
#5380 = CARTESIAN_POINT('',(66.873756948166,-32.45999731033,
    234.52772608027));
#5381 = CARTESIAN_POINT('',(66.627464705069,-32.50363118529,
    234.68874258237));
#5382 = CARTESIAN_POINT('',(66.386717014021,-32.54633114149,
    234.85817574042));
#5383 = CARTESIAN_POINT('',(66.151792362237,-32.58782030288,
    235.03578368858));
#5384 = CARTESIAN_POINT('',(65.92295468696,-32.6278179423,
    235.22131031426));
#5385 = CARTESIAN_POINT('',(65.609033665458,-32.68174806596,
    235.49385737975));
#5386 = CARTESIAN_POINT('',(65.518682986871,-32.69715436923,
    235.5745202335));
#5387 = CARTESIAN_POINT('',(65.429419751369,-32.71224172123,
    235.65645544815));
#5388 = CARTESIAN_POINT('',(65.341261016638,-32.72699054914,
    235.73964381762));
#5389 = CARTESIAN_POINT('',(65.254223490674,-32.74138132225,
    235.82406571535));
#5390 = CARTESIAN_POINT('',(65.168323531784,-32.75539455198,
    235.90970109432));
#5391 = CARTESIAN_POINT('',(65.083577148583,-32.76901079188,
    235.99652948706));
#5392 = CARTESIAN_POINT('',(65.,-32.78221063758,236.08453000561));
#5393 = PCURVE('',#350,#5394);
#5394 = DEFINITIONAL_REPRESENTATION('',(#5395),#5482);
#5395 = B_SPLINE_CURVE_WITH_KNOTS('',8,(#5396,#5397,#5398,#5399,#5400,
    #5401,#5402,#5403,#5404,#5405,#5406,#5407,#5408,#5409,#5410,#5411,
    #5412,#5413,#5414,#5415,#5416,#5417,#5418,#5419,#5420,#5421,#5422,
    #5423,#5424,#5425,#5426,#5427,#5428,#5429,#5430,#5431,#5432,#5433,
    #5434,#5435,#5436,#5437,#5438,#5439,#5440,#5441,#5442,#5443,#5444,
    #5445,#5446,#5447,#5448,#5449,#5450,#5451,#5452,#5453,#5454,#5455,
    #5456,#5457,#5458,#5459,#5460,#5461,#5462,#5463,#5464,#5465,#5466,
    #5467,#5468,#5469,#5470,#5471,#5472,#5473,#5474,#5475,#5476,#5477,
    #5478,#5479,#5480,#5481),.UNSPECIFIED.,.F.,.F.,(9,7,7,7,7,7,7,7,7,7,
    7,7,9),(0.,0.178815519058,0.262708868592,0.341190331403,
    0.423086363362,0.466753746412,0.526397616832,0.582304054365,
    0.6225533956,0.695910499342,0.811686962585,0.945159096675,1.),
  .UNSPECIFIED.);
#5396 = CARTESIAN_POINT('',(6.28318530718,-0.672647541245));
#5397 = CARTESIAN_POINT('',(6.277512918892,-0.712212725785));
#5398 = CARTESIAN_POINT('',(6.272016393562,-0.751811616808));
#5399 = CARTESIAN_POINT('',(6.266607941505,-0.791434384255));
#5400 = CARTESIAN_POINT('',(6.261184834468,-0.831072616442));
#5401 = CARTESIAN_POINT('',(6.255613812098,-0.870718274225));
#5402 = CARTESIAN_POINT('',(6.249727143493,-0.910363320342));
#5403 = CARTESIAN_POINT('',(6.24329545532,-0.949998595641));
#5404 = CARTESIAN_POINT('',(6.232492685546,-1.008194899168));
#5405 = CARTESIAN_POINT('',(6.228840040783,-1.026774026077));
#5406 = CARTESIAN_POINT('',(6.224945853491,-1.045346502275));
#5407 = CARTESIAN_POINT('',(6.220763270825,-1.063910588058));
#5408 = CARTESIAN_POINT('',(6.216236462923,-1.082464166373));
#5409 = CARTESIAN_POINT('',(6.2112967766,-1.101004590151));
#5410 = CARTESIAN_POINT('',(6.205855817041,-1.119528406958));
#5411 = CARTESIAN_POINT('',(6.194126046411,-1.155339931358));
#5412 = CARTESIAN_POINT('',(6.187914751651,-1.172629715468));
#5413 = CARTESIAN_POINT('',(6.181063951366,-1.189897006208));
#5414 = CARTESIAN_POINT('',(6.173453907258,-1.207137102677));
#5415 = CARTESIAN_POINT('',(6.164929446154,-1.224343336522));
#5416 = CARTESIAN_POINT('',(6.155290359059,-1.241506687012));
#5417 = CARTESIAN_POINT('',(6.144263570838,-1.258614588184));
#5418 = CARTESIAN_POINT('',(6.118048557414,-1.293422360804));
#5419 = CARTESIAN_POINT('',(6.102719013308,-1.311091048278));
#5420 = CARTESIAN_POINT('',(6.084962164367,-1.328658161331));
#5421 = CARTESIAN_POINT('',(6.064143151019,-1.346101901357));
#5422 = CARTESIAN_POINT('',(6.039333644652,-1.363368658464));
#5423 = CARTESIAN_POINT('',(6.009278366,-1.380367564018));
#5424 = CARTESIAN_POINT('',(5.971908878504,-1.396950021336));
#5425 = CARTESIAN_POINT('',(5.89823869177,-1.421346790144));
#5426 = CARTESIAN_POINT('',(5.869588029242,-1.429639081603));
#5427 = CARTESIAN_POINT('',(5.837424780535,-1.437690808691));
#5428 = CARTESIAN_POINT('',(5.801228965358,-1.445438532018));
#5429 = CARTESIAN_POINT('',(5.760426775671,-1.452801864766));
#5430 = CARTESIAN_POINT('',(5.714512740562,-1.459691281567));
#5431 = CARTESIAN_POINT('',(5.663258059894,-1.466022879389));
#5432 = CARTESIAN_POINT('',(5.530047603533,-1.479542612679));
#5433 = CARTESIAN_POINT('',(5.443854076934,-1.486182735109));
#5434 = CARTESIAN_POINT('',(5.349165840742,-1.491511257054));
#5435 = CARTESIAN_POINT('',(5.247653834428,-1.49555063773));
#5436 = CARTESIAN_POINT('',(5.141740062948,-1.498454899644));
#5437 = CARTESIAN_POINT('',(5.033269466303,-1.500326328727));
#5438 = CARTESIAN_POINT('',(4.923735281017,-1.501235978551));
#5439 = CARTESIAN_POINT('',(4.711656535792,-1.501128234986));
#5440 = CARTESIAN_POINT('',(4.609137503015,-1.500228061895));
#5441 = CARTESIAN_POINT('',(4.507629068604,-1.498479151765));
#5442 = CARTESIAN_POINT('',(4.40833963526,-1.495823634094));
#5443 = CARTESIAN_POINT('',(4.312765558398,-1.49217710513));
#5444 = CARTESIAN_POINT('',(4.222825472057,-1.487419884484));
#5445 = CARTESIAN_POINT('',(4.140007967672,-1.481516141246));
#5446 = CARTESIAN_POINT('',(4.011260211744,-1.469548292242));
#5447 = CARTESIAN_POINT('',(3.961539190779,-1.46399631554));
#5448 = CARTESIAN_POINT('',(3.91633304429,-1.457941117466));
#5449 = CARTESIAN_POINT('',(3.875604811243,-1.451442427947));
#5450 = CARTESIAN_POINT('',(3.839050172853,-1.444570212251));
#5451 = CARTESIAN_POINT('',(3.806252505386,-1.437392745608));
#5452 = CARTESIAN_POINT('',(3.776801334066,-1.4299682117));
#5453 = CARTESIAN_POINT('',(3.701988799765,-1.408451121709));
#5454 = CARTESIAN_POINT('',(3.663479968652,-1.393900009925));
#5455 = CARTESIAN_POINT('',(3.632116291465,-1.378916030898));
#5456 = CARTESIAN_POINT('',(3.605996083683,-1.363647140996));
#5457 = CARTESIAN_POINT('',(3.583944702386,-1.34818456376));
#5458 = CARTESIAN_POINT('',(3.565059201033,-1.33258540031));
#5459 = CARTESIAN_POINT('',(3.548711867134,-1.316874731376));
#5460 = CARTESIAN_POINT('',(3.511855799473,-1.276080037515));
#5461 = CARTESIAN_POINT('',(3.494459070217,-1.250885962458));
#5462 = CARTESIAN_POINT('',(3.480371564584,-1.225556933111));
#5463 = CARTESIAN_POINT('',(3.468738595651,-1.200133661935));
#5464 = CARTESIAN_POINT('',(3.458935990272,-1.174645172897));
#5465 = CARTESIAN_POINT('',(3.450574559085,-1.149107789516));
#5466 = CARTESIAN_POINT('',(3.443351176897,-1.123532027706));
#5467 = CARTESIAN_POINT('',(3.429776177029,-1.068398267435));
#5468 = CARTESIAN_POINT('',(3.4237273395,-1.038834249959));
#5469 = CARTESIAN_POINT('',(3.418559996679,-1.009243112298));
#5470 = CARTESIAN_POINT('',(3.414061566791,-0.979632650257));
#5471 = CARTESIAN_POINT('',(3.410077842636,-0.95000828343));
#5472 = CARTESIAN_POINT('',(3.40648876631,-0.920374051945));
#5473 = CARTESIAN_POINT('',(3.403202639493,-0.890732892514));
#5474 = CARTESIAN_POINT('',(3.398886328019,-0.848906379813));
#5475 = CARTESIAN_POINT('',(3.397667571632,-0.836724831463));
#5476 = CARTESIAN_POINT('',(3.39648195222,-0.824542701344));
#5477 = CARTESIAN_POINT('',(3.395324721674,-0.812360146459));
#5478 = CARTESIAN_POINT('',(3.394191495365,-0.800177315787));
#5479 = CARTESIAN_POINT('',(3.393078252146,-0.787994350283));
#5480 = CARTESIAN_POINT('',(3.391981334347,-0.775811382881));
#5481 = CARTESIAN_POINT('',(3.39089744778,-0.763628538491));
#5482 = ( GEOMETRIC_REPRESENTATION_CONTEXT(2) 
PARAMETRIC_REPRESENTATION_CONTEXT() REPRESENTATION_CONTEXT('2D SPACE',''
  ) );
#5483 = PCURVE('',#3695,#5484);
#5484 = DEFINITIONAL_REPRESENTATION('',(#5485),#5572);
#5485 = B_SPLINE_CURVE_WITH_KNOTS('',8,(#5486,#5487,#5488,#5489,#5490,
    #5491,#5492,#5493,#5494,#5495,#5496,#5497,#5498,#5499,#5500,#5501,
    #5502,#5503,#5504,#5505,#5506,#5507,#5508,#5509,#5510,#5511,#5512,
    #5513,#5514,#5515,#5516,#5517,#5518,#5519,#5520,#5521,#5522,#5523,
    #5524,#5525,#5526,#5527,#5528,#5529,#5530,#5531,#5532,#5533,#5534,
    #5535,#5536,#5537,#5538,#5539,#5540,#5541,#5542,#5543,#5544,#5545,
    #5546,#5547,#5548,#5549,#5550,#5551,#5552,#5553,#5554,#5555,#5556,
    #5557,#5558,#5559,#5560,#5561,#5562,#5563,#5564,#5565,#5566,#5567,
    #5568,#5569,#5570,#5571),.UNSPECIFIED.,.F.,.F.,(9,7,7,7,7,7,7,7,7,7,
    7,7,9),(0.,0.178815519058,0.262708868592,0.341190331403,
    0.423086363362,0.466753746412,0.526397616832,0.582304054365,
    0.6225533956,0.695910499342,0.811686962585,0.945159096675,1.),
  .UNSPECIFIED.);
#5486 = CARTESIAN_POINT('',(3.104454809155,0.29643496694));
#5487 = CARTESIAN_POINT('',(3.117310011684,0.291504678011));
#5488 = CARTESIAN_POINT('',(3.12974345329,0.286284569571));
#5489 = CARTESIAN_POINT('',(3.141722121577,0.280788138559));
#5490 = CARTESIAN_POINT('',(3.153215285994,0.275029592812));
#5491 = CARTESIAN_POINT('',(3.164194420261,0.269023795018));
#5492 = CARTESIAN_POINT('',(3.174633224264,0.262786223425));
#5493 = CARTESIAN_POINT('',(3.184507687376,0.256332942477));
#5494 = CARTESIAN_POINT('',(3.198153916876,0.246559542853));
#5495 = CARTESIAN_POINT('',(3.2023826829,0.243394707058));
#5496 = CARTESIAN_POINT('',(3.2064801982,0.240187786424));
#5497 = CARTESIAN_POINT('',(3.210444319999,0.236940540926));
#5498 = CARTESIAN_POINT('',(3.214273003888,0.23365477419));
#5499 = CARTESIAN_POINT('',(3.217964309911,0.230332336004));
#5500 = CARTESIAN_POINT('',(3.221516408603,0.226975126401));
#5501 = CARTESIAN_POINT('',(3.228118713247,0.220413763829));
#5502 = CARTESIAN_POINT('',(3.231186407423,0.21721381404));
#5503 = CARTESIAN_POINT('',(3.234129380641,0.213986758842));
#5504 = CARTESIAN_POINT('',(3.236946319506,0.210734233526));
#5505 = CARTESIAN_POINT('',(3.239635918431,0.207458022094));
#5506 = CARTESIAN_POINT('',(3.242196912153,0.204160072159));
#5507 = CARTESIAN_POINT('',(3.244628107994,0.200842527936));
#5508 = CARTESIAN_POINT('',(3.249328808627,0.194027994658));
#5509 = CARTESIAN_POINT('',(3.251583359716,0.190534285261));
#5510 = CARTESIAN_POINT('',(3.253694978848,0.18702451258));
#5511 = CARTESIAN_POINT('',(3.255663133187,0.183500128091));
#5512 = CARTESIAN_POINT('',(3.257484997451,0.179966884908));
#5513 = CARTESIAN_POINT('',(3.259156805046,0.176434879441));
#5514 = CARTESIAN_POINT('',(3.260674869751,0.172920322648));
#5515 = CARTESIAN_POINT('',(3.262763903413,0.167594563142));
#5516 = CARTESIAN_POINT('',(3.263446042519,0.16575442476));
#5517 = CARTESIAN_POINT('',(3.264082732954,0.163932022383));
#5518 = CARTESIAN_POINT('',(3.264672582982,0.162135381517));
#5519 = CARTESIAN_POINT('',(3.265214317973,0.160375106538));
#5520 = CARTESIAN_POINT('',(3.265707518847,0.158663119674));
#5521 = CARTESIAN_POINT('',(3.266153142729,0.157010701505));
#5522 = CARTESIAN_POINT('',(3.267099855111,0.153263106023));
#5523 = CARTESIAN_POINT('',(3.267560630661,0.151230956105));
#5524 = CARTESIAN_POINT('',(3.267941341739,0.149352472734));
#5525 = CARTESIAN_POINT('',(3.268258047082,0.147618042875));
#5526 = CARTESIAN_POINT('',(3.268526519642,0.145992028663));
#5527 = CARTESIAN_POINT('',(3.268757086647,0.144441040052));
#5528 = CARTESIAN_POINT('',(3.268957882134,0.142928763704));
#5529 = CARTESIAN_POINT('',(3.269298034068,0.13999581916));
#5530 = CARTESIAN_POINT('',(3.269440405749,0.138575769193));
#5531 = CARTESIAN_POINT('',(3.269564437227,0.137121322623));
#5532 = CARTESIAN_POINT('',(3.269670533629,0.135602385558));
#5533 = CARTESIAN_POINT('',(3.269756695787,0.133991092472));
#5534 = CARTESIAN_POINT('',(3.26981737216,0.132258895454));
#5535 = CARTESIAN_POINT('',(3.269842299483,0.130394743375));
#5536 = CARTESIAN_POINT('',(3.26980815734,0.126984277202));
#5537 = CARTESIAN_POINT('',(3.269770664786,0.125496346008));
#5538 = CARTESIAN_POINT('',(3.269706676388,0.123954141058));
#5539 = CARTESIAN_POINT('',(3.269613205514,0.122365896983));
#5540 = CARTESIAN_POINT('',(3.269488070583,0.120741108542));
#5541 = CARTESIAN_POINT('',(3.269329988702,0.119088972455));
#5542 = CARTESIAN_POINT('',(3.26913839084,0.117417140168));
#5543 = CARTESIAN_POINT('',(3.268502445709,0.112660055179));
#5544 = CARTESIAN_POINT('',(3.267979924224,0.10954398466));
#5545 = CARTESIAN_POINT('',(3.267342462887,0.106405668427));
#5546 = CARTESIAN_POINT('',(3.266590163107,0.103261324119));
#5547 = CARTESIAN_POINT('',(3.265724650549,0.100121071744));
#5548 = CARTESIAN_POINT('',(3.264747679553,9.69907787445E-02));
#5549 = CARTESIAN_POINT('',(3.263660012985,9.38719801644E-02));
#5550 = CARTESIAN_POINT('',(3.260566891678,8.585511809405E-02));
#5551 = CARTESIAN_POINT('',(3.258398724015,8.09822141949E-02));
#5552 = CARTESIAN_POINT('',(3.255959412158,7.615244275169E-02));
#5553 = CARTESIAN_POINT('',(3.253253448012,7.137260533419E-02));
#5554 = CARTESIAN_POINT('',(3.250285752601,6.664856603521E-02));
#5555 = CARTESIAN_POINT('',(3.247061406212,6.198528706647E-02));
#5556 = CARTESIAN_POINT('',(3.243585384676,5.738705129631E-02));
#5557 = CARTESIAN_POINT('',(3.235570176353,4.763564970752E-02));
#5558 = CARTESIAN_POINT('',(3.230950442481,4.250599577079E-02));
#5559 = CARTESIAN_POINT('',(3.226011246074,3.747513896332E-02));
#5560 = CARTESIAN_POINT('',(3.220761138783,3.254929410138E-02));
#5561 = CARTESIAN_POINT('',(3.215208995187,2.773434028041E-02));
#5562 = CARTESIAN_POINT('',(3.209363948551,2.303584724475E-02));
#5563 = CARTESIAN_POINT('',(3.203235342777,1.84590937392E-02));
#5564 = CARTESIAN_POINT('',(3.194201981603,1.218067330916E-02));
#5565 = CARTESIAN_POINT('',(3.19152500768,1.037365973742E-02));
#5566 = CARTESIAN_POINT('',(3.188802436166,8.588395027381E-03));
#5567 = CARTESIAN_POINT('',(3.186034935079,6.825220332765E-03));
#5568 = CARTESIAN_POINT('',(3.183223177823,5.084469813487E-03));
#5569 = CARTESIAN_POINT('',(3.180367843184,3.366470635677E-03));
#5570 = CARTESIAN_POINT('',(3.177469615334,1.671542971667E-03));
#5571 = CARTESIAN_POINT('',(3.174529183828,0.));
#5572 = ( GEOMETRIC_REPRESENTATION_CONTEXT(2) 
PARAMETRIC_REPRESENTATION_CONTEXT() REPRESENTATION_CONTEXT('2D SPACE',''
  ) );
#5573 = ORIENTED_EDGE('',*,*,#4904,.T.);
#5574 = ORIENTED_EDGE('',*,*,#3777,.T.);
#5575 = ORIENTED_EDGE('',*,*,#252,.T.);
#5576 = ADVANCED_FACE('',(#5577),#619,.F.);
#5577 = FACE_BOUND('',#5578,.F.);
#5578 = EDGE_LOOP('',(#5579,#5580,#5604,#5636,#5908,#5937,#6047,#6296,
    #6297,#6298,#6299,#6326));
#5579 = ORIENTED_EDGE('',*,*,#4317,.F.);
#5580 = ORIENTED_EDGE('',*,*,#5581,.F.);
#5581 = EDGE_CURVE('',#5582,#4318,#5584,.T.);
#5582 = VERTEX_POINT('',#5583);
#5583 = CARTESIAN_POINT('',(79.821748382025,31.,236.76940995986));
#5584 = SEAM_CURVE('',#5585,(#5590,#5597),.PCURVE_S1.);
#5585 = CIRCLE('',#5586,10.);
#5586 = AXIS2_PLACEMENT_3D('',#5587,#5588,#5589);
#5587 = CARTESIAN_POINT('',(72.,31.,243.));
#5588 = DIRECTION('',(-2.449293598295E-16,-1.,0.));
#5589 = DIRECTION('',(1.,-2.449293598295E-16,0.));
#5590 = PCURVE('',#619,#5591);
#5591 = DEFINITIONAL_REPRESENTATION('',(#5592),#5596);
#5592 = LINE('',#5593,#5594);
#5593 = CARTESIAN_POINT('',(0.,-6.28318530718));
#5594 = VECTOR('',#5595,1.);
#5595 = DIRECTION('',(0.,1.));
#5596 = ( GEOMETRIC_REPRESENTATION_CONTEXT(2) 
PARAMETRIC_REPRESENTATION_CONTEXT() REPRESENTATION_CONTEXT('2D SPACE',''
  ) );
#5597 = PCURVE('',#619,#5598);
#5598 = DEFINITIONAL_REPRESENTATION('',(#5599),#5603);
#5599 = LINE('',#5600,#5601);
#5600 = CARTESIAN_POINT('',(6.28318530718,-6.28318530718));
#5601 = VECTOR('',#5602,1.);
#5602 = DIRECTION('',(0.,1.));
#5603 = ( GEOMETRIC_REPRESENTATION_CONTEXT(2) 
PARAMETRIC_REPRESENTATION_CONTEXT() REPRESENTATION_CONTEXT('2D SPACE',''
  ) );
#5604 = ORIENTED_EDGE('',*,*,#5605,.T.);
#5605 = EDGE_CURVE('',#5582,#5606,#5608,.T.);
#5606 = VERTEX_POINT('',#5607);
#5607 = CARTESIAN_POINT('',(79.019246470543,31.117690423535,
    235.87846028235));
#5608 = SURFACE_CURVE('',#5609,(#5616,#5626),.PCURVE_S1.);
#5609 = B_SPLINE_CURVE_WITH_KNOTS('',5,(#5610,#5611,#5612,#5613,#5614,
    #5615),.UNSPECIFIED.,.F.,.F.,(6,6),(0.,1.),
  .PIECEWISE_BEZIER_KNOTS.);
#5610 = CARTESIAN_POINT('',(79.821748382025,31.,236.76940995986));
#5611 = CARTESIAN_POINT('',(79.672455704305,31.026869891797,
    236.58199115154));
#5612 = CARTESIAN_POINT('',(79.517348474337,31.051906537834,
    236.39893632589));
#5613 = CARTESIAN_POINT('',(79.35663253377,31.075270246338,
    236.22050460663));
#5614 = CARTESIAN_POINT('',(79.190523769025,31.097137147717,
    236.04693770391));
#5615 = CARTESIAN_POINT('',(79.019246470543,31.117690423535,
    235.87846028235));
#5616 = PCURVE('',#619,#5617);
#5617 = DEFINITIONAL_REPRESENTATION('',(#5618),#5625);
#5618 = B_SPLINE_CURVE_WITH_KNOTS('',5,(#5619,#5620,#5621,#5622,#5623,
    #5624),.UNSPECIFIED.,.F.,.F.,(6,6),(0.,1.),
  .PIECEWISE_BEZIER_KNOTS.);
#5619 = CARTESIAN_POINT('',(0.,-0.672647535625));
#5620 = CARTESIAN_POINT('',(3.43527949055E-03,-0.69660877794));
#5621 = CARTESIAN_POINT('',(6.800086966128E-03,-0.720583772554));
#5622 = CARTESIAN_POINT('',(1.012089181359E-02,-0.744569362307));
#5623 = CARTESIAN_POINT('',(1.342892427511E-02,-0.768562851971));
#5624 = CARTESIAN_POINT('',(1.676524642204E-02,-0.792561687964));
#5625 = ( GEOMETRIC_REPRESENTATION_CONTEXT(2) 
PARAMETRIC_REPRESENTATION_CONTEXT() REPRESENTATION_CONTEXT('2D SPACE',''
  ) );
#5626 = PCURVE('',#3695,#5627);
#5627 = DEFINITIONAL_REPRESENTATION('',(#5628),#5635);
#5628 = B_SPLINE_CURVE_WITH_KNOTS('',5,(#5629,#5630,#5631,#5632,#5633,
    #5634),.UNSPECIFIED.,.F.,.F.,(6,6),(0.,1.),
  .PIECEWISE_BEZIER_KNOTS.);
#5629 = CARTESIAN_POINT('',(3.71378456174E-02,0.29643496764));
#5630 = CARTESIAN_POINT('',(2.935255104608E-02,0.293449114086));
#5631 = CARTESIAN_POINT('',(2.173637169235E-02,0.290346969487));
#5632 = CARTESIAN_POINT('',(1.42993974067E-02,0.287132650675));
#5633 = CARTESIAN_POINT('',(7.051029584837E-03,0.283810475381));
#5634 = CARTESIAN_POINT('',(0.,0.280384929411));
#5635 = ( GEOMETRIC_REPRESENTATION_CONTEXT(2) 
PARAMETRIC_REPRESENTATION_CONTEXT() REPRESENTATION_CONTEXT('2D SPACE',''
  ) );
#5636 = ORIENTED_EDGE('',*,*,#5637,.F.);
#5637 = EDGE_CURVE('',#5638,#5606,#5640,.T.);
#5638 = VERTEX_POINT('',#5639);
#5639 = CARTESIAN_POINT('',(65.,32.782210642151,236.08453000678));
#5640 = SURFACE_CURVE('',#5641,(#5728,#5818),.PCURVE_S1.);
#5641 = B_SPLINE_CURVE_WITH_KNOTS('',8,(#5642,#5643,#5644,#5645,#5646,
    #5647,#5648,#5649,#5650,#5651,#5652,#5653,#5654,#5655,#5656,#5657,
    #5658,#5659,#5660,#5661,#5662,#5663,#5664,#5665,#5666,#5667,#5668,
    #5669,#5670,#5671,#5672,#5673,#5674,#5675,#5676,#5677,#5678,#5679,
    #5680,#5681,#5682,#5683,#5684,#5685,#5686,#5687,#5688,#5689,#5690,
    #5691,#5692,#5693,#5694,#5695,#5696,#5697,#5698,#5699,#5700,#5701,
    #5702,#5703,#5704,#5705,#5706,#5707,#5708,#5709,#5710,#5711,#5712,
    #5713,#5714,#5715,#5716,#5717,#5718,#5719,#5720,#5721,#5722,#5723,
    #5724,#5725,#5726,#5727),.UNSPECIFIED.,.F.,.F.,(9,7,7,7,7,7,7,7,7,7,
    7,7,9),(0.,0.171514512206,0.247099124857,0.319226311637,
    0.35707545888,0.400530118562,0.439453514935,0.482478626753,
    0.521557828618,0.582636759258,0.64732637132,0.854208478483,1.),
  .UNSPECIFIED.);
#5642 = CARTESIAN_POINT('',(64.999999999999,32.782210643835,
    236.08453000722));
#5643 = CARTESIAN_POINT('',(65.288774190374,32.736602786569,
    235.78047227239));
#5644 = CARTESIAN_POINT('',(65.591504304814,32.686024767508,
    235.49041065627));
#5645 = CARTESIAN_POINT('',(65.907546922586,32.631273683952,
    235.21520256232));
#5646 = CARTESIAN_POINT('',(66.236209111101,32.573162706898,
    234.95564902513));
#5647 = CARTESIAN_POINT('',(66.576744894774,32.512504251619,
    234.71249362112));
#5648 = CARTESIAN_POINT('',(66.928349654293,32.450092603816,
    234.48642070214));
#5649 = CARTESIAN_POINT('',(67.290155801796,32.386685720756,
    234.27805314115));
#5650 = CARTESIAN_POINT('',(67.824744512651,32.294917683828,
    234.00416892909));
#5651 = CARTESIAN_POINT('',(67.990062609379,32.266791262587,
    233.92393963756));
#5652 = CARTESIAN_POINT('',(68.157096665708,32.238668975664,
    233.84730472218));
#5653 = CARTESIAN_POINT('',(68.325762718332,32.210609196899,
    233.77430938901));
#5654 = CARTESIAN_POINT('',(68.495970626633,32.182668546862,
    233.70499760578));
#5655 = CARTESIAN_POINT('',(68.667623235095,32.154901645906,
    233.63941144161));
#5656 = CARTESIAN_POINT('',(68.84061487384,32.127360916599,
    233.57759036798));
#5657 = CARTESIAN_POINT('',(69.181074529617,32.074079098781,
    233.46420464383));
#5658 = CARTESIAN_POINT('',(69.348342681399,32.048327492,233.41233036895
    ));
#5659 = CARTESIAN_POINT('',(69.516621687379,32.022870343699,
    233.36394191054));
#5660 = CARTESIAN_POINT('',(69.685827474098,31.997745589046,
    233.31906404372));
#5661 = CARTESIAN_POINT('',(69.855791857705,31.973000461871,
    233.27773952143));
#5662 = CARTESIAN_POINT('',(70.026253903686,31.948690661952,
    233.24001738226));
#5663 = CARTESIAN_POINT('',(70.196837009496,31.924880522405,
    233.20593967663));
#5664 = CARTESIAN_POINT('',(70.456284946851,31.889453709186,
    233.15956341448));
#5665 = CARTESIAN_POINT('',(70.545400637105,31.877427749731,
    233.1446214592));
#5666 = CARTESIAN_POINT('',(70.63428167029,31.865576227438,
    233.13069516471));
#5667 = CARTESIAN_POINT('',(70.722788116792,31.853917371817,
    233.11779253953));
#5668 = CARTESIAN_POINT('',(70.810699582638,31.842478669893,
    233.10592599403));
#5669 = CARTESIAN_POINT('',(70.897711131,31.831296061709,233.09510429726
    ));
#5670 = CARTESIAN_POINT('',(70.983442079539,31.820411756429,
    233.08532482395));
#5671 = CARTESIAN_POINT('',(71.163952502574,31.797765116871,
    233.06651365466));
#5672 = CARTESIAN_POINT('',(71.258439665337,31.786080376551,
    233.05778142802));
#5673 = CARTESIAN_POINT('',(71.349756338685,31.774950708121,
    233.05040776574));
#5674 = CARTESIAN_POINT('',(71.43696582651,31.764470266757,
    233.04433379399));
#5675 = CARTESIAN_POINT('',(71.519493864298,31.754680083013,
    233.0394165776));
#5676 = CARTESIAN_POINT('',(71.597348543906,31.745552832137,
    233.03548433328));
#5677 = CARTESIAN_POINT('',(71.670851551572,31.737029699482,
    233.03238409125));
#5678 = CARTESIAN_POINT('',(71.802856757946,31.721879744939,
    233.02784023876));
#5679 = CARTESIAN_POINT('',(71.865504797917,31.714759728452,
    233.02614041856));
#5680 = CARTESIAN_POINT('',(71.928060491938,31.707721718565,
    233.02491072233));
#5681 = CARTESIAN_POINT('',(71.99041054915,31.700776256844,
    233.02413998408));
#5682 = CARTESIAN_POINT('',(72.052707117616,31.693905102908,
    233.02381932618));
#5683 = CARTESIAN_POINT('',(72.115208031918,31.687080682006,
    233.02395499635));
#5684 = CARTESIAN_POINT('',(72.177946881218,31.68030059086,
    233.02455760051));
#5685 = CARTESIAN_POINT('',(72.309082563489,31.666271546067,
    233.02676852409));
#5686 = CARTESIAN_POINT('',(72.37760682597,31.659023969388,
    233.02847910166));
#5687 = CARTESIAN_POINT('',(72.446165327946,31.651853916825,
    233.03073543312));
#5688 = CARTESIAN_POINT('',(72.514934921033,31.644743362911,
    233.03355018948));
#5689 = CARTESIAN_POINT('',(72.583779302324,31.63770717162,
    233.0369277977));
#5690 = CARTESIAN_POINT('',(72.652462547039,31.630768419738,
    233.0408549261));
#5691 = CARTESIAN_POINT('',(72.720970012268,31.623925791736,
    233.0453169785));
#5692 = CARTESIAN_POINT('',(72.852126803382,31.610976915983,
    233.05492367511));
#5693 = CARTESIAN_POINT('',(72.914544220394,31.604879712551,
    233.05995389489));
#5694 = CARTESIAN_POINT('',(72.976962910339,31.598846939659,
    233.06544321164));
#5695 = CARTESIAN_POINT('',(73.039378973538,31.59287832921,
    233.07139196103));
#5696 = CARTESIAN_POINT('',(73.101788621644,31.58697356774,
    233.07780064462));
#5697 = CARTESIAN_POINT('',(73.164193814531,31.581131743842,
    233.08467037965));
#5698 = CARTESIAN_POINT('',(73.22659895062,31.575351664536,
    233.09200259062));
#5699 = CARTESIAN_POINT('',(73.386526306309,31.560695103798,
    233.11198170588));
#5700 = CARTESIAN_POINT('',(73.485309989779,31.551790943117,
    233.12545529086));
#5701 = CARTESIAN_POINT('',(73.584953442277,31.542960554276,
    233.14022520623));
#5702 = CARTESIAN_POINT('',(73.685131526239,31.534233527382,
    233.15628300378));
#5703 = CARTESIAN_POINT('',(73.785602293669,31.525628993045,
    233.17361321259));
#5704 = CARTESIAN_POINT('',(73.886202657132,31.51715721994,
    233.19220068133));
#5705 = CARTESIAN_POINT('',(73.986839746849,31.50882148284,
    233.21203743608));
#5706 = CARTESIAN_POINT('',(74.194090352835,31.491931257079,
    233.25546772462));
#5707 = CARTESIAN_POINT('',(74.300649253257,31.483397551889,
    233.27920225796));
#5708 = CARTESIAN_POINT('',(74.407083107272,31.475018464237,
    233.30432530635));
#5709 = CARTESIAN_POINT('',(74.513324242683,31.466792363451,
    233.3308279622));
#5710 = CARTESIAN_POINT('',(74.619318232992,31.45871570523,
    233.35870086598));
#5711 = CARTESIAN_POINT('',(74.725021901875,31.450783391153,
    233.38793514892));
#5712 = CARTESIAN_POINT('',(74.830402085607,31.442989011032,
    233.41852331789));
#5713 = CARTESIAN_POINT('',(75.271338580467,31.410814798711,
    233.55259619057));
#5714 = CARTESIAN_POINT('',(75.603569031242,31.387646643742,
    233.66848805339));
#5715 = CARTESIAN_POINT('',(75.931239151322,31.365579059443,
    233.79790961601));
#5716 = CARTESIAN_POINT('',(76.253599478512,31.344308834718,
    233.94058413779));
#5717 = CARTESIAN_POINT('',(76.569956090593,31.323489276764,
    234.09619950976));
#5718 = CARTESIAN_POINT('',(76.879681767143,31.302738292112,
    234.26441895653));
#5719 = CARTESIAN_POINT('',(77.182192996462,31.281649562696,
    234.44488964927));
#5720 = CARTESIAN_POINT('',(77.684669151628,31.244401088353,
    234.7728154555));
#5721 = CARTESIAN_POINT('',(77.888515357899,31.228626339144,
    234.91426913632));
#5722 = CARTESIAN_POINT('',(78.088286669947,31.212327922775,
    235.06147821621));
#5723 = CARTESIAN_POINT('',(78.283784878883,31.195355364121,
    235.21429700178));
#5724 = CARTESIAN_POINT('',(78.474816412235,31.177556449598,
    235.37257135899));
#5725 = CARTESIAN_POINT('',(78.661192403098,31.158778974973,
    235.53613872803));
#5726 = CARTESIAN_POINT('',(78.84272879329,31.138872544806,
    235.70482814671));
#5727 = CARTESIAN_POINT('',(79.019246470543,31.117690423535,
    235.87846028235));
#5728 = PCURVE('',#619,#5729);
#5729 = DEFINITIONAL_REPRESENTATION('',(#5730),#5817);
#5730 = B_SPLINE_CURVE_WITH_KNOTS('',8,(#5731,#5732,#5733,#5734,#5735,
    #5736,#5737,#5738,#5739,#5740,#5741,#5742,#5743,#5744,#5745,#5746,
    #5747,#5748,#5749,#5750,#5751,#5752,#5753,#5754,#5755,#5756,#5757,
    #5758,#5759,#5760,#5761,#5762,#5763,#5764,#5765,#5766,#5767,#5768,
    #5769,#5770,#5771,#5772,#5773,#5774,#5775,#5776,#5777,#5778,#5779,
    #5780,#5781,#5782,#5783,#5784,#5785,#5786,#5787,#5788,#5789,#5790,
    #5791,#5792,#5793,#5794,#5795,#5796,#5797,#5798,#5799,#5800,#5801,
    #5802,#5803,#5804,#5805,#5806,#5807,#5808,#5809,#5810,#5811,#5812,
    #5813,#5814,#5815,#5816),.UNSPECIFIED.,.F.,.F.,(9,7,7,7,7,7,7,7,7,7,
    7,7,9),(0.,0.171514512206,0.247099124857,0.319226311637,
    0.35707545888,0.400530118562,0.439453514935,0.482478626753,
    0.521557828618,0.582636759258,0.64732637132,0.854208478483,1.),
  .UNSPECIFIED.);
#5731 = CARTESIAN_POINT('',(2.892287858562,-0.763628538268));
#5732 = CARTESIAN_POINT('',(2.888542833917,-0.805722472819));
#5733 = CARTESIAN_POINT('',(2.884642767959,-0.847817494401));
#5734 = CARTESIAN_POINT('',(2.880448613033,-0.889908786005));
#5735 = CARTESIAN_POINT('',(2.875777741637,-0.931990537665));
#5736 = CARTESIAN_POINT('',(2.870406464905,-0.974055739362));
#5737 = CARTESIAN_POINT('',(2.863984867642,-1.016092615976));
#5738 = CARTESIAN_POINT('',(2.856053933425,-1.058084944953));
#5739 = CARTESIAN_POINT('',(2.841031393487,-1.118465045683));
#5740 = CARTESIAN_POINT('',(2.835950986105,-1.136918219115));
#5741 = CARTESIAN_POINT('',(2.830302667195,-1.155352241309));
#5742 = CARTESIAN_POINT('',(2.823978478831,-1.17376294942));
#5743 = CARTESIAN_POINT('',(2.816846323111,-1.192144876795));
#5744 = CARTESIAN_POINT('',(2.808735801636,-1.2104906698));
#5745 = CARTESIAN_POINT('',(2.799408792634,-1.22878984973));
#5746 = CARTESIAN_POINT('',(2.778119058432,-1.264429781445));
#5747 = CARTESIAN_POINT('',(2.766301941981,-1.281766616452));
#5748 = CARTESIAN_POINT('',(2.752750954935,-1.299033330629));
#5749 = CARTESIAN_POINT('',(2.737063757326,-1.316214950926));
#5750 = CARTESIAN_POINT('',(2.718675383804,-1.33328120922));
#5751 = CARTESIAN_POINT('',(2.696808989082,-1.350185022337));
#5752 = CARTESIAN_POINT('',(2.670295648186,-1.366853155828));
#5753 = CARTESIAN_POINT('',(2.619693775002,-1.391714606122));
#5754 = CARTESIAN_POINT('',(2.60045217299,-1.400165352223));
#5755 = CARTESIAN_POINT('',(2.579091920729,-1.408494281508));
#5756 = CARTESIAN_POINT('',(2.55526535129,-1.416674267179));
#5757 = CARTESIAN_POINT('',(2.528569244911,-1.424667247472));
#5758 = CARTESIAN_POINT('',(2.498531683742,-1.4324228429));
#5759 = CARTESIAN_POINT('',(2.464641206917,-1.439879173455));
#5760 = CARTESIAN_POINT('',(2.382653699514,-1.455109558534));
#5761 = CARTESIAN_POINT('',(2.333083637922,-1.462788058515));
#5762 = CARTESIAN_POINT('',(2.27730978048,-1.469854757437));
#5763 = CARTESIAN_POINT('',(2.21508499789,-1.476185190627));
#5764 = CARTESIAN_POINT('',(2.146527411023,-1.481695285366));
#5765 = CARTESIAN_POINT('',(2.072461230438,-1.486371420976));
#5766 = CARTESIAN_POINT('',(1.994087904419,-1.490236464024));
#5767 = CARTESIAN_POINT('',(1.83994915177,-1.496108208155));
#5768 = CARTESIAN_POINT('',(1.760817653405,-1.498417918947));
#5769 = CARTESIAN_POINT('',(1.676062093775,-1.500167595602));
#5770 = CARTESIAN_POINT('',(1.5869206861,-1.501298393649));
#5771 = CARTESIAN_POINT('',(1.495204289832,-1.501770420913));
#5772 = CARTESIAN_POINT('',(1.403189782722,-1.501561804134));
#5773 = CARTESIAN_POINT('',(1.313395055537,-1.500684388036));
#5774 = CARTESIAN_POINT('',(1.134102173167,-1.497593015165));
#5775 = CARTESIAN_POINT('',(1.045324258629,-1.495243295839));
#5776 = CARTESIAN_POINT('',(0.963459557167,-1.492237966281));
#5777 = CARTESIAN_POINT('',(0.889346121605,-1.48865672049));
#5778 = CARTESIAN_POINT('',(0.822990989168,-1.484598895243));
#5779 = CARTESIAN_POINT('',(0.763801588092,-1.480164941505));
#5780 = CARTESIAN_POINT('',(0.710911236834,-1.475426549103));
#5781 = CARTESIAN_POINT('',(0.620150736485,-1.465841338805));
#5782 = CARTESIAN_POINT('',(0.581482202176,-1.461058482423));
#5783 = CARTESIAN_POINT('',(0.546762832756,-1.456093667052));
#5784 = CARTESIAN_POINT('',(0.51545668343,-1.45097749015));
#5785 = CARTESIAN_POINT('',(0.487096665064,-1.445733642975));
#5786 = CARTESIAN_POINT('',(0.461292424886,-1.440380289148));
#5787 = CARTESIAN_POINT('',(0.437722896502,-1.43493170195));
#5788 = CARTESIAN_POINT('',(0.382339092088,-1.420754624377));
#5789 = CARTESIAN_POINT('',(0.352915348608,-1.411793930738));
#5790 = CARTESIAN_POINT('',(0.327152132476,-1.402589142712));
#5791 = CARTESIAN_POINT('',(0.304431741515,-1.39319744466));
#5792 = CARTESIAN_POINT('',(0.284256048063,-1.383661693212));
#5793 = CARTESIAN_POINT('',(0.266229252782,-1.374012353214));
#5794 = CARTESIAN_POINT('',(0.250023351593,-1.364269736063));
#5795 = CARTESIAN_POINT('',(0.21985740695,-1.344038358665));
#5796 = CARTESIAN_POINT('',(0.20609454206,-1.333545040325));
#5797 = CARTESIAN_POINT('',(0.193774261294,-1.32298272133));
#5798 = CARTESIAN_POINT('',(0.18266420646,-1.312364865998));
#5799 = CARTESIAN_POINT('',(0.172585392576,-1.30170152674));
#5800 = CARTESIAN_POINT('',(0.163394569294,-1.291000277899));
#5801 = CARTESIAN_POINT('',(0.154973751771,-1.280266741385));
#5802 = CARTESIAN_POINT('',(0.122451990048,-1.235086922238));
#5803 = CARTESIAN_POINT('',(0.104576295532,-1.200390368258));
#5804 = CARTESIAN_POINT('',(9.045151064909E-02,-1.165551974329));
#5805 = CARTESIAN_POINT('',(7.90327727851E-02,-1.130617963538));
#5806 = CARTESIAN_POINT('',(6.942157237633E-02,-1.095627037946));
#5807 = CARTESIAN_POINT('',(6.118254033628E-02,-1.060595651928));
#5808 = CARTESIAN_POINT('',(5.392715290293E-02,-1.02553635343));
#5809 = CARTESIAN_POINT('',(4.279937349725E-02,-0.965729810283));
#5810 = CARTESIAN_POINT('',(3.856052385063E-02,-0.940997176834));
#5811 = CARTESIAN_POINT('',(3.45909994444E-02,-0.916258682319));
#5812 = CARTESIAN_POINT('',(3.082109007082E-02,-0.891517009347));
#5813 = CARTESIAN_POINT('',(2.719578545967E-02,-0.86677443216));
#5814 = CARTESIAN_POINT('',(2.366958623372E-02,-0.842033025572));
#5815 = CARTESIAN_POINT('',(2.020364626358E-02,-0.817294789337));
#5816 = CARTESIAN_POINT('',(1.676524642211E-02,-0.792561687964));
#5817 = ( GEOMETRIC_REPRESENTATION_CONTEXT(2) 
PARAMETRIC_REPRESENTATION_CONTEXT() REPRESENTATION_CONTEXT('2D SPACE',''
  ) );
#5818 = PCURVE('',#3695,#5819);
#5819 = DEFINITIONAL_REPRESENTATION('',(#5820),#5907);
#5820 = B_SPLINE_CURVE_WITH_KNOTS('',8,(#5821,#5822,#5823,#5824,#5825,
    #5826,#5827,#5828,#5829,#5830,#5831,#5832,#5833,#5834,#5835,#5836,
    #5837,#5838,#5839,#5840,#5841,#5842,#5843,#5844,#5845,#5846,#5847,
    #5848,#5849,#5850,#5851,#5852,#5853,#5854,#5855,#5856,#5857,#5858,
    #5859,#5860,#5861,#5862,#5863,#5864,#5865,#5866,#5867,#5868,#5869,
    #5870,#5871,#5872,#5873,#5874,#5875,#5876,#5877,#5878,#5879,#5880,
    #5881,#5882,#5883,#5884,#5885,#5886,#5887,#5888,#5889,#5890,#5891,
    #5892,#5893,#5894,#5895,#5896,#5897,#5898,#5899,#5900,#5901,#5902,
    #5903,#5904,#5905,#5906),.UNSPECIFIED.,.F.,.F.,(9,7,7,7,7,7,7,7,7,7,
    7,7,9),(0.,0.171514512206,0.247099124857,0.319226311637,
    0.35707545888,0.400530118562,0.439453514935,0.482478626753,
    0.521557828618,0.582636759258,0.64732637132,0.854208478483,1.),
  .UNSPECIFIED.);
#5821 = CARTESIAN_POINT('',(6.25024877754,0.));
#5822 = CARTESIAN_POINT('',(6.240089054207,5.775483807506E-03));
#5823 = CARTESIAN_POINT('',(6.230433270764,1.183008609631E-02));
#5824 = CARTESIAN_POINT('',(6.221309714601,1.815093845176E-02));
#5825 = CARTESIAN_POINT('',(6.212746072769,2.472418222205E-02));
#5826 = CARTESIAN_POINT('',(6.204769334706,3.153489789552E-02));
#5827 = CARTESIAN_POINT('',(6.197405586999,3.856699308589E-02));
#5828 = CARTESIAN_POINT('',(6.190679721106,4.580311603596E-02));
#5829 = CARTESIAN_POINT('',(6.181942275006,5.649489025305E-02));
#5830 = CARTESIAN_POINT('',(6.179398053541,5.980125218762E-02));
#5831 = CARTESIAN_POINT('',(6.176984219044,6.31419333142E-02));
#5832 = CARTESIAN_POINT('',(6.174702700154,6.651525436668E-02));
#5833 = CARTESIAN_POINT('',(6.172555397868,6.991941253271E-02));
#5834 = CARTESIAN_POINT('',(6.170544155631,7.335246470193E-02));
#5835 = CARTESIAN_POINT('',(6.168670725715,7.681229747683E-02));
#5836 = CARTESIAN_POINT('',(6.165282055152,8.362149059237E-02));
#5837 = CARTESIAN_POINT('',(6.163755251949,8.696685362802E-02));
#5838 = CARTESIAN_POINT('',(6.162356575609,9.033243374761E-02));
#5839 = CARTESIAN_POINT('',(6.161087242491,9.371654948199E-02));
#5840 = CARTESIAN_POINT('',(6.159948952645,9.711583715413E-02));
#5841 = CARTESIAN_POINT('',(6.158943442264,0.100525078074));
#5842 = CARTESIAN_POINT('',(6.15807193255,0.10393674019));
#5843 = CARTESIAN_POINT('',(6.156947283539,0.109125698937));
#5844 = CARTESIAN_POINT('',(6.156597354023,0.110908012742));
#5845 = CARTESIAN_POINT('',(6.156284374156,0.112685633406));
#5846 = CARTESIAN_POINT('',(6.156008392887,0.114455762336));
#5847 = CARTESIAN_POINT('',(6.155769437589,0.116213991653));
#5848 = CARTESIAN_POINT('',(6.155567203624,0.11795422262));
#5849 = CARTESIAN_POINT('',(6.155400781736,0.119668841591));
#5850 = CARTESIAN_POINT('',(6.155116678941,0.123279050052));
#5851 = CARTESIAN_POINT('',(6.155009479061,0.125168793307));
#5852 = CARTESIAN_POINT('',(6.154945655263,0.126995126774));
#5853 = CARTESIAN_POINT('',(6.154920922481,0.12873931653));
#5854 = CARTESIAN_POINT('',(6.154928661687,0.130389877286));
#5855 = CARTESIAN_POINT('',(6.154962491022,0.131946970878));
#5856 = CARTESIAN_POINT('',(6.155017448557,0.133417031031));
#5857 = CARTESIAN_POINT('',(6.155154694923,0.136057135159));
#5858 = CARTESIAN_POINT('',(6.155237020803,0.137310095958));
#5859 = CARTESIAN_POINT('',(6.155336852944,0.138561209839));
#5860 = CARTESIAN_POINT('',(6.155453526063,0.139808210983));
#5861 = CARTESIAN_POINT('',(6.155587082317,0.141054142352));
#5862 = CARTESIAN_POINT('',(6.1557383826,0.142304160638));
#5863 = CARTESIAN_POINT('',(6.155907927514,0.143558937624));
#5864 = CARTESIAN_POINT('',(6.156298392196,0.14618165127));
#5865 = CARTESIAN_POINT('',(6.156523488132,0.147552136519));
#5866 = CARTESIAN_POINT('',(6.156769392078,0.148923306559));
#5867 = CARTESIAN_POINT('',(6.157037024398,0.150298698421));
#5868 = CARTESIAN_POINT('',(6.157326263772,0.151675586047));
#5869 = CARTESIAN_POINT('',(6.157636080177,0.153049250941));
#5870 = CARTESIAN_POINT('',(6.157965908342,0.154419400245));
#5871 = CARTESIAN_POINT('',(6.158638036185,0.157042536068));
#5872 = CARTESIAN_POINT('',(6.158975423028,0.158290884408));
#5873 = CARTESIAN_POINT('',(6.159330381056,0.159539258207));
#5874 = CARTESIAN_POINT('',(6.159702933726,0.160787579471));
#5875 = CARTESIAN_POINT('',(6.160093110937,0.162035772433));
#5876 = CARTESIAN_POINT('',(6.160500979354,0.163283876291));
#5877 = CARTESIAN_POINT('',(6.160926622927,0.164531979012));
#5878 = CARTESIAN_POINT('',(6.162063165925,0.167730526126));
#5879 = CARTESIAN_POINT('',(6.162808773915,0.169706199796));
#5880 = CARTESIAN_POINT('',(6.16360630872,0.171699068846));
#5881 = CARTESIAN_POINT('',(6.164454776586,0.173702630525));
#5882 = CARTESIAN_POINT('',(6.165353105888,0.175712045873));
#5883 = CARTESIAN_POINT('',(6.16630041664,0.177724053143));
#5884 = CARTESIAN_POINT('',(6.167296264369,0.179736794937));
#5885 = CARTESIAN_POINT('',(6.169447269142,0.183881807057));
#5886 = CARTESIAN_POINT('',(6.170607780933,0.186012985065));
#5887 = CARTESIAN_POINT('',(6.171822035273,0.188141662145));
#5888 = CARTESIAN_POINT('',(6.173089620259,0.190266484854));
#5889 = CARTESIAN_POINT('',(6.174410134101,0.19238636466));
#5890 = CARTESIAN_POINT('',(6.175783216765,0.194500438038));
#5891 = CARTESIAN_POINT('',(6.177208581532,0.196608041712));
#5892 = CARTESIAN_POINT('',(6.183411087495,0.205426771609));
#5893 = CARTESIAN_POINT('',(6.188667268764,0.212071380625));
#5894 = CARTESIAN_POINT('',(6.194446316212,0.218624783027));
#5895 = CARTESIAN_POINT('',(6.200738039513,0.22507198957));
#5896 = CARTESIAN_POINT('',(6.207530733505,0.231399121812));
#5897 = CARTESIAN_POINT('',(6.214811663656,0.237593635343));
#5898 = CARTESIAN_POINT('',(6.222567402007,0.243643859929));
#5899 = CARTESIAN_POINT('',(6.236574890191,0.253693383033));
#5900 = CARTESIAN_POINT('',(6.242593873452,0.257770307158));
#5901 = CARTESIAN_POINT('',(6.248836017385,0.261765733399));
#5902 = CARTESIAN_POINT('',(6.255295694851,0.265675697578));
#5903 = CARTESIAN_POINT('',(6.261966935483,0.269496328245));
#5904 = CARTESIAN_POINT('',(6.268843432015,0.273223848062));
#5905 = CARTESIAN_POINT('',(6.275918545177,0.276854575866));
#5906 = CARTESIAN_POINT('',(6.28318530718,0.280384929411));
#5907 = ( GEOMETRIC_REPRESENTATION_CONTEXT(2) 
PARAMETRIC_REPRESENTATION_CONTEXT() REPRESENTATION_CONTEXT('2D SPACE',''
  ) );
#5908 = ORIENTED_EDGE('',*,*,#5909,.F.);
#5909 = EDGE_CURVE('',#5910,#5638,#5912,.T.);
#5910 = VERTEX_POINT('',#5911);
#5911 = CARTESIAN_POINT('',(64.371498380157,32.391473947102,
    236.68574919007));
#5912 = SURFACE_CURVE('',#5913,(#5919,#5928),.PCURVE_S1.);
#5913 = B_SPLINE_CURVE_WITH_KNOTS('',4,(#5914,#5915,#5916,#5917,#5918),
  .UNSPECIFIED.,.F.,.F.,(5,5),(0.,1.),.PIECEWISE_BEZIER_KNOTS.);
#5914 = CARTESIAN_POINT('',(64.371498380157,32.391473947102,
    236.68574919007));
#5915 = CARTESIAN_POINT('',(64.520688119525,32.488447277692,
    236.52687708702));
#5916 = CARTESIAN_POINT('',(64.675362841076,32.585876808526,
    236.37349426012));
#5917 = CARTESIAN_POINT('',(64.835243371477,32.683781411936,
    236.22593395748));
#5918 = CARTESIAN_POINT('',(64.999999999999,32.782210643834,
    236.08453000722));
#5919 = PCURVE('',#619,#5920);
#5920 = DEFINITIONAL_REPRESENTATION('',(#5921),#5927);
#5921 = B_SPLINE_CURVE_WITH_KNOTS('',4,(#5922,#5923,#5924,#5925,#5926),
  .UNSPECIFIED.,.F.,.F.,(5,5),(0.,1.),.PIECEWISE_BEZIER_KNOTS.);
#5922 = CARTESIAN_POINT('',(2.961171539273,-0.683389617736));
#5923 = CARTESIAN_POINT('',(2.945416489953,-0.703877694268));
#5924 = CARTESIAN_POINT('',(2.928775687524,-0.724113480459));
#5925 = CARTESIAN_POINT('',(2.911120855828,-0.744052490875));
#5926 = CARTESIAN_POINT('',(2.892287858562,-0.763628538268));
#5927 = ( GEOMETRIC_REPRESENTATION_CONTEXT(2) 
PARAMETRIC_REPRESENTATION_CONTEXT() REPRESENTATION_CONTEXT('2D SPACE',''
  ) );
#5928 = PCURVE('',#3532,#5929);
#5929 = DEFINITIONAL_REPRESENTATION('',(#5930),#5936);
#5930 = B_SPLINE_CURVE_WITH_KNOTS('',4,(#5931,#5932,#5933,#5934,#5935),
  .UNSPECIFIED.,.F.,.F.,(5,5),(0.,1.),.PIECEWISE_BEZIER_KNOTS.);
#5931 = CARTESIAN_POINT('',(6.28318530718,0.968574919008));
#5932 = CARTESIAN_POINT('',(6.274700897755,0.976034405976));
#5933 = CARTESIAN_POINT('',(6.266371507744,0.983768142054));
#5934 = CARTESIAN_POINT('',(6.258214996358,0.991762168574));
#5935 = CARTESIAN_POINT('',(6.25024877754,1.));
#5936 = ( GEOMETRIC_REPRESENTATION_CONTEXT(2) 
PARAMETRIC_REPRESENTATION_CONTEXT() REPRESENTATION_CONTEXT('2D SPACE',''
  ) );
#5937 = ORIENTED_EDGE('',*,*,#5938,.F.);
#5938 = EDGE_CURVE('',#5939,#5910,#5941,.T.);
#5939 = VERTEX_POINT('',#5940);
#5940 = CARTESIAN_POINT('',(65.,29.069921246376,249.87566694981));
#5941 = SURFACE_CURVE('',#5942,(#5975,#6011),.PCURVE_S1.);
#5942 = B_SPLINE_CURVE_WITH_KNOTS('',6,(#5943,#5944,#5945,#5946,#5947,
    #5948,#5949,#5950,#5951,#5952,#5953,#5954,#5955,#5956,#5957,#5958,
    #5959,#5960,#5961,#5962,#5963,#5964,#5965,#5966,#5967,#5968,#5969,
    #5970,#5971,#5972,#5973,#5974),.UNSPECIFIED.,.F.,.F.,(7,5,5,5,5,5,7)
  ,(0.,0.226376625754,0.359362324756,0.533138905885,0.76155821947,
    0.942046696532,1.),.UNSPECIFIED.);
#5943 = CARTESIAN_POINT('',(65.,29.069921219213,249.87566694219));
#5944 = CARTESIAN_POINT('',(64.626397479065,28.947258364063,
    249.46087567256));
#5945 = CARTESIAN_POINT('',(64.272072039124,28.859229430254,
    249.01841687775));
#5946 = CARTESIAN_POINT('',(63.940878251188,28.805532234057,
    248.55211954176));
#5947 = CARTESIAN_POINT('',(63.636110917827,28.784641104104,
    248.06580005085));
#5948 = CARTESIAN_POINT('',(63.360586545982,28.794308488899,
    247.56312692237));
#5949 = CARTESIAN_POINT('',(62.973193273698,28.853938299917,
    246.7448515065));
#5950 = CARTESIAN_POINT('',(62.840691463768,28.885633593082,
    246.43760418092));
#5951 = CARTESIAN_POINT('',(62.719494790725,28.926421952638,
    246.1266181905));
#5952 = CARTESIAN_POINT('',(62.609985617603,28.975726059768,
    245.81256475899));
#5953 = CARTESIAN_POINT('',(62.51248341626,29.032949434038,
    245.49609072623));
#5954 = CARTESIAN_POINT('',(62.315867339221,29.181847905266,
    244.76192664752));
#5955 = CARTESIAN_POINT('',(62.225433916612,29.278705647279,
    244.34297123678));
#5956 = CARTESIAN_POINT('',(62.156523492169,29.386747521024,
    243.92233752115));
#5957 = CARTESIAN_POINT('',(62.109546148178,29.504656771785,
    243.50136743517));
#5958 = CARTESIAN_POINT('',(62.084751761073,29.631176454038,
    243.08137426857));
#5959 = CARTESIAN_POINT('',(62.078928831524,29.941276681597,
    242.11458802478));
#5960 = CARTESIAN_POINT('',(62.114113841008,30.130289253678,
    241.56945057142));
#5961 = CARTESIAN_POINT('',(62.188009419951,30.329592004121,
    241.03119588469));
#5962 = CARTESIAN_POINT('',(62.300374377175,30.536883353947,
    240.50276346057));
#5963 = CARTESIAN_POINT('',(62.450519004694,30.750311777582,
    239.98713511248));
#5964 = CARTESIAN_POINT('',(62.784874872507,31.140937924964,
    239.09243415496));
#5965 = CARTESIAN_POINT('',(62.955327186104,31.316341308112,
    238.70740933406));
#5966 = CARTESIAN_POINT('',(63.148083366809,31.494059784799,
    238.33376944293));
#5967 = CARTESIAN_POINT('',(63.362399509861,31.673617549714,
    237.97302821062));
#5968 = CARTESIAN_POINT('',(63.597350767935,31.854746542693,
    237.62672199687));
#5969 = CARTESIAN_POINT('',(63.933533361751,32.096004859538,
    237.19033100107));
#5970 = CARTESIAN_POINT('',(64.017255174719,32.154796381451,
    237.08591380404));
#5971 = CARTESIAN_POINT('',(64.10295269453,32.213738932186,
    236.98319556131));
#5972 = CARTESIAN_POINT('',(64.190586884787,32.272831714351,
    236.88222767071));
#5973 = CARTESIAN_POINT('',(64.280116558914,32.332075763294,
    236.78306166064));
#5974 = CARTESIAN_POINT('',(64.371498380157,32.391473947102,
    236.68574919007));
#5975 = PCURVE('',#619,#5976);
#5976 = DEFINITIONAL_REPRESENTATION('',(#5977),#6010);
#5977 = B_SPLINE_CURVE_WITH_KNOTS('',6,(#5978,#5979,#5980,#5981,#5982,
    #5983,#5984,#5985,#5986,#5987,#5988,#5989,#5990,#5991,#5992,#5993,
    #5994,#5995,#5996,#5997,#5998,#5999,#6000,#6001,#6002,#6003,#6004,
    #6005,#6006,#6007,#6008,#6009),.UNSPECIFIED.,.F.,.F.,(7,5,5,5,5,5,7)
  ,(0.,0.226376625754,0.359362324756,0.533138905885,0.76155821947,
    0.942046696532,1.),.UNSPECIFIED.);
#5978 = CARTESIAN_POINT('',(3.410633268162,0.758132611411));
#5979 = CARTESIAN_POINT('',(3.41324222322,0.701008366539));
#5980 = CARTESIAN_POINT('',(3.411620883951,0.643781948148));
#5981 = CARTESIAN_POINT('',(3.407018967646,0.586668279611));
#5982 = CARTESIAN_POINT('',(3.400083417993,0.529753297631));
#5983 = CARTESIAN_POINT('',(3.391294988088,0.473093820267));
#5984 = CARTESIAN_POINT('',(3.3749149932,0.383608107621));
#5985 = CARTESIAN_POINT('',(3.368325288998,0.350590384987));
#5986 = CARTESIAN_POINT('',(3.361273000303,0.317674443022));
#5987 = CARTESIAN_POINT('',(3.353807813963,0.284861596824));
#5988 = CARTESIAN_POINT('',(3.345966794259,0.252151136554));
#5989 = CARTESIAN_POINT('',(3.327076543403,0.176929209047));
#5990 = CARTESIAN_POINT('',(3.315781150911,0.134489547062));
#5991 = CARTESIAN_POINT('',(3.303951633807,9.221746359428E-02));
#5992 = CARTESIAN_POINT('',(3.291621239618,5.010727426134E-02));
#5993 = CARTESIAN_POINT('',(3.278797415228,8.154729828588E-03));
#5994 = CARTESIAN_POINT('',(3.247935588977,-8.857862613442E-02));
#5995 = CARTESIAN_POINT('',(3.229525690391,-0.143245086059));
#5996 = CARTESIAN_POINT('',(3.210193133178,-0.197641157113));
#5997 = CARTESIAN_POINT('',(3.189818187003,-0.251752376274));
#5998 = CARTESIAN_POINT('',(3.168193681943,-0.305541753577));
#5999 = CARTESIAN_POINT('',(3.126592732082,-0.401101285559));
#6000 = CARTESIAN_POINT('',(3.107222527309,-0.443025225433));
#6001 = CARTESIAN_POINT('',(3.086664245437,-0.484651159));
#6002 = CARTESIAN_POINT('',(3.064675683895,-0.525916145722));
#6003 = CARTESIAN_POINT('',(3.040928709595,-0.566729289002));
#6004 = CARTESIAN_POINT('',(3.006623127066,-0.619857350013));
#6005 = CARTESIAN_POINT('',(2.998056191789,-0.632708446956));
#6006 = CARTESIAN_POINT('',(2.989245090495,-0.645493080626));
#6007 = CARTESIAN_POINT('',(2.980173070868,-0.658205752542));
#6008 = CARTESIAN_POINT('',(2.970821834975,-0.670840244333));
#6009 = CARTESIAN_POINT('',(2.961171539273,-0.683389617736));
#6010 = ( GEOMETRIC_REPRESENTATION_CONTEXT(2) 
PARAMETRIC_REPRESENTATION_CONTEXT() REPRESENTATION_CONTEXT('2D SPACE',''
  ) );
#6011 = PCURVE('',#2562,#6012);
#6012 = DEFINITIONAL_REPRESENTATION('',(#6013),#6046);
#6013 = B_SPLINE_CURVE_WITH_KNOTS('',6,(#6014,#6015,#6016,#6017,#6018,
    #6019,#6020,#6021,#6022,#6023,#6024,#6025,#6026,#6027,#6028,#6029,
    #6030,#6031,#6032,#6033,#6034,#6035,#6036,#6037,#6038,#6039,#6040,
    #6041,#6042,#6043,#6044,#6045),.UNSPECIFIED.,.F.,.F.,(7,5,5,5,5,5,7)
  ,(0.,0.226376625754,0.359362324756,0.533138905885,0.76155821947,
    0.942046696532,1.),.UNSPECIFIED.);
#6014 = CARTESIAN_POINT('',(0.481550029593,1.));
#6015 = CARTESIAN_POINT('',(0.475456966564,0.981319873953));
#6016 = CARTESIAN_POINT('',(0.467621556735,0.963603601956));
#6017 = CARTESIAN_POINT('',(0.458073383979,0.947043912559));
#6018 = CARTESIAN_POINT('',(0.446879409024,0.931805545891));
#6019 = CARTESIAN_POINT('',(0.434136985632,0.918029327299));
#6020 = CARTESIAN_POINT('',(0.411646419486,0.898659663685));
#6021 = CARTESIAN_POINT('',(0.402831085886,0.892034573188));
#6022 = CARTESIAN_POINT('',(0.393547458888,0.885974739536));
#6023 = CARTESIAN_POINT('',(0.383822219934,0.88049928088));
#6024 = CARTESIAN_POINT('',(0.373683988726,0.875624170813));
#6025 = CARTESIAN_POINT('',(0.349414332641,0.865793366961));
#6026 = CARTESIAN_POINT('',(0.335012096023,0.861271695831));
#6027 = CARTESIAN_POINT('',(0.320022680075,0.857826174608));
#6028 = CARTESIAN_POINT('',(0.304517356549,0.855477307409));
#6029 = CARTESIAN_POINT('',(0.288570474413,0.854237588054));
#6030 = CARTESIAN_POINT('',(0.250815956873,0.853946441576));
#6031 = CARTESIAN_POINT('',(0.228742213345,0.85570569205));
#6032 = CARTESIAN_POINT('',(0.206209274632,0.859400470998));
#6033 = CARTESIAN_POINT('',(0.18339595057,0.865018718859));
#6034 = CARTESIAN_POINT('',(0.160482805933,0.872525950235));
#6035 = CARTESIAN_POINT('',(0.119607973354,0.889243743625));
#6036 = CARTESIAN_POINT('',(0.101616110734,0.897766359305));
#6037 = CARTESIAN_POINT('',(8.376287486901E-02,0.90740416834));
#6038 = CARTESIAN_POINT('',(6.613649471845E-02,0.918119975493));
#6039 = CARTESIAN_POINT('',(4.882407317238E-02,0.929867538397));
#6040 = CARTESIAN_POINT('',(2.648004269916E-02,0.946676668088));
#6041 = CARTESIAN_POINT('',(2.109047892167E-02,0.950862758736));
#6042 = CARTESIAN_POINT('',(1.574489557366E-02,0.955147634727));
#6043 = CARTESIAN_POINT('',(1.044609908473E-02,0.959529344239));
#6044 = CARTESIAN_POINT('',(5.196877403968E-03,0.964005827946));
#6045 = CARTESIAN_POINT('',(0.,0.968574919008));
#6046 = ( GEOMETRIC_REPRESENTATION_CONTEXT(2) 
PARAMETRIC_REPRESENTATION_CONTEXT() REPRESENTATION_CONTEXT('2D SPACE',''
  ) );
#6047 = ORIENTED_EDGE('',*,*,#6048,.T.);
#6048 = EDGE_CURVE('',#5939,#5582,#6049,.T.);
#6049 = SURFACE_CURVE('',#6050,(#6130,#6213),.PCURVE_S1.);
#6050 = B_SPLINE_CURVE_WITH_KNOTS('',8,(#6051,#6052,#6053,#6054,#6055,
    #6056,#6057,#6058,#6059,#6060,#6061,#6062,#6063,#6064,#6065,#6066,
    #6067,#6068,#6069,#6070,#6071,#6072,#6073,#6074,#6075,#6076,#6077,
    #6078,#6079,#6080,#6081,#6082,#6083,#6084,#6085,#6086,#6087,#6088,
    #6089,#6090,#6091,#6092,#6093,#6094,#6095,#6096,#6097,#6098,#6099,
    #6100,#6101,#6102,#6103,#6104,#6105,#6106,#6107,#6108,#6109,#6110,
    #6111,#6112,#6113,#6114,#6115,#6116,#6117,#6118,#6119,#6120,#6121,
    #6122,#6123,#6124,#6125,#6126,#6127,#6128,#6129),.UNSPECIFIED.,.F.,
  .F.,(9,7,7,7,7,7,7,7,7,7,7,9),(0.,5.069669037327E-02,0.11584144985,
    0.225020485475,0.280341100979,0.345586688982,0.424362598158,
    0.517528008759,0.628176824546,0.731683019744,0.822350144646,1.),
  .UNSPECIFIED.);
#6051 = CARTESIAN_POINT('',(65.,29.069921219213,249.87566694219));
#6052 = CARTESIAN_POINT('',(65.129050523253,28.979341065513,
    249.98162420223));
#6053 = CARTESIAN_POINT('',(65.260829465705,28.889049009562,
    250.08444200216));
#6054 = CARTESIAN_POINT('',(65.395272383158,28.799146513093,
    250.18408708602));
#6055 = CARTESIAN_POINT('',(65.532312742894,28.709734897452,
    250.28052943395));
#6056 = CARTESIAN_POINT('',(65.671881861862,28.62091505219,
    250.37374218221));
#6057 = CARTESIAN_POINT('',(65.813908844866,28.532787143654,
    250.46370154327));
#6058 = CARTESIAN_POINT('',(65.958320522752,28.445450323579,
    250.55038672578));
#6059 = CARTESIAN_POINT('',(66.293576294453,28.247917735837,
    250.74093922306));
#6060 = CARTESIAN_POINT('',(66.48592494498,28.138300364464,
    250.84266321197));
#6061 = CARTESIAN_POINT('',(66.681926293033,28.030358453089,
    250.93891333227));
#6062 = CARTESIAN_POINT('',(66.881413522074,27.924296135817,
    251.02965956806));
#6063 = CARTESIAN_POINT('',(67.084214053296,27.820312375018,
    251.11488012193));
#6064 = CARTESIAN_POINT('',(67.290149841538,27.718599765326,
    251.19456112949));
#6065 = CARTESIAN_POINT('',(67.499037961997,27.619343317955,
    251.26869634279));
#6066 = CARTESIAN_POINT('',(68.06541116145,27.360782557895,
    251.4522405899));
#6067 = CARTESIAN_POINT('',(68.427914878646,27.206232074502,
    251.55162562967));
#6068 = CARTESIAN_POINT('',(68.797299465767,27.059909543381,
    251.6354363209));
#6069 = CARTESIAN_POINT('',(69.172675766467,26.922563174029,
    251.70374508608));
#6070 = CARTESIAN_POINT('',(69.553183619504,26.794841235495,
    251.75667926936));
#6071 = CARTESIAN_POINT('',(69.938034399322,26.677286472814,
    251.79439494241));
#6072 = CARTESIAN_POINT('',(70.326491790133,26.570366646099,
    251.81703512174));
#6073 = CARTESIAN_POINT('',(70.916104013421,26.425903364285,
    251.828618328));
#6074 = CARTESIAN_POINT('',(71.115130680073,26.380153773961,
    251.82867492542));
#6075 = CARTESIAN_POINT('',(71.314807279922,26.337289058221,
    251.82490846304));
#6076 = CARTESIAN_POINT('',(71.515040256406,26.297357693942,
    251.81733287055));
#6077 = CARTESIAN_POINT('',(71.715732727526,26.260404901568,
    251.80596031763));
#6078 = CARTESIAN_POINT('',(71.9167828064,26.226472530492,
    251.79080158162));
#6079 = CARTESIAN_POINT('',(72.118082366129,26.195598557889,
    251.77186674096));
#6080 = CARTESIAN_POINT('',(72.557089023779,26.135049461255,
    251.72239298372));
#6081 = CARTESIAN_POINT('',(72.794850713775,26.106582899269,
    251.6903814164));
#6082 = CARTESIAN_POINT('',(73.032607407315,26.082471817479,
    251.6531489499));
#6083 = CARTESIAN_POINT('',(73.270154410555,26.062761621104,
    251.61071377331));
#6084 = CARTESIAN_POINT('',(73.507276057845,26.047486006691,
    251.5630963165));
#6085 = CARTESIAN_POINT('',(73.743746343465,26.036665306109,
    251.51032058843));
#6086 = CARTESIAN_POINT('',(73.979330374733,26.030304985998,
    251.45241534487));
#6087 = CARTESIAN_POINT('',(74.496863349901,26.026087390878,
    251.31335013024));
#6088 = CARTESIAN_POINT('',(74.778303589079,26.030266902201,
    251.22985586576));
#6089 = CARTESIAN_POINT('',(75.057683444145,26.040914649066,
    251.13899186562));
#6090 = CARTESIAN_POINT('',(75.334579491908,26.057978168268,
    251.04082572632));
#6091 = CARTESIAN_POINT('',(75.608571720954,26.081371083947,
    250.93543211756));
#6092 = CARTESIAN_POINT('',(75.879245759732,26.110973971645,
    250.82289236029));
#6093 = CARTESIAN_POINT('',(76.146194417607,26.146635723439,
    250.70329453267));
#6094 = CARTESIAN_POINT('',(76.719851094532,26.237302899732,
    250.42705567477));
#6095 = CARTESIAN_POINT('',(77.024920954995,26.294652798413,
    250.2676356862));
#6096 = CARTESIAN_POINT('',(77.323573700113,26.359927298729,
    250.09862850477));
#6097 = CARTESIAN_POINT('',(77.615180126353,26.432772523204,
    249.92019706757));
#6098 = CARTESIAN_POINT('',(77.899135998278,26.512784318653,
    249.73251276885));
#6099 = CARTESIAN_POINT('',(78.174861948507,26.59951415223,
    249.53575653001));
#6100 = CARTESIAN_POINT('',(78.441803526126,26.692475113192,
    249.33012105287));
#6101 = CARTESIAN_POINT('',(79.005405663003,26.908337868681,
    248.8612906824));
#6102 = CARTESIAN_POINT('',(79.298243499032,27.033584959686,
    248.59453515216));
#6103 = CARTESIAN_POINT('',(79.577061798756,27.166021124411,
    248.31589259431));
#6104 = CARTESIAN_POINT('',(79.841025094048,27.304714010693,
    248.02573827321));
#6105 = CARTESIAN_POINT('',(80.089346751583,27.448681298353,
    247.72448568955));
#6106 = CARTESIAN_POINT('',(80.321291013768,27.596906049779,
    247.41259575456));
#6107 = CARTESIAN_POINT('',(80.53617588057,27.748353195948,
    247.09058723776));
#6108 = CARTESIAN_POINT('',(80.917848035562,28.045703715004,
    246.44891128256));
#6109 = CARTESIAN_POINT('',(81.086847207788,28.191335743627,
    246.13043047301));
#6110 = CARTESIAN_POINT('',(81.239855877587,28.338030732014,
    245.80409787197));
#6111 = CARTESIAN_POINT('',(81.376405752664,28.484936880097,
    245.47045666192));
#6112 = CARTESIAN_POINT('',(81.49607948546,28.631216937502,
    245.1301078435));
#6113 = CARTESIAN_POINT('',(81.598514342244,28.776062044757,
    244.78371757914));
#6114 = CARTESIAN_POINT('',(81.683408775607,28.918705577712,
    244.43202543232));
#6115 = CARTESIAN_POINT('',(81.809328967734,29.180835909069,
    243.76386169549));
#6116 = CARTESIAN_POINT('',(81.854493524105,29.30100738127,
    243.44841458655));
#6117 = CARTESIAN_POINT('',(81.885866216097,29.4184700348,
    243.13007258488));
#6118 = CARTESIAN_POINT('',(81.903336656718,29.532784834384,
    242.80942179318));
#6119 = CARTESIAN_POINT('',(81.906840234,29.643561135879,242.48707589651
    ));
#6120 = CARTESIAN_POINT('',(81.896358011149,29.750461669475,
    242.1636777305));
#6121 = CARTESIAN_POINT('',(81.871919718177,29.853206456632,
    241.83990052869));
#6122 = CARTESIAN_POINT('',(81.758546848184,30.144316689036,
    240.88268943321));
#6123 = CARTESIAN_POINT('',(81.630194907265,30.320346911737,
    240.24989204157));
#6124 = CARTESIAN_POINT('',(81.449145780545,30.47789034657,
    239.62367119083));
#6125 = CARTESIAN_POINT('',(81.216849645022,30.616333886348,
    239.00934364186));
#6126 = CARTESIAN_POINT('',(80.935285760836,30.736113376517,
    238.41201589331));
#6127 = CARTESIAN_POINT('',(80.606879943873,30.838561082283,
    237.83657657177));
#6128 = CARTESIAN_POINT('',(80.234548512207,30.925703691559,
    237.2876303418));
#6129 = CARTESIAN_POINT('',(79.821748382025,31.,236.76940995986));
#6130 = PCURVE('',#619,#6131);
#6131 = DEFINITIONAL_REPRESENTATION('',(#6132),#6212);
#6132 = B_SPLINE_CURVE_WITH_KNOTS('',8,(#6133,#6134,#6135,#6136,#6137,
    #6138,#6139,#6140,#6141,#6142,#6143,#6144,#6145,#6146,#6147,#6148,
    #6149,#6150,#6151,#6152,#6153,#6154,#6155,#6156,#6157,#6158,#6159,
    #6160,#6161,#6162,#6163,#6164,#6165,#6166,#6167,#6168,#6169,#6170,
    #6171,#6172,#6173,#6174,#6175,#6176,#6177,#6178,#6179,#6180,#6181,
    #6182,#6183,#6184,#6185,#6186,#6187,#6188,#6189,#6190,#6191,#6192,
    #6193,#6194,#6195,#6196,#6197,#6198,#6199,#6200,#6201,#6202,#6203,
    #6204,#6205,#6206,#6207,#6208,#6209,#6210,#6211),.UNSPECIFIED.,.F.,
  .F.,(9,7,7,7,7,7,7,7,7,7,7,9),(0.,5.069669037327E-02,0.11584144985,
    0.225020485475,0.280341100979,0.345586688982,0.424362598158,
    0.517528008759,0.628176824546,0.731683019744,0.822350144646,1.),
  .UNSPECIFIED.);
#6133 = CARTESIAN_POINT('',(3.410633268162,0.758132611411));
#6134 = CARTESIAN_POINT('',(3.427383108538,0.772724838663));
#6135 = CARTESIAN_POINT('',(3.444723634455,0.787115134228));
#6136 = CARTESIAN_POINT('',(3.462682154496,0.801292498934));
#6137 = CARTESIAN_POINT('',(3.481287590552,0.815244957605));
#6138 = CARTESIAN_POINT('',(3.50057006107,0.828959460447));
#6139 = CARTESIAN_POINT('',(3.520560464302,0.842421784444));
#6140 = CARTESIAN_POINT('',(3.541290061554,0.855616434751));
#6141 = CARTESIAN_POINT('',(3.590417352185,0.885115914966));
#6142 = CARTESIAN_POINT('',(3.619316755114,0.9012355407));
#6143 = CARTESIAN_POINT('',(3.64955397744,0.916849535193));
#6144 = CARTESIAN_POINT('',(3.681193643823,0.93191854004));
#6145 = CARTESIAN_POINT('',(3.714296472671,0.946399288046));
#6146 = CARTESIAN_POINT('',(3.748914385551,0.960244696756));
#6147 = CARTESIAN_POINT('',(3.785083548699,0.973404493982));
#6148 = CARTESIAN_POINT('',(3.886051765709,1.006644765586));
#6149 = CARTESIAN_POINT('',(3.953680041318,1.02539152184));
#6150 = CARTESIAN_POINT('',(4.025752328307,1.041818759612));
#6151 = CARTESIAN_POINT('',(4.102124389415,1.05566762001));
#6152 = CARTESIAN_POINT('',(4.182383880966,1.066682786766));
#6153 = CARTESIAN_POINT('',(4.265644179939,1.074650616201));
#6154 = CARTESIAN_POINT('',(4.350699240039,1.079458246761));
#6155 = CARTESIAN_POINT('',(4.479676471704,1.08192084953));
#6156 = CARTESIAN_POINT('',(4.523192659474,1.081934362188));
#6157 = CARTESIAN_POINT('',(4.566689104947,1.081131464351));
#6158 = CARTESIAN_POINT('',(4.609999914962,1.079517066041));
#6159 = CARTESIAN_POINT('',(4.652964893688,1.077102785307));
#6160 = CARTESIAN_POINT('',(4.695437349594,1.073906463803));
#6161 = CARTESIAN_POINT('',(4.737289489825,1.069951159021));
#6162 = CARTESIAN_POINT('',(4.826919640391,1.059735083159));
#6163 = CARTESIAN_POINT('',(4.874414205021,1.053187986237));
#6164 = CARTESIAN_POINT('',(4.920723089115,1.045666275511));
#6165 = CARTESIAN_POINT('',(4.96571416891,1.037221596294));
#6166 = CARTESIAN_POINT('',(5.0092999117,1.027909709253));
#6167 = CARTESIAN_POINT('',(5.05143388195,1.017787638845));
#6168 = CARTESIAN_POINT('',(5.092103045464,1.006911547067));
#6169 = CARTESIAN_POINT('',(5.178660468047,0.981358497405));
#6170 = CARTESIAN_POINT('',(5.223883585939,0.966360658656));
#6171 = CARTESIAN_POINT('',(5.267001425834,0.950436787434));
#6172 = CARTESIAN_POINT('',(5.308082827191,0.933676029779));
#6173 = CARTESIAN_POINT('',(5.347225790013,0.916159150849));
#6174 = CARTESIAN_POINT('',(5.38454050338,0.897957433541));
#6175 = CARTESIAN_POINT('',(5.420138880912,0.879133031514));
#6176 = CARTESIAN_POINT('',(5.494331380147,0.836806260061));
#6177 = CARTESIAN_POINT('',(5.532285542865,0.813076959252));
#6178 = CARTESIAN_POINT('',(5.568175639326,0.788642868456));
#6179 = CARTESIAN_POINT('',(5.602177728659,0.763577708659));
#6180 = CARTESIAN_POINT('',(5.634453182308,0.737941672463));
#6181 = CARTESIAN_POINT('',(5.665144714312,0.711783916032));
#6182 = CARTESIAN_POINT('',(5.694376640652,0.68514479805));
#6183 = CARTESIAN_POINT('',(5.755374562517,0.625887804204));
#6184 = CARTESIAN_POINT('',(5.78658653195,0.593085990151));
#6185 = CARTESIAN_POINT('',(5.816079778143,0.559708057541));
#6186 = CARTESIAN_POINT('',(5.844007241562,0.525796145415));
#6187 = CARTESIAN_POINT('',(5.870495719547,0.491382749754));
#6188 = CARTESIAN_POINT('',(5.895650706556,0.456493796103));
#6189 = CARTESIAN_POINT('',(5.919560656075,0.421150932936));
#6190 = CARTESIAN_POINT('',(5.963572755537,0.351904698619));
#6191 = CARTESIAN_POINT('',(5.983821338303,0.318055261917));
#6192 = CARTESIAN_POINT('',(6.003107011785,0.283841347213));
#6193 = CARTESIAN_POINT('',(6.021480490549,0.249277375909));
#6194 = CARTESIAN_POINT('',(6.038984783107,0.214376622664));
#6195 = CARTESIAN_POINT('',(6.055656998995,0.17915236072));
#6196 = CARTESIAN_POINT('',(6.071529784219,0.143619109114));
#6197 = CARTESIAN_POINT('',(6.099861635728,7.641265925905E-02));
#6198 = CARTESIAN_POINT('',(6.11250068608,4.480558417788E-02));
#6199 = CARTESIAN_POINT('',(6.124568731819,1.298508248442E-02));
#6200 = CARTESIAN_POINT('',(6.136084099914,-1.903722937476E-02));
#6201 = CARTESIAN_POINT('',(6.147064491242,-5.124990833636E-02));
#6202 = CARTESIAN_POINT('',(6.157527280441,-8.364106697239E-02));
#6203 = CARTESIAN_POINT('',(6.167489873007,-0.116197674111));
#6204 = CARTESIAN_POINT('',(6.195545368835,-0.212989871261));
#6205 = CARTESIAN_POINT('',(6.212277080382,-0.277681796689));
#6206 = CARTESIAN_POINT('',(6.227288545353,-0.342837238263));
#6207 = CARTESIAN_POINT('',(6.240733868069,-0.408360049052));
#6208 = CARTESIAN_POINT('',(6.252796845129,-0.474173418513));
#6209 = CARTESIAN_POINT('',(6.26369119174,-0.540207848539));
#6210 = CARTESIAN_POINT('',(6.273686624173,-0.606393757488));
#6211 = CARTESIAN_POINT('',(6.28318530718,-0.672647535625));
#6212 = ( GEOMETRIC_REPRESENTATION_CONTEXT(2) 
PARAMETRIC_REPRESENTATION_CONTEXT() REPRESENTATION_CONTEXT('2D SPACE',''
  ) );
#6213 = PCURVE('',#3695,#6214);
#6214 = DEFINITIONAL_REPRESENTATION('',(#6215),#6295);
#6215 = B_SPLINE_CURVE_WITH_KNOTS('',8,(#6216,#6217,#6218,#6219,#6220,
    #6221,#6222,#6223,#6224,#6225,#6226,#6227,#6228,#6229,#6230,#6231,
    #6232,#6233,#6234,#6235,#6236,#6237,#6238,#6239,#6240,#6241,#6242,
    #6243,#6244,#6245,#6246,#6247,#6248,#6249,#6250,#6251,#6252,#6253,
    #6254,#6255,#6256,#6257,#6258,#6259,#6260,#6261,#6262,#6263,#6264,
    #6265,#6266,#6267,#6268,#6269,#6270,#6271,#6272,#6273,#6274,#6275,
    #6276,#6277,#6278,#6279,#6280,#6281,#6282,#6283,#6284,#6285,#6286,
    #6287,#6288,#6289,#6290,#6291,#6292,#6293,#6294),.UNSPECIFIED.,.F.,
  .F.,(9,7,7,7,7,7,7,7,7,7,7,9),(0.,5.069669037327E-02,0.11584144985,
    0.225020485475,0.280341100979,0.345586688982,0.424362598158,
    0.517528008759,0.628176824546,0.731683019744,0.822350144646,1.),
  .UNSPECIFIED.);
#6216 = CARTESIAN_POINT('',(0.481550029593,0.));
#6217 = CARTESIAN_POINT('',(0.486609143394,2.581010465056E-03));
#6218 = CARTESIAN_POINT('',(0.491579676967,5.216589314107E-03));
#6219 = CARTESIAN_POINT('',(0.496459170836,7.905447663169E-03));
#6220 = CARTESIAN_POINT('',(0.5012452015,1.064625485788E-02));
#6221 = CARTESIAN_POINT('',(0.505935383829,1.343763723724E-02));
#6222 = CARTESIAN_POINT('',(0.510527373453,1.627817689732E-02));
#6223 = CARTESIAN_POINT('',(0.515018869156,1.916641045503E-02));
#6224 = CARTESIAN_POINT('',(0.525047111808,2.587152588907E-02));
#6225 = CARTESIAN_POINT('',(0.530516972667,2.971849889961E-02));
#6226 = CARTESIAN_POINT('',(0.535812384791,3.363852586066E-02));
#6227 = CARTESIAN_POINT('',(0.540928686002,3.762827044149E-02));
#6228 = CARTESIAN_POINT('',(0.545861381075,4.168428106592E-02));
#6229 = CARTESIAN_POINT('',(0.550606160766,4.580299683075E-02));
#6230 = CARTESIAN_POINT('',(0.555158923771,4.998075923995E-02));
#6231 = CARTESIAN_POINT('',(0.566817689359,6.130822322901E-02));
#6232 = CARTESIAN_POINT('',(0.573569716746,6.855829757292E-02));
#6233 = CARTESIAN_POINT('',(0.57975308188,7.594598931532E-02));
#6234 = CARTESIAN_POINT('',(0.585351981761,8.345351532938E-02));
#6235 = CARTESIAN_POINT('',(0.590353239369,9.106367239006E-02));
#6236 = CARTESIAN_POINT('',(0.594745975889,9.876068798645E-02));
#6237 = CARTESIAN_POINT('',(0.59851992941,0.106529835803));
#6238 = CARTESIAN_POINT('',(0.603258595601,0.118322080268));
#6239 = CARTESIAN_POINT('',(0.604690773533,0.122302613601));
#6240 = CARTESIAN_POINT('',(0.605960231871,0.126296145598));
#6241 = CARTESIAN_POINT('',(0.607065649423,0.130300805128));
#6242 = CARTESIAN_POINT('',(0.608005678714,0.134314654551));
#6243 = CARTESIAN_POINT('',(0.608778957246,0.138335656128));
#6244 = CARTESIAN_POINT('',(0.609384136975,0.142361647323));
#6245 = CARTESIAN_POINT('',(0.610333912252,0.151141780476));
#6246 = CARTESIAN_POINT('',(0.610612281605,0.155897014276));
#6247 = CARTESIAN_POINT('',(0.610652912767,0.160652148146));
#6248 = CARTESIAN_POINT('',(0.610453823311,0.165403088211));
#6249 = CARTESIAN_POINT('',(0.610013262671,0.170145521157));
#6250 = CARTESIAN_POINT('',(0.609329794127,0.174874926869));
#6251 = CARTESIAN_POINT('',(0.608402371791,0.179586607495));
#6252 = CARTESIAN_POINT('',(0.605815418036,0.189937266998));
#6253 = CARTESIAN_POINT('',(0.604043910904,0.195566071782));
#6254 = CARTESIAN_POINT('',(0.601914819376,0.201153668883));
#6255 = CARTESIAN_POINT('',(0.599427967843,0.206691589838));
#6256 = CARTESIAN_POINT('',(0.596584071149,0.212171434419));
#6257 = CARTESIAN_POINT('',(0.593384727753,0.217584915195));
#6258 = CARTESIAN_POINT('',(0.58983241181,0.222923888352));
#6259 = CARTESIAN_POINT('',(0.581315772235,0.234397021891));
#6260 = CARTESIAN_POINT('',(0.576211960348,0.2404984191));
#6261 = CARTESIAN_POINT('',(0.570624432738,0.246471474002));
#6262 = CARTESIAN_POINT('',(0.56456009527,0.252303602527));
#6263 = CARTESIAN_POINT('',(0.558027241155,0.257982719966));
#6264 = CARTESIAN_POINT('',(0.551035466649,0.26349723897));
#6265 = CARTESIAN_POINT('',(0.543595616755,0.268836070523));
#6266 = CARTESIAN_POINT('',(0.526365923317,0.28010811326));
#6267 = CARTESIAN_POINT('',(0.516397057541,0.285964869981));
#6268 = CARTESIAN_POINT('',(0.505833254785,0.291541235975));
#6269 = CARTESIAN_POINT('',(0.494697052543,0.296820501881));
#6270 = CARTESIAN_POINT('',(0.483013372877,0.301786935032));
#6271 = CARTESIAN_POINT('',(0.470809529892,0.306425820275));
#6272 = CARTESIAN_POINT('',(0.45811530641,0.310723517611));
#6273 = CARTESIAN_POINT('',(0.432659896707,0.318356960711));
#6274 = CARTESIAN_POINT('',(0.419955770215,0.321736944156));
#6275 = CARTESIAN_POINT('',(0.406877643513,0.324797117552));
#6276 = CARTESIAN_POINT('',(0.393454395509,0.327528115053));
#6277 = CARTESIAN_POINT('',(0.379716881095,0.329921589709));
#6278 = CARTESIAN_POINT('',(0.365698044736,0.331970286845));
#6279 = CARTESIAN_POINT('',(0.351433127441,0.333668175512));
#6280 = CARTESIAN_POINT('',(0.324282080215,0.336186579355));
#6281 = CARTESIAN_POINT('',(0.311443678446,0.337089870482));
#6282 = CARTESIAN_POINT('',(0.298470511215,0.337717324322));
#6283 = CARTESIAN_POINT('',(0.285388930679,0.338066733134));
#6284 = CARTESIAN_POINT('',(0.272225927413,0.33813680468));
#6285 = CARTESIAN_POINT('',(0.259009187522,0.337927160223));
#6286 = CARTESIAN_POINT('',(0.245767171178,0.337438394364));
#6287 = CARTESIAN_POINT('',(0.206591239709,0.335170936964));
#6288 = CARTESIAN_POINT('',(0.180657064216,0.332603898145));
#6289 = CARTESIAN_POINT('',(0.154960192719,0.328982915611));
#6290 = CARTESIAN_POINT('',(0.129715872171,0.3243369929));
#6291 = CARTESIAN_POINT('',(0.105126212869,0.318705715217));
#6292 = CARTESIAN_POINT('',(8.138245195297E-02,0.312137598877));
#6293 = CARTESIAN_POINT('',(5.866449154307E-02,0.304690970244));
#6294 = CARTESIAN_POINT('',(3.71378456174E-02,0.29643496764));
#6295 = ( GEOMETRIC_REPRESENTATION_CONTEXT(2) 
PARAMETRIC_REPRESENTATION_CONTEXT() REPRESENTATION_CONTEXT('2D SPACE',''
  ) );
#6296 = ORIENTED_EDGE('',*,*,#5581,.T.);
#6297 = ORIENTED_EDGE('',*,*,#4397,.F.);
#6298 = ORIENTED_EDGE('',*,*,#521,.T.);
#6299 = ORIENTED_EDGE('',*,*,#6300,.T.);
#6300 = EDGE_CURVE('',#522,#4053,#6301,.T.);
#6301 = SURFACE_CURVE('',#6302,(#6308,#6317),.PCURVE_S1.);
#6302 = B_SPLINE_CURVE_WITH_KNOTS('',3,(#6303,#6304,#6305,#6306,#6307),
  .UNSPECIFIED.,.F.,.F.,(4,1,4),(0.,0.702348487812,1.),.UNSPECIFIED.);
#6303 = CARTESIAN_POINT('',(65.,34.999863361577,237.08382783476));
#6304 = CARTESIAN_POINT('',(65.016696174084,34.997924127587,
    237.06276186743));
#6305 = CARTESIAN_POINT('',(65.04058298571,34.995116624631,
    237.0328631218));
#6306 = CARTESIAN_POINT('',(65.064631927265,34.992244168728,
    237.00310191546));
#6307 = CARTESIAN_POINT('',(65.071804509287,34.991383458886,
    236.99425563925));
#6308 = PCURVE('',#619,#6309);
#6309 = DEFINITIONAL_REPRESENTATION('',(#6310),#6316);
#6310 = B_SPLINE_CURVE_WITH_KNOTS('',3,(#6311,#6312,#6313,#6314,#6315),
  .UNSPECIFIED.,.F.,.F.,(4,1,4),(0.,0.702348487812,1.),.UNSPECIFIED.);
#6311 = CARTESIAN_POINT('',(2.622461254374,-0.633063295032));
#6312 = CARTESIAN_POINT('',(2.621642659422,-0.635676228669));
#6313 = CARTESIAN_POINT('',(2.620468375264,-0.639395443186));
#6314 = CARTESIAN_POINT('',(2.619281193326,-0.643112966602));
#6315 = CARTESIAN_POINT('',(2.618926665055,-0.644219347398));
#6316 = ( GEOMETRIC_REPRESENTATION_CONTEXT(2) 
PARAMETRIC_REPRESENTATION_CONTEXT() REPRESENTATION_CONTEXT('2D SPACE',''
  ) );
#6317 = PCURVE('',#687,#6318);
#6318 = DEFINITIONAL_REPRESENTATION('',(#6319),#6325);
#6319 = B_SPLINE_CURVE_WITH_KNOTS('',3,(#6320,#6321,#6322,#6323,#6324),
  .UNSPECIFIED.,.F.,.F.,(4,1,4),(0.,0.702348487812,1.),.UNSPECIFIED.);
#6320 = CARTESIAN_POINT('',(2.794264792097E-03,0.));
#6321 = CARTESIAN_POINT('',(2.136804162713E-03,3.339234816847E-04));
#6322 = CARTESIAN_POINT('',(1.203969066972E-03,8.116597142088E-04));
#6323 = CARTESIAN_POINT('',(2.758414192879E-04,1.292638545292E-03));
#6324 = CARTESIAN_POINT('',(0.,1.436090185736E-03));
#6325 = ( GEOMETRIC_REPRESENTATION_CONTEXT(2) 
PARAMETRIC_REPRESENTATION_CONTEXT() REPRESENTATION_CONTEXT('2D SPACE',''
  ) );
#6326 = ORIENTED_EDGE('',*,*,#4074,.T.);
#6327 = ADVANCED_FACE('',(#6328),#687,.T.);
#6328 = FACE_BOUND('',#6329,.T.);
#6329 = EDGE_LOOP('',(#6330,#6331,#6332));
#6330 = ORIENTED_EDGE('',*,*,#6300,.T.);
#6331 = ORIENTED_EDGE('',*,*,#4052,.F.);
#6332 = ORIENTED_EDGE('',*,*,#672,.T.);
#6333 = ADVANCED_FACE('',(#6334),#888,.F.);
#6334 = FACE_BOUND('',#6335,.F.);
#6335 = EDGE_LOOP('',(#6336,#6337));
#6336 = ORIENTED_EDGE('',*,*,#727,.T.);
#6337 = ORIENTED_EDGE('',*,*,#6338,.T.);
#6338 = EDGE_CURVE('',#730,#728,#6339,.T.);
#6339 = SURFACE_CURVE('',#6340,(#6345,#6352),.PCURVE_S1.);
#6340 = CIRCLE('',#6341,1.7);
#6341 = AXIS2_PLACEMENT_3D('',#6342,#6343,#6344);
#6342 = CARTESIAN_POINT('',(59.,-19.,212.));
#6343 = DIRECTION('',(0.,-1.,0.));
#6344 = DIRECTION('',(1.,0.,0.));
#6345 = PCURVE('',#888,#6346);
#6346 = DEFINITIONAL_REPRESENTATION('',(#6347),#6351);
#6347 = LINE('',#6348,#6349);
#6348 = CARTESIAN_POINT('',(6.28318530718,0.));
#6349 = VECTOR('',#6350,1.);
#6350 = DIRECTION('',(-1.,0.));
#6351 = ( GEOMETRIC_REPRESENTATION_CONTEXT(2) 
PARAMETRIC_REPRESENTATION_CONTEXT() REPRESENTATION_CONTEXT('2D SPACE',''
  ) );
#6352 = PCURVE('',#1008,#6353);
#6353 = DEFINITIONAL_REPRESENTATION('',(#6354),#6358);
#6354 = CIRCLE('',#6355,1.7);
#6355 = AXIS2_PLACEMENT_2D('',#6356,#6357);
#6356 = CARTESIAN_POINT('',(0.,0.));
#6357 = DIRECTION('',(0.,1.));
#6358 = ( GEOMETRIC_REPRESENTATION_CONTEXT(2) 
PARAMETRIC_REPRESENTATION_CONTEXT() REPRESENTATION_CONTEXT('2D SPACE',''
  ) );
#6359 = ADVANCED_FACE('',(#6360),#1008,.T.);
#6360 = FACE_BOUND('',#6361,.T.);
#6361 = EDGE_LOOP('',(#6362,#6363));
#6362 = ORIENTED_EDGE('',*,*,#988,.T.);
#6363 = ORIENTED_EDGE('',*,*,#6338,.T.);
#6364 = ADVANCED_FACE('',(#6365,#6414),#1071,.F.);
#6365 = FACE_BOUND('',#6366,.F.);
#6366 = EDGE_LOOP('',(#6367,#6391,#6413));
#6367 = ORIENTED_EDGE('',*,*,#6368,.T.);
#6368 = EDGE_CURVE('',#1026,#6369,#6371,.T.);
#6369 = VERTEX_POINT('',#6370);
#6370 = CARTESIAN_POINT('',(65.,-21.,212.));
#6371 = SURFACE_CURVE('',#6372,(#6377,#6384),.PCURVE_S1.);
#6372 = CIRCLE('',#6373,6.);
#6373 = AXIS2_PLACEMENT_3D('',#6374,#6375,#6376);
#6374 = CARTESIAN_POINT('',(59.,-21.,212.));
#6375 = DIRECTION('',(0.,-1.,0.));
#6376 = DIRECTION('',(1.,0.,0.));
#6377 = PCURVE('',#1071,#6378);
#6378 = DEFINITIONAL_REPRESENTATION('',(#6379),#6383);
#6379 = CIRCLE('',#6380,6.);
#6380 = AXIS2_PLACEMENT_2D('',#6381,#6382);
#6381 = CARTESIAN_POINT('',(0.,0.));
#6382 = DIRECTION('',(0.,1.));
#6383 = ( GEOMETRIC_REPRESENTATION_CONTEXT(2) 
PARAMETRIC_REPRESENTATION_CONTEXT() REPRESENTATION_CONTEXT('2D SPACE',''
  ) );
#6384 = PCURVE('',#1263,#6385);
#6385 = DEFINITIONAL_REPRESENTATION('',(#6386),#6390);
#6386 = LINE('',#6387,#6388);
#6387 = CARTESIAN_POINT('',(6.28318530718,0.));
#6388 = VECTOR('',#6389,1.);
#6389 = DIRECTION('',(-1.,0.));
#6390 = ( GEOMETRIC_REPRESENTATION_CONTEXT(2) 
PARAMETRIC_REPRESENTATION_CONTEXT() REPRESENTATION_CONTEXT('2D SPACE',''
  ) );
#6391 = ORIENTED_EDGE('',*,*,#6392,.T.);
#6392 = EDGE_CURVE('',#6369,#1028,#6393,.T.);
#6393 = SURFACE_CURVE('',#6394,(#6399,#6406),.PCURVE_S1.);
#6394 = CIRCLE('',#6395,6.);
#6395 = AXIS2_PLACEMENT_3D('',#6396,#6397,#6398);
#6396 = CARTESIAN_POINT('',(59.,-21.,212.));
#6397 = DIRECTION('',(0.,-1.,0.));
#6398 = DIRECTION('',(1.,0.,0.));
#6399 = PCURVE('',#1071,#6400);
#6400 = DEFINITIONAL_REPRESENTATION('',(#6401),#6405);
#6401 = CIRCLE('',#6402,6.);
#6402 = AXIS2_PLACEMENT_2D('',#6403,#6404);
#6403 = CARTESIAN_POINT('',(0.,0.));
#6404 = DIRECTION('',(0.,1.));
#6405 = ( GEOMETRIC_REPRESENTATION_CONTEXT(2) 
PARAMETRIC_REPRESENTATION_CONTEXT() REPRESENTATION_CONTEXT('2D SPACE',''
  ) );
#6406 = PCURVE('',#1263,#6407);
#6407 = DEFINITIONAL_REPRESENTATION('',(#6408),#6412);
#6408 = LINE('',#6409,#6410);
#6409 = CARTESIAN_POINT('',(6.28318530718,0.));
#6410 = VECTOR('',#6411,1.);
#6411 = DIRECTION('',(-1.,0.));
#6412 = ( GEOMETRIC_REPRESENTATION_CONTEXT(2) 
PARAMETRIC_REPRESENTATION_CONTEXT() REPRESENTATION_CONTEXT('2D SPACE',''
  ) );
#6413 = ORIENTED_EDGE('',*,*,#1025,.F.);
#6414 = FACE_BOUND('',#6415,.F.);
#6415 = EDGE_LOOP('',(#6416));
#6416 = ORIENTED_EDGE('',*,*,#6417,.T.);
#6417 = EDGE_CURVE('',#6418,#6418,#6420,.T.);
#6418 = VERTEX_POINT('',#6419);
#6419 = CARTESIAN_POINT('',(60.7,-21.,212.));
#6420 = SURFACE_CURVE('',#6421,(#6426,#6437),.PCURVE_S1.);
#6421 = CIRCLE('',#6422,1.7);
#6422 = AXIS2_PLACEMENT_3D('',#6423,#6424,#6425);
#6423 = CARTESIAN_POINT('',(59.,-21.,212.));
#6424 = DIRECTION('',(-0.,1.,0.));
#6425 = DIRECTION('',(1.,0.,0.));
#6426 = PCURVE('',#1071,#6427);
#6427 = DEFINITIONAL_REPRESENTATION('',(#6428),#6436);
#6428 = ( BOUNDED_CURVE() B_SPLINE_CURVE(2,(#6429,#6430,#6431,#6432,
#6433,#6434,#6435),.UNSPECIFIED.,.T.,.F.) B_SPLINE_CURVE_WITH_KNOTS((1,2
    ,2,2,2,1),(-2.094395102393,0.,2.094395102393,4.188790204786,
6.28318530718,8.377580409573),.UNSPECIFIED.) CURVE() 
GEOMETRIC_REPRESENTATION_ITEM() RATIONAL_B_SPLINE_CURVE((1.,0.5,1.,0.5,
1.,0.5,1.)) REPRESENTATION_ITEM('') );
#6429 = CARTESIAN_POINT('',(0.,1.7));
#6430 = CARTESIAN_POINT('',(2.944486372867,1.7));
#6431 = CARTESIAN_POINT('',(1.472243186434,-0.85));
#6432 = CARTESIAN_POINT('',(4.163799117101E-16,-3.4));
#6433 = CARTESIAN_POINT('',(-1.472243186434,-0.85));
#6434 = CARTESIAN_POINT('',(-2.944486372867,1.7));
#6435 = CARTESIAN_POINT('',(0.,1.7));
#6436 = ( GEOMETRIC_REPRESENTATION_CONTEXT(2) 
PARAMETRIC_REPRESENTATION_CONTEXT() REPRESENTATION_CONTEXT('2D SPACE',''
  ) );
#6437 = PCURVE('',#6438,#6443);
#6438 = CYLINDRICAL_SURFACE('',#6439,1.7);
#6439 = AXIS2_PLACEMENT_3D('',#6440,#6441,#6442);
#6440 = CARTESIAN_POINT('',(59.,-19.,212.));
#6441 = DIRECTION('',(-0.,1.,-0.));
#6442 = DIRECTION('',(1.,0.,0.));
#6443 = DEFINITIONAL_REPRESENTATION('',(#6444),#6448);
#6444 = LINE('',#6445,#6446);
#6445 = CARTESIAN_POINT('',(-4.138911435803E-13,-2.));
#6446 = VECTOR('',#6447,1.);
#6447 = DIRECTION('',(1.,-0.));
#6448 = ( GEOMETRIC_REPRESENTATION_CONTEXT(2) 
PARAMETRIC_REPRESENTATION_CONTEXT() REPRESENTATION_CONTEXT('2D SPACE',''
  ) );
#6449 = ADVANCED_FACE('',(#6450),#1263,.T.);
#6450 = FACE_BOUND('',#6451,.T.);
#6451 = EDGE_LOOP('',(#6452,#6453,#6454,#6477,#6504,#6505));
#6452 = ORIENTED_EDGE('',*,*,#1097,.F.);
#6453 = ORIENTED_EDGE('',*,*,#6368,.T.);
#6454 = ORIENTED_EDGE('',*,*,#6455,.T.);
#6455 = EDGE_CURVE('',#6369,#6456,#6458,.T.);
#6456 = VERTEX_POINT('',#6457);
#6457 = CARTESIAN_POINT('',(65.,-29.,212.));
#6458 = SEAM_CURVE('',#6459,(#6463,#6470),.PCURVE_S1.);
#6459 = LINE('',#6460,#6461);
#6460 = CARTESIAN_POINT('',(65.,-21.,212.));
#6461 = VECTOR('',#6462,1.);
#6462 = DIRECTION('',(0.,-1.,0.));
#6463 = PCURVE('',#1263,#6464);
#6464 = DEFINITIONAL_REPRESENTATION('',(#6465),#6469);
#6465 = LINE('',#6466,#6467);
#6466 = CARTESIAN_POINT('',(-4.138911435803E-13,0.));
#6467 = VECTOR('',#6468,1.);
#6468 = DIRECTION('',(-0.,-1.));
#6469 = ( GEOMETRIC_REPRESENTATION_CONTEXT(2) 
PARAMETRIC_REPRESENTATION_CONTEXT() REPRESENTATION_CONTEXT('2D SPACE',''
  ) );
#6470 = PCURVE('',#1263,#6471);
#6471 = DEFINITIONAL_REPRESENTATION('',(#6472),#6476);
#6472 = LINE('',#6473,#6474);
#6473 = CARTESIAN_POINT('',(6.28318530718,0.));
#6474 = VECTOR('',#6475,1.);
#6475 = DIRECTION('',(-0.,-1.));
#6476 = ( GEOMETRIC_REPRESENTATION_CONTEXT(2) 
PARAMETRIC_REPRESENTATION_CONTEXT() REPRESENTATION_CONTEXT('2D SPACE',''
  ) );
#6477 = ORIENTED_EDGE('',*,*,#6478,.F.);
#6478 = EDGE_CURVE('',#6456,#6456,#6479,.T.);
#6479 = SURFACE_CURVE('',#6480,(#6485,#6492),.PCURVE_S1.);
#6480 = CIRCLE('',#6481,6.);
#6481 = AXIS2_PLACEMENT_3D('',#6482,#6483,#6484);
#6482 = CARTESIAN_POINT('',(59.,-29.,212.));
#6483 = DIRECTION('',(0.,-1.,0.));
#6484 = DIRECTION('',(1.,0.,0.));
#6485 = PCURVE('',#1263,#6486);
#6486 = DEFINITIONAL_REPRESENTATION('',(#6487),#6491);
#6487 = LINE('',#6488,#6489);
#6488 = CARTESIAN_POINT('',(6.28318530718,-8.));
#6489 = VECTOR('',#6490,1.);
#6490 = DIRECTION('',(-1.,0.));
#6491 = ( GEOMETRIC_REPRESENTATION_CONTEXT(2) 
PARAMETRIC_REPRESENTATION_CONTEXT() REPRESENTATION_CONTEXT('2D SPACE',''
  ) );
#6492 = PCURVE('',#6493,#6498);
#6493 = PLANE('',#6494);
#6494 = AXIS2_PLACEMENT_3D('',#6495,#6496,#6497);
#6495 = CARTESIAN_POINT('',(59.,-29.,212.));
#6496 = DIRECTION('',(-0.,-1.,-0.));
#6497 = DIRECTION('',(0.,0.,-1.));
#6498 = DEFINITIONAL_REPRESENTATION('',(#6499),#6503);
#6499 = CIRCLE('',#6500,6.);
#6500 = AXIS2_PLACEMENT_2D('',#6501,#6502);
#6501 = CARTESIAN_POINT('',(0.,0.));
#6502 = DIRECTION('',(0.,1.));
#6503 = ( GEOMETRIC_REPRESENTATION_CONTEXT(2) 
PARAMETRIC_REPRESENTATION_CONTEXT() REPRESENTATION_CONTEXT('2D SPACE',''
  ) );
#6504 = ORIENTED_EDGE('',*,*,#6455,.F.);
#6505 = ORIENTED_EDGE('',*,*,#6392,.T.);
#6506 = ADVANCED_FACE('',(#6507),#1483,.F.);
#6507 = FACE_BOUND('',#6508,.F.);
#6508 = EDGE_LOOP('',(#6509,#6510));
#6509 = ORIENTED_EDGE('',*,*,#1459,.T.);
#6510 = ORIENTED_EDGE('',*,*,#6511,.T.);
#6511 = EDGE_CURVE('',#1462,#1460,#6512,.T.);
#6512 = SURFACE_CURVE('',#6513,(#6518,#6525),.PCURVE_S1.);
#6513 = CIRCLE('',#6514,1.7);
#6514 = AXIS2_PLACEMENT_3D('',#6515,#6516,#6517);
#6515 = CARTESIAN_POINT('',(59.,19.,212.));
#6516 = DIRECTION('',(0.,-1.,0.));
#6517 = DIRECTION('',(1.,0.,0.));
#6518 = PCURVE('',#1483,#6519);
#6519 = DEFINITIONAL_REPRESENTATION('',(#6520),#6524);
#6520 = CIRCLE('',#6521,1.7);
#6521 = AXIS2_PLACEMENT_2D('',#6522,#6523);
#6522 = CARTESIAN_POINT('',(0.,0.));
#6523 = DIRECTION('',(0.,1.));
#6524 = ( GEOMETRIC_REPRESENTATION_CONTEXT(2) 
PARAMETRIC_REPRESENTATION_CONTEXT() REPRESENTATION_CONTEXT('2D SPACE',''
  ) );
#6525 = PCURVE('',#1618,#6526);
#6526 = DEFINITIONAL_REPRESENTATION('',(#6527),#6531);
#6527 = LINE('',#6528,#6529);
#6528 = CARTESIAN_POINT('',(6.28318530718,-12.));
#6529 = VECTOR('',#6530,1.);
#6530 = DIRECTION('',(-1.,0.));
#6531 = ( GEOMETRIC_REPRESENTATION_CONTEXT(2) 
PARAMETRIC_REPRESENTATION_CONTEXT() REPRESENTATION_CONTEXT('2D SPACE',''
  ) );
#6532 = ADVANCED_FACE('',(#6533),#1618,.F.);
#6533 = FACE_BOUND('',#6534,.F.);
#6534 = EDGE_LOOP('',(#6535,#6536));
#6535 = ORIENTED_EDGE('',*,*,#6511,.F.);
#6536 = ORIENTED_EDGE('',*,*,#1498,.T.);
#6537 = ADVANCED_FACE('',(#6538),#1845,.T.);
#6538 = FACE_BOUND('',#6539,.T.);
#6539 = EDGE_LOOP('',(#6540,#6565,#6587,#6588,#6610,#6611));
#6540 = ORIENTED_EDGE('',*,*,#6541,.T.);
#6541 = EDGE_CURVE('',#6542,#6544,#6546,.T.);
#6542 = VERTEX_POINT('',#6543);
#6543 = CARTESIAN_POINT('',(65.,29.,212.));
#6544 = VERTEX_POINT('',#6545);
#6545 = CARTESIAN_POINT('',(65.,21.,212.));
#6546 = SEAM_CURVE('',#6547,(#6551,#6558),.PCURVE_S1.);
#6547 = LINE('',#6548,#6549);
#6548 = CARTESIAN_POINT('',(65.,29.,212.));
#6549 = VECTOR('',#6550,1.);
#6550 = DIRECTION('',(0.,-1.,0.));
#6551 = PCURVE('',#1845,#6552);
#6552 = DEFINITIONAL_REPRESENTATION('',(#6553),#6557);
#6553 = LINE('',#6554,#6555);
#6554 = CARTESIAN_POINT('',(-4.138911435803E-13,0.));
#6555 = VECTOR('',#6556,1.);
#6556 = DIRECTION('',(-0.,-1.));
#6557 = ( GEOMETRIC_REPRESENTATION_CONTEXT(2) 
PARAMETRIC_REPRESENTATION_CONTEXT() REPRESENTATION_CONTEXT('2D SPACE',''
  ) );
#6558 = PCURVE('',#1845,#6559);
#6559 = DEFINITIONAL_REPRESENTATION('',(#6560),#6564);
#6560 = LINE('',#6561,#6562);
#6561 = CARTESIAN_POINT('',(6.28318530718,0.));
#6562 = VECTOR('',#6563,1.);
#6563 = DIRECTION('',(-0.,-1.));
#6564 = ( GEOMETRIC_REPRESENTATION_CONTEXT(2) 
PARAMETRIC_REPRESENTATION_CONTEXT() REPRESENTATION_CONTEXT('2D SPACE',''
  ) );
#6565 = ORIENTED_EDGE('',*,*,#6566,.F.);
#6566 = EDGE_CURVE('',#1686,#6544,#6567,.T.);
#6567 = SURFACE_CURVE('',#6568,(#6573,#6580),.PCURVE_S1.);
#6568 = CIRCLE('',#6569,6.);
#6569 = AXIS2_PLACEMENT_3D('',#6570,#6571,#6572);
#6570 = CARTESIAN_POINT('',(59.,21.,212.));
#6571 = DIRECTION('',(0.,-1.,0.));
#6572 = DIRECTION('',(1.,0.,0.));
#6573 = PCURVE('',#1845,#6574);
#6574 = DEFINITIONAL_REPRESENTATION('',(#6575),#6579);
#6575 = LINE('',#6576,#6577);
#6576 = CARTESIAN_POINT('',(6.28318530718,-8.));
#6577 = VECTOR('',#6578,1.);
#6578 = DIRECTION('',(-1.,0.));
#6579 = ( GEOMETRIC_REPRESENTATION_CONTEXT(2) 
PARAMETRIC_REPRESENTATION_CONTEXT() REPRESENTATION_CONTEXT('2D SPACE',''
  ) );
#6580 = PCURVE('',#1970,#6581);
#6581 = DEFINITIONAL_REPRESENTATION('',(#6582),#6586);
#6582 = CIRCLE('',#6583,6.);
#6583 = AXIS2_PLACEMENT_2D('',#6584,#6585);
#6584 = CARTESIAN_POINT('',(0.,0.));
#6585 = DIRECTION('',(0.,1.));
#6586 = ( GEOMETRIC_REPRESENTATION_CONTEXT(2) 
PARAMETRIC_REPRESENTATION_CONTEXT() REPRESENTATION_CONTEXT('2D SPACE',''
  ) );
#6587 = ORIENTED_EDGE('',*,*,#1685,.T.);
#6588 = ORIENTED_EDGE('',*,*,#6589,.F.);
#6589 = EDGE_CURVE('',#6544,#1688,#6590,.T.);
#6590 = SURFACE_CURVE('',#6591,(#6596,#6603),.PCURVE_S1.);
#6591 = CIRCLE('',#6592,6.);
#6592 = AXIS2_PLACEMENT_3D('',#6593,#6594,#6595);
#6593 = CARTESIAN_POINT('',(59.,21.,212.));
#6594 = DIRECTION('',(0.,-1.,0.));
#6595 = DIRECTION('',(1.,0.,0.));
#6596 = PCURVE('',#1845,#6597);
#6597 = DEFINITIONAL_REPRESENTATION('',(#6598),#6602);
#6598 = LINE('',#6599,#6600);
#6599 = CARTESIAN_POINT('',(6.28318530718,-8.));
#6600 = VECTOR('',#6601,1.);
#6601 = DIRECTION('',(-1.,0.));
#6602 = ( GEOMETRIC_REPRESENTATION_CONTEXT(2) 
PARAMETRIC_REPRESENTATION_CONTEXT() REPRESENTATION_CONTEXT('2D SPACE',''
  ) );
#6603 = PCURVE('',#1970,#6604);
#6604 = DEFINITIONAL_REPRESENTATION('',(#6605),#6609);
#6605 = CIRCLE('',#6606,6.);
#6606 = AXIS2_PLACEMENT_2D('',#6607,#6608);
#6607 = CARTESIAN_POINT('',(0.,0.));
#6608 = DIRECTION('',(0.,1.));
#6609 = ( GEOMETRIC_REPRESENTATION_CONTEXT(2) 
PARAMETRIC_REPRESENTATION_CONTEXT() REPRESENTATION_CONTEXT('2D SPACE',''
  ) );
#6610 = ORIENTED_EDGE('',*,*,#6541,.F.);
#6611 = ORIENTED_EDGE('',*,*,#6612,.T.);
#6612 = EDGE_CURVE('',#6542,#6542,#6613,.T.);
#6613 = SURFACE_CURVE('',#6614,(#6619,#6626),.PCURVE_S1.);
#6614 = CIRCLE('',#6615,6.);
#6615 = AXIS2_PLACEMENT_3D('',#6616,#6617,#6618);
#6616 = CARTESIAN_POINT('',(59.,29.,212.));
#6617 = DIRECTION('',(0.,-1.,0.));
#6618 = DIRECTION('',(1.,0.,0.));
#6619 = PCURVE('',#1845,#6620);
#6620 = DEFINITIONAL_REPRESENTATION('',(#6621),#6625);
#6621 = LINE('',#6622,#6623);
#6622 = CARTESIAN_POINT('',(6.28318530718,0.));
#6623 = VECTOR('',#6624,1.);
#6624 = DIRECTION('',(-1.,0.));
#6625 = ( GEOMETRIC_REPRESENTATION_CONTEXT(2) 
PARAMETRIC_REPRESENTATION_CONTEXT() REPRESENTATION_CONTEXT('2D SPACE',''
  ) );
#6626 = PCURVE('',#6627,#6632);
#6627 = PLANE('',#6628);
#6628 = AXIS2_PLACEMENT_3D('',#6629,#6630,#6631);
#6629 = CARTESIAN_POINT('',(59.,29.,212.));
#6630 = DIRECTION('',(-0.,-1.,-0.));
#6631 = DIRECTION('',(0.,0.,-1.));
#6632 = DEFINITIONAL_REPRESENTATION('',(#6633),#6637);
#6633 = CIRCLE('',#6634,6.);
#6634 = AXIS2_PLACEMENT_2D('',#6635,#6636);
#6635 = CARTESIAN_POINT('',(0.,0.));
#6636 = DIRECTION('',(0.,1.));
#6637 = ( GEOMETRIC_REPRESENTATION_CONTEXT(2) 
PARAMETRIC_REPRESENTATION_CONTEXT() REPRESENTATION_CONTEXT('2D SPACE',''
  ) );
#6638 = ADVANCED_FACE('',(#6639,#6644),#1970,.T.);
#6639 = FACE_BOUND('',#6640,.T.);
#6640 = EDGE_LOOP('',(#6641,#6642,#6643));
#6641 = ORIENTED_EDGE('',*,*,#6566,.T.);
#6642 = ORIENTED_EDGE('',*,*,#6589,.T.);
#6643 = ORIENTED_EDGE('',*,*,#1928,.F.);
#6644 = FACE_BOUND('',#6645,.T.);
#6645 = EDGE_LOOP('',(#6646));
#6646 = ORIENTED_EDGE('',*,*,#6647,.T.);
#6647 = EDGE_CURVE('',#6648,#6648,#6650,.T.);
#6648 = VERTEX_POINT('',#6649);
#6649 = CARTESIAN_POINT('',(60.7,21.,212.));
#6650 = SURFACE_CURVE('',#6651,(#6656,#6667),.PCURVE_S1.);
#6651 = CIRCLE('',#6652,1.7);
#6652 = AXIS2_PLACEMENT_3D('',#6653,#6654,#6655);
#6653 = CARTESIAN_POINT('',(59.,21.,212.));
#6654 = DIRECTION('',(-0.,1.,0.));
#6655 = DIRECTION('',(1.,0.,0.));
#6656 = PCURVE('',#1970,#6657);
#6657 = DEFINITIONAL_REPRESENTATION('',(#6658),#6666);
#6658 = ( BOUNDED_CURVE() B_SPLINE_CURVE(2,(#6659,#6660,#6661,#6662,
#6663,#6664,#6665),.UNSPECIFIED.,.T.,.F.) B_SPLINE_CURVE_WITH_KNOTS((1,2
    ,2,2,2,1),(-2.094395102393,0.,2.094395102393,4.188790204786,
6.28318530718,8.377580409573),.UNSPECIFIED.) CURVE() 
GEOMETRIC_REPRESENTATION_ITEM() RATIONAL_B_SPLINE_CURVE((1.,0.5,1.,0.5,
1.,0.5,1.)) REPRESENTATION_ITEM('') );
#6659 = CARTESIAN_POINT('',(0.,1.7));
#6660 = CARTESIAN_POINT('',(2.944486372867,1.7));
#6661 = CARTESIAN_POINT('',(1.472243186434,-0.85));
#6662 = CARTESIAN_POINT('',(4.163799117101E-16,-3.4));
#6663 = CARTESIAN_POINT('',(-1.472243186434,-0.85));
#6664 = CARTESIAN_POINT('',(-2.944486372867,1.7));
#6665 = CARTESIAN_POINT('',(0.,1.7));
#6666 = ( GEOMETRIC_REPRESENTATION_CONTEXT(2) 
PARAMETRIC_REPRESENTATION_CONTEXT() REPRESENTATION_CONTEXT('2D SPACE',''
  ) );
#6667 = PCURVE('',#6668,#6673);
#6668 = CYLINDRICAL_SURFACE('',#6669,1.7);
#6669 = AXIS2_PLACEMENT_3D('',#6670,#6671,#6672);
#6670 = CARTESIAN_POINT('',(59.,31.,212.));
#6671 = DIRECTION('',(-0.,1.,-0.));
#6672 = DIRECTION('',(1.,0.,0.));
#6673 = DEFINITIONAL_REPRESENTATION('',(#6674),#6678);
#6674 = LINE('',#6675,#6676);
#6675 = CARTESIAN_POINT('',(-4.138911435803E-13,-10.));
#6676 = VECTOR('',#6677,1.);
#6677 = DIRECTION('',(1.,-0.));
#6678 = ( GEOMETRIC_REPRESENTATION_CONTEXT(2) 
PARAMETRIC_REPRESENTATION_CONTEXT() REPRESENTATION_CONTEXT('2D SPACE',''
  ) );
#6679 = ADVANCED_FACE('',(#6680),#2446,.F.);
#6680 = FACE_BOUND('',#6681,.F.);
#6681 = EDGE_LOOP('',(#6682,#6723,#6724,#6725,#6747,#6802));
#6682 = ORIENTED_EDGE('',*,*,#6683,.F.);
#6683 = EDGE_CURVE('',#3254,#6684,#6686,.T.);
#6684 = VERTEX_POINT('',#6685);
#6685 = CARTESIAN_POINT('',(47.276763021205,9.334348196068,
    210.32286171051));
#6686 = SURFACE_CURVE('',#6687,(#6699,#6711),.PCURVE_S1.);
#6687 = B_SPLINE_CURVE_WITH_KNOTS('',4,(#6688,#6689,#6690,#6691,#6692,
    #6693,#6694,#6695,#6696,#6697,#6698),.UNSPECIFIED.,.F.,.F.,(5,3,3,5)
  ,(0.,0.404196987296,0.752984496865,1.),.UNSPECIFIED.);
#6688 = CARTESIAN_POINT('',(43.3,10.999546052893,204.00390921017));
#6689 = CARTESIAN_POINT('',(44.178058602562,10.632018229188,
    205.40008071417));
#6690 = CARTESIAN_POINT('',(45.056317065193,10.264333633493,
    206.79608131529));
#6691 = CARTESIAN_POINT('',(45.934810982163,9.896464734665,
    208.19188051298));
#6692 = CARTESIAN_POINT('',(47.571923198388,9.210725446963,
    210.79166178256));
#6693 = CARTESIAN_POINT('',(48.330466431249,8.892913586211,
    211.99570811827));
#6694 = CARTESIAN_POINT('',(49.089270461264,8.5748990394,213.1995310083)
  );
#6695 = CARTESIAN_POINT('',(50.386027686623,8.031230535602,
    215.25543599695));
#6696 = CARTESIAN_POINT('',(50.923818157102,7.80570240901,
    216.10765771845));
#6697 = CARTESIAN_POINT('',(51.461796890539,7.580029122439,
    216.95971776507));
#6698 = CARTESIAN_POINT('',(52.,7.35418363602,217.81158481654));
#6699 = PCURVE('',#2446,#6700);
#6700 = DEFINITIONAL_REPRESENTATION('',(#6701),#6710);
#6701 = B_SPLINE_CURVE_WITH_KNOTS('',4,(#6702,#6703,#6704,#6705,#6706,
    #6707,#6708,#6709),.UNSPECIFIED.,.F.,.F.,(5,3,5),(0.397866668019,
    0.404196989482,0.457450738557),.UNSPECIFIED.);
#6702 = CARTESIAN_POINT('',(4.251434733151,0.41761661659));
#6703 = CARTESIAN_POINT('',(4.251372403466,0.419145832359));
#6704 = CARTESIAN_POINT('',(4.251309979908,0.420675056166));
#6705 = CARTESIAN_POINT('',(4.251247462165,0.422204288037));
#6706 = CARTESIAN_POINT('',(4.250658125246,0.436598239791));
#6707 = CARTESIAN_POINT('',(4.250124687917,0.449463526059));
#6708 = CARTESIAN_POINT('',(4.249584353909,0.462329402229));
#6709 = CARTESIAN_POINT('',(4.249036911913,0.475195888581));
#6710 = ( GEOMETRIC_REPRESENTATION_CONTEXT(2) 
PARAMETRIC_REPRESENTATION_CONTEXT() REPRESENTATION_CONTEXT('2D SPACE',''
  ) );
#6711 = PCURVE('',#3389,#6712);
#6712 = DEFINITIONAL_REPRESENTATION('',(#6713),#6722);
#6713 = B_SPLINE_CURVE_WITH_KNOTS('',4,(#6714,#6715,#6716,#6717,#6718,
    #6719,#6720,#6721),.UNSPECIFIED.,.F.,.F.,(5,3,5),(0.397866668019,
    0.404196989089,0.457450738557),.UNSPECIFIED.);
#6714 = CARTESIAN_POINT('',(4.291896119854,0.384283283523));
#6715 = CARTESIAN_POINT('',(4.291853786327,0.385812499226));
#6716 = CARTESIAN_POINT('',(4.291811385912,0.387341722966));
#6717 = CARTESIAN_POINT('',(4.29176891838,0.38887095477));
#6718 = CARTESIAN_POINT('',(4.291368559336,0.40326490679));
#6719 = CARTESIAN_POINT('',(4.291005949789,0.416130193389));
#6720 = CARTESIAN_POINT('',(4.290638419395,0.428996069891));
#6721 = CARTESIAN_POINT('',(4.290265816839,0.441862553384));
#6722 = ( GEOMETRIC_REPRESENTATION_CONTEXT(2) 
PARAMETRIC_REPRESENTATION_CONTEXT() REPRESENTATION_CONTEXT('2D SPACE',''
  ) );
#6723 = ORIENTED_EDGE('',*,*,#3253,.F.);
#6724 = ORIENTED_EDGE('',*,*,#2426,.F.);
#6725 = ORIENTED_EDGE('',*,*,#6726,.T.);
#6726 = EDGE_CURVE('',#2343,#6727,#6729,.T.);
#6727 = VERTEX_POINT('',#6728);
#6728 = CARTESIAN_POINT('',(47.2,10.433333333333,216.06666666666));
#6729 = SURFACE_CURVE('',#6730,(#6733,#6740),.PCURVE_S1.);
#6730 = B_SPLINE_CURVE_WITH_KNOTS('',1,(#6731,#6732),.UNSPECIFIED.,.F.,
  .F.,(2,2),(0.,1.),.PIECEWISE_BEZIER_KNOTS.);
#6731 = CARTESIAN_POINT('',(43.,12.3,210.));
#6732 = CARTESIAN_POINT('',(52.,8.3,223.));
#6733 = PCURVE('',#2446,#6734);
#6734 = DEFINITIONAL_REPRESENTATION('',(#6735),#6739);
#6735 = LINE('',#6736,#6737);
#6736 = CARTESIAN_POINT('',(4.712388980385,0.));
#6737 = VECTOR('',#6738,1.);
#6738 = DIRECTION('',(0.,1.));
#6739 = ( GEOMETRIC_REPRESENTATION_CONTEXT(2) 
PARAMETRIC_REPRESENTATION_CONTEXT() REPRESENTATION_CONTEXT('2D SPACE',''
  ) );
#6740 = PCURVE('',#2386,#6741);
#6741 = DEFINITIONAL_REPRESENTATION('',(#6742),#6746);
#6742 = LINE('',#6743,#6744);
#6743 = CARTESIAN_POINT('',(4.712388980385,0.));
#6744 = VECTOR('',#6745,1.);
#6745 = DIRECTION('',(0.,1.));
#6746 = ( GEOMETRIC_REPRESENTATION_CONTEXT(2) 
PARAMETRIC_REPRESENTATION_CONTEXT() REPRESENTATION_CONTEXT('2D SPACE',''
  ) );
#6747 = ORIENTED_EDGE('',*,*,#6748,.T.);
#6748 = EDGE_CURVE('',#6727,#6749,#6751,.T.);
#6749 = VERTEX_POINT('',#6750);
#6750 = CARTESIAN_POINT('',(47.2,9.430271586307,210.36954807664));
#6751 = SURFACE_CURVE('',#6752,(#6765,#6781),.PCURVE_S1.);
#6752 = B_SPLINE_CURVE_WITH_KNOTS('',6,(#6753,#6754,#6755,#6756,#6757,
    #6758,#6759,#6760,#6761,#6762,#6763,#6764),.UNSPECIFIED.,.F.,.F.,(7,
    5,7),(0.,0.506664786989,1.),.UNSPECIFIED.);
#6753 = CARTESIAN_POINT('',(47.2,10.433333333333,216.06666666666));
#6754 = CARTESIAN_POINT('',(47.2,10.433333333333,215.49623903846));
#6755 = CARTESIAN_POINT('',(47.2,10.41039375264,214.92582862915));
#6756 = CARTESIAN_POINT('',(47.2,10.364517272646,214.35655585249));
#6757 = CARTESIAN_POINT('',(47.2,10.295617326765,213.78959823768));
#6758 = CARTESIAN_POINT('',(47.2,10.203546984812,213.22618838807));
#6759 = CARTESIAN_POINT('',(47.2,9.975632418222,212.12374288395));
#6760 = CARTESIAN_POINT('',(47.2,9.841011242399,211.58449341366));
#6761 = CARTESIAN_POINT('',(47.2,9.683993588121,211.05105165549));
#6762 = CARTESIAN_POINT('',(47.2,9.504308085554,210.52477657286));
#6763 = CARTESIAN_POINT('',(47.2,9.301662537555,210.00719308102));
#6764 = CARTESIAN_POINT('',(47.2,9.075724137661,209.5));
#6765 = PCURVE('',#2446,#6766);
#6766 = DEFINITIONAL_REPRESENTATION('',(#6767),#6780);
#6767 = B_SPLINE_CURVE_WITH_KNOTS('',6,(#6768,#6769,#6770,#6771,#6772,
    #6773,#6774,#6775,#6776,#6777,#6778,#6779),.UNSPECIFIED.,.F.,.F.,(7,
    5,7),(0.,0.506664786215,0.860922339479),.UNSPECIFIED.);
#6768 = CARTESIAN_POINT('',(4.712388980385,0.466666666667));
#6769 = CARTESIAN_POINT('',(4.668955404633,0.466666666667));
#6770 = CARTESIAN_POINT('',(4.625523130908,0.466666666667));
#6771 = CARTESIAN_POINT('',(4.582030033629,0.466666666667));
#6772 = CARTESIAN_POINT('',(4.538418172278,0.466666666667));
#6773 = CARTESIAN_POINT('',(4.49462907361,0.466666666667));
#6774 = CARTESIAN_POINT('',(4.419811888853,0.466666666667));
#6775 = CARTESIAN_POINT('',(4.388908941386,0.466666666667));
#6776 = CARTESIAN_POINT('',(4.357866927164,0.466666666667));
#6777 = CARTESIAN_POINT('',(4.326664552379,0.466666666667));
#6778 = CARTESIAN_POINT('',(4.295280675638,0.466666666667));
#6779 = CARTESIAN_POINT('',(4.263693233055,0.466666666667));
#6780 = ( GEOMETRIC_REPRESENTATION_CONTEXT(2) 
PARAMETRIC_REPRESENTATION_CONTEXT() REPRESENTATION_CONTEXT('2D SPACE',''
  ) );
#6781 = PCURVE('',#6782,#6787);
#6782 = PLANE('',#6783);
#6783 = AXIS2_PLACEMENT_3D('',#6784,#6785,#6786);
#6784 = CARTESIAN_POINT('',(47.2,0.128624811956,227.));
#6785 = DIRECTION('',(1.,0.,0.));
#6786 = DIRECTION('',(-0.,0.,1.));
#6787 = DEFINITIONAL_REPRESENTATION('',(#6788),#6801);
#6788 = B_SPLINE_CURVE_WITH_KNOTS('',6,(#6789,#6790,#6791,#6792,#6793,
    #6794,#6795,#6796,#6797,#6798,#6799,#6800),.UNSPECIFIED.,.F.,.F.,(7,
    5,7),(0.,0.506664786989,1.),.UNSPECIFIED.);
#6789 = CARTESIAN_POINT('',(-10.93333333334,-10.30470852137));
#6790 = CARTESIAN_POINT('',(-11.50376096154,-10.30470852137));
#6791 = CARTESIAN_POINT('',(-12.07417137085,-10.28176894068));
#6792 = CARTESIAN_POINT('',(-12.64344414751,-10.23589246069));
#6793 = CARTESIAN_POINT('',(-13.21040176232,-10.1669925148));
#6794 = CARTESIAN_POINT('',(-13.77381161193,-10.07492217285));
#6795 = CARTESIAN_POINT('',(-14.87625711605,-9.847007606266));
#6796 = CARTESIAN_POINT('',(-15.41550658634,-9.712386430443));
#6797 = CARTESIAN_POINT('',(-15.94894834451,-9.555368776165));
#6798 = CARTESIAN_POINT('',(-16.47522342714,-9.375683273598));
#6799 = CARTESIAN_POINT('',(-16.99280691898,-9.173037725599));
#6800 = CARTESIAN_POINT('',(-17.5,-8.947099325705));
#6801 = ( GEOMETRIC_REPRESENTATION_CONTEXT(2) 
PARAMETRIC_REPRESENTATION_CONTEXT() REPRESENTATION_CONTEXT('2D SPACE',''
  ) );
#6802 = ORIENTED_EDGE('',*,*,#6803,.F.);
#6803 = EDGE_CURVE('',#6684,#6749,#6804,.T.);
#6804 = SURFACE_CURVE('',#6805,(#6820,#6829),.PCURVE_S1.);
#6805 = B_SPLINE_CURVE_WITH_KNOTS('',4,(#6806,#6807,#6808,#6809,#6810,
    #6811,#6812,#6813,#6814,#6815,#6816,#6817,#6818,#6819),
  .UNSPECIFIED.,.F.,.F.,(5,3,3,3,5),(0.,0.248452451313,0.49790654189,
    0.747507653181,1.),.UNSPECIFIED.);
#6806 = CARTESIAN_POINT('',(49.02571642021,6.25028359151,209.21868577821
    ));
#6807 = CARTESIAN_POINT('',(48.939292601879,6.466890839009,
    209.27482835378));
#6808 = CARTESIAN_POINT('',(48.848426930609,6.681005341453,
    209.33365260876));
#6809 = CARTESIAN_POINT('',(48.753127112566,6.892407089994,
    209.39512832762));
#6810 = CARTESIAN_POINT('',(48.553238863291,7.310135211953,
    209.52354455552));
#6811 = CARTESIAN_POINT('',(48.448614531692,7.516437210796,
    209.5905057237));
#6812 = CARTESIAN_POINT('',(48.339501642408,7.719509049813,
    209.66004225191));
#6813 = CARTESIAN_POINT('',(48.112174359163,8.118743080484,
    209.80415514313));
#6814 = CARTESIAN_POINT('',(47.993954778158,8.314900594325,
    209.87873391305));
#6815 = CARTESIAN_POINT('',(47.871183691237,8.507255857483,
    209.95573733546));
#6816 = CARTESIAN_POINT('',(47.614968390545,8.885881494084,
    210.11527445823));
#6817 = CARTESIAN_POINT('',(47.481417393867,9.072055025704,
    210.19786111254));
#6818 = CARTESIAN_POINT('',(47.343111238363,9.253656974708,
    210.28268395411));
#6819 = CARTESIAN_POINT('',(47.199988,9.430286396339,210.3695553622));
#6820 = PCURVE('',#2446,#6821);
#6821 = DEFINITIONAL_REPRESENTATION('',(#6822),#6828);
#6822 = B_SPLINE_CURVE_WITH_KNOTS('',4,(#6823,#6824,#6825,#6826,#6827),
  .UNSPECIFIED.,.F.,.F.,(5,5),(0.965906996236,0.9999947072),
  .PIECEWISE_BEZIER_KNOTS.);
#6823 = CARTESIAN_POINT('',(4.249036911913,0.475195888581));
#6824 = CARTESIAN_POINT('',(4.2527005684,0.473078184948));
#6825 = CARTESIAN_POINT('',(4.256364503913,0.470950756227));
#6826 = CARTESIAN_POINT('',(4.260028722295,0.468813589136));
#6827 = CARTESIAN_POINT('',(4.263693233082,0.466666666745));
#6828 = ( GEOMETRIC_REPRESENTATION_CONTEXT(2) 
PARAMETRIC_REPRESENTATION_CONTEXT() REPRESENTATION_CONTEXT('2D SPACE',''
  ) );
#6829 = PCURVE('',#3532,#6830);
#6830 = DEFINITIONAL_REPRESENTATION('',(#6831),#6837);
#6831 = B_SPLINE_CURVE_WITH_KNOTS('',4,(#6832,#6833,#6834,#6835,#6836),
  .UNSPECIFIED.,.F.,.F.,(5,5),(0.965906996236,0.9999947072),
  .PIECEWISE_BEZIER_KNOTS.);
#6832 = CARTESIAN_POINT('',(5.16648077458,0.113838151532));
#6833 = CARTESIAN_POINT('',(5.168025952755,0.112885183403));
#6834 = CARTESIAN_POINT('',(5.169571751037,0.11192784042));
#6835 = CARTESIAN_POINT('',(5.171118155321,0.11096611517));
#6836 = CARTESIAN_POINT('',(5.172665150294,0.110000000035));
#6837 = ( GEOMETRIC_REPRESENTATION_CONTEXT(2) 
PARAMETRIC_REPRESENTATION_CONTEXT() REPRESENTATION_CONTEXT('2D SPACE',''
  ) );
#6838 = ADVANCED_FACE('',(#6839),#2386,.F.);
#6839 = FACE_BOUND('',#6840,.F.);
#6840 = EDGE_LOOP('',(#6841,#6842,#6843,#6879));
#6841 = ORIENTED_EDGE('',*,*,#6726,.F.);
#6842 = ORIENTED_EDGE('',*,*,#2342,.F.);
#6843 = ORIENTED_EDGE('',*,*,#6844,.T.);
#6844 = EDGE_CURVE('',#2259,#6845,#6847,.T.);
#6845 = VERTEX_POINT('',#6846);
#6846 = CARTESIAN_POINT('',(47.2,6.339122434886,226.61286001881));
#6847 = SURFACE_CURVE('',#6848,(#6859,#6869),.PCURVE_S1.);
#6848 = B_SPLINE_CURVE_WITH_KNOTS('',5,(#6849,#6850,#6851,#6852,#6853,
    #6854,#6855,#6856,#6857,#6858),.UNSPECIFIED.,.F.,.F.,(6,4,6),(0.,
    0.556006804074,1.),.UNSPECIFIED.);
#6849 = CARTESIAN_POINT('',(43.,7.645380056874,221.86153129239));
#6850 = CARTESIAN_POINT('',(44.00071659859,7.333630106551,222.993529971)
  );
#6851 = CARTESIAN_POINT('',(45.001443553636,7.022135370642,
    224.12558758604));
#6852 = CARTESIAN_POINT('',(46.002186156068,6.710942713314,
    225.25771175692));
#6853 = CARTESIAN_POINT('',(47.00295150878,6.400112697005,226.3899117073
    ));
#6854 = CARTESIAN_POINT('',(48.802935299687,5.8419043331,228.42637556004
    ));
#6855 = CARTESIAN_POINT('',(49.602139952842,5.594358435158,
    229.33060760409));
#6856 = CARTESIAN_POINT('',(50.401376803324,5.347159272797,
    230.23490173962));
#6857 = CARTESIAN_POINT('',(51.200656591526,5.100373729286,
    231.13926507128));
#6858 = CARTESIAN_POINT('',(52.,4.854108814405,232.04370571604));
#6859 = PCURVE('',#2386,#6860);
#6860 = DEFINITIONAL_REPRESENTATION('',(#6861),#6868);
#6861 = B_SPLINE_CURVE_WITH_KNOTS('',5,(#6862,#6863,#6864,#6865,#6866,
    #6867),.UNSPECIFIED.,.F.,.F.,(6,6),(0.22224121542,0.466698898036),
  .PIECEWISE_BEZIER_KNOTS.);
#6862 = CARTESIAN_POINT('',(5.633357227509,0.222222221843));
#6863 = CARTESIAN_POINT('',(5.635453709451,0.271110171668));
#6864 = CARTESIAN_POINT('',(5.637631169731,0.319998507388));
#6865 = CARTESIAN_POINT('',(5.639895856992,0.368887302024));
#6866 = CARTESIAN_POINT('',(5.642254993101,0.417776646441));
#6867 = CARTESIAN_POINT('',(5.64471719693,0.466666660693));
#6868 = ( GEOMETRIC_REPRESENTATION_CONTEXT(2) 
PARAMETRIC_REPRESENTATION_CONTEXT() REPRESENTATION_CONTEXT('2D SPACE',''
  ) );
#6869 = PCURVE('',#2302,#6870);
#6870 = DEFINITIONAL_REPRESENTATION('',(#6871),#6878);
#6871 = B_SPLINE_CURVE_WITH_KNOTS('',5,(#6872,#6873,#6874,#6875,#6876,
    #6877),.UNSPECIFIED.,.F.,.F.,(6,6),(0.22224121542,0.466698898036),
  .PIECEWISE_BEZIER_KNOTS.);
#6872 = CARTESIAN_POINT('',(5.598990133047,0.222222221995));
#6873 = CARTESIAN_POINT('',(5.600530923418,0.271110172303));
#6874 = CARTESIAN_POINT('',(5.602129797807,0.3199985085));
#6875 = CARTESIAN_POINT('',(5.603791088319,0.36888730361));
#6876 = CARTESIAN_POINT('',(5.605519771035,0.417776648512));
#6877 = CARTESIAN_POINT('',(5.607321727709,0.46666666325));
#6878 = ( GEOMETRIC_REPRESENTATION_CONTEXT(2) 
PARAMETRIC_REPRESENTATION_CONTEXT() REPRESENTATION_CONTEXT('2D SPACE',''
  ) );
#6879 = ORIENTED_EDGE('',*,*,#6880,.T.);
#6880 = EDGE_CURVE('',#6845,#6727,#6881,.T.);
#6881 = SURFACE_CURVE('',#6882,(#6900,#6921),.PCURVE_S1.);
#6882 = B_SPLINE_CURVE_WITH_KNOTS('',6,(#6883,#6884,#6885,#6886,#6887,
    #6888,#6889,#6890,#6891,#6892,#6893,#6894,#6895,#6896,#6897,#6898,
    #6899),.UNSPECIFIED.,.F.,.F.,(7,5,5,7),(0.,0.268391390342,
    0.626478690678,1.),.UNSPECIFIED.);
#6883 = CARTESIAN_POINT('',(47.2,6.068532832876,226.86430767404));
#6884 = CARTESIAN_POINT('',(47.2,6.467209577139,226.5065387091));
#6885 = CARTESIAN_POINT('',(47.2,6.84407694438,226.12444394928));
#6886 = CARTESIAN_POINT('',(47.2,7.198573333696,225.7209906775));
#6887 = CARTESIAN_POINT('',(47.2,7.530499540869,225.29890828686));
#6888 = CARTESIAN_POINT('',(47.2,7.839914324397,224.8606003006));
#6889 = CARTESIAN_POINT('',(47.2,8.51009914089,223.80427313974));
#6890 = CARTESIAN_POINT('',(47.2,8.853386472989,223.17528799505));
#6891 = CARTESIAN_POINT('',(47.2,9.157475729284,222.52577804337));
#6892 = CARTESIAN_POINT('',(47.2,9.422989045383,221.85976387705));
#6893 = CARTESIAN_POINT('',(47.2,9.650633913565,221.18064030042));
#6894 = CARTESIAN_POINT('',(47.2,10.03956561903,219.77181965664));
#6895 = CARTESIAN_POINT('',(47.2,10.197524264388,219.04136929153));
#6896 = CARTESIAN_POINT('',(47.2,10.315557098959,218.30285517745));
#6897 = CARTESIAN_POINT('',(47.2,10.39406995869,217.55915720961));
#6898 = CARTESIAN_POINT('',(47.2,10.433333333333,216.8129458784));
#6899 = CARTESIAN_POINT('',(47.2,10.433333333333,216.06666666666));
#6900 = PCURVE('',#2386,#6901);
#6901 = DEFINITIONAL_REPRESENTATION('',(#6902),#6920);
#6902 = B_SPLINE_CURVE_WITH_KNOTS('',6,(#6903,#6904,#6905,#6906,#6907,
    #6908,#6909,#6910,#6911,#6912,#6913,#6914,#6915,#6916,#6917,#6918,
    #6919),.UNSPECIFIED.,.F.,.F.,(7,5,5,7),(3.084707376044E-02,
    0.268391384094,0.626478687488,1.),.UNSPECIFIED.);
#6903 = CARTESIAN_POINT('',(5.644717185713,0.466666666667));
#6904 = CARTESIAN_POINT('',(5.602724426937,0.466666666667));
#6905 = CARTESIAN_POINT('',(5.561282861695,0.466666666667));
#6906 = CARTESIAN_POINT('',(5.520374011051,0.466666666667));
#6907 = CARTESIAN_POINT('',(5.479973680141,0.466666666667));
#6908 = CARTESIAN_POINT('',(5.440050978883,0.466666666667));
#6909 = CARTESIAN_POINT('',(5.34104754706,0.466666666667));
#6910 = CARTESIAN_POINT('',(5.282538947712,0.466666666667));
#6911 = CARTESIAN_POINT('',(5.224900777715,0.466666666667));
#6912 = CARTESIAN_POINT('',(5.168014393579,0.466666666667));
#6913 = CARTESIAN_POINT('',(5.11175898909,0.466666666667));
#6914 = CARTESIAN_POINT('',(4.997828674001,0.466666666667));
#6915 = CARTESIAN_POINT('',(4.940210317349,0.466666666667));
#6916 = CARTESIAN_POINT('',(4.882987221201,0.466666666667));
#6917 = CARTESIAN_POINT('',(4.826030432325,0.466666666667));
#6918 = CARTESIAN_POINT('',(4.769212270619,0.466666666667));
#6919 = CARTESIAN_POINT('',(4.712388980385,0.466666666667));
#6920 = ( GEOMETRIC_REPRESENTATION_CONTEXT(2) 
PARAMETRIC_REPRESENTATION_CONTEXT() REPRESENTATION_CONTEXT('2D SPACE',''
  ) );
#6921 = PCURVE('',#6782,#6922);
#6922 = DEFINITIONAL_REPRESENTATION('',(#6923),#6941);
#6923 = B_SPLINE_CURVE_WITH_KNOTS('',6,(#6924,#6925,#6926,#6927,#6928,
    #6929,#6930,#6931,#6932,#6933,#6934,#6935,#6936,#6937,#6938,#6939,
    #6940),.UNSPECIFIED.,.F.,.F.,(7,5,5,7),(0.,0.268391390342,
    0.626478690678,1.),.UNSPECIFIED.);
#6924 = CARTESIAN_POINT('',(-0.13569232596,-5.93990802092));
#6925 = CARTESIAN_POINT('',(-0.4934612909,-6.338584765183));
#6926 = CARTESIAN_POINT('',(-0.87555605072,-6.715452132424));
#6927 = CARTESIAN_POINT('',(-1.2790093225,-7.06994852174));
#6928 = CARTESIAN_POINT('',(-1.70109171314,-7.401874728913));
#6929 = CARTESIAN_POINT('',(-2.1393996994,-7.711289512441));
#6930 = CARTESIAN_POINT('',(-3.19572686026,-8.381474328934));
#6931 = CARTESIAN_POINT('',(-3.82471200495,-8.724761661033));
#6932 = CARTESIAN_POINT('',(-4.47422195663,-9.028850917328));
#6933 = CARTESIAN_POINT('',(-5.14023612295,-9.294364233427));
#6934 = CARTESIAN_POINT('',(-5.81935969958,-9.522009101609));
#6935 = CARTESIAN_POINT('',(-7.22818034336,-9.910940807074));
#6936 = CARTESIAN_POINT('',(-7.95863070847,-10.06889945243));
#6937 = CARTESIAN_POINT('',(-8.69714482255,-10.186932287));
#6938 = CARTESIAN_POINT('',(-9.44084279039,-10.26544514673));
#6939 = CARTESIAN_POINT('',(-10.1870541216,-10.30470852137));
#6940 = CARTESIAN_POINT('',(-10.93333333334,-10.30470852137));
#6941 = ( GEOMETRIC_REPRESENTATION_CONTEXT(2) 
PARAMETRIC_REPRESENTATION_CONTEXT() REPRESENTATION_CONTEXT('2D SPACE',''
  ) );
#6942 = ADVANCED_FACE('',(#6943),#2302,.F.);
#6943 = FACE_BOUND('',#6944,.F.);
#6944 = EDGE_LOOP('',(#6945,#6946,#6947,#6968));
#6945 = ORIENTED_EDGE('',*,*,#6844,.F.);
#6946 = ORIENTED_EDGE('',*,*,#2258,.F.);
#6947 = ORIENTED_EDGE('',*,*,#6948,.T.);
#6948 = EDGE_CURVE('',#2167,#6949,#6951,.T.);
#6949 = VERTEX_POINT('',#6950);
#6950 = CARTESIAN_POINT('',(47.2,1.458092905674E-15,229.5));
#6951 = SURFACE_CURVE('',#6952,(#6956,#6962),.PCURVE_S1.);
#6952 = LINE('',#6953,#6954);
#6953 = CARTESIAN_POINT('',(43.,1.665334536938E-15,225.3));
#6954 = VECTOR('',#6955,1.);
#6955 = DIRECTION('',(0.707106781187,-3.489094352629E-17,0.707106781187)
  );
#6956 = PCURVE('',#2302,#6957);
#6957 = DEFINITIONAL_REPRESENTATION('',(#6958),#6961);
#6958 = B_SPLINE_CURVE_WITH_KNOTS('',1,(#6959,#6960),.UNSPECIFIED.,.F.,
  .F.,(2,2),(0.,12.727922061358),.PIECEWISE_BEZIER_KNOTS.);
#6959 = CARTESIAN_POINT('',(6.28318530718,1.117670167249E-15));
#6960 = CARTESIAN_POINT('',(6.28318530718,1.));
#6961 = ( GEOMETRIC_REPRESENTATION_CONTEXT(2) 
PARAMETRIC_REPRESENTATION_CONTEXT() REPRESENTATION_CONTEXT('2D SPACE',''
  ) );
#6962 = PCURVE('',#2210,#6963);
#6963 = DEFINITIONAL_REPRESENTATION('',(#6964),#6967);
#6964 = B_SPLINE_CURVE_WITH_KNOTS('',1,(#6965,#6966),.UNSPECIFIED.,.F.,
  .F.,(2,2),(0.,12.727922061358),.PIECEWISE_BEZIER_KNOTS.);
#6965 = CARTESIAN_POINT('',(-1.470062384552E-16,3.595380878719E-15));
#6966 = CARTESIAN_POINT('',(7.525407839601E-16,1.));
#6967 = ( GEOMETRIC_REPRESENTATION_CONTEXT(2) 
PARAMETRIC_REPRESENTATION_CONTEXT() REPRESENTATION_CONTEXT('2D SPACE',''
  ) );
#6968 = ORIENTED_EDGE('',*,*,#6969,.T.);
#6969 = EDGE_CURVE('',#6949,#6845,#6970,.T.);
#6970 = SURFACE_CURVE('',#6971,(#6989,#7010),.PCURVE_S1.);
#6971 = B_SPLINE_CURVE_WITH_KNOTS('',6,(#6972,#6973,#6974,#6975,#6976,
    #6977,#6978,#6979,#6980,#6981,#6982,#6983,#6984,#6985,#6986,#6987,
    #6988),.UNSPECIFIED.,.F.,.F.,(7,5,5,7),(0.,0.298610158337,
    0.60383267335,1.),.UNSPECIFIED.);
#6972 = CARTESIAN_POINT('',(47.2,-2.775557561563E-17,229.5));
#6973 = CARTESIAN_POINT('',(47.2,0.364659001044,229.5));
#6974 = CARTESIAN_POINT('',(47.2,0.729343986253,229.4795907728));
#6975 = CARTESIAN_POINT('',(47.2,1.092571302451,229.43876710398));
#6976 = CARTESIAN_POINT('',(47.2,1.452960050198,229.37783854273));
#6977 = CARTESIAN_POINT('',(47.2,1.809224225771,229.29736102798));
#6978 = CARTESIAN_POINT('',(47.2,2.518888789624,229.09667798855));
#6979 = CARTESIAN_POINT('',(47.2,2.872088244404,228.97562159219));
#6980 = CARTESIAN_POINT('',(47.2,3.218533092456,228.83576744636));
#6981 = CARTESIAN_POINT('',(47.2,3.557224951138,228.67812585514));
#6982 = CARTESIAN_POINT('',(47.2,3.887359642743,228.50379319149));
#6983 = CARTESIAN_POINT('',(47.2,4.624877260947,228.06742055799));
#6984 = CARTESIAN_POINT('',(47.2,5.025966880445,227.79472457985));
#6985 = CARTESIAN_POINT('',(47.2,5.410269284328,227.49822955225));
#6986 = CARTESIAN_POINT('',(47.2,5.776981571208,227.18037694271));
#6987 = CARTESIAN_POINT('',(47.2,6.12565349117,226.8434403125));
#6988 = CARTESIAN_POINT('',(47.2,6.456103400957,226.48942459999));
#6989 = PCURVE('',#2302,#6990);
#6990 = DEFINITIONAL_REPRESENTATION('',(#6991),#7009);
#6991 = B_SPLINE_CURVE_WITH_KNOTS('',6,(#6992,#6993,#6994,#6995,#6996,
    #6997,#6998,#6999,#7000,#7001,#7002,#7003,#7004,#7005,#7006,#7007,
    #7008),.UNSPECIFIED.,.F.,.F.,(7,5,5,7),(0.,0.298610158337,
    0.60383267335,1.),.UNSPECIFIED.);
#6992 = CARTESIAN_POINT('',(6.28318530718,0.466666666667));
#6993 = CARTESIAN_POINT('',(6.24719922155,0.466666666667));
#6994 = CARTESIAN_POINT('',(6.211210576756,0.466666666667));
#6995 = CARTESIAN_POINT('',(6.175281878726,0.466666666667));
#6996 = CARTESIAN_POINT('',(6.13946552961,0.466666666667));
#6997 = CARTESIAN_POINT('',(6.103809736359,0.466666666667));
#6998 = CARTESIAN_POINT('',(6.032129409434,0.466666666667));
#6999 = CARTESIAN_POINT('',(5.996110444462,0.466666666667));
#7000 = CARTESIAN_POINT('',(5.960351973838,0.466666666667));
#7001 = CARTESIAN_POINT('',(5.924886174546,0.466666666667));
#7002 = CARTESIAN_POINT('',(5.889736764659,0.466666666667));
#7003 = CARTESIAN_POINT('',(5.809729804648,0.466666666667));
#7004 = CARTESIAN_POINT('',(5.765100271578,0.466666666667));
#7005 = CARTESIAN_POINT('',(5.72105903209,0.466666666667));
#7006 = CARTESIAN_POINT('',(5.67761009609,0.466666666667));
#7007 = CARTESIAN_POINT('',(5.634743945884,0.466666666667));
#7008 = CARTESIAN_POINT('',(5.592435270491,0.466666666667));
#7009 = ( GEOMETRIC_REPRESENTATION_CONTEXT(2) 
PARAMETRIC_REPRESENTATION_CONTEXT() REPRESENTATION_CONTEXT('2D SPACE',''
  ) );
#7010 = PCURVE('',#6782,#7011);
#7011 = DEFINITIONAL_REPRESENTATION('',(#7012),#7030);
#7012 = B_SPLINE_CURVE_WITH_KNOTS('',6,(#7013,#7014,#7015,#7016,#7017,
    #7018,#7019,#7020,#7021,#7022,#7023,#7024,#7025,#7026,#7027,#7028,
    #7029),.UNSPECIFIED.,.F.,.F.,(7,5,5,7),(0.,0.298610158337,
    0.60383267335,1.),.UNSPECIFIED.);
#7013 = CARTESIAN_POINT('',(2.5,0.128624811956));
#7014 = CARTESIAN_POINT('',(2.5,-0.236034189088));
#7015 = CARTESIAN_POINT('',(2.4795907728,-0.600719174297));
#7016 = CARTESIAN_POINT('',(2.43876710398,-0.963946490495));
#7017 = CARTESIAN_POINT('',(2.37783854273,-1.324335238242));
#7018 = CARTESIAN_POINT('',(2.29736102798,-1.680599413815));
#7019 = CARTESIAN_POINT('',(2.09667798855,-2.390263977668));
#7020 = CARTESIAN_POINT('',(1.97562159219,-2.743463432448));
#7021 = CARTESIAN_POINT('',(1.83576744636,-3.0899082805));
#7022 = CARTESIAN_POINT('',(1.67812585514,-3.428600139182));
#7023 = CARTESIAN_POINT('',(1.50379319149,-3.758734830787));
#7024 = CARTESIAN_POINT('',(1.06742055799,-4.496252448991));
#7025 = CARTESIAN_POINT('',(0.79472457985,-4.897342068489));
#7026 = CARTESIAN_POINT('',(0.49822955225,-5.281644472372));
#7027 = CARTESIAN_POINT('',(0.18037694271,-5.648356759252));
#7028 = CARTESIAN_POINT('',(-0.1565596875,-5.997028679214));
#7029 = CARTESIAN_POINT('',(-0.51057540001,-6.327478589001));
#7030 = ( GEOMETRIC_REPRESENTATION_CONTEXT(2) 
PARAMETRIC_REPRESENTATION_CONTEXT() REPRESENTATION_CONTEXT('2D SPACE',''
  ) );
#7031 = ADVANCED_FACE('',(#7032),#2210,.F.);
#7032 = FACE_BOUND('',#7033,.F.);
#7033 = EDGE_LOOP('',(#7034,#7035,#7036,#7072));
#7034 = ORIENTED_EDGE('',*,*,#6948,.F.);
#7035 = ORIENTED_EDGE('',*,*,#2166,.F.);
#7036 = ORIENTED_EDGE('',*,*,#7037,.F.);
#7037 = EDGE_CURVE('',#7038,#2048,#7040,.T.);
#7038 = VERTEX_POINT('',#7039);
#7039 = CARTESIAN_POINT('',(47.2,-6.339122274359,226.61286023039));
#7040 = SURFACE_CURVE('',#7041,(#7052,#7062),.PCURVE_S1.);
#7041 = B_SPLINE_CURVE_WITH_KNOTS('',5,(#7042,#7043,#7044,#7045,#7046,
    #7047,#7048,#7049,#7050,#7051),.UNSPECIFIED.,.F.,.F.,(6,4,6),(0.,
    0.436632551543,1.),.UNSPECIFIED.);
#7042 = CARTESIAN_POINT('',(52.,-4.854108723123,232.04370585704));
#7043 = CARTESIAN_POINT('',(51.213908330316,-5.096290975557,
    231.15425929569));
#7044 = CARTESIAN_POINT('',(50.427878191572,-5.338976748932,
    230.26488750327));
#7045 = CARTESIAN_POINT('',(49.641889902949,-5.582064228644,
    229.3755827644));
#7046 = CARTESIAN_POINT('',(48.855933113062,-5.825489234045,
    228.48633830299));
#7047 = CARTESIAN_POINT('',(47.055945683911,-6.383653334771,
    226.4498660918));
#7048 = CARTESIAN_POINT('',(46.041930877127,-6.698583622112,
    225.30267457666));
#7049 = CARTESIAN_POINT('',(45.027939612501,-7.013887834108,
    224.15556111205));
#7050 = CARTESIAN_POINT('',(44.013964492027,-7.32950283651,
    223.00851608151));
#7051 = CARTESIAN_POINT('',(43.,-7.64537984465,221.86153155685));
#7052 = PCURVE('',#2210,#7053);
#7053 = DEFINITIONAL_REPRESENTATION('',(#7054),#7061);
#7054 = B_SPLINE_CURVE_WITH_KNOTS('',5,(#7055,#7056,#7057,#7058,#7059,
    #7060),.UNSPECIFIED.,.F.,.F.,(6,6),(0.533301101513,0.777758784333),
  .PIECEWISE_BEZIER_KNOTS.);
#7055 = CARTESIAN_POINT('',(0.675863559329,0.466666663574));
#7056 = CARTESIAN_POINT('',(0.677665515497,0.41777664878));
#7057 = CARTESIAN_POINT('',(0.679394197318,0.368887303837));
#7058 = CARTESIAN_POINT('',(0.681055487527,0.319998508649));
#7059 = CARTESIAN_POINT('',(0.682654361771,0.271110172379));
#7060 = CARTESIAN_POINT('',(0.684195151947,0.222222222013));
#7061 = ( GEOMETRIC_REPRESENTATION_CONTEXT(2) 
PARAMETRIC_REPRESENTATION_CONTEXT() REPRESENTATION_CONTEXT('2D SPACE',''
  ) );
#7062 = PCURVE('',#2109,#7063);
#7063 = DEFINITIONAL_REPRESENTATION('',(#7064),#7071);
#7064 = B_SPLINE_CURVE_WITH_KNOTS('',5,(#7065,#7066,#7067,#7068,#7069,
    #7070),.UNSPECIFIED.,.F.,.F.,(6,6),(0.533301101513,0.777758784333),
  .PIECEWISE_BEZIER_KNOTS.);
#7065 = CARTESIAN_POINT('',(0.638468095783,0.466666663963));
#7066 = CARTESIAN_POINT('',(0.6409302939,0.417776646901));
#7067 = CARTESIAN_POINT('',(0.643289428683,0.368887302394));
#7068 = CARTESIAN_POINT('',(0.645554115652,0.319998507639));
#7069 = CARTESIAN_POINT('',(0.647731575909,0.271110171803));
#7070 = CARTESIAN_POINT('',(0.649828057724,0.222222221873));
#7071 = ( GEOMETRIC_REPRESENTATION_CONTEXT(2) 
PARAMETRIC_REPRESENTATION_CONTEXT() REPRESENTATION_CONTEXT('2D SPACE',''
  ) );
#7072 = ORIENTED_EDGE('',*,*,#7073,.T.);
#7073 = EDGE_CURVE('',#7038,#6949,#7074,.T.);
#7074 = SURFACE_CURVE('',#7075,(#7093,#7114),.PCURVE_S1.);
#7075 = B_SPLINE_CURVE_WITH_KNOTS('',6,(#7076,#7077,#7078,#7079,#7080,
    #7081,#7082,#7083,#7084,#7085,#7086,#7087,#7088,#7089,#7090,#7091,
    #7092),.UNSPECIFIED.,.F.,.F.,(7,5,5,7),(0.,0.396167330822,
    0.702359547454,1.),.UNSPECIFIED.);
#7076 = CARTESIAN_POINT('',(47.2,-6.45610340278,226.4894246376));
#7077 = CARTESIAN_POINT('',(47.2,-6.125653505796,226.84344035437));
#7078 = CARTESIAN_POINT('',(47.2,-5.776981596884,227.18037698907));
#7079 = CARTESIAN_POINT('',(47.2,-5.410269317528,227.49822960005));
#7080 = CARTESIAN_POINT('',(47.2,-5.025966915021,227.79472462118));
#7081 = CARTESIAN_POINT('',(47.2,-4.624877290756,228.06742058371));
#7082 = CARTESIAN_POINT('',(47.2,-3.886340016194,228.5043964833));
#7083 = CARTESIAN_POINT('',(47.2,-3.555127013077,228.67923348862));
#7084 = CARTESIAN_POINT('',(47.2,-3.215304425019,228.83726953418));
#7085 = CARTESIAN_POINT('',(47.2,-2.867684769387,228.97739786753));
#7086 = CARTESIAN_POINT('',(47.2,-2.513277174013,229.09859913881));
#7087 = CARTESIAN_POINT('',(47.2,-1.803439080334,229.29866562021));
#7088 = CARTESIAN_POINT('',(47.2,-1.448278441797,229.37862870809));
#7089 = CARTESIAN_POINT('',(47.2,-1.089032390259,229.43916418574));
#7090 = CARTESIAN_POINT('',(47.2,-0.726975261951,229.47972310786));
#7091 = CARTESIAN_POINT('',(47.2,-0.363474831309,229.5));
#7092 = CARTESIAN_POINT('',(47.2,-8.049116928532E-16,229.5));
#7093 = PCURVE('',#2210,#7094);
#7094 = DEFINITIONAL_REPRESENTATION('',(#7095),#7113);
#7095 = B_SPLINE_CURVE_WITH_KNOTS('',6,(#7096,#7097,#7098,#7099,#7100,
    #7101,#7102,#7103,#7104,#7105,#7106,#7107,#7108,#7109,#7110,#7111,
    #7112),.UNSPECIFIED.,.F.,.F.,(7,5,5,7),(0.,0.396167330822,
    0.702359547454,1.),.UNSPECIFIED.);
#7096 = CARTESIAN_POINT('',(0.690750036563,0.466666666667));
#7097 = CARTESIAN_POINT('',(0.648441362448,0.466666666667));
#7098 = CARTESIAN_POINT('',(0.605575212947,0.466666666667));
#7099 = CARTESIAN_POINT('',(0.562126276897,0.466666666667));
#7100 = CARTESIAN_POINT('',(0.518085036584,0.466666666667));
#7101 = CARTESIAN_POINT('',(0.473455502634,0.466666666667));
#7102 = CARTESIAN_POINT('',(0.393337929609,0.466666666667));
#7103 = CARTESIAN_POINT('',(0.358075770031,0.466666666667));
#7104 = CARTESIAN_POINT('',(0.322495263865,0.466666666667));
#7105 = CARTESIAN_POINT('',(0.286620388711,0.466666666667));
#7106 = CARTESIAN_POINT('',(0.250483676815,0.466666666667));
#7107 = CARTESIAN_POINT('',(0.178796611999,0.466666666667));
#7108 = CARTESIAN_POINT('',(0.143254524442,0.466666666667));
#7109 = CARTESIAN_POINT('',(0.107553384808,0.466666666667));
#7110 = CARTESIAN_POINT('',(7.174097858885E-02,0.466666666667));
#7111 = CARTESIAN_POINT('',(3.586922677394E-02,0.466666666667));
#7112 = CARTESIAN_POINT('',(0.,0.466666666667));
#7113 = ( GEOMETRIC_REPRESENTATION_CONTEXT(2) 
PARAMETRIC_REPRESENTATION_CONTEXT() REPRESENTATION_CONTEXT('2D SPACE',''
  ) );
#7114 = PCURVE('',#6782,#7115);
#7115 = DEFINITIONAL_REPRESENTATION('',(#7116),#7134);
#7116 = B_SPLINE_CURVE_WITH_KNOTS('',6,(#7117,#7118,#7119,#7120,#7121,
    #7122,#7123,#7124,#7125,#7126,#7127,#7128,#7129,#7130,#7131,#7132,
    #7133),.UNSPECIFIED.,.F.,.F.,(7,5,5,7),(0.,0.396167330822,
    0.702359547454,1.),.UNSPECIFIED.);
#7117 = CARTESIAN_POINT('',(-0.5105753624,6.584728214736));
#7118 = CARTESIAN_POINT('',(-0.15655964563,6.254278317752));
#7119 = CARTESIAN_POINT('',(0.18037698907,5.90560640884));
#7120 = CARTESIAN_POINT('',(0.49822960005,5.538894129484));
#7121 = CARTESIAN_POINT('',(0.79472462118,5.154591726977));
#7122 = CARTESIAN_POINT('',(1.06742058371,4.753502102712));
#7123 = CARTESIAN_POINT('',(1.5043964833,4.01496482815));
#7124 = CARTESIAN_POINT('',(1.67923348862,3.683751825033));
#7125 = CARTESIAN_POINT('',(1.83726953418,3.343929236975));
#7126 = CARTESIAN_POINT('',(1.97739786753,2.996309581343));
#7127 = CARTESIAN_POINT('',(2.09859913881,2.641901985969));
#7128 = CARTESIAN_POINT('',(2.29866562021,1.93206389229));
#7129 = CARTESIAN_POINT('',(2.37862870809,1.576903253753));
#7130 = CARTESIAN_POINT('',(2.43916418574,1.217657202215));
#7131 = CARTESIAN_POINT('',(2.47972310786,0.855600073907));
#7132 = CARTESIAN_POINT('',(2.5,0.492099643265));
#7133 = CARTESIAN_POINT('',(2.5,0.128624811956));
#7134 = ( GEOMETRIC_REPRESENTATION_CONTEXT(2) 
PARAMETRIC_REPRESENTATION_CONTEXT() REPRESENTATION_CONTEXT('2D SPACE',''
  ) );
#7135 = ADVANCED_FACE('',(#7136),#2109,.F.);
#7136 = FACE_BOUND('',#7137,.F.);
#7137 = EDGE_LOOP('',(#7138,#7248,#7249,#7250,#7251,#7287));
#7138 = ORIENTED_EDGE('',*,*,#7139,.T.);
#7139 = EDGE_CURVE('',#7140,#7038,#7142,.T.);
#7140 = VERTEX_POINT('',#7141);
#7141 = CARTESIAN_POINT('',(47.2,-9.430271541612,210.3695480629));
#7142 = SURFACE_CURVE('',#7143,(#7176,#7212),.PCURVE_S1.);
#7143 = B_SPLINE_CURVE_WITH_KNOTS('',6,(#7144,#7145,#7146,#7147,#7148,
    #7149,#7150,#7151,#7152,#7153,#7154,#7155,#7156,#7157,#7158,#7159,
    #7160,#7161,#7162,#7163,#7164,#7165,#7166,#7167,#7168,#7169,#7170,
    #7171,#7172,#7173,#7174,#7175),.UNSPECIFIED.,.F.,.F.,(7,5,5,5,5,5,7)
  ,(0.,0.101209757177,0.359783141931,0.604539664977,0.69933811314,
    0.827448111464,1.),.UNSPECIFIED.);
#7144 = CARTESIAN_POINT('',(47.2,-9.075724081971,209.5));
#7145 = CARTESIAN_POINT('',(47.2,-9.204334158032,209.78870763051));
#7146 = CARTESIAN_POINT('',(47.2,-9.325399308627,210.0807876594));
#7147 = CARTESIAN_POINT('',(47.2,-9.438978151524,210.37592109426));
#7148 = CARTESIAN_POINT('',(47.2,-9.545127059632,210.67381013504));
#7149 = CARTESIAN_POINT('',(47.2,-9.643900161,210.97417817401));
#7150 = CARTESIAN_POINT('',(47.2,-9.968986135324,212.04983893494));
#7151 = CARTESIAN_POINT('',(47.2,-10.15478317622,212.83730766695));
#7152 = CARTESIAN_POINT('',(47.2,-10.29367619466,213.63510013404));
#7153 = CARTESIAN_POINT('',(47.2,-10.38620991942,214.43949891141));
#7154 = CARTESIAN_POINT('',(47.2,-10.43276760041,215.24709796883));
#7155 = CARTESIAN_POINT('',(47.2,-10.43386087017,216.81940324004));
#7156 = CARTESIAN_POINT('',(47.2,-10.39318063669,217.58392723056));
#7157 = CARTESIAN_POINT('',(47.2,-10.31130659696,218.34578166307));
#7158 = CARTESIAN_POINT('',(47.2,-10.18794054357,219.10209164506));
#7159 = CARTESIAN_POINT('',(47.2,-10.02264033717,219.84974746777));
#7160 = CARTESIAN_POINT('',(47.2,-9.73409873899,220.87029353633));
#7161 = CARTESIAN_POINT('',(47.2,-9.647142741668,221.15339656489));
#7162 = CARTESIAN_POINT('',(47.2,-9.553746376534,221.43447786468));
#7163 = CARTESIAN_POINT('',(47.2,-9.453866573211,221.71331811693));
#7164 = CARTESIAN_POINT('',(47.2,-9.347457872073,221.98968290779));
#7165 = CARTESIAN_POINT('',(47.2,-9.081784634382,222.63311777917));
#7166 = CARTESIAN_POINT('',(47.2,-8.9170892272,222.99792908023));
#7167 = CARTESIAN_POINT('',(47.2,-8.740266194676,223.35714769121));
#7168 = CARTESIAN_POINT('',(47.2,-8.551200532148,223.71008471899));
#7169 = CARTESIAN_POINT('',(47.2,-8.349789336562,224.0559746485));
#7170 = CARTESIAN_POINT('',(47.2,-7.847926339408,224.84923769822));
#7171 = CARTESIAN_POINT('',(47.2,-7.537376859384,225.2901554443));
#7172 = CARTESIAN_POINT('',(47.2,-7.204082914013,225.71471648246));
#7173 = CARTESIAN_POINT('',(47.2,-6.847982487621,226.12048296181));
#7174 = CARTESIAN_POINT('',(47.2,-6.469275918391,226.50468446154));
#7175 = CARTESIAN_POINT('',(47.2,-6.068532717252,226.86430784239));
#7176 = PCURVE('',#2109,#7177);
#7177 = DEFINITIONAL_REPRESENTATION('',(#7178),#7211);
#7178 = B_SPLINE_CURVE_WITH_KNOTS('',6,(#7179,#7180,#7181,#7182,#7183,
    #7184,#7185,#7186,#7187,#7188,#7189,#7190,#7191,#7192,#7193,#7194,
    #7195,#7196,#7197,#7198,#7199,#7200,#7201,#7202,#7203,#7204,#7205,
    #7206,#7207,#7208,#7209,#7210),.UNSPECIFIED.,.F.,.F.,(7,5,5,5,5,5,7)
  ,(5.012423659112E-02,0.101209757745,0.359783143919,0.604539668309,
    0.699338116993,0.827448116021,0.980270325418),.UNSPECIFIED.);
#7179 = CARTESIAN_POINT('',(2.019492074581,0.466666666667));
#7180 = CARTESIAN_POINT('',(2.006853351822,0.466666666667));
#7181 = CARTESIAN_POINT('',(1.99424724151,0.466666666667));
#7182 = CARTESIAN_POINT('',(1.981672335026,0.466666666667));
#7183 = CARTESIAN_POINT('',(1.969127229259,0.466666666667));
#7184 = CARTESIAN_POINT('',(1.956610526613,0.466666666667));
#7185 = CARTESIAN_POINT('',(1.880903277845,0.466666666667));
#7186 = CARTESIAN_POINT('',(1.818386570262,0.466666666667));
#7187 = CARTESIAN_POINT('',(1.756371772843,0.466666666667));
#7188 = CARTESIAN_POINT('',(1.694696570521,0.466666666667));
#7189 = CARTESIAN_POINT('',(1.633200061701,0.466666666667));
#7190 = CARTESIAN_POINT('',(1.513481338313,0.466666666667));
#7191 = CARTESIAN_POINT('',(1.455272439298,0.466666666667));
#7192 = CARTESIAN_POINT('',(1.396915640597,0.466666666667));
#7193 = CARTESIAN_POINT('',(1.33827390301,0.466666666667));
#7194 = CARTESIAN_POINT('',(1.279208868471,0.466666666667));
#7195 = CARTESIAN_POINT('',(1.196449544383,0.466666666667));
#7196 = CARTESIAN_POINT('',(1.173257031064,0.466666666667));
#7197 = CARTESIAN_POINT('',(1.149968277611,0.466666666667));
#7198 = CARTESIAN_POINT('',(1.126574365315,0.466666666667));
#7199 = CARTESIAN_POINT('',(1.103066295143,0.466666666667));
#7200 = CARTESIAN_POINT('',(1.047499794604,0.466666666667));
#7201 = CARTESIAN_POINT('',(1.015340083647,0.466666666667));
#7202 = CARTESIAN_POINT('',(0.982932521918,0.466666666667));
#7203 = CARTESIAN_POINT('',(0.950255250903,0.466666666667));
#7204 = CARTESIAN_POINT('',(0.917286787363,0.466666666667));
#7205 = CARTESIAN_POINT('',(0.844303043748,0.466666666667));
#7206 = CARTESIAN_POINT('',(0.804157793416,0.466666666667));
#7207 = CARTESIAN_POINT('',(0.763529847612,0.466666666667));
#7208 = CARTESIAN_POINT('',(0.722387722738,0.466666666667));
#7209 = CARTESIAN_POINT('',(0.680706758772,0.466666666667));
#7210 = CARTESIAN_POINT('',(0.638468095783,0.466666663963));
#7211 = ( GEOMETRIC_REPRESENTATION_CONTEXT(2) 
PARAMETRIC_REPRESENTATION_CONTEXT() REPRESENTATION_CONTEXT('2D SPACE',''
  ) );
#7212 = PCURVE('',#6782,#7213);
#7213 = DEFINITIONAL_REPRESENTATION('',(#7214),#7247);
#7214 = B_SPLINE_CURVE_WITH_KNOTS('',6,(#7215,#7216,#7217,#7218,#7219,
    #7220,#7221,#7222,#7223,#7224,#7225,#7226,#7227,#7228,#7229,#7230,
    #7231,#7232,#7233,#7234,#7235,#7236,#7237,#7238,#7239,#7240,#7241,
    #7242,#7243,#7244,#7245,#7246),.UNSPECIFIED.,.F.,.F.,(7,5,5,5,5,5,7)
  ,(0.,0.101209757177,0.359783141931,0.604539664977,0.69933811314,
    0.827448111464,1.),.UNSPECIFIED.);
#7215 = CARTESIAN_POINT('',(-17.5,9.204348893927));
#7216 = CARTESIAN_POINT('',(-17.21129236949,9.332958969988));
#7217 = CARTESIAN_POINT('',(-16.9192123406,9.454024120583));
#7218 = CARTESIAN_POINT('',(-16.62407890574,9.56760296348));
#7219 = CARTESIAN_POINT('',(-16.32618986496,9.673751871588));
#7220 = CARTESIAN_POINT('',(-16.02582182599,9.772524972956));
#7221 = CARTESIAN_POINT('',(-14.95016106506,10.09761094728));
#7222 = CARTESIAN_POINT('',(-14.16269233305,10.283407988176));
#7223 = CARTESIAN_POINT('',(-13.36489986596,10.422301006616));
#7224 = CARTESIAN_POINT('',(-12.56050108859,10.514834731376));
#7225 = CARTESIAN_POINT('',(-11.75290203117,10.561392412366));
#7226 = CARTESIAN_POINT('',(-10.18059675996,10.562485682126));
#7227 = CARTESIAN_POINT('',(-9.41607276944,10.521805448646));
#7228 = CARTESIAN_POINT('',(-8.65421833693,10.439931408916));
#7229 = CARTESIAN_POINT('',(-7.89790835494,10.316565355526));
#7230 = CARTESIAN_POINT('',(-7.15025253223,10.151265149126));
#7231 = CARTESIAN_POINT('',(-6.12970646367,9.862723550946));
#7232 = CARTESIAN_POINT('',(-5.84660343511,9.775767553624));
#7233 = CARTESIAN_POINT('',(-5.56552213532,9.68237118849));
#7234 = CARTESIAN_POINT('',(-5.28668188307,9.582491385167));
#7235 = CARTESIAN_POINT('',(-5.01031709221,9.476082684029));
#7236 = CARTESIAN_POINT('',(-4.36688222083,9.210409446338));
#7237 = CARTESIAN_POINT('',(-4.00207091977,9.045714039156));
#7238 = CARTESIAN_POINT('',(-3.64285230879,8.868891006632));
#7239 = CARTESIAN_POINT('',(-3.28991528101,8.679825344104));
#7240 = CARTESIAN_POINT('',(-2.9440253515,8.478414148518));
#7241 = CARTESIAN_POINT('',(-2.15076230178,7.976551151364));
#7242 = CARTESIAN_POINT('',(-1.7098445557,7.66600167134));
#7243 = CARTESIAN_POINT('',(-1.28528351754,7.332707725969));
#7244 = CARTESIAN_POINT('',(-0.87951703819,6.976607299577));
#7245 = CARTESIAN_POINT('',(-0.49531553846,6.597900730347));
#7246 = CARTESIAN_POINT('',(-0.13569215761,6.197157529208));
#7247 = ( GEOMETRIC_REPRESENTATION_CONTEXT(2) 
PARAMETRIC_REPRESENTATION_CONTEXT() REPRESENTATION_CONTEXT('2D SPACE',''
  ) );
#7248 = ORIENTED_EDGE('',*,*,#7037,.T.);
#7249 = ORIENTED_EDGE('',*,*,#2047,.F.);
#7250 = ORIENTED_EDGE('',*,*,#2784,.T.);
#7251 = ORIENTED_EDGE('',*,*,#7252,.F.);
#7252 = EDGE_CURVE('',#7253,#2630,#7255,.T.);
#7253 = VERTEX_POINT('',#7254);
#7254 = CARTESIAN_POINT('',(47.276762870103,-9.334348348105,
    210.32286179167));
#7255 = SURFACE_CURVE('',#7256,(#7267,#7277),.PCURVE_S1.);
#7256 = B_SPLINE_CURVE_WITH_KNOTS('',5,(#7257,#7258,#7259,#7260,#7261,
    #7262,#7263,#7264,#7265,#7266),.UNSPECIFIED.,.F.,.F.,(6,4,6),(0.,
    0.421569994642,1.),.UNSPECIFIED.);
#7257 = CARTESIAN_POINT('',(52.,-7.354183686996,217.81158505064));
#7258 = CARTESIAN_POINT('',(51.265178786585,-7.662535791389,
    216.64851123852));
#7259 = CARTESIAN_POINT('',(50.530749893202,-7.970586820588,
    215.48510001679));
#7260 = CARTESIAN_POINT('',(49.796640473556,-8.278391269071,
    214.32141444552));
#7261 = CARTESIAN_POINT('',(49.062803007578,-8.58598520261,
    213.15749569522));
#7262 = CARTESIAN_POINT('',(47.322634127228,-9.31519242243,
    210.39610427512));
#7263 = CARTESIAN_POINT('',(46.316509693136,-9.736645033801,
    208.79845430576));
#7264 = CARTESIAN_POINT('',(45.310731900063,-10.15782708491,
    207.20050755918));
#7265 = CARTESIAN_POINT('',(44.305243514999,-10.57878269131,
    205.60231332482));
#7266 = CARTESIAN_POINT('',(43.3,-10.99954617826,204.00390965727));
#7267 = PCURVE('',#2109,#7268);
#7268 = DEFINITIONAL_REPRESENTATION('',(#7269),#7276);
#7269 = B_SPLINE_CURVE_WITH_KNOTS('',5,(#7270,#7271,#7272,#7273,#7274,
    #7275),.UNSPECIFIED.,.F.,.F.,(6,6),(0.542549280237,0.602133358233),
  .PIECEWISE_BEZIER_KNOTS.);
#7270 = CARTESIAN_POINT('',(2.034148375351,0.475195876021));
#7271 = CARTESIAN_POINT('',(2.033658374264,0.463679128256));
#7272 = CARTESIAN_POINT('',(2.033173703456,0.452162834816));
#7273 = CARTESIAN_POINT('',(2.032694249415,0.440646987525));
#7274 = CARTESIAN_POINT('',(2.032219900177,0.42913157705));
#7275 = CARTESIAN_POINT('',(2.031750548399,0.41761659443));
#7276 = ( GEOMETRIC_REPRESENTATION_CONTEXT(2) 
PARAMETRIC_REPRESENTATION_CONTEXT() REPRESENTATION_CONTEXT('2D SPACE',''
  ) );
#7277 = PCURVE('',#2715,#7278);
#7278 = DEFINITIONAL_REPRESENTATION('',(#7279),#7286);
#7279 = B_SPLINE_CURVE_WITH_KNOTS('',5,(#7280,#7281,#7282,#7283,#7284,
    #7285),.UNSPECIFIED.,.F.,.F.,(6,6),(0.542549280237,0.602133358233),
  .PIECEWISE_BEZIER_KNOTS.);
#7280 = CARTESIAN_POINT('',(1.992919475682,0.441862543525));
#7281 = CARTESIAN_POINT('',(1.992585962876,0.430345794284));
#7282 = CARTESIAN_POINT('',(1.992256259555,0.41882950093));
#7283 = CARTESIAN_POINT('',(1.991930279281,0.407313653725));
#7284 = CARTESIAN_POINT('',(1.991607939412,0.395798243335));
#7285 = CARTESIAN_POINT('',(1.991289160791,0.3842832608));
#7286 = ( GEOMETRIC_REPRESENTATION_CONTEXT(2) 
PARAMETRIC_REPRESENTATION_CONTEXT() REPRESENTATION_CONTEXT('2D SPACE',''
  ) );
#7287 = ORIENTED_EDGE('',*,*,#7288,.F.);
#7288 = EDGE_CURVE('',#7140,#7253,#7289,.T.);
#7289 = SURFACE_CURVE('',#7290,(#7301,#7311),.PCURVE_S1.);
#7290 = B_SPLINE_CURVE_WITH_KNOTS('',5,(#7291,#7292,#7293,#7294,#7295,
    #7296,#7297,#7298,#7299,#7300),.UNSPECIFIED.,.F.,.F.,(6,4,6),(0.,
    0.506406934383,1.),.UNSPECIFIED.);
#7291 = CARTESIAN_POINT('',(47.199988,-9.430286351686,210.36955534857));
#7292 = CARTESIAN_POINT('',(47.429631217092,-9.146881982901,
    210.23016896466));
#7293 = CARTESIAN_POINT('',(47.647642966617,-8.851482790844,
    210.09572946926));
#7294 = CARTESIAN_POINT('',(47.854236466623,-8.545366162911,
    209.96683927762));
#7295 = CARTESIAN_POINT('',(48.049560941405,-8.229648490328,
    209.8438785327));
#7296 = CARTESIAN_POINT('',(48.413223041342,-7.589078958785,
    209.6132764625));
#7297 = CARTESIAN_POINT('',(48.582112643355,-7.264670729489,
    209.50532991409));
#7298 = CARTESIAN_POINT('',(48.74048531291,-6.932902897566,
    209.4034951887));
#7299 = CARTESIAN_POINT('',(48.888359335548,-6.594546793734,
    209.30791559292));
#7300 = CARTESIAN_POINT('',(49.025716298829,-6.250283937092,
    209.21868586891));
#7301 = PCURVE('',#2109,#7302);
#7302 = DEFINITIONAL_REPRESENTATION('',(#7303),#7310);
#7303 = B_SPLINE_CURVE_WITH_KNOTS('',5,(#7304,#7305,#7306,#7307,#7308,
    #7309),.UNSPECIFIED.,.F.,.F.,(6,6),(5.292792825974E-06,
    3.409285967702E-02),.PIECEWISE_BEZIER_KNOTS.);
#7304 = CARTESIAN_POINT('',(2.019492074609,0.466666666784));
#7305 = CARTESIAN_POINT('',(2.022423684819,0.468384205566));
#7306 = CARTESIAN_POINT('',(2.025355115052,0.470095888572));
#7307 = CARTESIAN_POINT('',(2.028286369882,0.471801723027));
#7308 = CARTESIAN_POINT('',(2.031217453931,0.47350171601));
#7309 = CARTESIAN_POINT('',(2.034148375351,0.475195876021));
#7310 = ( GEOMETRIC_REPRESENTATION_CONTEXT(2) 
PARAMETRIC_REPRESENTATION_CONTEXT() REPRESENTATION_CONTEXT('2D SPACE',''
  ) );
#7311 = PCURVE('',#2562,#7312);
#7312 = DEFINITIONAL_REPRESENTATION('',(#7313),#7320);
#7313 = B_SPLINE_CURVE_WITH_KNOTS('',5,(#7314,#7315,#7316,#7317,#7318,
    #7319),.UNSPECIFIED.,.F.,.F.,(6,6),(5.292792825974E-06,
    3.409285967702E-02),.PIECEWISE_BEZIER_KNOTS.);
#7314 = CARTESIAN_POINT('',(4.252112812658,0.110000000038));
#7315 = CARTESIAN_POINT('',(4.253350409286,0.110772892515));
#7316 = CARTESIAN_POINT('',(4.254587649672,0.111543149893));
#7317 = CARTESIAN_POINT('',(4.255824527964,0.112310775422));
#7318 = CARTESIAN_POINT('',(4.257061038532,0.11307577229));
#7319 = CARTESIAN_POINT('',(4.258297175965,0.113838143617));
#7320 = ( GEOMETRIC_REPRESENTATION_CONTEXT(2) 
PARAMETRIC_REPRESENTATION_CONTEXT() REPRESENTATION_CONTEXT('2D SPACE',''
  ) );
#7321 = ADVANCED_FACE('',(#7322,#8056),#2562,.F.);
#7322 = FACE_BOUND('',#7323,.F.);
#7323 = EDGE_LOOP('',(#7324,#7346,#7347,#7369,#7693,#7694,#7742,#7743,
    #7763,#7764,#7788,#7831,#7868,#7911,#7935,#7978,#8015));
#7324 = ORIENTED_EDGE('',*,*,#7325,.F.);
#7325 = EDGE_CURVE('',#5939,#7326,#7328,.T.);
#7326 = VERTEX_POINT('',#7327);
#7327 = CARTESIAN_POINT('',(65.,21.,258.3551729833));
#7328 = SURFACE_CURVE('',#7329,(#7334,#7340),.PCURVE_S1.);
#7329 = ELLIPSE('',#7330,32.8,27.8);
#7330 = AXIS2_PLACEMENT_3D('',#7331,#7332,#7333);
#7331 = CARTESIAN_POINT('',(65.,0.,237.));
#7332 = DIRECTION('',(1.,0.,0.));
#7333 = DIRECTION('',(-0.,1.,0.));
#7334 = PCURVE('',#2562,#7335);
#7335 = DEFINITIONAL_REPRESENTATION('',(#7336),#7339);
#7336 = B_SPLINE_CURVE_WITH_KNOTS('',1,(#7337,#7338),.UNSPECIFIED.,.F.,
  .F.,(2,2),(0.481550028201,0.875980592844),.PIECEWISE_BEZIER_KNOTS.);
#7337 = CARTESIAN_POINT('',(0.481550029324,1.));
#7338 = CARTESIAN_POINT('',(0.875980592479,1.));
#7339 = ( GEOMETRIC_REPRESENTATION_CONTEXT(2) 
PARAMETRIC_REPRESENTATION_CONTEXT() REPRESENTATION_CONTEXT('2D SPACE',''
  ) );
#7340 = PCURVE('',#3695,#7341);
#7341 = DEFINITIONAL_REPRESENTATION('',(#7342),#7345);
#7342 = B_SPLINE_CURVE_WITH_KNOTS('',1,(#7343,#7344),.UNSPECIFIED.,.F.,
  .F.,(2,2),(0.481550028201,0.875980592844),.PIECEWISE_BEZIER_KNOTS.);
#7343 = CARTESIAN_POINT('',(0.481550029324,0.));
#7344 = CARTESIAN_POINT('',(0.875980592479,0.));
#7345 = ( GEOMETRIC_REPRESENTATION_CONTEXT(2) 
PARAMETRIC_REPRESENTATION_CONTEXT() REPRESENTATION_CONTEXT('2D SPACE',''
  ) );
#7346 = ORIENTED_EDGE('',*,*,#5938,.T.);
#7347 = ORIENTED_EDGE('',*,*,#7348,.F.);
#7348 = EDGE_CURVE('',#7349,#5910,#7351,.T.);
#7349 = VERTEX_POINT('',#7350);
#7350 = CARTESIAN_POINT('',(47.2,21.23,228.1));
#7351 = SURFACE_CURVE('',#7352,(#7355,#7362),.PCURVE_S1.);
#7352 = B_SPLINE_CURVE_WITH_KNOTS('',1,(#7353,#7354),.UNSPECIFIED.,.F.,
  .F.,(2,2),(0.,1.),.PIECEWISE_BEZIER_KNOTS.);
#7353 = CARTESIAN_POINT('',(45.,19.8,227.));
#7354 = CARTESIAN_POINT('',(65.,32.8,237.));
#7355 = PCURVE('',#2562,#7356);
#7356 = DEFINITIONAL_REPRESENTATION('',(#7357),#7361);
#7357 = LINE('',#7358,#7359);
#7358 = CARTESIAN_POINT('',(0.,0.));
#7359 = VECTOR('',#7360,1.);
#7360 = DIRECTION('',(0.,1.));
#7361 = ( GEOMETRIC_REPRESENTATION_CONTEXT(2) 
PARAMETRIC_REPRESENTATION_CONTEXT() REPRESENTATION_CONTEXT('2D SPACE',''
  ) );
#7362 = PCURVE('',#3532,#7363);
#7363 = DEFINITIONAL_REPRESENTATION('',(#7364),#7368);
#7364 = LINE('',#7365,#7366);
#7365 = CARTESIAN_POINT('',(6.28318530718,0.));
#7366 = VECTOR('',#7367,1.);
#7367 = DIRECTION('',(0.,1.));
#7368 = ( GEOMETRIC_REPRESENTATION_CONTEXT(2) 
PARAMETRIC_REPRESENTATION_CONTEXT() REPRESENTATION_CONTEXT('2D SPACE',''
  ) );
#7369 = ORIENTED_EDGE('',*,*,#7370,.F.);
#7370 = EDGE_CURVE('',#7140,#7349,#7371,.T.);
#7371 = SURFACE_CURVE('',#7372,(#7477,#7585),.PCURVE_S1.);
#7372 = B_SPLINE_CURVE_WITH_KNOTS('',7,(#7373,#7374,#7375,#7376,#7377,
    #7378,#7379,#7380,#7381,#7382,#7383,#7384,#7385,#7386,#7387,#7388,
    #7389,#7390,#7391,#7392,#7393,#7394,#7395,#7396,#7397,#7398,#7399,
    #7400,#7401,#7402,#7403,#7404,#7405,#7406,#7407,#7408,#7409,#7410,
    #7411,#7412,#7413,#7414,#7415,#7416,#7417,#7418,#7419,#7420,#7421,
    #7422,#7423,#7424,#7425,#7426,#7427,#7428,#7429,#7430,#7431,#7432,
    #7433,#7434,#7435,#7436,#7437,#7438,#7439,#7440,#7441,#7442,#7443,
    #7444,#7445,#7446,#7447,#7448,#7449,#7450,#7451,#7452,#7453,#7454,
    #7455,#7456,#7457,#7458,#7459,#7460,#7461,#7462,#7463,#7464,#7465,
    #7466,#7467,#7468,#7469,#7470,#7471,#7472,#7473,#7474,#7475,#7476),
  .UNSPECIFIED.,.F.,.F.,(8,6,6,6,6,6,6,6,6,6,6,6,6,6,6,6,6,8),(0.,
    0.122925000739,0.175676366464,0.208403440556,0.278386422278,
    0.330058630869,0.352450576282,0.386238978137,0.444298899401,
    0.506579926955,0.546174435665,0.639204875282,0.704216440402,
    0.732233479153,0.771826892404,0.834105698965,0.892163570339,1.),
  .UNSPECIFIED.);
#7373 = CARTESIAN_POINT('',(47.2,-7.250813556125,209.5));
#7374 = CARTESIAN_POINT('',(47.2,-8.736017447449,210.00309669435));
#7375 = CARTESIAN_POINT('',(47.2,-10.17998238444,210.62832606382));
#7376 = CARTESIAN_POINT('',(47.2,-11.57002189939,211.37324550146));
#7377 = CARTESIAN_POINT('',(47.2,-12.89308000685,212.23422456961));
#7378 = CARTESIAN_POINT('',(47.2,-14.13595900776,213.20611460234));
#7379 = CARTESIAN_POINT('',(47.2,-15.28545511672,214.28203863334));
#7380 = CARTESIAN_POINT('',(47.2,-16.77666406481,215.95500562814));
#7381 = CARTESIAN_POINT('',(47.2,-17.20489385596,216.47478173526));
#7382 = CARTESIAN_POINT('',(47.2,-17.61257067769,217.01123029177));
#7383 = CARTESIAN_POINT('',(47.2,-17.99871487686,217.56352606595));
#7384 = CARTESIAN_POINT('',(47.2,-18.36238595361,218.1307641006));
#7385 = CARTESIAN_POINT('',(47.2,-18.70269260297,218.71195310476));
#7386 = CARTESIAN_POINT('',(47.2,-19.21491825559,219.67456245474));
#7387 = CARTESIAN_POINT('',(47.2,-19.40172182751,220.04807061858));
#7388 = CARTESIAN_POINT('',(47.2,-19.57901524766,220.42627481294));
#7389 = CARTESIAN_POINT('',(47.2,-19.74661094749,220.80890585331));
#7390 = CARTESIAN_POINT('',(47.2,-19.90433298591,221.1956834895));
#7391 = CARTESIAN_POINT('',(47.2,-20.05201802074,221.58631600045));
#7392 = CARTESIAN_POINT('',(47.2,-20.48354006475,222.82341525405));
#7393 = CARTESIAN_POINT('',(47.2,-20.73100472009,223.68263122165));
#7394 = CARTESIAN_POINT('',(47.2,-20.93040568388,224.55510113772));
#7395 = CARTESIAN_POINT('',(47.2,-21.08060460596,225.43766177598));
#7396 = CARTESIAN_POINT('',(47.2,-21.18081063763,226.32703760184));
#7397 = CARTESIAN_POINT('',(47.2,-21.23060312797,227.21983862928));
#7398 = CARTESIAN_POINT('',(47.2,-21.22954725025,228.7716900146));
#7399 = CARTESIAN_POINT('',(47.2,-21.20162245393,229.43082217916));
#7400 = CARTESIAN_POINT('',(47.2,-21.14622081519,230.08855156207));
#7401 = CARTESIAN_POINT('',(47.2,-21.0634668996,230.74350893597));
#7402 = CARTESIAN_POINT('',(47.2,-20.95359947881,231.39435144369));
#7403 = CARTESIAN_POINT('',(47.2,-20.81696759954,232.03976233147));
#7404 = CARTESIAN_POINT('',(47.2,-20.58342680693,232.95522493211));
#7405 = CARTESIAN_POINT('',(47.2,-20.50788003109,233.23073868976));
#7406 = CARTESIAN_POINT('',(47.2,-20.4274304985,233.50488936285));
#7407 = CARTESIAN_POINT('',(47.2,-20.34211873498,233.777575561));
#7408 = CARTESIAN_POINT('',(47.2,-20.25198856999,234.04869793408));
#7409 = CARTESIAN_POINT('',(47.2,-20.15708713666,234.31815917216));
#7410 = CARTESIAN_POINT('',(47.2,-19.90713951777,234.9898181204));
#7411 = CARTESIAN_POINT('',(47.2,-19.74606448057,235.38977419762));
#7412 = CARTESIAN_POINT('',(47.2,-19.57441280798,235.78540414419));
#7413 = CARTESIAN_POINT('',(47.2,-19.39237229392,236.17639376046));
#7414 = CARTESIAN_POINT('',(47.2,-19.20014432512,236.56244222784));
#7415 = CARTESIAN_POINT('',(47.2,-18.9979427279,236.94326159657));
#7416 = CARTESIAN_POINT('',(47.2,-18.42179051603,237.96349403801));
#7417 = CARTESIAN_POINT('',(47.2,-18.02879992398,238.59216564764));
#7418 = CARTESIAN_POINT('',(47.2,-17.60816450503,239.20318909695));
#7419 = CARTESIAN_POINT('',(47.2,-17.16111073746,239.79530291284));
#7420 = CARTESIAN_POINT('',(47.2,-16.6889260063,240.36737023453));
#7421 = CARTESIAN_POINT('',(47.2,-16.19294326899,240.91836756868));
#7422 = CARTESIAN_POINT('',(47.2,-15.11843149799,242.01484931226));
#7423 = CARTESIAN_POINT('',(47.2,-14.53651487479,242.55702842389));
#7424 = CARTESIAN_POINT('',(47.2,-13.93045995395,243.07279495754));
#7425 = CARTESIAN_POINT('',(47.2,-13.30197114151,243.56118296578));
#7426 = CARTESIAN_POINT('',(47.2,-12.65276313898,244.02136055019));
#7427 = CARTESIAN_POINT('',(47.2,-11.98454830323,244.45261391899));
#7428 = CARTESIAN_POINT('',(47.2,-10.86321558256,245.10972675983));
#7429 = CARTESIAN_POINT('',(47.2,-10.42040750304,245.35318276095));
#7430 = CARTESIAN_POINT('',(47.2,-9.971039216133,245.58454891236));
#7431 = CARTESIAN_POINT('',(47.2,-9.515544294493,245.80368692907));
#7432 = CARTESIAN_POINT('',(47.2,-9.054353762484,246.01047418121));
#7433 = CARTESIAN_POINT('',(47.2,-8.587895484429,246.20480243989));
#7434 = CARTESIAN_POINT('',(47.2,-7.009232271983,246.81366948812));
#7435 = CARTESIAN_POINT('',(47.2,-5.875169973593,247.17144236959));
#7436 = CARTESIAN_POINT('',(47.2,-4.719857643988,247.45869249912));
#7437 = CARTESIAN_POINT('',(47.2,-3.548696943147,247.6745691173));
#7438 = CARTESIAN_POINT('',(47.2,-2.367033830397,247.8185386418));
#7439 = CARTESIAN_POINT('',(47.2,-1.180152190044,247.89034983565));
#7440 = CARTESIAN_POINT('',(47.2,0.83615175708,247.88975378717));
#7441 = CARTESIAN_POINT('',(47.2,1.66555559297,247.85426823599));
#7442 = CARTESIAN_POINT('',(47.2,2.493156041612,247.78354323076));
#7443 = CARTESIAN_POINT('',(47.2,3.317153498868,247.67764051479));
#7444 = CARTESIAN_POINT('',(47.2,4.135737275411,247.53668687787));
#7445 = CARTESIAN_POINT('',(47.2,4.947086106617,247.36087836844));
#7446 = CARTESIAN_POINT('',(47.2,6.095116090857,247.05981428426));
#7447 = CARTESIAN_POINT('',(47.2,6.43917855964,246.96272118752));
#7448 = CARTESIAN_POINT('',(47.2,6.781408749289,246.85922686034));
#7449 = CARTESIAN_POINT('',(47.2,7.1216585905,246.74935592037));
#7450 = CARTESIAN_POINT('',(47.2,7.459779264181,246.633135958));
#7451 = CARTESIAN_POINT('',(47.2,7.795621201452,246.51059753642));
#7452 = CARTESIAN_POINT('',(47.2,8.600210004311,246.19972226333));
#7453 = CARTESIAN_POINT('',(47.2,9.066534604702,246.00511892492));
#7454 = CARTESIAN_POINT('',(47.2,9.527583786875,245.79805944606));
#7455 = CARTESIAN_POINT('',(47.2,9.982929682853,245.57865225501));
#7456 = CARTESIAN_POINT('',(47.2,10.432141267968,245.34702019413));
#7457 = CARTESIAN_POINT('',(47.2,10.874784974212,245.10330177535));
#7458 = CARTESIAN_POINT('',(47.2,11.995669579702,244.44552656518));
#7459 = CARTESIAN_POINT('',(47.2,12.663589674166,244.01387920997));
#7460 = CARTESIAN_POINT('',(47.2,13.312484340433,243.55331828286));
#7461 = CARTESIAN_POINT('',(47.2,13.940641369251,243.06455859952));
#7462 = CARTESIAN_POINT('',(47.2,14.546346299794,242.54843316061));
#7463 = CARTESIAN_POINT('',(47.2,15.127895079971,242.00590909876));
#7464 = CARTESIAN_POINT('',(47.2,16.201662744897,240.90879008182));
#7465 = CARTESIAN_POINT('',(47.2,16.697271493446,240.35749838743));
#7466 = CARTESIAN_POINT('',(47.2,17.169067552461,239.78515094959));
#7467 = CARTESIAN_POINT('',(47.2,17.615718511685,239.19277232538));
#7468 = CARTESIAN_POINT('',(47.2,18.035937681587,238.58150044589));
#7469 = CARTESIAN_POINT('',(47.2,18.428499436154,237.95259785161));
#7470 = CARTESIAN_POINT('',(47.2,19.467910486098,236.10920557782));
#7471 = CARTESIAN_POINT('',(47.2,20.044462616036,234.8544966373));
#7472 = CARTESIAN_POINT('',(47.2,20.514108383855,233.5528828741));
#7473 = CARTESIAN_POINT('',(47.2,20.870841021797,232.21483772644));
#7474 = CARTESIAN_POINT('',(47.2,21.110318734138,230.85169055409));
#7475 = CARTESIAN_POINT('',(47.2,21.230000000001,229.47565508537));
#7476 = CARTESIAN_POINT('',(47.2,21.23,228.1));
#7477 = PCURVE('',#2562,#7478);
#7478 = DEFINITIONAL_REPRESENTATION('',(#7479),#7584);
#7479 = B_SPLINE_CURVE_WITH_KNOTS('',7,(#7480,#7481,#7482,#7483,#7484,
    #7485,#7486,#7487,#7488,#7489,#7490,#7491,#7492,#7493,#7494,#7495,
    #7496,#7497,#7498,#7499,#7500,#7501,#7502,#7503,#7504,#7505,#7506,
    #7507,#7508,#7509,#7510,#7511,#7512,#7513,#7514,#7515,#7516,#7517,
    #7518,#7519,#7520,#7521,#7522,#7523,#7524,#7525,#7526,#7527,#7528,
    #7529,#7530,#7531,#7532,#7533,#7534,#7535,#7536,#7537,#7538,#7539,
    #7540,#7541,#7542,#7543,#7544,#7545,#7546,#7547,#7548,#7549,#7550,
    #7551,#7552,#7553,#7554,#7555,#7556,#7557,#7558,#7559,#7560,#7561,
    #7562,#7563,#7564,#7565,#7566,#7567,#7568,#7569,#7570,#7571,#7572,
    #7573,#7574,#7575,#7576,#7577,#7578,#7579,#7580,#7581,#7582,#7583),
  .UNSPECIFIED.,.F.,.F.,(8,6,6,6,6,6,6,6,6,6,6,6,6,6,6,6,6,8),(0.,
    0.122925000739,0.175676366464,0.208403440556,0.278386422278,
    0.330058630869,0.352450576282,0.386238978137,0.444298899401,
    0.506579926955,0.546174435665,0.639204875282,0.704216440402,
    0.732233479153,0.771826892404,0.834105698965,0.892163570339,1.),
  .UNSPECIFIED.);
#7480 = CARTESIAN_POINT('',(4.363838081825,0.11));
#7481 = CARTESIAN_POINT('',(4.289404497211,0.11));
#7482 = CARTESIAN_POINT('',(4.214688798741,0.11));
#7483 = CARTESIAN_POINT('',(4.139621404082,0.11));
#7484 = CARTESIAN_POINT('',(4.064145746965,0.11));
#7485 = CARTESIAN_POINT('',(3.988216119929,0.11));
#7486 = CARTESIAN_POINT('',(3.911797352549,0.11));
#7487 = CARTESIAN_POINT('',(3.801887935594,0.11));
#7488 = CARTESIAN_POINT('',(3.768795902424,0.11));
#7489 = CARTESIAN_POINT('',(3.735615913038,0.11));
#7490 = CARTESIAN_POINT('',(3.702349335418,0.11));
#7491 = CARTESIAN_POINT('',(3.668998358573,0.11));
#7492 = CARTESIAN_POINT('',(3.635566381787,0.11));
#7493 = CARTESIAN_POINT('',(3.581269973812,0.11));
#7494 = CARTESIAN_POINT('',(3.560452170281,0.11));
#7495 = CARTESIAN_POINT('',(3.539606174298,0.11));
#7496 = CARTESIAN_POINT('',(3.51873323361,0.11));
#7497 = CARTESIAN_POINT('',(3.497834714759,0.11));
#7498 = CARTESIAN_POINT('',(3.476912155169,0.11));
#7499 = CARTESIAN_POINT('',(3.411179249366,0.11));
#7500 = CARTESIAN_POINT('',(3.366286038995,0.11));
#7501 = CARTESIAN_POINT('',(3.321309186926,0.11));
#7502 = CARTESIAN_POINT('',(3.276267589326,0.11));
#7503 = CARTESIAN_POINT('',(3.231179957333,0.11));
#7504 = CARTESIAN_POINT('',(3.186067719544,0.11));
#7505 = CARTESIAN_POINT('',(3.107651766654,0.11));
#7506 = CARTESIAN_POINT('',(3.074344615682,0.11));
#7507 = CARTESIAN_POINT('',(3.041047172029,0.11));
#7508 = CARTESIAN_POINT('',(3.007768289436,0.11));
#7509 = CARTESIAN_POINT('',(2.974516175595,0.11));
#7510 = CARTESIAN_POINT('',(2.941299048998,0.11));
#7511 = CARTESIAN_POINT('',(2.893750208737,0.11));
#7512 = CARTESIAN_POINT('',(2.87938278015,0.11));
#7513 = CARTESIAN_POINT('',(2.865024074691,0.11));
#7514 = CARTESIAN_POINT('',(2.850674693463,0.11));
#7515 = CARTESIAN_POINT('',(2.83633521112,0.11));
#7516 = CARTESIAN_POINT('',(2.82200617587,0.11));
#7517 = CARTESIAN_POINT('',(2.786082814697,0.11));
#7518 = CARTESIAN_POINT('',(2.764502439803,0.11));
#7519 = CARTESIAN_POINT('',(2.742948843546,0.11));
#7520 = CARTESIAN_POINT('',(2.72142362793,0.11));
#7521 = CARTESIAN_POINT('',(2.699928197284,0.11));
#7522 = CARTESIAN_POINT('',(2.678463817344,0.11));
#7523 = CARTESIAN_POINT('',(2.620203991824,0.11));
#7524 = CARTESIAN_POINT('',(2.583471067761,0.11));
#7525 = CARTESIAN_POINT('',(2.546839091947,0.11));
#7526 = CARTESIAN_POINT('',(2.510311711299,0.11));
#7527 = CARTESIAN_POINT('',(2.473890935205,0.11));
#7528 = CARTESIAN_POINT('',(2.43757772524,0.11));
#7529 = CARTESIAN_POINT('',(2.362534583042,0.11));
#7530 = CARTESIAN_POINT('',(2.32382034774,0.11));
#7531 = CARTESIAN_POINT('',(2.285228972952,0.11));
#7532 = CARTESIAN_POINT('',(2.246757716008,0.11));
#7533 = CARTESIAN_POINT('',(2.208402357785,0.11));
#7534 = CARTESIAN_POINT('',(2.170157548662,0.11));
#7535 = CARTESIAN_POINT('',(2.107769260113,0.11));
#7536 = CARTESIAN_POINT('',(2.083563685792,0.11));
#7537 = CARTESIAN_POINT('',(2.059398353599,0.11));
#7538 = CARTESIAN_POINT('',(2.035271354843,0.11));
#7539 = CARTESIAN_POINT('',(2.011180626889,0.11));
#7540 = CARTESIAN_POINT('',(1.987123959864,0.11));
#7541 = CARTESIAN_POINT('',(1.906650461966,0.11));
#7542 = CARTESIAN_POINT('',(1.850378987589,0.11));
#7543 = CARTESIAN_POINT('',(1.79425109185,0.11));
#7544 = CARTESIAN_POINT('',(1.738233036555,0.11));
#7545 = CARTESIAN_POINT('',(1.682289996486,0.11));
#7546 = CARTESIAN_POINT('',(1.626385222178,0.11));
#7547 = CARTESIAN_POINT('',(1.531410938147,0.11));
#7548 = CARTESIAN_POINT('',(1.492342828544,0.11));
#7549 = CARTESIAN_POINT('',(1.453261716058,0.11));
#7550 = CARTESIAN_POINT('',(1.414154949944,0.11));
#7551 = CARTESIAN_POINT('',(1.37501022382,0.11));
#7552 = CARTESIAN_POINT('',(1.335815412951,0.11));
#7553 = CARTESIAN_POINT('',(1.279640422736,0.11));
#7554 = CARTESIAN_POINT('',(1.262710941692,0.11));
#7555 = CARTESIAN_POINT('',(1.245769036733,0.11));
#7556 = CARTESIAN_POINT('',(1.228813800696,0.11));
#7557 = CARTESIAN_POINT('',(1.21184435092,0.11));
#7558 = CARTESIAN_POINT('',(1.194859829247,0.11));
#7559 = CARTESIAN_POINT('',(1.153834559622,0.11));
#7560 = CARTESIAN_POINT('',(1.129777964772,0.11));
#7561 = CARTESIAN_POINT('',(1.105687269237,0.11));
#7562 = CARTESIAN_POINT('',(1.081560265438,0.11));
#7563 = CARTESIAN_POINT('',(1.057394893229,0.11));
#7564 = CARTESIAN_POINT('',(1.03318924667,0.11));
#7565 = CARTESIAN_POINT('',(0.970801002152,0.11));
#7566 = CARTESIAN_POINT('',(0.932556266999,0.11));
#7567 = CARTESIAN_POINT('',(0.894200924549,0.11));
#7568 = CARTESIAN_POINT('',(0.855729638547,0.11));
#7569 = CARTESIAN_POINT('',(0.817138203935,0.11));
#7570 = CARTESIAN_POINT('',(0.778423893738,0.11));
#7571 = CARTESIAN_POINT('',(0.703380600775,0.11));
#7572 = CARTESIAN_POINT('',(0.667067312868,0.11));
#7573 = CARTESIAN_POINT('',(0.630646475779,0.11));
#7574 = CARTESIAN_POINT('',(0.594119065636,0.11));
#7575 = CARTESIAN_POINT('',(0.557487106168,0.11));
#7576 = CARTESIAN_POINT('',(0.520754259232,0.11));
#7577 = CARTESIAN_POINT('',(0.415523445567,0.11));
#7578 = CARTESIAN_POINT('',(0.346767095685,0.11));
#7579 = CARTESIAN_POINT('',(0.277732961012,0.11));
#7580 = CARTESIAN_POINT('',(0.20847375297,0.11));
#7581 = CARTESIAN_POINT('',(0.139044482029,0.11));
#7582 = CARTESIAN_POINT('',(6.951263695659E-02,0.11));
#7583 = CARTESIAN_POINT('',(0.,0.11));
#7584 = ( GEOMETRIC_REPRESENTATION_CONTEXT(2) 
PARAMETRIC_REPRESENTATION_CONTEXT() REPRESENTATION_CONTEXT('2D SPACE',''
  ) );
#7585 = PCURVE('',#6782,#7586);
#7586 = DEFINITIONAL_REPRESENTATION('',(#7587),#7692);
#7587 = B_SPLINE_CURVE_WITH_KNOTS('',7,(#7588,#7589,#7590,#7591,#7592,
    #7593,#7594,#7595,#7596,#7597,#7598,#7599,#7600,#7601,#7602,#7603,
    #7604,#7605,#7606,#7607,#7608,#7609,#7610,#7611,#7612,#7613,#7614,
    #7615,#7616,#7617,#7618,#7619,#7620,#7621,#7622,#7623,#7624,#7625,
    #7626,#7627,#7628,#7629,#7630,#7631,#7632,#7633,#7634,#7635,#7636,
    #7637,#7638,#7639,#7640,#7641,#7642,#7643,#7644,#7645,#7646,#7647,
    #7648,#7649,#7650,#7651,#7652,#7653,#7654,#7655,#7656,#7657,#7658,
    #7659,#7660,#7661,#7662,#7663,#7664,#7665,#7666,#7667,#7668,#7669,
    #7670,#7671,#7672,#7673,#7674,#7675,#7676,#7677,#7678,#7679,#7680,
    #7681,#7682,#7683,#7684,#7685,#7686,#7687,#7688,#7689,#7690,#7691),
  .UNSPECIFIED.,.F.,.F.,(8,6,6,6,6,6,6,6,6,6,6,6,6,6,6,6,6,8),(0.,
    0.122925000739,0.175676366464,0.208403440556,0.278386422278,
    0.330058630869,0.352450576282,0.386238978137,0.444298899401,
    0.506579926955,0.546174435665,0.639204875282,0.704216440402,
    0.732233479153,0.771826892404,0.834105698965,0.892163570339,1.),
  .UNSPECIFIED.);
#7588 = CARTESIAN_POINT('',(-17.5,7.379438368081));
#7589 = CARTESIAN_POINT('',(-16.99690330565,8.864642259405));
#7590 = CARTESIAN_POINT('',(-16.37167393618,10.308607196396));
#7591 = CARTESIAN_POINT('',(-15.62675449854,11.698646711346));
#7592 = CARTESIAN_POINT('',(-14.76577543039,13.021704818806));
#7593 = CARTESIAN_POINT('',(-13.79388539766,14.264583819716));
#7594 = CARTESIAN_POINT('',(-12.71796136666,15.414079928676));
#7595 = CARTESIAN_POINT('',(-11.04499437186,16.905288876766));
#7596 = CARTESIAN_POINT('',(-10.52521826474,17.333518667916));
#7597 = CARTESIAN_POINT('',(-9.98876970823,17.741195489646));
#7598 = CARTESIAN_POINT('',(-9.43647393405,18.127339688816));
#7599 = CARTESIAN_POINT('',(-8.8692358994,18.491010765566));
#7600 = CARTESIAN_POINT('',(-8.28804689524,18.831317414926));
#7601 = CARTESIAN_POINT('',(-7.32543754526,19.343543067546));
#7602 = CARTESIAN_POINT('',(-6.95192938142,19.530346639466));
#7603 = CARTESIAN_POINT('',(-6.57372518706,19.707640059616));
#7604 = CARTESIAN_POINT('',(-6.19109414669,19.875235759446));
#7605 = CARTESIAN_POINT('',(-5.8043165105,20.032957797866));
#7606 = CARTESIAN_POINT('',(-5.41368399955,20.180642832696));
#7607 = CARTESIAN_POINT('',(-4.17658474595,20.612164876706));
#7608 = CARTESIAN_POINT('',(-3.31736877835,20.859629532046));
#7609 = CARTESIAN_POINT('',(-2.44489886228,21.059030495836));
#7610 = CARTESIAN_POINT('',(-1.56233822402,21.209229417916));
#7611 = CARTESIAN_POINT('',(-0.67296239816,21.309435449586));
#7612 = CARTESIAN_POINT('',(0.21983862928,21.359227939926));
#7613 = CARTESIAN_POINT('',(1.7716900146,21.358172062206));
#7614 = CARTESIAN_POINT('',(2.43082217916,21.330247265886));
#7615 = CARTESIAN_POINT('',(3.08855156207,21.274845627146));
#7616 = CARTESIAN_POINT('',(3.74350893597,21.192091711556));
#7617 = CARTESIAN_POINT('',(4.39435144369,21.082224290766));
#7618 = CARTESIAN_POINT('',(5.03976233147,20.945592411496));
#7619 = CARTESIAN_POINT('',(5.95522493211,20.712051618886));
#7620 = CARTESIAN_POINT('',(6.23073868976,20.636504843046));
#7621 = CARTESIAN_POINT('',(6.50488936285,20.556055310456));
#7622 = CARTESIAN_POINT('',(6.777575561,20.470743546936));
#7623 = CARTESIAN_POINT('',(7.04869793408,20.380613381946));
#7624 = CARTESIAN_POINT('',(7.31815917216,20.285711948616));
#7625 = CARTESIAN_POINT('',(7.9898181204,20.035764329726));
#7626 = CARTESIAN_POINT('',(8.38977419762,19.874689292526));
#7627 = CARTESIAN_POINT('',(8.78540414419,19.703037619936));
#7628 = CARTESIAN_POINT('',(9.17639376046,19.520997105876));
#7629 = CARTESIAN_POINT('',(9.56244222784,19.328769137076));
#7630 = CARTESIAN_POINT('',(9.94326159657,19.126567539856));
#7631 = CARTESIAN_POINT('',(10.96349403801,18.550415327986));
#7632 = CARTESIAN_POINT('',(11.59216564764,18.157424735936));
#7633 = CARTESIAN_POINT('',(12.20318909695,17.736789316986));
#7634 = CARTESIAN_POINT('',(12.79530291284,17.289735549416));
#7635 = CARTESIAN_POINT('',(13.36737023453,16.817550818256));
#7636 = CARTESIAN_POINT('',(13.91836756868,16.321568080946));
#7637 = CARTESIAN_POINT('',(15.01484931226,15.247056309946));
#7638 = CARTESIAN_POINT('',(15.55702842389,14.665139686746));
#7639 = CARTESIAN_POINT('',(16.07279495754,14.059084765906));
#7640 = CARTESIAN_POINT('',(16.56118296578,13.430595953466));
#7641 = CARTESIAN_POINT('',(17.02136055019,12.781387950936));
#7642 = CARTESIAN_POINT('',(17.45261391899,12.113173115186));
#7643 = CARTESIAN_POINT('',(18.10972675983,10.991840394516));
#7644 = CARTESIAN_POINT('',(18.35318276095,10.549032314996));
#7645 = CARTESIAN_POINT('',(18.58454891236,10.099664028089));
#7646 = CARTESIAN_POINT('',(18.80368692907,9.644169106449));
#7647 = CARTESIAN_POINT('',(19.01047418121,9.18297857444));
#7648 = CARTESIAN_POINT('',(19.20480243989,8.716520296385));
#7649 = CARTESIAN_POINT('',(19.81366948812,7.137857083939));
#7650 = CARTESIAN_POINT('',(20.17144236959,6.003794785549));
#7651 = CARTESIAN_POINT('',(20.45869249912,4.848482455944));
#7652 = CARTESIAN_POINT('',(20.6745691173,3.677321755103));
#7653 = CARTESIAN_POINT('',(20.8185386418,2.495658642353));
#7654 = CARTESIAN_POINT('',(20.89034983565,1.308777002));
#7655 = CARTESIAN_POINT('',(20.88975378717,-0.707526945124));
#7656 = CARTESIAN_POINT('',(20.85426823599,-1.536930781014));
#7657 = CARTESIAN_POINT('',(20.78354323076,-2.364531229656));
#7658 = CARTESIAN_POINT('',(20.67764051479,-3.188528686912));
#7659 = CARTESIAN_POINT('',(20.53668687787,-4.007112463455));
#7660 = CARTESIAN_POINT('',(20.36087836844,-4.818461294661));
#7661 = CARTESIAN_POINT('',(20.05981428426,-5.966491278901));
#7662 = CARTESIAN_POINT('',(19.96272118752,-6.310553747684));
#7663 = CARTESIAN_POINT('',(19.85922686034,-6.652783937333));
#7664 = CARTESIAN_POINT('',(19.74935592037,-6.993033778544));
#7665 = CARTESIAN_POINT('',(19.633135958,-7.331154452225));
#7666 = CARTESIAN_POINT('',(19.51059753642,-7.666996389496));
#7667 = CARTESIAN_POINT('',(19.19972226333,-8.471585192355));
#7668 = CARTESIAN_POINT('',(19.00511892492,-8.937909792746));
#7669 = CARTESIAN_POINT('',(18.79805944606,-9.398958974919));
#7670 = CARTESIAN_POINT('',(18.57865225501,-9.854304870897));
#7671 = CARTESIAN_POINT('',(18.34702019413,-10.30351645601));
#7672 = CARTESIAN_POINT('',(18.10330177535,-10.74616016225));
#7673 = CARTESIAN_POINT('',(17.44552656518,-11.86704476774));
#7674 = CARTESIAN_POINT('',(17.01387920997,-12.53496486221));
#7675 = CARTESIAN_POINT('',(16.55331828286,-13.18385952847));
#7676 = CARTESIAN_POINT('',(16.06455859952,-13.81201655729));
#7677 = CARTESIAN_POINT('',(15.54843316061,-14.41772148783));
#7678 = CARTESIAN_POINT('',(15.00590909876,-14.99927026801));
#7679 = CARTESIAN_POINT('',(13.90879008182,-16.07303793294));
#7680 = CARTESIAN_POINT('',(13.35749838743,-16.56864668149));
#7681 = CARTESIAN_POINT('',(12.78515094959,-17.0404427405));
#7682 = CARTESIAN_POINT('',(12.19277232538,-17.48709369972));
#7683 = CARTESIAN_POINT('',(11.58150044589,-17.90731286963));
#7684 = CARTESIAN_POINT('',(10.95259785161,-18.29987462419));
#7685 = CARTESIAN_POINT('',(9.10920557782,-19.33928567414));
#7686 = CARTESIAN_POINT('',(7.8544966373,-19.91583780408));
#7687 = CARTESIAN_POINT('',(6.5528828741,-20.38548357189));
#7688 = CARTESIAN_POINT('',(5.21483772644,-20.74221620984));
#7689 = CARTESIAN_POINT('',(3.85169055409,-20.98169392218));
#7690 = CARTESIAN_POINT('',(2.47565508537,-21.10137518804));
#7691 = CARTESIAN_POINT('',(1.1,-21.10137518804));
#7692 = ( GEOMETRIC_REPRESENTATION_CONTEXT(2) 
PARAMETRIC_REPRESENTATION_CONTEXT() REPRESENTATION_CONTEXT('2D SPACE',''
  ) );
#7693 = ORIENTED_EDGE('',*,*,#7288,.T.);
#7694 = ORIENTED_EDGE('',*,*,#7695,.T.);
#7695 = EDGE_CURVE('',#7253,#2487,#7696,.T.);
#7696 = SURFACE_CURVE('',#7697,(#7710,#7726),.PCURVE_S1.);
#7697 = B_SPLINE_CURVE_WITH_KNOTS('',6,(#7698,#7699,#7700,#7701,#7702,
    #7703,#7704,#7705,#7706,#7707,#7708,#7709),.UNSPECIFIED.,.F.,.F.,(7,
    5,7),(0.,0.380470408056,1.),.UNSPECIFIED.);
#7698 = CARTESIAN_POINT('',(47.199988,-9.422830065633,210.36611101082));
#7699 = CARTESIAN_POINT('',(47.47349499102,-9.11137800164,
    210.21234128859));
#7700 = CARTESIAN_POINT('',(47.732612743534,-8.784437586205,
    210.06403516424));
#7701 = CARTESIAN_POINT('',(47.977610569777,-8.443660501747,
    209.92204371969));
#7702 = CARTESIAN_POINT('',(48.208692587693,-8.09052513379,
    209.78695341605));
#7703 = CARTESIAN_POINT('',(48.426008701805,-7.726315925044,
    209.65915708367));
#7704 = CARTESIAN_POINT('',(48.961285238364,-6.742761914962,
    209.34314782504));
#7705 = CARTESIAN_POINT('',(49.256610902581,-6.1070383675,
    209.16747161911));
#7706 = CARTESIAN_POINT('',(49.516145955778,-5.449535240396,
    209.01302634971));
#7707 = CARTESIAN_POINT('',(49.739568314316,-4.774257863454,
    208.88035780144));
#7708 = CARTESIAN_POINT('',(49.926357550115,-4.08479771173,
    208.76973478177));
#7709 = CARTESIAN_POINT('',(50.075972553961,-3.384363336047,
    208.68132397907));
#7710 = PCURVE('',#2562,#7711);
#7711 = DEFINITIONAL_REPRESENTATION('',(#7712),#7725);
#7712 = B_SPLINE_CURVE_WITH_KNOTS('',6,(#7713,#7714,#7715,#7716,#7717,
    #7718,#7719,#7720,#7721,#7722,#7723,#7724),.UNSPECIFIED.,.F.,.F.,(7,
    5,7),(1.791077958686E-02,0.380470408361,0.401177916789),
  .UNSPECIFIED.);
#7713 = CARTESIAN_POINT('',(4.25829717576,0.113838144058));
#7714 = CARTESIAN_POINT('',(4.27783462518,0.126708630042));
#7715 = CARTESIAN_POINT('',(4.297306464513,0.138928060903));
#7716 = CARTESIAN_POINT('',(4.316688160133,0.150507693478));
#7717 = CARTESIAN_POINT('',(4.335965624021,0.161456139328));
#7718 = CARTESIAN_POINT('',(4.355133685219,0.17177979615));
#7719 = CARTESIAN_POINT('',(4.375283218773,0.18203749137));
#7720 = CARTESIAN_POINT('',(4.37637151825,0.182589676151));
#7721 = CARTESIAN_POINT('',(4.377459460248,0.183139834486));
#7722 = CARTESIAN_POINT('',(4.378547045315,0.183687967264));
#7723 = CARTESIAN_POINT('',(4.379634274021,0.184234075323));
#7724 = CARTESIAN_POINT('',(4.380721146955,0.184778159452));
#7725 = ( GEOMETRIC_REPRESENTATION_CONTEXT(2) 
PARAMETRIC_REPRESENTATION_CONTEXT() REPRESENTATION_CONTEXT('2D SPACE',''
  ) );
#7726 = PCURVE('',#2715,#7727);
#7727 = DEFINITIONAL_REPRESENTATION('',(#7728),#7741);
#7728 = B_SPLINE_CURVE_WITH_KNOTS('',6,(#7729,#7730,#7731,#7732,#7733,
    #7734,#7735,#7736,#7737,#7738,#7739,#7740),.UNSPECIFIED.,.F.,.F.,(7,
    5,7),(1.791077958686E-02,0.380470409343,0.401177916789),
  .UNSPECIFIED.);
#7729 = CARTESIAN_POINT('',(1.992919470374,0.441862541863));
#7730 = CARTESIAN_POINT('',(2.03964073874,0.470463621928));
#7731 = CARTESIAN_POINT('',(2.086330539319,0.497617912819));
#7732 = CARTESIAN_POINT('',(2.133002623951,0.523350429743));
#7733 = CARTESIAN_POINT('',(2.1796733914,0.547680309489));
#7734 = CARTESIAN_POINT('',(2.22636299879,0.570621769162));
#7735 = CARTESIAN_POINT('',(2.275765644359,0.593416647432));
#7736 = CARTESIAN_POINT('',(2.278434938235,0.594643724664));
#7737 = CARTESIAN_POINT('',(2.28110435952,0.595866298685));
#7738 = CARTESIAN_POINT('',(2.283773912982,0.597084371468));
#7739 = CARTESIAN_POINT('',(2.286443603297,0.598297944876));
#7740 = CARTESIAN_POINT('',(2.289113435056,0.599507020663));
#7741 = ( GEOMETRIC_REPRESENTATION_CONTEXT(2) 
PARAMETRIC_REPRESENTATION_CONTEXT() REPRESENTATION_CONTEXT('2D SPACE',''
  ) );
#7742 = ORIENTED_EDGE('',*,*,#2486,.T.);
#7743 = ORIENTED_EDGE('',*,*,#7744,.F.);
#7744 = EDGE_CURVE('',#5180,#2489,#7745,.T.);
#7745 = SURFACE_CURVE('',#7746,(#7751,#7757),.PCURVE_S1.);
#7746 = ELLIPSE('',#7747,32.8,27.8);
#7747 = AXIS2_PLACEMENT_3D('',#7748,#7749,#7750);
#7748 = CARTESIAN_POINT('',(65.,0.,237.));
#7749 = DIRECTION('',(1.,0.,0.));
#7750 = DIRECTION('',(-0.,1.,0.));
#7751 = PCURVE('',#2562,#7752);
#7752 = DEFINITIONAL_REPRESENTATION('',(#7753),#7756);
#7753 = B_SPLINE_CURVE_WITH_KNOTS('',1,(#7754,#7755),.UNSPECIFIED.,.F.,
  .F.,(2,2),(3.174529183569,4.56534591263),.PIECEWISE_BEZIER_KNOTS.);
#7754 = CARTESIAN_POINT('',(3.174529183569,1.));
#7755 = CARTESIAN_POINT('',(4.565345916049,1.));
#7756 = ( GEOMETRIC_REPRESENTATION_CONTEXT(2) 
PARAMETRIC_REPRESENTATION_CONTEXT() REPRESENTATION_CONTEXT('2D SPACE',''
  ) );
#7757 = PCURVE('',#3695,#7758);
#7758 = DEFINITIONAL_REPRESENTATION('',(#7759),#7762);
#7759 = B_SPLINE_CURVE_WITH_KNOTS('',1,(#7760,#7761),.UNSPECIFIED.,.F.,
  .F.,(2,2),(3.174529183569,4.56534591263),.PIECEWISE_BEZIER_KNOTS.);
#7760 = CARTESIAN_POINT('',(3.174529183569,0.));
#7761 = CARTESIAN_POINT('',(4.565345916049,0.));
#7762 = ( GEOMETRIC_REPRESENTATION_CONTEXT(2) 
PARAMETRIC_REPRESENTATION_CONTEXT() REPRESENTATION_CONTEXT('2D SPACE',''
  ) );
#7763 = ORIENTED_EDGE('',*,*,#5179,.T.);
#7764 = ORIENTED_EDGE('',*,*,#7765,.F.);
#7765 = EDGE_CURVE('',#7766,#4929,#7768,.T.);
#7766 = VERTEX_POINT('',#7767);
#7767 = CARTESIAN_POINT('',(65.,-21.,258.3551729833));
#7768 = SURFACE_CURVE('',#7769,(#7774,#7781),.PCURVE_S1.);
#7769 = ELLIPSE('',#7770,32.8,27.8);
#7770 = AXIS2_PLACEMENT_3D('',#7771,#7772,#7773);
#7771 = CARTESIAN_POINT('',(65.,0.,237.));
#7772 = DIRECTION('',(1.,0.,0.));
#7773 = DIRECTION('',(-0.,1.,0.));
#7774 = PCURVE('',#2562,#7775);
#7775 = DEFINITIONAL_REPRESENTATION('',(#7776),#7780);
#7776 = LINE('',#7777,#7778);
#7777 = CARTESIAN_POINT('',(0.,1.));
#7778 = VECTOR('',#7779,1.);
#7779 = DIRECTION('',(1.,0.));
#7780 = ( GEOMETRIC_REPRESENTATION_CONTEXT(2) 
PARAMETRIC_REPRESENTATION_CONTEXT() REPRESENTATION_CONTEXT('2D SPACE',''
  ) );
#7781 = PCURVE('',#3695,#7782);
#7782 = DEFINITIONAL_REPRESENTATION('',(#7783),#7787);
#7783 = LINE('',#7784,#7785);
#7784 = CARTESIAN_POINT('',(0.,0.));
#7785 = VECTOR('',#7786,1.);
#7786 = DIRECTION('',(1.,0.));
#7787 = ( GEOMETRIC_REPRESENTATION_CONTEXT(2) 
PARAMETRIC_REPRESENTATION_CONTEXT() REPRESENTATION_CONTEXT('2D SPACE',''
  ) );
#7788 = ORIENTED_EDGE('',*,*,#7789,.F.);
#7789 = EDGE_CURVE('',#7790,#7766,#7792,.T.);
#7790 = VERTEX_POINT('',#7791);
#7791 = CARTESIAN_POINT('',(57.,-21.,248.70349738893));
#7792 = SURFACE_CURVE('',#7793,(#7802,#7814),.PCURVE_S1.);
#7793 = B_SPLINE_CURVE_WITH_KNOTS('',7,(#7794,#7795,#7796,#7797,#7798,
    #7799,#7800,#7801),.UNSPECIFIED.,.F.,.F.,(8,8),(0.,1.),
  .PIECEWISE_BEZIER_KNOTS.);
#7794 = CARTESIAN_POINT('',(57.,-21.,248.70349738893));
#7795 = CARTESIAN_POINT('',(58.091865231573,-21.,250.12343517441));
#7796 = CARTESIAN_POINT('',(59.206185920844,-21.,251.52601323));
#7797 = CARTESIAN_POINT('',(60.338700968589,-21.,252.91403892476));
#7798 = CARTESIAN_POINT('',(61.486397117068,-21.,254.28948691403));
#7799 = CARTESIAN_POINT('',(62.646953443911,-21.,255.65395694441));
#7800 = CARTESIAN_POINT('',(63.818604612412,-21.,257.00878788331));
#7801 = CARTESIAN_POINT('',(65.,-21.,258.35517301874));
#7802 = PCURVE('',#2562,#7803);
#7803 = DEFINITIONAL_REPRESENTATION('',(#7804),#7813);
#7804 = B_SPLINE_CURVE_WITH_KNOTS('',7,(#7805,#7806,#7807,#7808,#7809,
    #7810,#7811,#7812),.UNSPECIFIED.,.F.,.F.,(8,8),(0.,1.),
  .PIECEWISE_BEZIER_KNOTS.);
#7805 = CARTESIAN_POINT('',(2.43544844131,0.6));
#7806 = CARTESIAN_POINT('',(2.405297386963,0.654593261579));
#7807 = CARTESIAN_POINT('',(2.377578876589,0.710309296042));
#7808 = CARTESIAN_POINT('',(2.351943361724,0.766935048429));
#7809 = CARTESIAN_POINT('',(2.328126640516,0.824319855853));
#7810 = CARTESIAN_POINT('',(2.305913088553,0.882347672196));
#7811 = CARTESIAN_POINT('',(2.285124966008,0.940930230621));
#7812 = CARTESIAN_POINT('',(2.265612060713,1.));
#7813 = ( GEOMETRIC_REPRESENTATION_CONTEXT(2) 
PARAMETRIC_REPRESENTATION_CONTEXT() REPRESENTATION_CONTEXT('2D SPACE',''
  ) );
#7814 = PCURVE('',#7815,#7820);
#7815 = PLANE('',#7816);
#7816 = AXIS2_PLACEMENT_3D('',#7817,#7818,#7819);
#7817 = CARTESIAN_POINT('',(57.,-21.,222.));
#7818 = DIRECTION('',(0.,1.,0.));
#7819 = DIRECTION('',(0.,-0.,1.));
#7820 = DEFINITIONAL_REPRESENTATION('',(#7821),#7830);
#7821 = B_SPLINE_CURVE_WITH_KNOTS('',7,(#7822,#7823,#7824,#7825,#7826,
    #7827,#7828,#7829),.UNSPECIFIED.,.F.,.F.,(8,8),(0.,1.),
  .PIECEWISE_BEZIER_KNOTS.);
#7822 = CARTESIAN_POINT('',(26.70349738893,0.));
#7823 = CARTESIAN_POINT('',(28.12343517441,1.091865231573));
#7824 = CARTESIAN_POINT('',(29.52601323,2.206185920844));
#7825 = CARTESIAN_POINT('',(30.91403892476,3.338700968589));
#7826 = CARTESIAN_POINT('',(32.28948691403,4.486397117068));
#7827 = CARTESIAN_POINT('',(33.65395694441,5.646953443911));
#7828 = CARTESIAN_POINT('',(35.00878788331,6.818604612412));
#7829 = CARTESIAN_POINT('',(36.35517301874,8.));
#7830 = ( GEOMETRIC_REPRESENTATION_CONTEXT(2) 
PARAMETRIC_REPRESENTATION_CONTEXT() REPRESENTATION_CONTEXT('2D SPACE',''
  ) );
#7831 = ORIENTED_EDGE('',*,*,#7832,.T.);
#7832 = EDGE_CURVE('',#7790,#7833,#7835,.T.);
#7833 = VERTEX_POINT('',#7834);
#7834 = CARTESIAN_POINT('',(57.,-19.,250.55288342401));
#7835 = SURFACE_CURVE('',#7836,(#7843,#7853),.PCURVE_S1.);
#7836 = B_SPLINE_CURVE_WITH_KNOTS('',5,(#7837,#7838,#7839,#7840,#7841,
    #7842),.UNSPECIFIED.,.F.,.F.,(6,6),(0.,1.),
  .PIECEWISE_BEZIER_KNOTS.);
#7837 = CARTESIAN_POINT('',(57.,-21.,248.70349738893));
#7838 = CARTESIAN_POINT('',(57.,-20.61996966374,249.09420668605));
#7839 = CARTESIAN_POINT('',(57.,-20.22944669763,249.47471401697));
#7840 = CARTESIAN_POINT('',(57.,-19.82894270584,249.84478652235));
#7841 = CARTESIAN_POINT('',(57.,-19.41896306575,250.20423039512));
#7842 = CARTESIAN_POINT('',(57.,-19.,250.55288342401));
#7843 = PCURVE('',#2562,#7844);
#7844 = DEFINITIONAL_REPRESENTATION('',(#7845),#7852);
#7845 = B_SPLINE_CURVE_WITH_KNOTS('',5,(#7846,#7847,#7848,#7849,#7850,
    #7851),.UNSPECIFIED.,.F.,.F.,(6,6),(0.,1.),
  .PIECEWISE_BEZIER_KNOTS.);
#7846 = CARTESIAN_POINT('',(2.43544844131,0.6));
#7847 = CARTESIAN_POINT('',(2.414229282498,0.6));
#7848 = CARTESIAN_POINT('',(2.393084190266,0.6));
#7849 = CARTESIAN_POINT('',(2.372012607752,0.6));
#7850 = CARTESIAN_POINT('',(2.351013448276,0.6));
#7851 = CARTESIAN_POINT('',(2.33008516744,0.6));
#7852 = ( GEOMETRIC_REPRESENTATION_CONTEXT(2) 
PARAMETRIC_REPRESENTATION_CONTEXT() REPRESENTATION_CONTEXT('2D SPACE',''
  ) );
#7853 = PCURVE('',#7854,#7859);
#7854 = PLANE('',#7855);
#7855 = AXIS2_PLACEMENT_3D('',#7856,#7857,#7858);
#7856 = CARTESIAN_POINT('',(57.,-21.,222.));
#7857 = DIRECTION('',(1.,0.,0.));
#7858 = DIRECTION('',(0.,0.,1.));
#7859 = DEFINITIONAL_REPRESENTATION('',(#7860),#7867);
#7860 = B_SPLINE_CURVE_WITH_KNOTS('',5,(#7861,#7862,#7863,#7864,#7865,
    #7866),.UNSPECIFIED.,.F.,.F.,(6,6),(0.,1.),
  .PIECEWISE_BEZIER_KNOTS.);
#7861 = CARTESIAN_POINT('',(26.70349738893,0.));
#7862 = CARTESIAN_POINT('',(27.09420668605,-0.38003033626));
#7863 = CARTESIAN_POINT('',(27.47471401697,-0.77055330237));
#7864 = CARTESIAN_POINT('',(27.84478652235,-1.17105729416));
#7865 = CARTESIAN_POINT('',(28.20423039512,-1.58103693425));
#7866 = CARTESIAN_POINT('',(28.55288342401,-2.));
#7867 = ( GEOMETRIC_REPRESENTATION_CONTEXT(2) 
PARAMETRIC_REPRESENTATION_CONTEXT() REPRESENTATION_CONTEXT('2D SPACE',''
  ) );
#7868 = ORIENTED_EDGE('',*,*,#7869,.T.);
#7869 = EDGE_CURVE('',#7833,#7870,#7872,.T.);
#7870 = VERTEX_POINT('',#7871);
#7871 = CARTESIAN_POINT('',(65.,-19.,259.66080717311));
#7872 = SURFACE_CURVE('',#7873,(#7882,#7894),.PCURVE_S1.);
#7873 = B_SPLINE_CURVE_WITH_KNOTS('',7,(#7874,#7875,#7876,#7877,#7878,
    #7879,#7880,#7881),.UNSPECIFIED.,.F.,.F.,(8,8),(0.,1.),
  .PIECEWISE_BEZIER_KNOTS.);
#7874 = CARTESIAN_POINT('',(57.,-19.,250.55288342401));
#7875 = CARTESIAN_POINT('',(58.109429492824,-19.,251.88283128761));
#7876 = CARTESIAN_POINT('',(59.233221625505,-19.,253.20076058612));
#7877 = CARTESIAN_POINT('',(60.368919963571,-19.,254.50848983167));
#7878 = CARTESIAN_POINT('',(61.514717355023,-19.,255.80735751373));
#7879 = CARTESIAN_POINT('',(62.669197773494,-19.,257.09844828222));
#7880 = CARTESIAN_POINT('',(63.831251051451,-19.,258.38266796348));
#7881 = CARTESIAN_POINT('',(65.,-19.,259.66080721174));
#7882 = PCURVE('',#2562,#7883);
#7883 = DEFINITIONAL_REPRESENTATION('',(#7884),#7893);
#7884 = B_SPLINE_CURVE_WITH_KNOTS('',7,(#7885,#7886,#7887,#7888,#7889,
    #7890,#7891,#7892),.UNSPECIFIED.,.F.,.F.,(8,8),(0.,1.),
  .PIECEWISE_BEZIER_KNOTS.);
#7885 = CARTESIAN_POINT('',(2.33008516744,0.6));
#7886 = CARTESIAN_POINT('',(2.305287239249,0.655471474641));
#7887 = CARTESIAN_POINT('',(2.282360985321,0.711661081275));
#7888 = CARTESIAN_POINT('',(2.261056006847,0.768445998178));
#7889 = CARTESIAN_POINT('',(2.241177490756,0.825735867751));
#7890 = CARTESIAN_POINT('',(2.222565379214,0.883459888675));
#7891 = CARTESIAN_POINT('',(2.205086326862,0.941562552573));
#7892 = CARTESIAN_POINT('',(2.188627081341,1.));
#7893 = ( GEOMETRIC_REPRESENTATION_CONTEXT(2) 
PARAMETRIC_REPRESENTATION_CONTEXT() REPRESENTATION_CONTEXT('2D SPACE',''
  ) );
#7894 = PCURVE('',#7895,#7900);
#7895 = PLANE('',#7896);
#7896 = AXIS2_PLACEMENT_3D('',#7897,#7898,#7899);
#7897 = CARTESIAN_POINT('',(57.,-19.,222.));
#7898 = DIRECTION('',(0.,1.,0.));
#7899 = DIRECTION('',(0.,-0.,1.));
#7900 = DEFINITIONAL_REPRESENTATION('',(#7901),#7910);
#7901 = B_SPLINE_CURVE_WITH_KNOTS('',7,(#7902,#7903,#7904,#7905,#7906,
    #7907,#7908,#7909),.UNSPECIFIED.,.F.,.F.,(8,8),(0.,1.),
  .PIECEWISE_BEZIER_KNOTS.);
#7902 = CARTESIAN_POINT('',(28.55288342401,0.));
#7903 = CARTESIAN_POINT('',(29.88283128761,1.109429492824));
#7904 = CARTESIAN_POINT('',(31.20076058612,2.233221625505));
#7905 = CARTESIAN_POINT('',(32.50848983167,3.368919963571));
#7906 = CARTESIAN_POINT('',(33.80735751373,4.514717355023));
#7907 = CARTESIAN_POINT('',(35.09844828222,5.669197773494));
#7908 = CARTESIAN_POINT('',(36.38266796348,6.831251051451));
#7909 = CARTESIAN_POINT('',(37.66080721174,8.));
#7910 = ( GEOMETRIC_REPRESENTATION_CONTEXT(2) 
PARAMETRIC_REPRESENTATION_CONTEXT() REPRESENTATION_CONTEXT('2D SPACE',''
  ) );
#7911 = ORIENTED_EDGE('',*,*,#7912,.F.);
#7912 = EDGE_CURVE('',#7913,#7870,#7915,.T.);
#7913 = VERTEX_POINT('',#7914);
#7914 = CARTESIAN_POINT('',(65.,19.,259.66080717311));
#7915 = SURFACE_CURVE('',#7916,(#7921,#7928),.PCURVE_S1.);
#7916 = ELLIPSE('',#7917,32.8,27.8);
#7917 = AXIS2_PLACEMENT_3D('',#7918,#7919,#7920);
#7918 = CARTESIAN_POINT('',(65.,0.,237.));
#7919 = DIRECTION('',(1.,0.,0.));
#7920 = DIRECTION('',(-0.,1.,0.));
#7921 = PCURVE('',#2562,#7922);
#7922 = DEFINITIONAL_REPRESENTATION('',(#7923),#7927);
#7923 = LINE('',#7924,#7925);
#7924 = CARTESIAN_POINT('',(0.,1.));
#7925 = VECTOR('',#7926,1.);
#7926 = DIRECTION('',(1.,0.));
#7927 = ( GEOMETRIC_REPRESENTATION_CONTEXT(2) 
PARAMETRIC_REPRESENTATION_CONTEXT() REPRESENTATION_CONTEXT('2D SPACE',''
  ) );
#7928 = PCURVE('',#3695,#7929);
#7929 = DEFINITIONAL_REPRESENTATION('',(#7930),#7934);
#7930 = LINE('',#7931,#7932);
#7931 = CARTESIAN_POINT('',(0.,0.));
#7932 = VECTOR('',#7933,1.);
#7933 = DIRECTION('',(1.,0.));
#7934 = ( GEOMETRIC_REPRESENTATION_CONTEXT(2) 
PARAMETRIC_REPRESENTATION_CONTEXT() REPRESENTATION_CONTEXT('2D SPACE',''
  ) );
#7935 = ORIENTED_EDGE('',*,*,#7936,.F.);
#7936 = EDGE_CURVE('',#7937,#7913,#7939,.T.);
#7937 = VERTEX_POINT('',#7938);
#7938 = CARTESIAN_POINT('',(57.,19.,250.55288340887));
#7939 = SURFACE_CURVE('',#7940,(#7949,#7961),.PCURVE_S1.);
#7940 = B_SPLINE_CURVE_WITH_KNOTS('',7,(#7941,#7942,#7943,#7944,#7945,
    #7946,#7947,#7948),.UNSPECIFIED.,.F.,.F.,(8,8),(0.,1.),
  .PIECEWISE_BEZIER_KNOTS.);
#7941 = CARTESIAN_POINT('',(57.,19.,250.55288340887));
#7942 = CARTESIAN_POINT('',(58.109429492177,19.,251.88283127588));
#7943 = CARTESIAN_POINT('',(59.233221624385,19.,253.20076057771));
#7944 = CARTESIAN_POINT('',(60.368919962219,19.,254.50848982639));
#7945 = CARTESIAN_POINT('',(61.514717353696,19.,255.80735751138));
#7946 = CARTESIAN_POINT('',(62.669197772409,19.,257.09844828262));
#7947 = CARTESIAN_POINT('',(63.83125105082,19.,258.38266796646));
#7948 = CARTESIAN_POINT('',(65.,19.,259.66080721713));
#7949 = PCURVE('',#2562,#7950);
#7950 = DEFINITIONAL_REPRESENTATION('',(#7951),#7960);
#7951 = B_SPLINE_CURVE_WITH_KNOTS('',7,(#7952,#7953,#7954,#7955,#7956,
    #7957,#7958,#7959),.UNSPECIFIED.,.F.,.F.,(8,8),(0.,1.),
  .PIECEWISE_BEZIER_KNOTS.);
#7952 = CARTESIAN_POINT('',(0.81150748623,0.6));
#7953 = CARTESIAN_POINT('',(0.83630541445,0.655471474609));
#7954 = CARTESIAN_POINT('',(0.859231668403,0.711661081219));
#7955 = CARTESIAN_POINT('',(0.880536646898,0.768445998111));
#7956 = CARTESIAN_POINT('',(0.900415163009,0.825735867685));
#7957 = CARTESIAN_POINT('',(0.919027274568,0.88345988862));
#7958 = CARTESIAN_POINT('',(0.936506326936,0.941562552541));
#7959 = CARTESIAN_POINT('',(0.95296557247,1.));
#7960 = ( GEOMETRIC_REPRESENTATION_CONTEXT(2) 
PARAMETRIC_REPRESENTATION_CONTEXT() REPRESENTATION_CONTEXT('2D SPACE',''
  ) );
#7961 = PCURVE('',#7962,#7967);
#7962 = PLANE('',#7963);
#7963 = AXIS2_PLACEMENT_3D('',#7964,#7965,#7966);
#7964 = CARTESIAN_POINT('',(57.,19.,222.));
#7965 = DIRECTION('',(0.,1.,0.));
#7966 = DIRECTION('',(0.,-0.,1.));
#7967 = DEFINITIONAL_REPRESENTATION('',(#7968),#7977);
#7968 = B_SPLINE_CURVE_WITH_KNOTS('',7,(#7969,#7970,#7971,#7972,#7973,
    #7974,#7975,#7976),.UNSPECIFIED.,.F.,.F.,(8,8),(0.,1.),
  .PIECEWISE_BEZIER_KNOTS.);
#7969 = CARTESIAN_POINT('',(28.55288340887,0.));
#7970 = CARTESIAN_POINT('',(29.88283127588,1.109429492177));
#7971 = CARTESIAN_POINT('',(31.20076057771,2.233221624385));
#7972 = CARTESIAN_POINT('',(32.50848982639,3.368919962219));
#7973 = CARTESIAN_POINT('',(33.80735751138,4.514717353696));
#7974 = CARTESIAN_POINT('',(35.09844828262,5.669197772409));
#7975 = CARTESIAN_POINT('',(36.38266796646,6.83125105082));
#7976 = CARTESIAN_POINT('',(37.66080721713,8.));
#7977 = ( GEOMETRIC_REPRESENTATION_CONTEXT(2) 
PARAMETRIC_REPRESENTATION_CONTEXT() REPRESENTATION_CONTEXT('2D SPACE',''
  ) );
#7978 = ORIENTED_EDGE('',*,*,#7979,.T.);
#7979 = EDGE_CURVE('',#7937,#7980,#7982,.T.);
#7980 = VERTEX_POINT('',#7981);
#7981 = CARTESIAN_POINT('',(57.,21.,248.70349735477));
#7982 = SURFACE_CURVE('',#7983,(#7990,#8000),.PCURVE_S1.);
#7983 = B_SPLINE_CURVE_WITH_KNOTS('',5,(#7984,#7985,#7986,#7987,#7988,
    #7989),.UNSPECIFIED.,.F.,.F.,(6,6),(0.,1.),
  .PIECEWISE_BEZIER_KNOTS.);
#7984 = CARTESIAN_POINT('',(57.,19.,250.55288340887));
#7985 = CARTESIAN_POINT('',(57.,19.418963071139,250.20423037169));
#7986 = CARTESIAN_POINT('',(57.,19.828942709275,249.8447864961));
#7987 = CARTESIAN_POINT('',(57.,20.229446693756,249.47471399306));
#7988 = CARTESIAN_POINT('',(57.,20.619969655218,249.09420666404));
#7989 = CARTESIAN_POINT('',(57.,21.,248.70349735477));
#7990 = PCURVE('',#2562,#7991);
#7991 = DEFINITIONAL_REPRESENTATION('',(#7992),#7999);
#7992 = B_SPLINE_CURVE_WITH_KNOTS('',5,(#7993,#7994,#7995,#7996,#7997,
    #7998),.UNSPECIFIED.,.F.,.F.,(6,6),(0.,1.),
  .PIECEWISE_BEZIER_KNOTS.);
#7993 = CARTESIAN_POINT('',(0.81150748623,0.6));
#7994 = CARTESIAN_POINT('',(0.790579205088,0.6));
#7995 = CARTESIAN_POINT('',(0.769580045654,0.6));
#7996 = CARTESIAN_POINT('',(0.748508463463,0.6));
#7997 = CARTESIAN_POINT('',(0.727363371465,0.6));
#7998 = CARTESIAN_POINT('',(0.706144212121,0.6));
#7999 = ( GEOMETRIC_REPRESENTATION_CONTEXT(2) 
PARAMETRIC_REPRESENTATION_CONTEXT() REPRESENTATION_CONTEXT('2D SPACE',''
  ) );
#8000 = PCURVE('',#8001,#8006);
#8001 = PLANE('',#8002);
#8002 = AXIS2_PLACEMENT_3D('',#8003,#8004,#8005);
#8003 = CARTESIAN_POINT('',(57.,19.,222.));
#8004 = DIRECTION('',(1.,0.,0.));
#8005 = DIRECTION('',(0.,0.,1.));
#8006 = DEFINITIONAL_REPRESENTATION('',(#8007),#8014);
#8007 = B_SPLINE_CURVE_WITH_KNOTS('',5,(#8008,#8009,#8010,#8011,#8012,
    #8013),.UNSPECIFIED.,.F.,.F.,(6,6),(0.,1.),
  .PIECEWISE_BEZIER_KNOTS.);
#8008 = CARTESIAN_POINT('',(28.55288340887,0.));
#8009 = CARTESIAN_POINT('',(28.20423037169,-0.418963071139));
#8010 = CARTESIAN_POINT('',(27.8447864961,-0.828942709275));
#8011 = CARTESIAN_POINT('',(27.47471399306,-1.229446693756));
#8012 = CARTESIAN_POINT('',(27.09420666404,-1.619969655218));
#8013 = CARTESIAN_POINT('',(26.70349735477,-2.));
#8014 = ( GEOMETRIC_REPRESENTATION_CONTEXT(2) 
PARAMETRIC_REPRESENTATION_CONTEXT() REPRESENTATION_CONTEXT('2D SPACE',''
  ) );
#8015 = ORIENTED_EDGE('',*,*,#8016,.T.);
#8016 = EDGE_CURVE('',#7980,#7326,#8017,.T.);
#8017 = SURFACE_CURVE('',#8018,(#8027,#8039),.PCURVE_S1.);
#8018 = B_SPLINE_CURVE_WITH_KNOTS('',7,(#8019,#8020,#8021,#8022,#8023,
    #8024,#8025,#8026),.UNSPECIFIED.,.F.,.F.,(8,8),(0.,1.),
  .PIECEWISE_BEZIER_KNOTS.);
#8019 = CARTESIAN_POINT('',(57.,21.,248.70349735477));
#8020 = CARTESIAN_POINT('',(58.091865231541,21.,250.12343514431));
#8021 = CARTESIAN_POINT('',(59.20618592048,21.,251.52601320428));
#8022 = CARTESIAN_POINT('',(60.33870096788,21.,252.91403890342));
#8023 = CARTESIAN_POINT('',(61.486397116214,21.,254.28948689704));
#8024 = CARTESIAN_POINT('',(62.646953443098,21.,255.65395693156));
#8025 = CARTESIAN_POINT('',(63.818604611897,21.,257.00878787447));
#8026 = CARTESIAN_POINT('',(65.,21.,258.35517301371));
#8027 = PCURVE('',#2562,#8028);
#8028 = DEFINITIONAL_REPRESENTATION('',(#8029),#8038);
#8029 = B_SPLINE_CURVE_WITH_KNOTS('',7,(#8030,#8031,#8032,#8033,#8034,
    #8035,#8036,#8037),.UNSPECIFIED.,.F.,.F.,(8,8),(0.,1.),
  .PIECEWISE_BEZIER_KNOTS.);
#8030 = CARTESIAN_POINT('',(0.706144212121,0.6));
#8031 = CARTESIAN_POINT('',(0.736295266547,0.654593261577));
#8032 = CARTESIAN_POINT('',(0.764013776982,0.710309296024));
#8033 = CARTESIAN_POINT('',(0.789649291895,0.766935048394));
#8034 = CARTESIAN_POINT('',(0.813466013146,0.824319855811));
#8035 = CARTESIAN_POINT('',(0.835679565146,0.882347672155));
#8036 = CARTESIAN_POINT('',(0.856467687724,0.940930230595));
#8037 = CARTESIAN_POINT('',(0.875980593048,1.));
#8038 = ( GEOMETRIC_REPRESENTATION_CONTEXT(2) 
PARAMETRIC_REPRESENTATION_CONTEXT() REPRESENTATION_CONTEXT('2D SPACE',''
  ) );
#8039 = PCURVE('',#8040,#8045);
#8040 = PLANE('',#8041);
#8041 = AXIS2_PLACEMENT_3D('',#8042,#8043,#8044);
#8042 = CARTESIAN_POINT('',(57.,21.,222.));
#8043 = DIRECTION('',(0.,1.,0.));
#8044 = DIRECTION('',(0.,-0.,1.));
#8045 = DEFINITIONAL_REPRESENTATION('',(#8046),#8055);
#8046 = B_SPLINE_CURVE_WITH_KNOTS('',7,(#8047,#8048,#8049,#8050,#8051,
    #8052,#8053,#8054),.UNSPECIFIED.,.F.,.F.,(8,8),(0.,1.),
  .PIECEWISE_BEZIER_KNOTS.);
#8047 = CARTESIAN_POINT('',(26.70349735477,0.));
#8048 = CARTESIAN_POINT('',(28.12343514431,1.091865231541));
#8049 = CARTESIAN_POINT('',(29.52601320428,2.20618592048));
#8050 = CARTESIAN_POINT('',(30.91403890342,3.33870096788));
#8051 = CARTESIAN_POINT('',(32.28948689704,4.486397116214));
#8052 = CARTESIAN_POINT('',(33.65395693156,5.646953443098));
#8053 = CARTESIAN_POINT('',(35.00878787447,6.818604611897));
#8054 = CARTESIAN_POINT('',(36.35517301371,8.));
#8055 = ( GEOMETRIC_REPRESENTATION_CONTEXT(2) 
PARAMETRIC_REPRESENTATION_CONTEXT() REPRESENTATION_CONTEXT('2D SPACE',''
  ) );
#8056 = FACE_BOUND('',#8057,.F.);
#8057 = EDGE_LOOP('',(#8058,#8130));
#8058 = ORIENTED_EDGE('',*,*,#8059,.F.);
#8059 = EDGE_CURVE('',#8060,#8062,#8064,.T.);
#8060 = VERTEX_POINT('',#8061);
#8061 = CARTESIAN_POINT('',(56.495733398639,-21.,217.45239844374));
#8062 = VERTEX_POINT('',#8063);
#8063 = CARTESIAN_POINT('',(63.599581298832,-21.,215.85277197293));
#8064 = SURFACE_CURVE('',#8065,(#8083,#8104),.PCURVE_S1.);
#8065 = B_SPLINE_CURVE_WITH_KNOTS('',6,(#8066,#8067,#8068,#8069,#8070,
    #8071,#8072,#8073,#8074,#8075,#8076,#8077,#8078,#8079,#8080,#8081,
    #8082),.UNSPECIFIED.,.F.,.F.,(7,5,5,7),(0.,0.445915019628,
    0.879697679876,1.),.UNSPECIFIED.);
#8066 = CARTESIAN_POINT('',(54.929080984891,-21.,218.));
#8067 = CARTESIAN_POINT('',(55.648017220512,-21.,217.72377894547));
#8068 = CARTESIAN_POINT('',(56.377021537474,-21.,217.47399952488));
#8069 = CARTESIAN_POINT('',(57.113452669583,-21.,217.24666165869));
#8070 = CARTESIAN_POINT('',(57.85543702003,-21.,217.03877692333));
#8071 = CARTESIAN_POINT('',(58.601719698436,-21.,216.84788900742));
#8072 = CARTESIAN_POINT('',(60.081148962331,-21.,216.50084133418));
#8073 = CARTESIAN_POINT('',(60.813982222425,-21.,216.3439050202));
#8074 = CARTESIAN_POINT('',(61.549393199183,-21.,216.19931752878));
#8075 = CARTESIAN_POINT('',(62.286833129996,-21.,216.06566190515));
#8076 = CARTESIAN_POINT('',(63.0259110643,-21.,215.941765728));
#8077 = CARTESIAN_POINT('',(63.971741798489,-21.,215.79472302469));
#8078 = CARTESIAN_POINT('',(64.177205109194,-21.,215.76347274895));
#8079 = CARTESIAN_POINT('',(64.382767946591,-21.,215.7328772));
#8080 = CARTESIAN_POINT('',(64.588424716858,-21.,215.70291666661));
#8081 = CARTESIAN_POINT('',(64.794170290031,-21.,215.67357247349));
#8082 = CARTESIAN_POINT('',(65.,-21.,215.64482698125));
#8083 = PCURVE('',#2562,#8084);
#8084 = DEFINITIONAL_REPRESENTATION('',(#8085),#8103);
#8085 = B_SPLINE_CURVE_WITH_KNOTS('',6,(#8086,#8087,#8088,#8089,#8090,
    #8091,#8092,#8093,#8094,#8095,#8096,#8097,#8098,#8099,#8100,#8101,
    #8102),.UNSPECIFIED.,.F.,.F.,(7,5,5,7),(0.,0.445915019628,
    0.879697679876,1.),.UNSPECIFIED.);
#8086 = CARTESIAN_POINT('',(3.785291936298,0.496454049245));
#8087 = CARTESIAN_POINT('',(3.809014919578,0.532400861026));
#8088 = CARTESIAN_POINT('',(3.831156657998,0.568851076874));
#8089 = CARTESIAN_POINT('',(3.851906719966,0.605672633479));
#8090 = CARTESIAN_POINT('',(3.871417076561,0.642771851001));
#8091 = CARTESIAN_POINT('',(3.889819418952,0.680085984922));
#8092 = CARTESIAN_POINT('',(3.924164002813,0.754057448117));
#8093 = CARTESIAN_POINT('',(3.940156842801,0.790699111121));
#8094 = CARTESIAN_POINT('',(3.955310408327,0.827469659959));
#8095 = CARTESIAN_POINT('',(3.969707097311,0.8643416565));
#8096 = CARTESIAN_POINT('',(3.983417037513,0.901295553215));
#8097 = CARTESIAN_POINT('',(4.000129138141,0.948587089924));
#8098 = CARTESIAN_POINT('',(4.003709447421,0.95886025546));
#8099 = CARTESIAN_POINT('',(4.007242824933,0.96913839733));
#8100 = CARTESIAN_POINT('',(4.010730486588,0.979421235843));
#8101 = CARTESIAN_POINT('',(4.014173592397,0.989708514502));
#8102 = CARTESIAN_POINT('',(4.017573246466,1.));
#8103 = ( GEOMETRIC_REPRESENTATION_CONTEXT(2) 
PARAMETRIC_REPRESENTATION_CONTEXT() REPRESENTATION_CONTEXT('2D SPACE',''
  ) );
#8104 = PCURVE('',#8105,#8110);
#8105 = PLANE('',#8106);
#8106 = AXIS2_PLACEMENT_3D('',#8107,#8108,#8109);
#8107 = CARTESIAN_POINT('',(59.,-21.,212.));
#8108 = DIRECTION('',(-0.,-1.,-0.));
#8109 = DIRECTION('',(0.,0.,-1.));
#8110 = DEFINITIONAL_REPRESENTATION('',(#8111),#8129);
#8111 = B_SPLINE_CURVE_WITH_KNOTS('',6,(#8112,#8113,#8114,#8115,#8116,
    #8117,#8118,#8119,#8120,#8121,#8122,#8123,#8124,#8125,#8126,#8127,
    #8128),.UNSPECIFIED.,.F.,.F.,(7,5,5,7),(0.,0.445915019628,
    0.879697679876,1.),.UNSPECIFIED.);
#8112 = CARTESIAN_POINT('',(-6.,-4.070919015109));
#8113 = CARTESIAN_POINT('',(-5.72377894547,-3.351982779488));
#8114 = CARTESIAN_POINT('',(-5.47399952488,-2.622978462526));
#8115 = CARTESIAN_POINT('',(-5.24666165869,-1.886547330417));
#8116 = CARTESIAN_POINT('',(-5.03877692333,-1.14456297997));
#8117 = CARTESIAN_POINT('',(-4.84788900742,-0.398280301564));
#8118 = CARTESIAN_POINT('',(-4.50084133418,1.081148962331));
#8119 = CARTESIAN_POINT('',(-4.3439050202,1.813982222425));
#8120 = CARTESIAN_POINT('',(-4.19931752878,2.549393199183));
#8121 = CARTESIAN_POINT('',(-4.06566190515,3.286833129996));
#8122 = CARTESIAN_POINT('',(-3.941765728,4.0259110643));
#8123 = CARTESIAN_POINT('',(-3.79472302469,4.971741798489));
#8124 = CARTESIAN_POINT('',(-3.76347274895,5.177205109194));
#8125 = CARTESIAN_POINT('',(-3.7328772,5.382767946591));
#8126 = CARTESIAN_POINT('',(-3.70291666661,5.588424716858));
#8127 = CARTESIAN_POINT('',(-3.67357247349,5.794170290031));
#8128 = CARTESIAN_POINT('',(-3.64482698125,6.));
#8129 = ( GEOMETRIC_REPRESENTATION_CONTEXT(2) 
PARAMETRIC_REPRESENTATION_CONTEXT() REPRESENTATION_CONTEXT('2D SPACE',''
  ) );
#8130 = ORIENTED_EDGE('',*,*,#8131,.T.);
#8131 = EDGE_CURVE('',#8060,#8062,#8132,.T.);
#8132 = SURFACE_CURVE('',#8133,(#8184,#8238),.PCURVE_S1.);
#8133 = B_SPLINE_CURVE_WITH_KNOTS('',7,(#8134,#8135,#8136,#8137,#8138,
    #8139,#8140,#8141,#8142,#8143,#8144,#8145,#8146,#8147,#8148,#8149,
    #8150,#8151,#8152,#8153,#8154,#8155,#8156,#8157,#8158,#8159,#8160,
    #8161,#8162,#8163,#8164,#8165,#8166,#8167,#8168,#8169,#8170,#8171,
    #8172,#8173,#8174,#8175,#8176,#8177,#8178,#8179,#8180,#8181,#8182,
    #8183),.UNSPECIFIED.,.F.,.F.,(8,6,6,6,6,6,6,6,8),(0.,0.330017036176,
    0.422846775786,0.470921639931,0.567757165442,0.65903733384,
    0.702253336409,0.78045788707,1.),.UNSPECIFIED.);
#8134 = CARTESIAN_POINT('',(56.495732579838,-20.9999994,217.45239806766)
  );
#8135 = CARTESIAN_POINT('',(56.783381833584,-21.21078274437,
    217.58451436689));
#8136 = CARTESIAN_POINT('',(57.087885343363,-21.41332622364,
    217.7029332703));
#8137 = CARTESIAN_POINT('',(57.410515148896,-21.6068200908,
    217.80589189427));
#8138 = CARTESIAN_POINT('',(57.75197533252,-21.78924356609,
    217.8906799753));
#8139 = CARTESIAN_POINT('',(58.11226758274,-21.95739197848,
    217.95379794917));
#8140 = CARTESIAN_POINT('',(58.490520931686,-22.10697558573,
    217.99136909401));
#8141 = CARTESIAN_POINT('',(58.996614518906,-22.26721086058,
    218.00102803127));
#8142 = CARTESIAN_POINT('',(59.108969818837,-22.30042387141,
    218.00077064345));
#8143 = CARTESIAN_POINT('',(59.222507432743,-22.33153324151,
    217.99804081009));
#8144 = CARTESIAN_POINT('',(59.337134732854,-22.3603858243,
    217.99274401123));
#8145 = CARTESIAN_POINT('',(59.452732151562,-22.38681971227,
    217.98479162838));
#8146 = CARTESIAN_POINT('',(59.569151226066,-22.41066924979,
    217.97410678477));
#8147 = CARTESIAN_POINT('',(59.746836660056,-22.44269777113,
    217.95365089547));
#8148 = CARTESIAN_POINT('',(59.807632209991,-22.45288818633,
    217.94592296477));
#8149 = CARTESIAN_POINT('',(59.86857360378,-22.4623184677,
    217.93743835232));
#8150 = CARTESIAN_POINT('',(59.92963282124,-22.47096599343,
    217.92819040187));
#8151 = CARTESIAN_POINT('',(59.990779463106,-22.47880872051,
    217.91817416868));
#8152 = CARTESIAN_POINT('',(60.051980703091,-22.48582556158,
    217.90738674614));
#8153 = CARTESIAN_POINT('',(60.236515636429,-22.50442719575,
    217.87254439137));
#8154 = CARTESIAN_POINT('',(60.359924822018,-22.51342813397,
    217.8461269338));
#8155 = CARTESIAN_POINT('',(60.483117278694,-22.51883507299,
    217.81657386402));
#8156 = CARTESIAN_POINT('',(60.605768061543,-22.52051108509,
    217.78392111821));
#8157 = CARTESIAN_POINT('',(60.727540339356,-22.51835765023,
    217.74824725219));
#8158 = CARTESIAN_POINT('',(60.848086935241,-22.51232548797,
    217.7096787692));
#8159 = CARTESIAN_POINT('',(61.079191900223,-22.49309324946,
    217.62948050902));
#8160 = CARTESIAN_POINT('',(61.189947544644,-22.48032262744,
    217.58814592927));
#8161 = CARTESIAN_POINT('',(61.299020539078,-22.46412096779,
    217.54454087781));
#8162 = CARTESIAN_POINT('',(61.406157082656,-22.44453963942,
    217.49883802518));
#8163 = CARTESIAN_POINT('',(61.511143646837,-22.42166858115,
    217.45122770687));
#8164 = CARTESIAN_POINT('',(61.61380278721,-22.39563094722,
    217.40191208693));
#8165 = CARTESIAN_POINT('',(61.761421445521,-22.35282270673,
    217.32704234818));
#8166 = CARTESIAN_POINT('',(61.808302079244,-22.33839087964,
    217.30264844812));
#8167 = CARTESIAN_POINT('',(61.854617338246,-22.32329794556,
    217.27793895515));
#8168 = CARTESIAN_POINT('',(61.900355912998,-22.30756019182,
    217.25293472876));
#8169 = CARTESIAN_POINT('',(61.945508702649,-22.29119451912,
    217.22765615431));
#8170 = CARTESIAN_POINT('',(61.990068815025,-22.27421844147,
    217.20212314303));
#8171 = CARTESIAN_POINT('',(62.11358744941,-22.22485803598,
    217.12972481907));
#8172 = CARTESIAN_POINT('',(62.191186185215,-22.19112623236,
    217.08232500633));
#8173 = CARTESIAN_POINT('',(62.266800834507,-22.15556004458,
    217.0342690591));
#8174 = CARTESIAN_POINT('',(62.340424931562,-22.11826674888,
    216.98566220376));
#8175 = CARTESIAN_POINT('',(62.41206902671,-22.07935256129,
    216.93660054488));
#8176 = CARTESIAN_POINT('',(62.481757228587,-22.03891967025,
    216.88717008231));
#8177 = CARTESIAN_POINT('',(62.739763372786,-21.87956060988,
    216.69785551694));
#8178 = CARTESIAN_POINT('',(62.914702836094,-21.75093620714,
    216.55606393377));
#8179 = CARTESIAN_POINT('',(63.075407994055,-21.61317596493,
    216.41355082452));
#8180 = CARTESIAN_POINT('',(63.223062604764,-21.46800512128,
    216.2713983393));
#8181 = CARTESIAN_POINT('',(63.358872620612,-21.316815556,
    216.13032977838));
#8182 = CARTESIAN_POINT('',(63.484007956251,-21.16061517909,
    215.99074772388));
#8183 = CARTESIAN_POINT('',(63.599581730572,-20.9999994,215.8527714575)
  );
#8184 = PCURVE('',#2562,#8185);
#8185 = DEFINITIONAL_REPRESENTATION('',(#8186),#8237);
#8186 = B_SPLINE_CURVE_WITH_KNOTS('',7,(#8187,#8188,#8189,#8190,#8191,
    #8192,#8193,#8194,#8195,#8196,#8197,#8198,#8199,#8200,#8201,#8202,
    #8203,#8204,#8205,#8206,#8207,#8208,#8209,#8210,#8211,#8212,#8213,
    #8214,#8215,#8216,#8217,#8218,#8219,#8220,#8221,#8222,#8223,#8224,
    #8225,#8226,#8227,#8228,#8229,#8230,#8231,#8232,#8233,#8234,#8235,
    #8236),.UNSPECIFIED.,.F.,.F.,(8,6,6,6,6,6,6,6,8),(0.,0.330017036176,
    0.422846775786,0.470921639931,0.567757165442,0.65903733384,
    0.702253336409,0.78045788707,1.),.UNSPECIFIED.);
#8187 = CARTESIAN_POINT('',(3.833525689281,0.574786628992));
#8188 = CARTESIAN_POINT('',(3.829685995669,0.589169091679));
#8189 = CARTESIAN_POINT('',(3.826845325308,0.604394267168));
#8190 = CARTESIAN_POINT('',(3.825083160974,0.620525757445));
#8191 = CARTESIAN_POINT('',(3.82452068819,0.637598766626));
#8192 = CARTESIAN_POINT('',(3.825306181032,0.655613379137));
#8193 = CARTESIAN_POINT('',(3.827593514889,0.674526046584));
#8194 = CARTESIAN_POINT('',(3.832688293789,0.699830725945));
#8195 = CARTESIAN_POINT('',(3.833939674407,0.705448490942));
#8196 = CARTESIAN_POINT('',(3.835327411272,0.711125371637));
#8197 = CARTESIAN_POINT('',(3.836854725057,0.716856736643));
#8198 = CARTESIAN_POINT('',(3.838524315369,0.722636607578));
#8199 = CARTESIAN_POINT('',(3.840338077817,0.728457561303));
#8200 = CARTESIAN_POINT('',(3.843311219207,0.737341833003));
#8201 = CARTESIAN_POINT('',(3.844364487743,0.7403816105));
#8202 = CARTESIAN_POINT('',(3.845456720802,0.743428680189));
#8203 = CARTESIAN_POINT('',(3.846587927429,0.746481641062));
#8204 = CARTESIAN_POINT('',(3.847758015785,0.749538973155));
#8205 = CARTESIAN_POINT('',(3.848966777354,0.752599035155));
#8206 = CARTESIAN_POINT('',(3.852725848747,0.761825781821));
#8207 = CARTESIAN_POINT('',(3.85539369087,0.767996241101));
#8208 = CARTESIAN_POINT('',(3.858214191121,0.774155863935));
#8209 = CARTESIAN_POINT('',(3.8611823694,0.780288403077));
#8210 = CARTESIAN_POINT('',(3.864291202277,0.786377016968));
#8211 = CARTESIAN_POINT('',(3.867531353382,0.792404346762));
#8212 = CARTESIAN_POINT('',(3.874057720144,0.803959595011));
#8213 = CARTESIAN_POINT('',(3.877331222953,0.809497377232));
#8214 = CARTESIAN_POINT('',(3.880701485833,0.814951026954));
#8215 = CARTESIAN_POINT('',(3.884158010196,0.820307854133));
#8216 = CARTESIAN_POINT('',(3.887689913552,0.825557182342));
#8217 = CARTESIAN_POINT('',(3.891286117825,0.830690139361));
#8218 = CARTESIAN_POINT('',(3.896663331773,0.838071072276));
#8219 = CARTESIAN_POINT('',(3.898403148077,0.840415103962));
#8220 = CARTESIAN_POINT('',(3.900153870448,0.842730866912));
#8221 = CARTESIAN_POINT('',(3.901914427054,0.84501779565));
#8222 = CARTESIAN_POINT('',(3.903683790358,0.847275435132));
#8223 = CARTESIAN_POINT('',(3.905460977119,0.849503440751));
#8224 = CARTESIAN_POINT('',(3.910473539786,0.85567937247));
#8225 = CARTESIAN_POINT('',(3.913724560782,0.859559309261));
#8226 = CARTESIAN_POINT('',(3.91699264536,0.863340041725));
#8227 = CARTESIAN_POINT('',(3.920272906606,0.867021246578));
#8228 = CARTESIAN_POINT('',(3.923561048707,0.870603451336));
#8229 = CARTESIAN_POINT('',(3.926853378945,0.874087861429));
#8230 = CARTESIAN_POINT('',(3.939392431761,0.886988168639));
#8231 = CARTESIAN_POINT('',(3.948639203011,0.895735141805));
#8232 = CARTESIAN_POINT('',(3.957831454684,0.903770399703));
#8233 = CARTESIAN_POINT('',(3.966931805077,0.911153130238));
#8234 = CARTESIAN_POINT('',(3.975918818404,0.917943631031));
#8235 = CARTESIAN_POINT('',(3.984785629347,0.924200397813));
#8236 = CARTESIAN_POINT('',(3.9935395433,0.929979086529));
#8237 = ( GEOMETRIC_REPRESENTATION_CONTEXT(2) 
PARAMETRIC_REPRESENTATION_CONTEXT() REPRESENTATION_CONTEXT('2D SPACE',''
  ) );
#8238 = PCURVE('',#8239,#8244);
#8239 = CYLINDRICAL_SURFACE('',#8240,6.);
#8240 = AXIS2_PLACEMENT_3D('',#8241,#8242,#8243);
#8241 = CARTESIAN_POINT('',(59.,-21.,212.));
#8242 = DIRECTION('',(-0.,1.,-0.));
#8243 = DIRECTION('',(1.,0.,0.));
#8244 = DEFINITIONAL_REPRESENTATION('',(#8245),#8296);
#8245 = B_SPLINE_CURVE_WITH_KNOTS('',7,(#8246,#8247,#8248,#8249,#8250,
    #8251,#8252,#8253,#8254,#8255,#8256,#8257,#8258,#8259,#8260,#8261,
    #8262,#8263,#8264,#8265,#8266,#8267,#8268,#8269,#8270,#8271,#8272,
    #8273,#8274,#8275,#8276,#8277,#8278,#8279,#8280,#8281,#8282,#8283,
    #8284,#8285,#8286,#8287,#8288,#8289,#8290,#8291,#8292,#8293,#8294,
    #8295),.UNSPECIFIED.,.F.,.F.,(8,6,6,6,6,6,6,6,8),(0.,0.330017036176,
    0.422846775786,0.470921639931,0.567757165442,0.65903733384,
    0.702253336409,0.78045788707,1.),.UNSPECIFIED.);
#8246 = CARTESIAN_POINT('',(4.281831021136,5.999999999062E-07));
#8247 = CARTESIAN_POINT('',(4.334587487222,-0.210782744371));
#8248 = CARTESIAN_POINT('',(4.388943690364,-0.413326223648));
#8249 = CARTESIAN_POINT('',(4.445210194181,-0.606820090805));
#8250 = CARTESIAN_POINT('',(4.503608014019,-0.789243566094));
#8251 = CARTESIAN_POINT('',(4.564312353498,-0.957391978485));
#8252 = CARTESIAN_POINT('',(4.62746265577,-1.106975585736));
#8253 = CARTESIAN_POINT('',(4.711826947534,-1.267210860585));
#8254 = CARTESIAN_POINT('',(4.730548618055,-1.300423871414));
#8255 = CARTESIAN_POINT('',(4.749469776587,-1.331533241516));
#8256 = CARTESIAN_POINT('',(4.768586141849,-1.360385824301));
#8257 = CARTESIAN_POINT('',(4.787889943409,-1.386819712279));
#8258 = CARTESIAN_POINT('',(4.807369460588,-1.410669249795));
#8259 = CARTESIAN_POINT('',(4.8371793009,-1.442697771135));
#8260 = CARTESIAN_POINT('',(4.847392712301,-1.452888186339));
#8261 = CARTESIAN_POINT('',(4.857646412113,-1.462318467704));
#8262 = CARTESIAN_POINT('',(4.867937673233,-1.470965993435));
#8263 = CARTESIAN_POINT('',(4.878263395539,-1.478808720515));
#8264 = CARTESIAN_POINT('',(4.888620076527,-1.485825561589));
#8265 = CARTESIAN_POINT('',(4.919919318312,-1.504427195754));
#8266 = CARTESIAN_POINT('',(4.94094731303,-1.513428133978));
#8267 = CARTESIAN_POINT('',(4.962051672168,-1.518835072998));
#8268 = CARTESIAN_POINT('',(4.983193810621,-1.520511085091));
#8269 = CARTESIAN_POINT('',(5.00433187575,-1.51835765023));
#8270 = CARTESIAN_POINT('',(5.02541997104,-1.512325487973));
#8271 = CARTESIAN_POINT('',(5.066190761842,-1.493093249468));
#8272 = CARTESIAN_POINT('',(5.085888354668,-1.480322627443));
#8273 = CARTESIAN_POINT('',(5.105457768291,-1.464120967793));
#8274 = CARTESIAN_POINT('',(5.124861661578,-1.444539639425));
#8275 = CARTESIAN_POINT('',(5.144066993262,-1.421668581155));
#8276 = CARTESIAN_POINT('',(5.163044273001,-1.395630947225));
#8277 = CARTESIAN_POINT('',(5.190630877068,-1.352822706734));
#8278 = CARTESIAN_POINT('',(5.199438311688,-1.338390879647));
#8279 = CARTESIAN_POINT('',(5.20818664032,-1.323297945565));
#8280 = CARTESIAN_POINT('',(5.216873679427,-1.307560191828));
#8281 = CARTESIAN_POINT('',(5.225497537913,-1.291194519121));
#8282 = CARTESIAN_POINT('',(5.234056617121,-1.274218441471));
#8283 = CARTESIAN_POINT('',(5.257918703712,-1.224858035982));
#8284 = CARTESIAN_POINT('',(5.273071230711,-1.191126232365));
#8285 = CARTESIAN_POINT('',(5.287999712405,-1.155560044583));
#8286 = CARTESIAN_POINT('',(5.302699502684,-1.118266748888));
#8287 = CARTESIAN_POINT('',(5.317168426564,-1.079352561292));
#8288 = CARTESIAN_POINT('',(5.331406417992,-1.038919670255));
#8289 = CARTESIAN_POINT('',(5.38474161981,-0.879560609888));
#8290 = CARTESIAN_POINT('',(5.42222919582,-0.750936207143));
#8291 = CARTESIAN_POINT('',(5.457974546239,-0.613175964932));
#8292 = CARTESIAN_POINT('',(5.49208753924,-0.468005121281));
#8293 = CARTESIAN_POINT('',(5.524690015653,-0.316815556004));
#8294 = CARTESIAN_POINT('',(5.555916035103,-0.160615179094));
#8295 = CARTESIAN_POINT('',(5.585913603242,5.999999999062E-07));
#8296 = ( GEOMETRIC_REPRESENTATION_CONTEXT(2) 
PARAMETRIC_REPRESENTATION_CONTEXT() REPRESENTATION_CONTEXT('2D SPACE',''
  ) );
#8297 = ADVANCED_FACE('',(#8298),#3695,.F.);
#8298 = FACE_BOUND('',#8299,.F.);
#8299 = EDGE_LOOP('',(#8300,#8301,#8302,#8322,#8323,#8345,#8398,#8399,
    #8400,#8401,#8402,#8437,#8471,#8501,#8502,#8534,#8568,#8601,#8602,
    #8603));
#8300 = ORIENTED_EDGE('',*,*,#7744,.T.);
#8301 = ORIENTED_EDGE('',*,*,#3599,.T.);
#8302 = ORIENTED_EDGE('',*,*,#8303,.T.);
#8303 = EDGE_CURVE('',#3459,#5638,#8304,.T.);
#8304 = SURFACE_CURVE('',#8305,(#8310,#8316),.PCURVE_S1.);
#8305 = ELLIPSE('',#8306,32.8,27.8);
#8306 = AXIS2_PLACEMENT_3D('',#8307,#8308,#8309);
#8307 = CARTESIAN_POINT('',(65.,0.,237.));
#8308 = DIRECTION('',(1.,0.,0.));
#8309 = DIRECTION('',(-0.,1.,0.));
#8310 = PCURVE('',#3695,#8311);
#8311 = DEFINITIONAL_REPRESENTATION('',(#8312),#8315);
#8312 = B_SPLINE_CURVE_WITH_KNOTS('',1,(#8313,#8314),.UNSPECIFIED.,.F.,
  .F.,(2,2),(4.859432048139,6.2502487772),.PIECEWISE_BEZIER_KNOTS.);
#8313 = CARTESIAN_POINT('',(4.859432044479,0.));
#8314 = CARTESIAN_POINT('',(6.2502487772,0.));
#8315 = ( GEOMETRIC_REPRESENTATION_CONTEXT(2) 
PARAMETRIC_REPRESENTATION_CONTEXT() REPRESENTATION_CONTEXT('2D SPACE',''
  ) );
#8316 = PCURVE('',#3532,#8317);
#8317 = DEFINITIONAL_REPRESENTATION('',(#8318),#8321);
#8318 = B_SPLINE_CURVE_WITH_KNOTS('',1,(#8319,#8320),.UNSPECIFIED.,.F.,
  .F.,(2,2),(4.859432048139,6.2502487772),.PIECEWISE_BEZIER_KNOTS.);
#8319 = CARTESIAN_POINT('',(4.859432044479,1.));
#8320 = CARTESIAN_POINT('',(6.2502487772,1.));
#8321 = ( GEOMETRIC_REPRESENTATION_CONTEXT(2) 
PARAMETRIC_REPRESENTATION_CONTEXT() REPRESENTATION_CONTEXT('2D SPACE',''
  ) );
#8322 = ORIENTED_EDGE('',*,*,#5637,.T.);
#8323 = ORIENTED_EDGE('',*,*,#8324,.T.);
#8324 = EDGE_CURVE('',#5606,#8325,#8327,.T.);
#8325 = VERTEX_POINT('',#8326);
#8326 = CARTESIAN_POINT('',(115.,26.8,233.));
#8327 = SEAM_CURVE('',#8328,(#8331,#8338),.PCURVE_S1.);
#8328 = B_SPLINE_CURVE_WITH_KNOTS('',1,(#8329,#8330),.UNSPECIFIED.,.F.,
  .F.,(2,2),(0.,1.),.PIECEWISE_BEZIER_KNOTS.);
#8329 = CARTESIAN_POINT('',(65.,32.8,237.));
#8330 = CARTESIAN_POINT('',(115.,26.8,233.));
#8331 = PCURVE('',#3695,#8332);
#8332 = DEFINITIONAL_REPRESENTATION('',(#8333),#8337);
#8333 = LINE('',#8334,#8335);
#8334 = CARTESIAN_POINT('',(6.28318530718,0.));
#8335 = VECTOR('',#8336,1.);
#8336 = DIRECTION('',(0.,1.));
#8337 = ( GEOMETRIC_REPRESENTATION_CONTEXT(2) 
PARAMETRIC_REPRESENTATION_CONTEXT() REPRESENTATION_CONTEXT('2D SPACE',''
  ) );
#8338 = PCURVE('',#3695,#8339);
#8339 = DEFINITIONAL_REPRESENTATION('',(#8340),#8344);
#8340 = LINE('',#8341,#8342);
#8341 = CARTESIAN_POINT('',(0.,0.));
#8342 = VECTOR('',#8343,1.);
#8343 = DIRECTION('',(0.,1.));
#8344 = ( GEOMETRIC_REPRESENTATION_CONTEXT(2) 
PARAMETRIC_REPRESENTATION_CONTEXT() REPRESENTATION_CONTEXT('2D SPACE',''
  ) );
#8345 = ORIENTED_EDGE('',*,*,#8346,.F.);
#8346 = EDGE_CURVE('',#8325,#8325,#8347,.T.);
#8347 = SURFACE_CURVE('',#8348,(#8353,#8360),.PCURVE_S1.);
#8348 = ELLIPSE('',#8349,26.8,20.8);
#8349 = AXIS2_PLACEMENT_3D('',#8350,#8351,#8352);
#8350 = CARTESIAN_POINT('',(115.,0.,233.));
#8351 = DIRECTION('',(1.,0.,0.));
#8352 = DIRECTION('',(-0.,1.,0.));
#8353 = PCURVE('',#3695,#8354);
#8354 = DEFINITIONAL_REPRESENTATION('',(#8355),#8359);
#8355 = LINE('',#8356,#8357);
#8356 = CARTESIAN_POINT('',(0.,1.));
#8357 = VECTOR('',#8358,1.);
#8358 = DIRECTION('',(1.,0.));
#8359 = ( GEOMETRIC_REPRESENTATION_CONTEXT(2) 
PARAMETRIC_REPRESENTATION_CONTEXT() REPRESENTATION_CONTEXT('2D SPACE',''
  ) );
#8360 = PCURVE('',#8361,#8392);
#8361 = B_SPLINE_SURFACE_WITH_KNOTS('',14,1,(
    (#8362,#8363)
    ,(#8364,#8365)
    ,(#8366,#8367)
    ,(#8368,#8369)
    ,(#8370,#8371)
    ,(#8372,#8373)
    ,(#8374,#8375)
    ,(#8376,#8377)
    ,(#8378,#8379)
    ,(#8380,#8381)
    ,(#8382,#8383)
    ,(#8384,#8385)
    ,(#8386,#8387)
    ,(#8388,#8389)
    ,(#8390,#8391
    )),.UNSPECIFIED.,.T.,.F.,.F.,(1,14,14,1),(2,2),(-6.28318530718,0.,
    6.28318530718,12.56637061436),(0.,1.),.UNSPECIFIED.);
#8362 = CARTESIAN_POINT('',(115.,26.8,233.));
#8363 = CARTESIAN_POINT('',(157.,16.8,223.));
#8364 = CARTESIAN_POINT('',(115.,26.800000000003,242.33501817067));
#8365 = CARTESIAN_POINT('',(156.99999999998,16.800000000003,
    227.84702866556));
#8366 = CARTESIAN_POINT('',(115.,20.986695119844,251.67003978709));
#8367 = CARTESIAN_POINT('',(157.00000000008,13.155838731839,
    232.69405912011));
#8368 = CARTESIAN_POINT('',(114.99999999997,9.360077927823,
    258.64264240867));
#8369 = CARTESIAN_POINT('',(156.9999999997,5.867511536853,
    236.31444894323));
#8370 = CARTESIAN_POINT('',(115.00000000012,-6.34116447499,
    260.89066999343));
#8371 = CARTESIAN_POINT('',(157.00000000073,-3.975058327621,
    237.48169403458));
#8372 = CARTESIAN_POINT('',(114.9999999997,-22.63998769881,
    256.89871870833));
#8373 = CARTESIAN_POINT('',(156.99999999858,-14.19223109476,
    235.40895009917));
#8374 = CARTESIAN_POINT('',(115.0000000005,-35.08231760444,
    246.85041310271));
#8375 = CARTESIAN_POINT('',(157.00000000213,-21.99190058787,
    230.19156064887));
#8376 = CARTESIAN_POINT('',(114.99999999935,-39.7666065349,
    232.99999999863));
#8377 = CARTESIAN_POINT('',(156.99999999741,-24.9283205144,
    222.99999999976));
#8378 = CARTESIAN_POINT('',(115.00000000064,-35.08231760445,
    219.14958689972));
#8379 = CARTESIAN_POINT('',(157.00000000253,-21.99190058787,
    215.80843935149));
#8380 = CARTESIAN_POINT('',(114.99999999949,-22.63998769879,
    209.10128128993));
#8381 = CARTESIAN_POINT('',(156.999999998,-14.19223109476,
    210.59104990066));
#8382 = CARTESIAN_POINT('',(115.00000000031,-6.341164475013,
    205.10933000753));
#8383 = CARTESIAN_POINT('',(157.00000000126,-3.975058327618,
    208.51830596541));
#8384 = CARTESIAN_POINT('',(114.99999999984,9.360077927837,
    207.3573575909));
#8385 = CARTESIAN_POINT('',(156.99999999938,5.867511536852,
    209.68555105682));
#8386 = CARTESIAN_POINT('',(115.00000000005,20.986695119838,
    214.32996021303));
#8387 = CARTESIAN_POINT('',(157.00000000022,13.155838731839,
    213.30594087984));
#8388 = CARTESIAN_POINT('',(114.99999999998,26.800000000004,
    223.66498182929));
#8389 = CARTESIAN_POINT('',(156.99999999995,16.800000000003,
    218.15297133444));
#8390 = CARTESIAN_POINT('',(115.,26.8,233.));
#8391 = CARTESIAN_POINT('',(157.,16.8,223.));
#8392 = DEFINITIONAL_REPRESENTATION('',(#8393),#8397);
#8393 = LINE('',#8394,#8395);
#8394 = CARTESIAN_POINT('',(0.,0.));
#8395 = VECTOR('',#8396,1.);
#8396 = DIRECTION('',(1.,0.));
#8397 = ( GEOMETRIC_REPRESENTATION_CONTEXT(2) 
PARAMETRIC_REPRESENTATION_CONTEXT() REPRESENTATION_CONTEXT('2D SPACE',''
  ) );
#8398 = ORIENTED_EDGE('',*,*,#8324,.F.);
#8399 = ORIENTED_EDGE('',*,*,#5605,.F.);
#8400 = ORIENTED_EDGE('',*,*,#6048,.F.);
#8401 = ORIENTED_EDGE('',*,*,#7325,.T.);
#8402 = ORIENTED_EDGE('',*,*,#8403,.T.);
#8403 = EDGE_CURVE('',#7326,#8404,#8406,.T.);
#8404 = VERTEX_POINT('',#8405);
#8405 = CARTESIAN_POINT('',(87.,21.,252.98312589792));
#8406 = SURFACE_CURVE('',#8407,(#8415,#8426),.PCURVE_S1.);
#8407 = B_SPLINE_CURVE_WITH_KNOTS('',6,(#8408,#8409,#8410,#8411,#8412,
    #8413,#8414),.UNSPECIFIED.,.F.,.F.,(7,7),(0.,1.),
  .PIECEWISE_BEZIER_KNOTS.);
#8408 = CARTESIAN_POINT('',(65.,21.,258.35517301371));
#8409 = CARTESIAN_POINT('',(68.668665650942,21.,257.46802670778));
#8410 = CARTESIAN_POINT('',(72.336639840373,21.,256.5780276814));
#8411 = CARTESIAN_POINT('',(76.003855452315,21.,255.68490793709));
#8412 = CARTESIAN_POINT('',(79.670229291848,21.,254.78834206932));
#8413 = CARTESIAN_POINT('',(83.335657873996,21.,253.88793001873));
#8414 = CARTESIAN_POINT('',(87.,21.,252.98312589792));
#8415 = PCURVE('',#3695,#8416);
#8416 = DEFINITIONAL_REPRESENTATION('',(#8417),#8425);
#8417 = B_SPLINE_CURVE_WITH_KNOTS('',6,(#8418,#8419,#8420,#8421,#8422,
    #8423,#8424),.UNSPECIFIED.,.F.,.F.,(7,7),(0.,1.),
  .PIECEWISE_BEZIER_KNOTS.);
#8418 = CARTESIAN_POINT('',(0.875980593048,0.));
#8419 = CARTESIAN_POINT('',(0.864793875078,7.337331301885E-02));
#8420 = CARTESIAN_POINT('',(0.853123743024,0.146732796807));
#8421 = CARTESIAN_POINT('',(0.840926130261,0.220077109046));
#8422 = CARTESIAN_POINT('',(0.828148795176,0.293404585837));
#8423 = CARTESIAN_POINT('',(0.814728994981,0.36671315748));
#8424 = CARTESIAN_POINT('',(0.800585647392,0.44));
#8425 = ( GEOMETRIC_REPRESENTATION_CONTEXT(2) 
PARAMETRIC_REPRESENTATION_CONTEXT() REPRESENTATION_CONTEXT('2D SPACE',''
  ) );
#8426 = PCURVE('',#8040,#8427);
#8427 = DEFINITIONAL_REPRESENTATION('',(#8428),#8436);
#8428 = B_SPLINE_CURVE_WITH_KNOTS('',6,(#8429,#8430,#8431,#8432,#8433,
    #8434,#8435),.UNSPECIFIED.,.F.,.F.,(7,7),(0.,1.),
  .PIECEWISE_BEZIER_KNOTS.);
#8429 = CARTESIAN_POINT('',(36.35517301371,8.));
#8430 = CARTESIAN_POINT('',(35.46802670778,11.668665650942));
#8431 = CARTESIAN_POINT('',(34.5780276814,15.336639840373));
#8432 = CARTESIAN_POINT('',(33.68490793709,19.003855452315));
#8433 = CARTESIAN_POINT('',(32.78834206932,22.670229291848));
#8434 = CARTESIAN_POINT('',(31.88793001873,26.335657873996));
#8435 = CARTESIAN_POINT('',(30.98312589792,30.));
#8436 = ( GEOMETRIC_REPRESENTATION_CONTEXT(2) 
PARAMETRIC_REPRESENTATION_CONTEXT() REPRESENTATION_CONTEXT('2D SPACE',''
  ) );
#8437 = ORIENTED_EDGE('',*,*,#8438,.F.);
#8438 = EDGE_CURVE('',#8439,#8404,#8441,.T.);
#8439 = VERTEX_POINT('',#8440);
#8440 = CARTESIAN_POINT('',(87.,19.,254.43796361762));
#8441 = SURFACE_CURVE('',#8442,(#8448,#8457),.PCURVE_S1.);
#8442 = B_SPLINE_CURVE_WITH_KNOTS('',4,(#8443,#8444,#8445,#8446,#8447),
  .UNSPECIFIED.,.F.,.F.,(5,5),(0.,1.),.PIECEWISE_BEZIER_KNOTS.);
#8443 = CARTESIAN_POINT('',(87.,19.,254.43796361762));
#8444 = CARTESIAN_POINT('',(87.,19.515038101233,254.09553341761));
#8445 = CARTESIAN_POINT('',(87.,20.020611891823,253.73887588362));
#8446 = CARTESIAN_POINT('',(87.,20.515901148547,253.36803437776));
#8447 = CARTESIAN_POINT('',(87.,21.,252.98312589792));
#8448 = PCURVE('',#3695,#8449);
#8449 = DEFINITIONAL_REPRESENTATION('',(#8450),#8456);
#8450 = B_SPLINE_CURVE_WITH_KNOTS('',4,(#8451,#8452,#8453,#8454,#8455),
  .UNSPECIFIED.,.F.,.F.,(5,5),(0.,1.),.PIECEWISE_BEZIER_KNOTS.);
#8451 = CARTESIAN_POINT('',(0.889277270725,0.44));
#8452 = CARTESIAN_POINT('',(0.867288481121,0.44));
#8453 = CARTESIAN_POINT('',(0.845180816895,0.44));
#8454 = CARTESIAN_POINT('',(0.822948183337,0.44));
#8455 = CARTESIAN_POINT('',(0.800585647583,0.44));
#8456 = ( GEOMETRIC_REPRESENTATION_CONTEXT(2) 
PARAMETRIC_REPRESENTATION_CONTEXT() REPRESENTATION_CONTEXT('2D SPACE',''
  ) );
#8457 = PCURVE('',#8458,#8463);
#8458 = PLANE('',#8459);
#8459 = AXIS2_PLACEMENT_3D('',#8460,#8461,#8462);
#8460 = CARTESIAN_POINT('',(87.,19.,222.));
#8461 = DIRECTION('',(1.,0.,0.));
#8462 = DIRECTION('',(0.,0.,1.));
#8463 = DEFINITIONAL_REPRESENTATION('',(#8464),#8470);
#8464 = B_SPLINE_CURVE_WITH_KNOTS('',4,(#8465,#8466,#8467,#8468,#8469),
  .UNSPECIFIED.,.F.,.F.,(5,5),(0.,1.),.PIECEWISE_BEZIER_KNOTS.);
#8465 = CARTESIAN_POINT('',(32.43796361762,0.));
#8466 = CARTESIAN_POINT('',(32.09553341761,-0.515038101233));
#8467 = CARTESIAN_POINT('',(31.73887588362,-1.020611891823));
#8468 = CARTESIAN_POINT('',(31.36803437776,-1.515901148547));
#8469 = CARTESIAN_POINT('',(30.98312589792,-2.));
#8470 = ( GEOMETRIC_REPRESENTATION_CONTEXT(2) 
PARAMETRIC_REPRESENTATION_CONTEXT() REPRESENTATION_CONTEXT('2D SPACE',''
  ) );
#8471 = ORIENTED_EDGE('',*,*,#8472,.F.);
#8472 = EDGE_CURVE('',#7913,#8439,#8473,.T.);
#8473 = SURFACE_CURVE('',#8474,(#8481,#8491),.PCURVE_S1.);
#8474 = B_SPLINE_CURVE_WITH_KNOTS('',5,(#8475,#8476,#8477,#8478,#8479,
    #8480),.UNSPECIFIED.,.F.,.F.,(6,6),(0.,1.),
  .PIECEWISE_BEZIER_KNOTS.);
#8475 = CARTESIAN_POINT('',(65.,19.,259.66080721713));
#8476 = CARTESIAN_POINT('',(69.401400025931,19.,258.62213372556));
#8477 = CARTESIAN_POINT('',(73.802175285713,19.,257.58081865762));
#8478 = CARTESIAN_POINT('',(78.202260546303,19.,256.53659451508));
#8479 = CARTESIAN_POINT('',(82.601574694482,19.,255.48913413168));
#8480 = CARTESIAN_POINT('',(87.,19.,254.43796361762));
#8481 = PCURVE('',#3695,#8482);
#8482 = DEFINITIONAL_REPRESENTATION('',(#8483),#8490);
#8483 = B_SPLINE_CURVE_WITH_KNOTS('',5,(#8484,#8485,#8486,#8487,#8488,
    #8489),.UNSPECIFIED.,.F.,.F.,(6,6),(0.,1.),
  .PIECEWISE_BEZIER_KNOTS.);
#8484 = CARTESIAN_POINT('',(0.95296557247,0.));
#8485 = CARTESIAN_POINT('',(0.94152237423,8.802800051861E-02));
#8486 = CARTESIAN_POINT('',(0.929503864709,0.176043505714));
#8487 = CARTESIAN_POINT('',(0.916846559479,0.264045210926));
#8488 = CARTESIAN_POINT('',(0.903473162956,0.35203149389));
#8489 = CARTESIAN_POINT('',(0.88927727063,0.44));
#8490 = ( GEOMETRIC_REPRESENTATION_CONTEXT(2) 
PARAMETRIC_REPRESENTATION_CONTEXT() REPRESENTATION_CONTEXT('2D SPACE',''
  ) );
#8491 = PCURVE('',#7962,#8492);
#8492 = DEFINITIONAL_REPRESENTATION('',(#8493),#8500);
#8493 = B_SPLINE_CURVE_WITH_KNOTS('',5,(#8494,#8495,#8496,#8497,#8498,
    #8499),.UNSPECIFIED.,.F.,.F.,(6,6),(0.,1.),
  .PIECEWISE_BEZIER_KNOTS.);
#8494 = CARTESIAN_POINT('',(37.66080721713,8.));
#8495 = CARTESIAN_POINT('',(36.62213372556,12.401400025931));
#8496 = CARTESIAN_POINT('',(35.58081865762,16.802175285713));
#8497 = CARTESIAN_POINT('',(34.53659451508,21.202260546303));
#8498 = CARTESIAN_POINT('',(33.48913413168,25.601574694482));
#8499 = CARTESIAN_POINT('',(32.43796361762,30.));
#8500 = ( GEOMETRIC_REPRESENTATION_CONTEXT(2) 
PARAMETRIC_REPRESENTATION_CONTEXT() REPRESENTATION_CONTEXT('2D SPACE',''
  ) );
#8501 = ORIENTED_EDGE('',*,*,#7912,.T.);
#8502 = ORIENTED_EDGE('',*,*,#8503,.T.);
#8503 = EDGE_CURVE('',#7870,#8504,#8506,.T.);
#8504 = VERTEX_POINT('',#8505);
#8505 = CARTESIAN_POINT('',(87.,-19.,254.43796362016));
#8506 = SURFACE_CURVE('',#8507,(#8514,#8524),.PCURVE_S1.);
#8507 = B_SPLINE_CURVE_WITH_KNOTS('',5,(#8508,#8509,#8510,#8511,#8512,
    #8513),.UNSPECIFIED.,.F.,.F.,(6,6),(0.,1.),
  .PIECEWISE_BEZIER_KNOTS.);
#8508 = CARTESIAN_POINT('',(65.,-19.,259.66080721174));
#8509 = CARTESIAN_POINT('',(69.401400025853,-19.,258.62213372143));
#8510 = CARTESIAN_POINT('',(73.802175285594,-19.,257.58081865491));
#8511 = CARTESIAN_POINT('',(78.20226054618,-19.,256.53659451394));
#8512 = CARTESIAN_POINT('',(82.6015746944,-19.,255.48913413229));
#8513 = CARTESIAN_POINT('',(87.,-19.,254.43796362016));
#8514 = PCURVE('',#3695,#8515);
#8515 = DEFINITIONAL_REPRESENTATION('',(#8516),#8523);
#8516 = B_SPLINE_CURVE_WITH_KNOTS('',5,(#8517,#8518,#8519,#8520,#8521,
    #8522),.UNSPECIFIED.,.F.,.F.,(6,6),(0.,1.),
  .PIECEWISE_BEZIER_KNOTS.);
#8517 = CARTESIAN_POINT('',(2.188627081341,0.));
#8518 = CARTESIAN_POINT('',(2.200070279577,8.802800051706E-02));
#8519 = CARTESIAN_POINT('',(2.212088789093,0.176043505712));
#8520 = CARTESIAN_POINT('',(2.224746094316,0.264045210924));
#8521 = CARTESIAN_POINT('',(2.238119490831,0.352031493888));
#8522 = CARTESIAN_POINT('',(2.252315383144,0.44));
#8523 = ( GEOMETRIC_REPRESENTATION_CONTEXT(2) 
PARAMETRIC_REPRESENTATION_CONTEXT() REPRESENTATION_CONTEXT('2D SPACE',''
  ) );
#8524 = PCURVE('',#7895,#8525);
#8525 = DEFINITIONAL_REPRESENTATION('',(#8526),#8533);
#8526 = B_SPLINE_CURVE_WITH_KNOTS('',5,(#8527,#8528,#8529,#8530,#8531,
    #8532),.UNSPECIFIED.,.F.,.F.,(6,6),(0.,1.),
  .PIECEWISE_BEZIER_KNOTS.);
#8527 = CARTESIAN_POINT('',(37.66080721174,8.));
#8528 = CARTESIAN_POINT('',(36.62213372143,12.401400025853));
#8529 = CARTESIAN_POINT('',(35.58081865491,16.802175285594));
#8530 = CARTESIAN_POINT('',(34.53659451394,21.20226054618));
#8531 = CARTESIAN_POINT('',(33.48913413229,25.6015746944));
#8532 = CARTESIAN_POINT('',(32.43796362016,30.));
#8533 = ( GEOMETRIC_REPRESENTATION_CONTEXT(2) 
PARAMETRIC_REPRESENTATION_CONTEXT() REPRESENTATION_CONTEXT('2D SPACE',''
  ) );
#8534 = ORIENTED_EDGE('',*,*,#8535,.F.);
#8535 = EDGE_CURVE('',#8536,#8504,#8538,.T.);
#8536 = VERTEX_POINT('',#8537);
#8537 = CARTESIAN_POINT('',(87.,-21.,252.98312591543));
#8538 = SURFACE_CURVE('',#8539,(#8545,#8554),.PCURVE_S1.);
#8539 = B_SPLINE_CURVE_WITH_KNOTS('',4,(#8540,#8541,#8542,#8543,#8544),
  .UNSPECIFIED.,.F.,.F.,(5,5),(0.,1.),.PIECEWISE_BEZIER_KNOTS.);
#8540 = CARTESIAN_POINT('',(87.,-21.,252.98312591543));
#8541 = CARTESIAN_POINT('',(87.,-20.51590114822,253.36803439132));
#8542 = CARTESIAN_POINT('',(87.,-20.02061189131,253.73887589325));
#8543 = CARTESIAN_POINT('',(87.,-19.51503810082,254.09553342352));
#8544 = CARTESIAN_POINT('',(87.,-19.,254.43796362016));
#8545 = PCURVE('',#3695,#8546);
#8546 = DEFINITIONAL_REPRESENTATION('',(#8547),#8553);
#8547 = B_SPLINE_CURVE_WITH_KNOTS('',4,(#8548,#8549,#8550,#8551,#8552),
  .UNSPECIFIED.,.F.,.F.,(5,5),(0.,1.),.PIECEWISE_BEZIER_KNOTS.);
#8548 = CARTESIAN_POINT('',(2.341007006067,0.44));
#8549 = CARTESIAN_POINT('',(2.31864447034,0.44));
#8550 = CARTESIAN_POINT('',(2.29641183681,0.44));
#8551 = CARTESIAN_POINT('',(2.274304172616,0.44));
#8552 = CARTESIAN_POINT('',(2.252315383049,0.44));
#8553 = ( GEOMETRIC_REPRESENTATION_CONTEXT(2) 
PARAMETRIC_REPRESENTATION_CONTEXT() REPRESENTATION_CONTEXT('2D SPACE',''
  ) );
#8554 = PCURVE('',#8555,#8560);
#8555 = PLANE('',#8556);
#8556 = AXIS2_PLACEMENT_3D('',#8557,#8558,#8559);
#8557 = CARTESIAN_POINT('',(87.,-21.,222.));
#8558 = DIRECTION('',(1.,0.,0.));
#8559 = DIRECTION('',(0.,0.,1.));
#8560 = DEFINITIONAL_REPRESENTATION('',(#8561),#8567);
#8561 = B_SPLINE_CURVE_WITH_KNOTS('',4,(#8562,#8563,#8564,#8565,#8566),
  .UNSPECIFIED.,.F.,.F.,(5,5),(0.,1.),.PIECEWISE_BEZIER_KNOTS.);
#8562 = CARTESIAN_POINT('',(30.98312591543,0.));
#8563 = CARTESIAN_POINT('',(31.36803439132,-0.48409885178));
#8564 = CARTESIAN_POINT('',(31.73887589325,-0.97938810869));
#8565 = CARTESIAN_POINT('',(32.09553342352,-1.48496189918));
#8566 = CARTESIAN_POINT('',(32.43796362016,-2.));
#8567 = ( GEOMETRIC_REPRESENTATION_CONTEXT(2) 
PARAMETRIC_REPRESENTATION_CONTEXT() REPRESENTATION_CONTEXT('2D SPACE',''
  ) );
#8568 = ORIENTED_EDGE('',*,*,#8569,.F.);
#8569 = EDGE_CURVE('',#7766,#8536,#8570,.T.);
#8570 = SURFACE_CURVE('',#8571,(#8579,#8590),.PCURVE_S1.);
#8571 = B_SPLINE_CURVE_WITH_KNOTS('',6,(#8572,#8573,#8574,#8575,#8576,
    #8577,#8578),.UNSPECIFIED.,.F.,.F.,(7,7),(0.,1.),
  .PIECEWISE_BEZIER_KNOTS.);
#8572 = CARTESIAN_POINT('',(65.,-21.,258.35517301874));
#8573 = CARTESIAN_POINT('',(68.668665650876,-21.,257.46802671464));
#8574 = CARTESIAN_POINT('',(72.336639840267,-21.,256.5780276902));
#8575 = CARTESIAN_POINT('',(76.0038554522,-21.,255.68490794793));
#8576 = CARTESIAN_POINT('',(79.67022929175,-21.,254.78834208231));
#8577 = CARTESIAN_POINT('',(83.335657873939,-21.,253.88793003396));
#8578 = CARTESIAN_POINT('',(87.,-21.,252.98312591543));
#8579 = PCURVE('',#3695,#8580);
#8580 = DEFINITIONAL_REPRESENTATION('',(#8581),#8589);
#8581 = B_SPLINE_CURVE_WITH_KNOTS('',6,(#8582,#8583,#8584,#8585,#8586,
    #8587,#8588),.UNSPECIFIED.,.F.,.F.,(7,7),(0.,1.),
  .PIECEWISE_BEZIER_KNOTS.);
#8582 = CARTESIAN_POINT('',(2.265612060713,0.));
#8583 = CARTESIAN_POINT('',(2.276798778671,7.337331301752E-02));
#8584 = CARTESIAN_POINT('',(2.28846891071,0.146732796805));
#8585 = CARTESIAN_POINT('',(2.300666523458,0.220077109044));
#8586 = CARTESIAN_POINT('',(2.313443858523,0.293404585835));
#8587 = CARTESIAN_POINT('',(2.326863658696,0.366713157479));
#8588 = CARTESIAN_POINT('',(2.341007006258,0.44));
#8589 = ( GEOMETRIC_REPRESENTATION_CONTEXT(2) 
PARAMETRIC_REPRESENTATION_CONTEXT() REPRESENTATION_CONTEXT('2D SPACE',''
  ) );
#8590 = PCURVE('',#7815,#8591);
#8591 = DEFINITIONAL_REPRESENTATION('',(#8592),#8600);
#8592 = B_SPLINE_CURVE_WITH_KNOTS('',6,(#8593,#8594,#8595,#8596,#8597,
    #8598,#8599),.UNSPECIFIED.,.F.,.F.,(7,7),(0.,1.),
  .PIECEWISE_BEZIER_KNOTS.);
#8593 = CARTESIAN_POINT('',(36.35517301874,8.));
#8594 = CARTESIAN_POINT('',(35.46802671464,11.668665650876));
#8595 = CARTESIAN_POINT('',(34.5780276902,15.336639840267));
#8596 = CARTESIAN_POINT('',(33.68490794793,19.0038554522));
#8597 = CARTESIAN_POINT('',(32.78834208231,22.67022929175));
#8598 = CARTESIAN_POINT('',(31.88793003396,26.335657873939));
#8599 = CARTESIAN_POINT('',(30.98312591543,30.));
#8600 = ( GEOMETRIC_REPRESENTATION_CONTEXT(2) 
PARAMETRIC_REPRESENTATION_CONTEXT() REPRESENTATION_CONTEXT('2D SPACE',''
  ) );
#8601 = ORIENTED_EDGE('',*,*,#7765,.T.);
#8602 = ORIENTED_EDGE('',*,*,#4928,.T.);
#8603 = ORIENTED_EDGE('',*,*,#5304,.T.);
#8604 = ADVANCED_FACE('',(#8605,#8732),#3532,.F.);
#8605 = FACE_BOUND('',#8606,.F.);
#8606 = EDGE_LOOP('',(#8607,#8608,#8656,#8657,#8729,#8730,#8731));
#8607 = ORIENTED_EDGE('',*,*,#3458,.F.);
#8608 = ORIENTED_EDGE('',*,*,#8609,.T.);
#8609 = EDGE_CURVE('',#3304,#6684,#8610,.T.);
#8610 = SURFACE_CURVE('',#8611,(#8624,#8640),.PCURVE_S1.);
#8611 = B_SPLINE_CURVE_WITH_KNOTS('',6,(#8612,#8613,#8614,#8615,#8616,
    #8617,#8618,#8619,#8620,#8621,#8622,#8623),.UNSPECIFIED.,.F.,.F.,(7,
    5,7),(0.,0.607454521625,1.),.UNSPECIFIED.);
#8612 = CARTESIAN_POINT('',(50.075972554472,3.384363322854,
    208.6813239791));
#8613 = CARTESIAN_POINT('',(49.929274530717,4.071141590269,
    208.76801106852));
#8614 = CARTESIAN_POINT('',(49.746835345245,4.747380574688,
    208.87605412115));
#8615 = CARTESIAN_POINT('',(49.529165645448,5.410041184597,
    209.00529545344));
#8616 = CARTESIAN_POINT('',(49.276760263543,6.055741514696,
    209.15548176929));
#8617 = CARTESIAN_POINT('',(48.9899301077,6.680726122052,209.32610803247
    ));
#8618 = CARTESIAN_POINT('',(48.460353057753,7.668413241003,
    209.63895249613));
#8619 = CARTESIAN_POINT('',(48.237941844172,8.045624300126,
    209.76984691778));
#8620 = CARTESIAN_POINT('',(48.000891886238,8.411176697173,
    209.90854512097));
#8621 = CARTESIAN_POINT('',(47.749043708,8.763671937227,210.05462817905)
  );
#8622 = CARTESIAN_POINT('',(47.482175224245,9.101493565269,
    210.20746114813));
#8623 = CARTESIAN_POINT('',(47.199988,9.422830092392,210.36611101618));
#8624 = PCURVE('',#3532,#8625);
#8625 = DEFINITIONAL_REPRESENTATION('',(#8626),#8639);
#8626 = B_SPLINE_CURVE_WITH_KNOTS('',6,(#8627,#8628,#8629,#8630,#8631,
    #8632,#8633,#8634,#8635,#8636,#8637,#8638),.UNSPECIFIED.,.F.,.F.,(7,
    5,7),(0.598821005457,0.607454521591,0.98208916509),.UNSPECIFIED.);
#8627 = CARTESIAN_POINT('',(5.044056814006,0.184778159713));
#8628 = CARTESIAN_POINT('',(5.04450996521,0.184551314108));
#8629 = CARTESIAN_POINT('',(5.044963178373,0.184324116624));
#8630 = CARTESIAN_POINT('',(5.045416453539,0.184096567202));
#8631 = CARTESIAN_POINT('',(5.045869790754,0.183868665784));
#8632 = CARTESIAN_POINT('',(5.04632319006,0.183640412307));
#8633 = CARTESIAN_POINT('',(5.066453728925,0.173491911307));
#8634 = CARTESIAN_POINT('',(5.086245080408,0.162910384909));
#8635 = CARTESIAN_POINT('',(5.106153788931,0.151662420149));
#8636 = CARTESIAN_POINT('',(5.126174701478,0.139741182571));
#8637 = CARTESIAN_POINT('',(5.146292667065,0.127137266672));
#8638 = CARTESIAN_POINT('',(5.166480774797,0.113838151953));
#8639 = ( GEOMETRIC_REPRESENTATION_CONTEXT(2) 
PARAMETRIC_REPRESENTATION_CONTEXT() REPRESENTATION_CONTEXT('2D SPACE',''
  ) );
#8640 = PCURVE('',#3389,#8641);
#8641 = DEFINITIONAL_REPRESENTATION('',(#8642),#8655);
#8642 = B_SPLINE_CURVE_WITH_KNOTS('',6,(#8643,#8644,#8645,#8646,#8647,
    #8648,#8649,#8650,#8651,#8652,#8653,#8654),.UNSPECIFIED.,.F.,.F.,(7,
    5,7),(0.598821005457,0.607454521381,0.98208916509),.UNSPECIFIED.);
#8643 = CARTESIAN_POINT('',(3.994071870949,0.599507021518));
#8644 = CARTESIAN_POINT('',(3.995185006976,0.599002920184));
#8645 = CARTESIAN_POINT('',(3.996298118693,0.598498036897));
#8646 = CARTESIAN_POINT('',(3.997411206437,0.597992371528));
#8647 = CARTESIAN_POINT('',(3.998524270548,0.597485923942));
#8648 = CARTESIAN_POINT('',(3.99963731137,0.596978694004));
#8649 = CARTESIAN_POINT('',(4.049047576832,0.5744264695));
#8650 = CARTESIAN_POINT('',(4.097294910488,0.550911966318));
#8651 = CARTESIAN_POINT('',(4.145520005754,0.525916488979));
#8652 = CARTESIAN_POINT('',(4.193745147934,0.499424849813));
#8653 = CARTESIAN_POINT('',(4.241988572924,0.471416147716));
#8654 = CARTESIAN_POINT('',(4.290265808041,0.441862559334));
#8655 = ( GEOMETRIC_REPRESENTATION_CONTEXT(2) 
PARAMETRIC_REPRESENTATION_CONTEXT() REPRESENTATION_CONTEXT('2D SPACE',''
  ) );
#8656 = ORIENTED_EDGE('',*,*,#6803,.T.);
#8657 = ORIENTED_EDGE('',*,*,#8658,.F.);
#8658 = EDGE_CURVE('',#7349,#6749,#8659,.T.);
#8659 = SURFACE_CURVE('',#8660,(#8681,#8705),.PCURVE_S1.);
#8660 = B_SPLINE_CURVE_WITH_KNOTS('',7,(#8661,#8662,#8663,#8664,#8665,
    #8666,#8667,#8668,#8669,#8670,#8671,#8672,#8673,#8674,#8675,#8676,
    #8677,#8678,#8679,#8680),.UNSPECIFIED.,.F.,.F.,(8,6,6,8),(0.,
    0.366976644554,0.557087719365,1.),.UNSPECIFIED.);
#8661 = CARTESIAN_POINT('',(47.2,21.23,228.1));
#8662 = CARTESIAN_POINT('',(47.2,21.230000000001,226.79746320931));
#8663 = CARTESIAN_POINT('',(47.2,21.122703254115,225.49462658041));
#8664 = CARTESIAN_POINT('',(47.2,20.908023446875,224.20269620982));
#8665 = CARTESIAN_POINT('',(47.2,20.587984056169,222.93207240276));
#8666 = CARTESIAN_POINT('',(47.2,20.166094593674,221.69246828855));
#8667 = CARTESIAN_POINT('',(47.2,19.647241130853,220.49293043943));
#8668 = CARTESIAN_POINT('',(47.2,18.722069181792,218.74543895607));
#8669 = CARTESIAN_POINT('',(47.2,18.38198122996,218.1619827665));
#8670 = CARTESIAN_POINT('',(47.2,18.018365024887,217.59251330184));
#8671 = CARTESIAN_POINT('',(47.2,17.632117492367,217.03803269416));
#8672 = CARTESIAN_POINT('',(47.2,17.224185639694,216.49945578355));
#8673 = CARTESIAN_POINT('',(47.2,16.795556360411,215.97761679902));
#8674 = CARTESIAN_POINT('',(47.2,15.302793366064,214.29828549064));
#8675 = CARTESIAN_POINT('',(47.2,14.151585258534,213.21834504701));
#8676 = CARTESIAN_POINT('',(47.2,12.906389778777,212.24289199731));
#8677 = CARTESIAN_POINT('',(47.2,11.58051037236,211.37886888098));
#8678 = CARTESIAN_POINT('',(47.2,10.187245542563,210.63147169211));
#8679 = CARTESIAN_POINT('',(47.2,8.739751991,210.00436172498));
#8680 = CARTESIAN_POINT('',(47.2,7.250813565699,209.5));
#8681 = PCURVE('',#3532,#8682);
#8682 = DEFINITIONAL_REPRESENTATION('',(#8683),#8704);
#8683 = B_SPLINE_CURVE_WITH_KNOTS('',7,(#8684,#8685,#8686,#8687,#8688,
    #8689,#8690,#8691,#8692,#8693,#8694,#8695,#8696,#8697,#8698,#8699,
    #8700,#8701,#8702,#8703),.UNSPECIFIED.,.F.,.F.,(8,6,6,8),(0.,
    0.366976644554,0.557087719365,1.),.UNSPECIFIED.);
#8684 = CARTESIAN_POINT('',(6.28318530718,0.11));
#8685 = CARTESIAN_POINT('',(6.217367379404,0.11));
#8686 = CARTESIAN_POINT('',(6.151534309909,0.11));
#8687 = CARTESIAN_POINT('',(6.085786596162,0.11));
#8688 = CARTESIAN_POINT('',(6.020183295202,0.11));
#8689 = CARTESIAN_POINT('',(5.954772985516,0.11));
#8690 = CARTESIAN_POINT('',(5.889602623968,0.11));
#8691 = CARTESIAN_POINT('',(5.791132906769,0.11));
#8692 = CARTESIAN_POINT('',(5.7576054664,0.11));
#8693 = CARTESIAN_POINT('',(5.724159322812,0.11));
#8694 = CARTESIAN_POINT('',(5.690797936582,0.11));
#8695 = CARTESIAN_POINT('',(5.657523543216,0.11));
#8696 = CARTESIAN_POINT('',(5.624337549214,0.11));
#8697 = CARTESIAN_POINT('',(5.514133900352,0.11));
#8698 = CARTESIAN_POINT('',(5.437516821577,0.11));
#8699 = CARTESIAN_POINT('',(5.361391650083,0.11));
#8700 = CARTESIAN_POINT('',(5.285723029327,0.11));
#8701 = CARTESIAN_POINT('',(5.210464995519,0.11));
#8702 = CARTESIAN_POINT('',(5.135560626598,0.11));
#8703 = CARTESIAN_POINT('',(5.060939879357,0.11));
#8704 = ( GEOMETRIC_REPRESENTATION_CONTEXT(2) 
PARAMETRIC_REPRESENTATION_CONTEXT() REPRESENTATION_CONTEXT('2D SPACE',''
  ) );
#8705 = PCURVE('',#6782,#8706);
#8706 = DEFINITIONAL_REPRESENTATION('',(#8707),#8728);
#8707 = B_SPLINE_CURVE_WITH_KNOTS('',7,(#8708,#8709,#8710,#8711,#8712,
    #8713,#8714,#8715,#8716,#8717,#8718,#8719,#8720,#8721,#8722,#8723,
    #8724,#8725,#8726,#8727),.UNSPECIFIED.,.F.,.F.,(8,6,6,8),(0.,
    0.366976644554,0.557087719365,1.),.UNSPECIFIED.);
#8708 = CARTESIAN_POINT('',(1.1,-21.10137518804));
#8709 = CARTESIAN_POINT('',(-0.20253679069,-21.10137518804));
#8710 = CARTESIAN_POINT('',(-1.50537341959,-20.99407844215));
#8711 = CARTESIAN_POINT('',(-2.79730379018,-20.77939863491));
#8712 = CARTESIAN_POINT('',(-4.06792759724,-20.45935924421));
#8713 = CARTESIAN_POINT('',(-5.30753171145,-20.03746978171));
#8714 = CARTESIAN_POINT('',(-6.50706956057,-19.51861631889));
#8715 = CARTESIAN_POINT('',(-8.25456104393,-18.59344436983));
#8716 = CARTESIAN_POINT('',(-8.8380172335,-18.253356418));
#8717 = CARTESIAN_POINT('',(-9.40748669816,-17.88974021293));
#8718 = CARTESIAN_POINT('',(-9.96196730584,-17.50349268041));
#8719 = CARTESIAN_POINT('',(-10.50054421645,-17.09556082773));
#8720 = CARTESIAN_POINT('',(-11.02238320098,-16.66693154845));
#8721 = CARTESIAN_POINT('',(-12.70171450936,-15.1741685541));
#8722 = CARTESIAN_POINT('',(-13.78165495299,-14.02296044657));
#8723 = CARTESIAN_POINT('',(-14.75710800269,-12.77776496682));
#8724 = CARTESIAN_POINT('',(-15.62113111902,-11.4518855604));
#8725 = CARTESIAN_POINT('',(-16.36852830789,-10.0586207306));
#8726 = CARTESIAN_POINT('',(-16.99563827502,-8.611127179044));
#8727 = CARTESIAN_POINT('',(-17.5,-7.122188753743));
#8728 = ( GEOMETRIC_REPRESENTATION_CONTEXT(2) 
PARAMETRIC_REPRESENTATION_CONTEXT() REPRESENTATION_CONTEXT('2D SPACE',''
  ) );
#8729 = ORIENTED_EDGE('',*,*,#7348,.T.);
#8730 = ORIENTED_EDGE('',*,*,#5909,.T.);
#8731 = ORIENTED_EDGE('',*,*,#8303,.F.);
#8732 = FACE_BOUND('',#8733,.F.);
#8733 = EDGE_LOOP('',(#8734,#8905));
#8734 = ORIENTED_EDGE('',*,*,#8735,.F.);
#8735 = EDGE_CURVE('',#8736,#8738,#8740,.T.);
#8736 = VERTEX_POINT('',#8737);
#8737 = CARTESIAN_POINT('',(56.495733444933,21.,217.452398465));
#8738 = VERTEX_POINT('',#8739);
#8739 = CARTESIAN_POINT('',(63.599581290023,21.,215.85277198345));
#8740 = SURFACE_CURVE('',#8741,(#8792,#8846),.PCURVE_S1.);
#8741 = B_SPLINE_CURVE_WITH_KNOTS('',7,(#8742,#8743,#8744,#8745,#8746,
    #8747,#8748,#8749,#8750,#8751,#8752,#8753,#8754,#8755,#8756,#8757,
    #8758,#8759,#8760,#8761,#8762,#8763,#8764,#8765,#8766,#8767,#8768,
    #8769,#8770,#8771,#8772,#8773,#8774,#8775,#8776,#8777,#8778,#8779,
    #8780,#8781,#8782,#8783,#8784,#8785,#8786,#8787,#8788,#8789,#8790,
    #8791),.UNSPECIFIED.,.F.,.F.,(8,6,6,6,6,6,6,6,8),(0.,0.330118221895,
    0.422942795016,0.471016707039,0.567855651145,0.659147484615,
    0.702372130867,0.78059723552,1.),.UNSPECIFIED.);
#8742 = CARTESIAN_POINT('',(56.495732626132,20.9999994,217.45239808893)
  );
#8743 = CARTESIAN_POINT('',(56.783470025662,21.210847332422,
    217.58455487024));
#8744 = CARTESIAN_POINT('',(57.088071484561,21.413449963721,
    217.70300561839));
#8745 = CARTESIAN_POINT('',(57.410810730863,21.606997312107,
    217.80598620364));
#8746 = CARTESIAN_POINT('',(57.752392650814,21.789466514185,
    217.89078363721));
#8747 = CARTESIAN_POINT('',(58.112818486202,21.95764908849,
    217.95389449788));
#8748 = CARTESIAN_POINT('',(58.491215254725,22.107250003082,
    217.99143793243));
#8749 = CARTESIAN_POINT('',(58.997461021881,22.267463403645,
    218.00102848053));
#8750 = CARTESIAN_POINT('',(59.109817798014,22.300661123779,
    218.00075523096));
#8751 = CARTESIAN_POINT('',(59.223356287141,22.331754631517,
    217.99800930436));
#8752 = CARTESIAN_POINT('',(59.337983769137,22.360590762843,
    217.99269621426));
#8753 = CARTESIAN_POINT('',(59.453580575648,22.387007605892,
    217.98472739135));
#8754 = CARTESIAN_POINT('',(59.569998134846,22.410839518837,
    217.97402602706));
#8755 = CARTESIAN_POINT('',(59.747681893544,22.442840856214,
    217.953544826));
#8756 = CARTESIAN_POINT('',(59.808478043582,22.453022056475,
    217.94580804321));
#8757 = CARTESIAN_POINT('',(59.869419758564,22.462442927805,
    217.93731453943));
#8758 = CARTESIAN_POINT('',(59.930479000143,22.471080853392,
    217.9280576719));
#8759 = CARTESIAN_POINT('',(59.991625351525,22.478913797421,
    217.91803251102));
#8760 = CARTESIAN_POINT('',(60.05282596965,22.485920682133,
    217.90723616701));
#8761 = CARTESIAN_POINT('',(60.237364777425,22.504492503287,
    217.87236571107));
#8762 = CARTESIAN_POINT('',(60.36077742161,22.513472713068,
    217.84592879913));
#8763 = CARTESIAN_POINT('',(60.483971751933,22.518857961738,
    217.81635618111));
#8764 = CARTESIAN_POINT('',(60.606622679822,22.520511447133,
    217.78368397688));
#8765 = CARTESIAN_POINT('',(60.728393287875,22.518334819617,
    217.74799094072));
#8766 = CARTESIAN_POINT('',(60.848936371612,22.512279004308,
    217.70940377638));
#8767 = CARTESIAN_POINT('',(61.080041368288,22.492999505947,
    217.62916694262));
#8768 = CARTESIAN_POINT('',(61.190800508797,22.480204661196,
    217.58781194113));
#8769 = CARTESIAN_POINT('',(61.299875115006,22.463978125001,
    217.54418680689));
#8770 = CARTESIAN_POINT('',(61.407011430913,22.444371473226,
    217.49846438082));
#8771 = CARTESIAN_POINT('',(61.511996031357,22.421474850626,
    217.45083514026));
#8772 = CARTESIAN_POINT('',(61.614651621115,22.395411599832,
    217.40150135392));
#8773 = CARTESIAN_POINT('',(61.762266403072,22.352564770205,
    217.32660431033));
#8774 = CARTESIAN_POINT('',(61.809147720507,22.338119793557,
    217.30220059113));
#8775 = CARTESIAN_POINT('',(61.855463284575,22.323013654037,
    217.27748142348));
#8776 = CARTESIAN_POINT('',(61.90120180306,22.30726265705,
    217.25246767579));
#8777 = CARTESIAN_POINT('',(61.946354193267,22.29088371976,
    217.22717974044));
#8778 = CARTESIAN_POINT('',(61.990913582024,22.273894371102,
    217.20163753386));
#8779 = CARTESIAN_POINT('',(62.114434324252,22.224494700463,
    217.12921091985));
#8780 = CARTESIAN_POINT('',(62.19203494917,22.190736676075,
    217.08179230237));
#8781 = CARTESIAN_POINT('',(62.267650355983,22.155144143781,
    217.0337180481));
#8782 = CARTESIAN_POINT('',(62.341274191851,22.117824460159,
    216.98509340693));
#8783 = CARTESIAN_POINT('',(62.412917116379,22.0788839057,
    216.93601449322));
#8784 = CARTESIAN_POINT('',(62.482603342445,22.038424717315,
    216.88656730438));
#8785 = CARTESIAN_POINT('',(62.740428573615,21.879071425375,
    216.6973163166));
#8786 = CARTESIAN_POINT('',(62.915212005947,21.750499607832,
    216.55561233663));
#8787 = CARTESIAN_POINT('',(63.07578213986,21.612808017535,
    216.41319057645));
#8788 = CARTESIAN_POINT('',(63.223320663831,21.467717807076,
    216.27113028232));
#8789 = CARTESIAN_POINT('',(63.359031167963,21.316617640809,
    216.1301529304));
#8790 = CARTESIAN_POINT('',(63.484081231909,21.160513330766,
    215.99066024403));
#8791 = CARTESIAN_POINT('',(63.599581721763,20.9999994,215.85277146802)
  );
#8792 = PCURVE('',#3532,#8793);
#8793 = DEFINITIONAL_REPRESENTATION('',(#8794),#8845);
#8794 = B_SPLINE_CURVE_WITH_KNOTS('',7,(#8795,#8796,#8797,#8798,#8799,
    #8800,#8801,#8802,#8803,#8804,#8805,#8806,#8807,#8808,#8809,#8810,
    #8811,#8812,#8813,#8814,#8815,#8816,#8817,#8818,#8819,#8820,#8821,
    #8822,#8823,#8824,#8825,#8826,#8827,#8828,#8829,#8830,#8831,#8832,
    #8833,#8834,#8835,#8836,#8837,#8838,#8839,#8840,#8841,#8842,#8843,
    #8844),.UNSPECIFIED.,.F.,.F.,(8,6,6,6,6,6,6,6,8),(0.,0.330118221895,
    0.422942795016,0.471016707039,0.567855651145,0.659147484615,
    0.702372130867,0.78059723552,1.),.UNSPECIFIED.);
#8795 = CARTESIAN_POINT('',(5.591252270355,0.574786631307));
#8796 = CARTESIAN_POINT('',(5.5950931404,0.589173501283));
#8797 = CARTESIAN_POINT('',(5.59793436785,0.604403574228));
#8798 = CARTESIAN_POINT('',(5.599696411588,0.620540536543));
#8799 = CARTESIAN_POINT('',(5.600257960256,0.637619632541));
#8800 = CARTESIAN_POINT('',(5.59947057872,0.65564092431));
#8801 = CARTESIAN_POINT('',(5.597180239064,0.674560762736));
#8802 = CARTESIAN_POINT('',(5.592080356779,0.699873051094));
#8803 = CARTESIAN_POINT('',(5.590828168211,0.705490889901));
#8804 = CARTESIAN_POINT('',(5.589439621048,0.711167814357));
#8805 = CARTESIAN_POINT('',(5.587911496962,0.716899188457));
#8806 = CARTESIAN_POINT('',(5.586241099485,0.722679028782));
#8807 = CARTESIAN_POINT('',(5.584426537116,0.728499906742));
#8808 = CARTESIAN_POINT('',(5.581452164096,0.737384094677));
#8809 = CARTESIAN_POINT('',(5.580398451919,0.740423902179));
#8810 = CARTESIAN_POINT('',(5.579305776482,0.743470987928));
#8811 = CARTESIAN_POINT('',(5.578174129528,0.746523950007));
#8812 = CARTESIAN_POINT('',(5.577003603753,0.749581267576));
#8813 = CARTESIAN_POINT('',(5.575794408605,0.752641298482));
#8814 = CARTESIAN_POINT('',(5.572033906398,0.761868238871));
#8815 = CARTESIAN_POINT('',(5.569365064269,0.76803887108));
#8816 = CARTESIAN_POINT('',(5.566543575247,0.774198587597));
#8817 = CARTESIAN_POINT('',(5.563574429246,0.780331133991));
#8818 = CARTESIAN_POINT('',(5.560464659602,0.786419664394));
#8819 = CARTESIAN_POINT('',(5.557223612137,0.792446818581));
#8820 = CARTESIAN_POINT('',(5.550695306008,0.804002068414));
#8821 = CARTESIAN_POINT('',(5.547420734629,0.80954002544));
#8822 = CARTESIAN_POINT('',(5.544049435439,0.81499375575));
#8823 = CARTESIAN_POINT('',(5.540591914377,0.820350571546));
#8824 = CARTESIAN_POINT('',(5.537059059384,0.825599801568));
#8825 = CARTESIAN_POINT('',(5.533461951819,0.830732581056));
#8826 = CARTESIAN_POINT('',(5.528083354595,0.838113320154));
#8827 = CARTESIAN_POINT('',(5.526343018411,0.840457386025));
#8828 = CARTESIAN_POINT('',(5.524591785765,0.842773164229));
#8829 = CARTESIAN_POINT('',(5.522830728722,0.845060090153));
#8830 = CARTESIAN_POINT('',(5.521060874952,0.847317709663));
#8831 = CARTESIAN_POINT('',(5.519283207741,0.849545679101));
#8832 = CARTESIAN_POINT('',(5.514269120385,0.855721716213));
#8833 = CARTESIAN_POINT('',(5.511017075149,0.859601747459));
#8834 = CARTESIAN_POINT('',(5.507747996867,0.863382517799));
#8835 = CARTESIAN_POINT('',(5.504466772369,0.867063709593));
#8836 = CARTESIAN_POINT('',(5.501177696798,0.870645855819));
#8837 = CARTESIAN_POINT('',(5.497884461694,0.874130167122));
#8838 = CARTESIAN_POINT('',(5.485350364879,0.887021428681));
#8839 = CARTESIAN_POINT('',(5.476109628748,0.895760600297));
#8840 = CARTESIAN_POINT('',(5.466923442881,0.903789106993));
#8841 = CARTESIAN_POINT('',(5.45782907771,0.911166033192));
#8842 = CARTESIAN_POINT('',(5.448847907517,0.917951558398));
#8843 = CARTESIAN_POINT('',(5.439986780532,0.924204061595));
#8844 = CARTESIAN_POINT('',(5.431238417484,0.929979086088));
#8845 = ( GEOMETRIC_REPRESENTATION_CONTEXT(2) 
PARAMETRIC_REPRESENTATION_CONTEXT() REPRESENTATION_CONTEXT('2D SPACE',''
  ) );
#8846 = PCURVE('',#8847,#8852);
#8847 = CYLINDRICAL_SURFACE('',#8848,6.);
#8848 = AXIS2_PLACEMENT_3D('',#8849,#8850,#8851);
#8849 = CARTESIAN_POINT('',(59.,29.,212.));
#8850 = DIRECTION('',(-0.,1.,-0.));
#8851 = DIRECTION('',(1.,0.,0.));
#8852 = DEFINITIONAL_REPRESENTATION('',(#8853),#8904);
#8853 = B_SPLINE_CURVE_WITH_KNOTS('',7,(#8854,#8855,#8856,#8857,#8858,
    #8859,#8860,#8861,#8862,#8863,#8864,#8865,#8866,#8867,#8868,#8869,
    #8870,#8871,#8872,#8873,#8874,#8875,#8876,#8877,#8878,#8879,#8880,
    #8881,#8882,#8883,#8884,#8885,#8886,#8887,#8888,#8889,#8890,#8891,
    #8892,#8893,#8894,#8895,#8896,#8897,#8898,#8899,#8900,#8901,#8902,
    #8903),.UNSPECIFIED.,.F.,.F.,(8,6,6,6,6,6,6,6,8),(0.,0.330118221895,
    0.422942795016,0.471016707039,0.567855651145,0.659147484615,
    0.702372130867,0.78059723552,1.),.UNSPECIFIED.);
#8854 = CARTESIAN_POINT('',(4.281831029627,-8.0000006));
#8855 = CARTESIAN_POINT('',(4.334603661932,-7.789152667578));
#8856 = CARTESIAN_POINT('',(4.388976915066,-7.58655003628));
#8857 = CARTESIAN_POINT('',(4.445261743492,-7.393002687892));
#8858 = CARTESIAN_POINT('',(4.503679387371,-7.210533485815));
#8859 = CARTESIAN_POINT('',(4.564405172242,-7.04235091151));
#8860 = CARTESIAN_POINT('',(4.627578573481,-6.892749996918));
#8861 = CARTESIAN_POINT('',(4.711968007288,-6.732536596355));
#8862 = CARTESIAN_POINT('',(4.730689929891,-6.699338876221));
#8863 = CARTESIAN_POINT('',(4.749611298603,-6.668245368483));
#8864 = CARTESIAN_POINT('',(4.768727819432,-6.639409237157));
#8865 = CARTESIAN_POINT('',(4.788031707396,-6.612992394108));
#8866 = CARTESIAN_POINT('',(4.80751122503,-6.589160481163));
#8867 = CARTESIAN_POINT('',(4.837321270737,-6.557159143786));
#8868 = CARTESIAN_POINT('',(4.847534967432,-6.546977943525));
#8869 = CARTESIAN_POINT('',(4.85778892462,-6.537557072195));
#8870 = CARTESIAN_POINT('',(4.868080412286,-6.528919146608));
#8871 = CARTESIAN_POINT('',(4.878406327391,-6.521086202579));
#8872 = CARTESIAN_POINT('',(4.888763164498,-6.514079317867));
#8873 = CARTESIAN_POINT('',(4.920063910084,-6.495507496713));
#8874 = CARTESIAN_POINT('',(4.941093146075,-6.486527286932));
#8875 = CARTESIAN_POINT('',(4.962198567404,-6.481142038262));
#8876 = CARTESIAN_POINT('',(4.983341562316,-6.479488552867));
#8877 = CARTESIAN_POINT('',(5.004480258095,-6.481665180383));
#8878 = CARTESIAN_POINT('',(5.025568744874,-6.487720995692));
#8879 = CARTESIAN_POINT('',(5.066341648792,-6.507000494053));
#8880 = CARTESIAN_POINT('',(5.086040976145,-6.519795338804));
#8881 = CARTESIAN_POINT('',(5.105611879895,-6.536021874999));
#8882 = CARTESIAN_POINT('',(5.125017016827,-6.555628526774));
#8883 = CARTESIAN_POINT('',(5.144223352135,-6.578525149374));
#8884 = CARTESIAN_POINT('',(5.163201409418,-6.604588400168));
#8885 = CARTESIAN_POINT('',(5.190789496114,-6.647435229795));
#8886 = CARTESIAN_POINT('',(5.19959778719,-6.661880206443));
#8887 = CARTESIAN_POINT('',(5.208346919571,-6.676986345963));
#8888 = CARTESIAN_POINT('',(5.217034711543,-6.69273734295));
#8889 = CARTESIAN_POINT('',(5.225659274023,-6.70911628024));
#8890 = CARTESIAN_POINT('',(5.234219010553,-6.726105628898));
#8891 = CARTESIAN_POINT('',(5.258083784789,-6.775505299537));
#8892 = CARTESIAN_POINT('',(5.273238213396,-6.809263323925));
#8893 = CARTESIAN_POINT('',(5.288168437082,-6.844855856219));
#8894 = CARTESIAN_POINT('',(5.302869823213,-6.882175539841));
#8895 = CARTESIAN_POINT('',(5.317340210291,-6.9211160943));
#8896 = CARTESIAN_POINT('',(5.331579545682,-6.961575282685));
#8897 = CARTESIAN_POINT('',(5.384884169778,-7.120928574625));
#8898 = CARTESIAN_POINT('',(5.422342456629,-7.249500392168));
#8899 = CARTESIAN_POINT('',(5.458060991217,-7.387191982465));
#8900 = CARTESIAN_POINT('',(5.492149489788,-7.532282192924));
#8901 = CARTESIAN_POINT('',(5.524729578669,-7.683382359191));
#8902 = CARTESIAN_POINT('',(5.555935054132,-7.839486669234));
#8903 = CARTESIAN_POINT('',(5.585913600955,-8.0000006));
#8904 = ( GEOMETRIC_REPRESENTATION_CONTEXT(2) 
PARAMETRIC_REPRESENTATION_CONTEXT() REPRESENTATION_CONTEXT('2D SPACE',''
  ) );
#8905 = ORIENTED_EDGE('',*,*,#8906,.T.);
#8906 = EDGE_CURVE('',#8736,#8738,#8907,.T.);
#8907 = SURFACE_CURVE('',#8908,(#8926,#8947),.PCURVE_S1.);
#8908 = B_SPLINE_CURVE_WITH_KNOTS('',6,(#8909,#8910,#8911,#8912,#8913,
    #8914,#8915,#8916,#8917,#8918,#8919,#8920,#8921,#8922,#8923,#8924,
    #8925),.UNSPECIFIED.,.F.,.F.,(7,5,5,7),(0.,0.446685489133,
    0.880456654766,1.),.UNSPECIFIED.);
#8909 = CARTESIAN_POINT('',(54.92908108986,21.,218.));
#8910 = CARTESIAN_POINT('',(55.649259582948,21.,217.7233016626));
#8911 = CARTESIAN_POINT('',(56.379540567115,21.,217.47313656693));
#8912 = CARTESIAN_POINT('',(57.117269694453,21.,217.24548358905));
#8913 = CARTESIAN_POINT('',(57.86056509791,21.,217.0373405523));
#8914 = CARTESIAN_POINT('',(58.608167146953,21.,216.84624043389));
#8915 = CARTESIAN_POINT('',(60.088933186204,21.,216.49914892085));
#8916 = CARTESIAN_POINT('',(60.821771086127,21.,216.34232928234));
#8917 = CARTESIAN_POINT('',(61.557182414444,21.,216.19784703069));
#8918 = CARTESIAN_POINT('',(62.294619462132,21.,216.06428689962));
#8919 = CARTESIAN_POINT('',(63.033691992874,21.,215.9404778322));
#8920 = CARTESIAN_POINT('',(63.978222948665,21.,215.79373753886));
#8921 = CARTESIAN_POINT('',(64.182392531434,21.,215.76270082617));
#8922 = CARTESIAN_POINT('',(64.386660284609,21.,215.73231023703));
#8923 = CARTESIAN_POINT('',(64.591020725623,21.,215.7025464443));
#8924 = CARTESIAN_POINT('',(64.79546882373,21.,215.67339113019));
#8925 = CARTESIAN_POINT('',(65.,21.,215.64482698628));
#8926 = PCURVE('',#3532,#8927);
#8927 = DEFINITIONAL_REPRESENTATION('',(#8928),#8946);
#8928 = B_SPLINE_CURVE_WITH_KNOTS('',6,(#8929,#8930,#8931,#8932,#8933,
    #8934,#8935,#8936,#8937,#8938,#8939,#8940,#8941,#8942,#8943,#8944,
    #8945),.UNSPECIFIED.,.F.,.F.,(7,5,5,7),(0.,0.446685489133,
    0.880456654766,1.),.UNSPECIFIED.);
#8929 = CARTESIAN_POINT('',(5.63948602134,0.496454054493));
#8930 = CARTESIAN_POINT('',(5.615722047036,0.532462979147));
#8931 = CARTESIAN_POINT('',(5.593544800156,0.568977028356));
#8932 = CARTESIAN_POINT('',(5.572763704508,0.605863484723));
#8933 = CARTESIAN_POINT('',(5.55322606582,0.643028254896));
#8934 = CARTESIAN_POINT('',(5.534799593749,0.680408357348));
#8935 = CARTESIAN_POINT('',(5.500442348295,0.75444665931));
#8936 = CARTESIAN_POINT('',(5.484457541698,0.791088554306));
#8937 = CARTESIAN_POINT('',(5.469311344058,0.827859120722));
#8938 = CARTESIAN_POINT('',(5.454921441446,0.864730973107));
#8939 = CARTESIAN_POINT('',(5.441217777123,0.901684599644));
#8940 = CARTESIAN_POINT('',(5.424535904335,0.948911147433));
#8941 = CARTESIAN_POINT('',(5.420979358962,0.959119626572));
#8942 = CARTESIAN_POINT('',(5.417469132347,0.96933301423));
#8943 = CARTESIAN_POINT('',(5.414004032159,0.979551036281));
#8944 = CARTESIAN_POINT('',(5.410582920547,0.989773441186));
#8945 = CARTESIAN_POINT('',(5.407204714132,1.));
#8946 = ( GEOMETRIC_REPRESENTATION_CONTEXT(2) 
PARAMETRIC_REPRESENTATION_CONTEXT() REPRESENTATION_CONTEXT('2D SPACE',''
  ) );
#8947 = PCURVE('',#8948,#8953);
#8948 = PLANE('',#8949);
#8949 = AXIS2_PLACEMENT_3D('',#8950,#8951,#8952);
#8950 = CARTESIAN_POINT('',(59.,21.,212.));
#8951 = DIRECTION('',(-0.,-1.,-0.));
#8952 = DIRECTION('',(0.,0.,-1.));
#8953 = DEFINITIONAL_REPRESENTATION('',(#8954),#8972);
#8954 = B_SPLINE_CURVE_WITH_KNOTS('',6,(#8955,#8956,#8957,#8958,#8959,
    #8960,#8961,#8962,#8963,#8964,#8965,#8966,#8967,#8968,#8969,#8970,
    #8971),.UNSPECIFIED.,.F.,.F.,(7,5,5,7),(0.,0.446685489133,
    0.880456654766,1.),.UNSPECIFIED.);
#8955 = CARTESIAN_POINT('',(-6.,-4.07091891014));
#8956 = CARTESIAN_POINT('',(-5.7233016626,-3.350740417052));
#8957 = CARTESIAN_POINT('',(-5.47313656693,-2.620459432885));
#8958 = CARTESIAN_POINT('',(-5.24548358905,-1.882730305547));
#8959 = CARTESIAN_POINT('',(-5.0373405523,-1.13943490209));
#8960 = CARTESIAN_POINT('',(-4.84624043389,-0.391832853047));
#8961 = CARTESIAN_POINT('',(-4.49914892085,1.088933186204));
#8962 = CARTESIAN_POINT('',(-4.34232928234,1.821771086127));
#8963 = CARTESIAN_POINT('',(-4.19784703069,2.557182414444));
#8964 = CARTESIAN_POINT('',(-4.06428689962,3.294619462132));
#8965 = CARTESIAN_POINT('',(-3.9404778322,4.033691992874));
#8966 = CARTESIAN_POINT('',(-3.79373753886,4.978222948665));
#8967 = CARTESIAN_POINT('',(-3.76270082617,5.182392531434));
#8968 = CARTESIAN_POINT('',(-3.73231023703,5.386660284609));
#8969 = CARTESIAN_POINT('',(-3.7025464443,5.591020725623));
#8970 = CARTESIAN_POINT('',(-3.67339113019,5.79546882373));
#8971 = CARTESIAN_POINT('',(-3.64482698628,6.));
#8972 = ( GEOMETRIC_REPRESENTATION_CONTEXT(2) 
PARAMETRIC_REPRESENTATION_CONTEXT() REPRESENTATION_CONTEXT('2D SPACE',''
  ) );
#8973 = ADVANCED_FACE('',(#8974),#3389,.F.);
#8974 = FACE_BOUND('',#8975,.F.);
#8975 = EDGE_LOOP('',(#8976,#8977,#8978));
#8976 = ORIENTED_EDGE('',*,*,#6683,.T.);
#8977 = ORIENTED_EDGE('',*,*,#8609,.F.);
#8978 = ORIENTED_EDGE('',*,*,#3303,.T.);
#8979 = ADVANCED_FACE('',(#8980),#2715,.F.);
#8980 = FACE_BOUND('',#8981,.F.);
#8981 = EDGE_LOOP('',(#8982,#8983,#8984));
#8982 = ORIENTED_EDGE('',*,*,#7695,.F.);
#8983 = ORIENTED_EDGE('',*,*,#7252,.T.);
#8984 = ORIENTED_EDGE('',*,*,#2629,.T.);
#8985 = ADVANCED_FACE('',(#8986,#9039,#9369,#9493),#4278,.T.);
#8986 = FACE_BOUND('',#8987,.T.);
#8987 = EDGE_LOOP('',(#8988,#9010,#9037,#9038));
#8988 = ORIENTED_EDGE('',*,*,#8989,.T.);
#8989 = EDGE_CURVE('',#4242,#8990,#8992,.T.);
#8990 = VERTEX_POINT('',#8991);
#8991 = CARTESIAN_POINT('',(157.,19.,223.));
#8992 = SEAM_CURVE('',#8993,(#8996,#9003),.PCURVE_S1.);
#8993 = B_SPLINE_CURVE_WITH_KNOTS('',1,(#8994,#8995),.UNSPECIFIED.,.F.,
  .F.,(2,2),(0.,1.),.PIECEWISE_BEZIER_KNOTS.);
#8994 = CARTESIAN_POINT('',(115.,29.,233.));
#8995 = CARTESIAN_POINT('',(157.,19.,223.));
#8996 = PCURVE('',#4278,#8997);
#8997 = DEFINITIONAL_REPRESENTATION('',(#8998),#9002);
#8998 = LINE('',#8999,#9000);
#8999 = CARTESIAN_POINT('',(6.28318530718,0.));
#9000 = VECTOR('',#9001,1.);
#9001 = DIRECTION('',(0.,1.));
#9002 = ( GEOMETRIC_REPRESENTATION_CONTEXT(2) 
PARAMETRIC_REPRESENTATION_CONTEXT() REPRESENTATION_CONTEXT('2D SPACE',''
  ) );
#9003 = PCURVE('',#4278,#9004);
#9004 = DEFINITIONAL_REPRESENTATION('',(#9005),#9009);
#9005 = LINE('',#9006,#9007);
#9006 = CARTESIAN_POINT('',(0.,0.));
#9007 = VECTOR('',#9008,1.);
#9008 = DIRECTION('',(0.,1.));
#9009 = ( GEOMETRIC_REPRESENTATION_CONTEXT(2) 
PARAMETRIC_REPRESENTATION_CONTEXT() REPRESENTATION_CONTEXT('2D SPACE',''
  ) );
#9010 = ORIENTED_EDGE('',*,*,#9011,.F.);
#9011 = EDGE_CURVE('',#8990,#8990,#9012,.T.);
#9012 = SURFACE_CURVE('',#9013,(#9018,#9025),.PCURVE_S1.);
#9013 = ELLIPSE('',#9014,19.,13.);
#9014 = AXIS2_PLACEMENT_3D('',#9015,#9016,#9017);
#9015 = CARTESIAN_POINT('',(157.,0.,223.));
#9016 = DIRECTION('',(1.,0.,0.));
#9017 = DIRECTION('',(-0.,1.,0.));
#9018 = PCURVE('',#4278,#9019);
#9019 = DEFINITIONAL_REPRESENTATION('',(#9020),#9024);
#9020 = LINE('',#9021,#9022);
#9021 = CARTESIAN_POINT('',(0.,1.));
#9022 = VECTOR('',#9023,1.);
#9023 = DIRECTION('',(1.,0.));
#9024 = ( GEOMETRIC_REPRESENTATION_CONTEXT(2) 
PARAMETRIC_REPRESENTATION_CONTEXT() REPRESENTATION_CONTEXT('2D SPACE',''
  ) );
#9025 = PCURVE('',#9026,#9031);
#9026 = PLANE('',#9027);
#9027 = AXIS2_PLACEMENT_3D('',#9028,#9029,#9030);
#9028 = CARTESIAN_POINT('',(157.,0.,223.));
#9029 = DIRECTION('',(1.,0.,0.));
#9030 = DIRECTION('',(-0.,1.,0.));
#9031 = DEFINITIONAL_REPRESENTATION('',(#9032),#9036);
#9032 = ELLIPSE('',#9033,19.,13.);
#9033 = AXIS2_PLACEMENT_2D('',#9034,#9035);
#9034 = CARTESIAN_POINT('',(0.,0.));
#9035 = DIRECTION('',(1.,0.));
#9036 = ( GEOMETRIC_REPRESENTATION_CONTEXT(2) 
PARAMETRIC_REPRESENTATION_CONTEXT() REPRESENTATION_CONTEXT('2D SPACE',''
  ) );
#9037 = ORIENTED_EDGE('',*,*,#8989,.F.);
#9038 = ORIENTED_EDGE('',*,*,#4263,.T.);
#9039 = FACE_BOUND('',#9040,.T.);
#9040 = EDGE_LOOP('',(#9041,#9083,#9198,#9238));
#9041 = ORIENTED_EDGE('',*,*,#9042,.F.);
#9042 = EDGE_CURVE('',#9043,#9045,#9047,.T.);
#9043 = VERTEX_POINT('',#9044);
#9044 = CARTESIAN_POINT('',(133.5,15.,213.85854393598));
#9045 = VERTEX_POINT('',#9046);
#9046 = CARTESIAN_POINT('',(145.5,15.,214.34720747754));
#9047 = SURFACE_CURVE('',#9048,(#9056,#9067),.PCURVE_S1.);
#9048 = B_SPLINE_CURVE_WITH_KNOTS('',6,(#9049,#9050,#9051,#9052,#9053,
    #9054,#9055),.UNSPECIFIED.,.F.,.F.,(7,7),(0.,1.),
  .PIECEWISE_BEZIER_KNOTS.);
#9049 = CARTESIAN_POINT('',(133.5,15.,213.85854393598));
#9050 = CARTESIAN_POINT('',(135.50046334944,15.,213.92872138244));
#9051 = CARTESIAN_POINT('',(137.50078676572,15.,214.00261340755));
#9052 = CARTESIAN_POINT('',(139.50094947013,15.,214.08068612358));
#9053 = CARTESIAN_POINT('',(141.50091418806,15.,214.1635470864));
#9054 = CARTESIAN_POINT('',(143.5006262375,15.,214.25197027526));
#9055 = CARTESIAN_POINT('',(145.5,15.,214.34720747754));
#9056 = PCURVE('',#4278,#9057);
#9057 = DEFINITIONAL_REPRESENTATION('',(#9058),#9066);
#9058 = B_SPLINE_CURVE_WITH_KNOTS('',6,(#9059,#9060,#9061,#9062,#9063,
    #9064,#9065),.UNSPECIFIED.,.F.,.F.,(7,7),(0.,1.),
  .PIECEWISE_BEZIER_KNOTS.);
#9059 = CARTESIAN_POINT('',(5.368290763523,0.440476190476));
#9060 = CARTESIAN_POINT('',(5.383193711286,0.488106270225));
#9061 = CARTESIAN_POINT('',(5.398993436309,0.535733018232));
#9062 = CARTESIAN_POINT('',(5.415801739274,0.583355939765));
#9063 = CARTESIAN_POINT('',(5.433759908197,0.630974147335));
#9064 = CARTESIAN_POINT('',(5.453045493978,0.678586338988));
#9065 = CARTESIAN_POINT('',(5.473923430852,0.72619047619));
#9066 = ( GEOMETRIC_REPRESENTATION_CONTEXT(2) 
PARAMETRIC_REPRESENTATION_CONTEXT() REPRESENTATION_CONTEXT('2D SPACE',''
  ) );
#9067 = PCURVE('',#9068,#9073);
#9068 = PLANE('',#9069);
#9069 = AXIS2_PLACEMENT_3D('',#9070,#9071,#9072);
#9070 = CARTESIAN_POINT('',(133.5,15.,209.));
#9071 = DIRECTION('',(0.,1.,0.));
#9072 = DIRECTION('',(0.,-0.,1.));
#9073 = DEFINITIONAL_REPRESENTATION('',(#9074),#9082);
#9074 = B_SPLINE_CURVE_WITH_KNOTS('',6,(#9075,#9076,#9077,#9078,#9079,
    #9080,#9081),.UNSPECIFIED.,.F.,.F.,(7,7),(0.,1.),
  .PIECEWISE_BEZIER_KNOTS.);
#9075 = CARTESIAN_POINT('',(4.85854393598,0.));
#9076 = CARTESIAN_POINT('',(4.92872138244,2.00046334944));
#9077 = CARTESIAN_POINT('',(5.00261340755,4.00078676572));
#9078 = CARTESIAN_POINT('',(5.08068612358,6.00094947013));
#9079 = CARTESIAN_POINT('',(5.1635470864,8.00091418806));
#9080 = CARTESIAN_POINT('',(5.25197027526,10.0006262375));
#9081 = CARTESIAN_POINT('',(5.34720747754,12.));
#9082 = ( GEOMETRIC_REPRESENTATION_CONTEXT(2) 
PARAMETRIC_REPRESENTATION_CONTEXT() REPRESENTATION_CONTEXT('2D SPACE',''
  ) );
#9083 = ORIENTED_EDGE('',*,*,#9084,.T.);
#9084 = EDGE_CURVE('',#9043,#9085,#9087,.T.);
#9085 = VERTEX_POINT('',#9086);
#9086 = CARTESIAN_POINT('',(133.5,-15.,213.8585439366));
#9087 = SURFACE_CURVE('',#9088,(#9121,#9157),.PCURVE_S1.);
#9088 = B_SPLINE_CURVE_WITH_KNOTS('',7,(#9089,#9090,#9091,#9092,#9093,
    #9094,#9095,#9096,#9097,#9098,#9099,#9100,#9101,#9102,#9103,#9104,
    #9105,#9106,#9107,#9108,#9109,#9110,#9111,#9112,#9113,#9114,#9115,
    #9116,#9117,#9118,#9119,#9120),.UNSPECIFIED.,.F.,.F.,(8,6,6,6,6,8),(
    0.,0.135765626415,0.235808421664,0.499985673382,0.864235025693,1.),
  .UNSPECIFIED.);
#9089 = CARTESIAN_POINT('',(133.5,15.,213.85854393598));
#9090 = CARTESIAN_POINT('',(133.5,14.474793530021,213.55296551237));
#9091 = CARTESIAN_POINT('',(133.5,13.940946292896,213.26223469528));
#9092 = CARTESIAN_POINT('',(133.5,13.399191692712,212.98622513893));
#9093 = CARTESIAN_POINT('',(133.5,12.850213234881,212.72480611394));
#9094 = CARTESIAN_POINT('',(133.5,12.29464372355,212.47784443245));
#9095 = CARTESIAN_POINT('',(133.5,11.733064459006,212.24520637325));
#9096 = CARTESIAN_POINT('',(133.5,10.748149994565,211.86579084273));
#9097 = CARTESIAN_POINT('',(133.5,10.327323953114,211.7125296036));
#9098 = CARTESIAN_POINT('',(133.5,9.903740452792,211.56692381327));
#9099 = CARTESIAN_POINT('',(133.5,9.477603956641,211.42892399361));
#9100 = CARTESIAN_POINT('',(133.5,9.04910924868,211.29848326463));
#9101 = CARTESIAN_POINT('',(133.5,8.618441433907,211.17555734454));
#9102 = CARTESIAN_POINT('',(133.5,7.043261064951,210.75523499891));
#9103 = CARTESIAN_POINT('',(133.5,5.886914583899,210.50250185923));
#9104 = CARTESIAN_POINT('',(133.5,4.719837953534,210.30109074494));
#9105 = CARTESIAN_POINT('',(133.5,3.544947559233,210.15043846888));
#9106 = CARTESIAN_POINT('',(133.5,2.364988835061,210.0501509099));
#9107 = CARTESIAN_POINT('',(133.5,1.182539227084,210.00000002802));
#9108 = CARTESIAN_POINT('',(133.5,-1.630492958143,210.00000002718));
#9109 = CARTESIAN_POINT('',(133.5,-3.260509039902,210.09534121638));
#9110 = CARTESIAN_POINT('',(133.5,-4.884163943784,210.28592920195));
#9111 = CARTESIAN_POINT('',(133.5,-6.49465796609,210.57265739549));
#9112 = CARTESIAN_POINT('',(133.5,-8.084316690455,210.95695986511));
#9113 = CARTESIAN_POINT('',(133.5,-9.644616109116,211.44067992818));
#9114 = CARTESIAN_POINT('',(133.5,-11.7330644552,212.24520637887));
#9115 = CARTESIAN_POINT('',(133.5,-12.29464371989,212.47784443814));
#9116 = CARTESIAN_POINT('',(133.5,-12.85021323151,212.72480611939));
#9117 = CARTESIAN_POINT('',(133.5,-13.39919168982,212.98622514375));
#9118 = CARTESIAN_POINT('',(133.5,-13.94094629071,213.26223469906));
#9119 = CARTESIAN_POINT('',(133.5,-14.4747935288,213.55296551473));
#9120 = CARTESIAN_POINT('',(133.5,-15.,213.8585439366));
#9121 = PCURVE('',#4278,#9122);
#9122 = DEFINITIONAL_REPRESENTATION('',(#9123),#9156);
#9123 = B_SPLINE_CURVE_WITH_KNOTS('',7,(#9124,#9125,#9126,#9127,#9128,
    #9129,#9130,#9131,#9132,#9133,#9134,#9135,#9136,#9137,#9138,#9139,
    #9140,#9141,#9142,#9143,#9144,#9145,#9146,#9147,#9148,#9149,#9150,
    #9151,#9152,#9153,#9154,#9155),.UNSPECIFIED.,.F.,.F.,(8,6,6,6,6,8),(
    0.,0.135765626415,0.235808421664,0.499985673382,0.864235025693,1.),
  .UNSPECIFIED.);
#9124 = CARTESIAN_POINT('',(5.368290763523,0.440476190476));
#9125 = CARTESIAN_POINT('',(5.34134560704,0.440476190476));
#9126 = CARTESIAN_POINT('',(5.314608991747,0.440476190476));
#9127 = CARTESIAN_POINT('',(5.288068457139,0.440476190476));
#9128 = CARTESIAN_POINT('',(5.261712002296,0.440476190476));
#9129 = CARTESIAN_POINT('',(5.235527794334,0.440476190476));
#9130 = CARTESIAN_POINT('',(5.209503876858,0.440476190476));
#9131 = CARTESIAN_POINT('',(5.164560406916,0.440476190476));
#9132 = CARTESIAN_POINT('',(5.14557342847,0.440476190476));
#9133 = CARTESIAN_POINT('',(5.126662177924,0.440476190476));
#9134 = CARTESIAN_POINT('',(5.107821942558,0.440476190476));
#9135 = CARTESIAN_POINT('',(5.089048062095,0.440476190476));
#9136 = CARTESIAN_POINT('',(5.070335928699,0.440476190476));
#9137 = CARTESIAN_POINT('',(5.002419955992,0.440476190476));
#9138 = CARTESIAN_POINT('',(4.953561727349,0.440476190476));
#9139 = CARTESIAN_POINT('',(4.905015565935,0.440476190476));
#9140 = CARTESIAN_POINT('',(4.856701896532,0.440476190476));
#9141 = CARTESIAN_POINT('',(4.808545384493,0.440476190476));
#9142 = CARTESIAN_POINT('',(4.760468987787,0.440476190476));
#9143 = CARTESIAN_POINT('',(4.64609594629,0.440476190476));
#9144 = CARTESIAN_POINT('',(4.579822324159,0.440476190476));
#9145 = CARTESIAN_POINT('',(4.513331342016,0.440476190476));
#9146 = CARTESIAN_POINT('',(4.446425357484,0.440476190476));
#9147 = CARTESIAN_POINT('',(4.378908207171,0.440476190476));
#9148 = CARTESIAN_POINT('',(4.310573847391,0.440476190476));
#9149 = CARTESIAN_POINT('',(4.215274083891,0.440476190476));
#9150 = CARTESIAN_POINT('',(4.189250166396,0.440476190476));
#9151 = CARTESIAN_POINT('',(4.163065958411,0.440476190476));
#9152 = CARTESIAN_POINT('',(4.136709503541,0.440476190476));
#9153 = CARTESIAN_POINT('',(4.110168968902,0.440476190476));
#9154 = CARTESIAN_POINT('',(4.083432353571,0.440476190476));
#9155 = CARTESIAN_POINT('',(4.056487197043,0.440476190476));
#9156 = ( GEOMETRIC_REPRESENTATION_CONTEXT(2) 
PARAMETRIC_REPRESENTATION_CONTEXT() REPRESENTATION_CONTEXT('2D SPACE',''
  ) );
#9157 = PCURVE('',#9158,#9163);
#9158 = PLANE('',#9159);
#9159 = AXIS2_PLACEMENT_3D('',#9160,#9161,#9162);
#9160 = CARTESIAN_POINT('',(133.5,-15.,209.));
#9161 = DIRECTION('',(1.,0.,0.));
#9162 = DIRECTION('',(0.,0.,1.));
#9163 = DEFINITIONAL_REPRESENTATION('',(#9164),#9197);
#9164 = B_SPLINE_CURVE_WITH_KNOTS('',7,(#9165,#9166,#9167,#9168,#9169,
    #9170,#9171,#9172,#9173,#9174,#9175,#9176,#9177,#9178,#9179,#9180,
    #9181,#9182,#9183,#9184,#9185,#9186,#9187,#9188,#9189,#9190,#9191,
    #9192,#9193,#9194,#9195,#9196),.UNSPECIFIED.,.F.,.F.,(8,6,6,6,6,8),(
    0.,0.135765626415,0.235808421664,0.499985673382,0.864235025693,1.),
  .UNSPECIFIED.);
#9165 = CARTESIAN_POINT('',(4.85854393598,-30.));
#9166 = CARTESIAN_POINT('',(4.55296551237,-29.47479353002));
#9167 = CARTESIAN_POINT('',(4.26223469528,-28.94094629289));
#9168 = CARTESIAN_POINT('',(3.98622513893,-28.39919169271));
#9169 = CARTESIAN_POINT('',(3.72480611394,-27.85021323488));
#9170 = CARTESIAN_POINT('',(3.47784443245,-27.29464372355));
#9171 = CARTESIAN_POINT('',(3.24520637325,-26.733064459));
#9172 = CARTESIAN_POINT('',(2.86579084273,-25.74814999456));
#9173 = CARTESIAN_POINT('',(2.7125296036,-25.32732395311));
#9174 = CARTESIAN_POINT('',(2.56692381327,-24.90374045279));
#9175 = CARTESIAN_POINT('',(2.42892399361,-24.47760395664));
#9176 = CARTESIAN_POINT('',(2.29848326463,-24.04910924868));
#9177 = CARTESIAN_POINT('',(2.17555734454,-23.6184414339));
#9178 = CARTESIAN_POINT('',(1.75523499891,-22.04326106495));
#9179 = CARTESIAN_POINT('',(1.50250185923,-20.88691458389));
#9180 = CARTESIAN_POINT('',(1.30109074494,-19.71983795353));
#9181 = CARTESIAN_POINT('',(1.15043846888,-18.54494755923));
#9182 = CARTESIAN_POINT('',(1.0501509099,-17.36498883506));
#9183 = CARTESIAN_POINT('',(1.00000002802,-16.18253922708));
#9184 = CARTESIAN_POINT('',(1.00000002718,-13.36950704185));
#9185 = CARTESIAN_POINT('',(1.09534121638,-11.73949096009));
#9186 = CARTESIAN_POINT('',(1.28592920195,-10.11583605621));
#9187 = CARTESIAN_POINT('',(1.57265739549,-8.50534203391));
#9188 = CARTESIAN_POINT('',(1.95695986511,-6.915683309545));
#9189 = CARTESIAN_POINT('',(2.44067992818,-5.355383890884));
#9190 = CARTESIAN_POINT('',(3.24520637887,-3.2669355448));
#9191 = CARTESIAN_POINT('',(3.47784443814,-2.70535628011));
#9192 = CARTESIAN_POINT('',(3.72480611939,-2.14978676849));
#9193 = CARTESIAN_POINT('',(3.98622514375,-1.60080831018));
#9194 = CARTESIAN_POINT('',(4.26223469906,-1.05905370929));
#9195 = CARTESIAN_POINT('',(4.55296551473,-0.5252064712));
#9196 = CARTESIAN_POINT('',(4.8585439366,0.));
#9197 = ( GEOMETRIC_REPRESENTATION_CONTEXT(2) 
PARAMETRIC_REPRESENTATION_CONTEXT() REPRESENTATION_CONTEXT('2D SPACE',''
  ) );
#9198 = ORIENTED_EDGE('',*,*,#9199,.T.);
#9199 = EDGE_CURVE('',#9085,#9200,#9202,.T.);
#9200 = VERTEX_POINT('',#9201);
#9201 = CARTESIAN_POINT('',(145.5,-15.,214.34720746743));
#9202 = SURFACE_CURVE('',#9203,(#9211,#9222),.PCURVE_S1.);
#9203 = B_SPLINE_CURVE_WITH_KNOTS('',6,(#9204,#9205,#9206,#9207,#9208,
    #9209,#9210),.UNSPECIFIED.,.F.,.F.,(7,7),(0.,1.),
  .PIECEWISE_BEZIER_KNOTS.);
#9204 = CARTESIAN_POINT('',(133.5,-15.,213.8585439366));
#9205 = CARTESIAN_POINT('',(135.50046334942,-15.,213.9287213817));
#9206 = CARTESIAN_POINT('',(137.50078676568,-15.,214.00261340527));
#9207 = CARTESIAN_POINT('',(139.50094947008,-15.,214.08068611959));
#9208 = CARTESIAN_POINT('',(141.50091418802,-15.,214.16354708051));
#9209 = CARTESIAN_POINT('',(143.50062623747,-15.,214.25197026731));
#9210 = CARTESIAN_POINT('',(145.5,-15.,214.34720746743));
#9211 = PCURVE('',#4278,#9212);
#9212 = DEFINITIONAL_REPRESENTATION('',(#9213),#9221);
#9213 = B_SPLINE_CURVE_WITH_KNOTS('',6,(#9214,#9215,#9216,#9217,#9218,
    #9219,#9220),.UNSPECIFIED.,.F.,.F.,(7,7),(0.,1.),
  .PIECEWISE_BEZIER_KNOTS.);
#9214 = CARTESIAN_POINT('',(4.056487197043,0.440476190476));
#9215 = CARTESIAN_POINT('',(4.041584249289,0.488106270224));
#9216 = CARTESIAN_POINT('',(4.025784524279,0.535733018231));
#9217 = CARTESIAN_POINT('',(4.008976221331,0.583355939764));
#9218 = CARTESIAN_POINT('',(3.99101805243,0.630974147334));
#9219 = CARTESIAN_POINT('',(3.971732466678,0.678586338988));
#9220 = CARTESIAN_POINT('',(3.950854529842,0.72619047619));
#9221 = ( GEOMETRIC_REPRESENTATION_CONTEXT(2) 
PARAMETRIC_REPRESENTATION_CONTEXT() REPRESENTATION_CONTEXT('2D SPACE',''
  ) );
#9222 = PCURVE('',#9223,#9228);
#9223 = PLANE('',#9224);
#9224 = AXIS2_PLACEMENT_3D('',#9225,#9226,#9227);
#9225 = CARTESIAN_POINT('',(133.5,-15.,209.));
#9226 = DIRECTION('',(0.,1.,0.));
#9227 = DIRECTION('',(0.,-0.,1.));
#9228 = DEFINITIONAL_REPRESENTATION('',(#9229),#9237);
#9229 = B_SPLINE_CURVE_WITH_KNOTS('',6,(#9230,#9231,#9232,#9233,#9234,
    #9235,#9236),.UNSPECIFIED.,.F.,.F.,(7,7),(0.,1.),
  .PIECEWISE_BEZIER_KNOTS.);
#9230 = CARTESIAN_POINT('',(4.8585439366,0.));
#9231 = CARTESIAN_POINT('',(4.9287213817,2.00046334942));
#9232 = CARTESIAN_POINT('',(5.00261340527,4.00078676568));
#9233 = CARTESIAN_POINT('',(5.08068611959,6.00094947008));
#9234 = CARTESIAN_POINT('',(5.16354708051,8.00091418802));
#9235 = CARTESIAN_POINT('',(5.25197026731,10.00062623747));
#9236 = CARTESIAN_POINT('',(5.34720746743,12.));
#9237 = ( GEOMETRIC_REPRESENTATION_CONTEXT(2) 
PARAMETRIC_REPRESENTATION_CONTEXT() REPRESENTATION_CONTEXT('2D SPACE',''
  ) );
#9238 = ORIENTED_EDGE('',*,*,#9239,.F.);
#9239 = EDGE_CURVE('',#9045,#9200,#9240,.T.);
#9240 = SURFACE_CURVE('',#9241,(#9280,#9322),.PCURVE_S1.);
#9241 = B_SPLINE_CURVE_WITH_KNOTS('',7,(#9242,#9243,#9244,#9245,#9246,
    #9247,#9248,#9249,#9250,#9251,#9252,#9253,#9254,#9255,#9256,#9257,
    #9258,#9259,#9260,#9261,#9262,#9263,#9264,#9265,#9266,#9267,#9268,
    #9269,#9270,#9271,#9272,#9273,#9274,#9275,#9276,#9277,#9278,#9279),
  .UNSPECIFIED.,.F.,.F.,(8,6,6,6,6,6,8),(0.,0.129690583424,
    0.231879391786,0.500000000154,0.768120608377,0.870309416685,1.),
  .UNSPECIFIED.);
#9242 = CARTESIAN_POINT('',(145.5,15.,214.34720747754));
#9243 = CARTESIAN_POINT('',(145.5,14.516721905613,214.01363349629));
#9244 = CARTESIAN_POINT('',(145.5,14.022253374911,213.69627011114));
#9245 = CARTESIAN_POINT('',(145.5,13.517666825684,213.39491063824));
#9246 = CARTESIAN_POINT('',(145.5,13.003941564248,213.10933732035));
#9247 = CARTESIAN_POINT('',(145.5,12.48196217723,212.83932477384));
#9248 = CARTESIAN_POINT('',(145.5,11.952516923346,212.58464343578));
#9249 = CARTESIAN_POINT('',(145.5,10.993784614054,212.1562872536));
#9250 = CARTESIAN_POINT('',(145.5,10.567077227529,211.97689181707));
#9251 = CARTESIAN_POINT('',(145.5,10.136517761081,211.80676695062));
#9252 = CARTESIAN_POINT('',(145.5,9.702427911328,211.64580877773));
#9253 = CARTESIAN_POINT('',(145.5,9.26510727604,211.49391929616));
#9254 = CARTESIAN_POINT('',(145.5,8.824833354143,211.35100637794));
#9255 = CARTESIAN_POINT('',(145.5,7.219602462052,210.86533837961));
#9256 = CARTESIAN_POINT('',(145.5,6.038976334317,210.57495762288));
#9257 = CARTESIAN_POINT('',(145.5,4.844343835636,210.34416801731));
#9258 = CARTESIAN_POINT('',(145.5,3.639673162275,210.17187616512));
#9259 = CARTESIAN_POINT('',(145.5,2.428592634238,210.05730210269));
#9260 = CARTESIAN_POINT('',(145.5,1.214389557925,210.00000002376));
#9261 = CARTESIAN_POINT('',(145.5,-1.214389560305,210.00000002306));
#9262 = CARTESIAN_POINT('',(145.5,-2.428592636115,210.05730210123));
#9263 = CARTESIAN_POINT('',(145.5,-3.639673163651,210.17187616334));
#9264 = CARTESIAN_POINT('',(145.5,-4.84434383632,210.34416801609));
#9265 = CARTESIAN_POINT('',(145.5,-6.038976334131,210.57495762316));
#9266 = CARTESIAN_POINT('',(145.5,-7.219602460843,210.8653383817));
#9267 = CARTESIAN_POINT('',(145.5,-8.82483335149,211.35100638178));
#9268 = CARTESIAN_POINT('',(145.5,-9.265107273003,211.49391930042));
#9269 = CARTESIAN_POINT('',(145.5,-9.702427907935,211.64580878228));
#9270 = CARTESIAN_POINT('',(145.5,-10.13651775738,211.80676695529));
#9271 = CARTESIAN_POINT('',(145.5,-10.5670772236,211.97689182166));
#9272 = CARTESIAN_POINT('',(145.5,-10.99378460999,212.15628725788));
#9273 = CARTESIAN_POINT('',(145.5,-11.9525169191,212.58464343869));
#9274 = CARTESIAN_POINT('',(145.5,-12.481962173,212.83932477551));
#9275 = CARTESIAN_POINT('',(145.5,-13.00394156031,213.10933732034));
#9276 = CARTESIAN_POINT('',(145.5,-13.51766682233,213.39491063611));
#9277 = CARTESIAN_POINT('',(145.5,-14.02225337246,213.6962701065));
#9278 = CARTESIAN_POINT('',(145.5,-14.51672190431,214.01363348892));
#9279 = CARTESIAN_POINT('',(145.5,-15.,214.34720746743));
#9280 = PCURVE('',#4278,#9281);
#9281 = DEFINITIONAL_REPRESENTATION('',(#9282),#9321);
#9282 = B_SPLINE_CURVE_WITH_KNOTS('',7,(#9283,#9284,#9285,#9286,#9287,
    #9288,#9289,#9290,#9291,#9292,#9293,#9294,#9295,#9296,#9297,#9298,
    #9299,#9300,#9301,#9302,#9303,#9304,#9305,#9306,#9307,#9308,#9309,
    #9310,#9311,#9312,#9313,#9314,#9315,#9316,#9317,#9318,#9319,#9320),
  .UNSPECIFIED.,.F.,.F.,(8,6,6,6,6,6,8),(0.,0.129690583424,
    0.231879391786,0.500000000154,0.768120608377,0.870309416685,1.),
  .UNSPECIFIED.);
#9283 = CARTESIAN_POINT('',(5.473923430852,0.72619047619));
#9284 = CARTESIAN_POINT('',(5.443207037518,0.72619047619));
#9285 = CARTESIAN_POINT('',(5.412828799593,0.72619047619));
#9286 = CARTESIAN_POINT('',(5.382768045248,0.72619047619));
#9287 = CARTESIAN_POINT('',(5.353005156001,0.72619047619));
#9288 = CARTESIAN_POINT('',(5.323520899725,0.72619047619));
#9289 = CARTESIAN_POINT('',(5.294295763659,0.72619047619));
#9290 = CARTESIAN_POINT('',(5.242469591676,0.72619047619));
#9291 = CARTESIAN_POINT('',(5.219778567238,0.72619047619));
#9292 = CARTESIAN_POINT('',(5.197226764654,0.72619047619));
#9293 = CARTESIAN_POINT('',(5.174804930787,0.72619047619));
#9294 = CARTESIAN_POINT('',(5.152504008807,0.72619047619));
#9295 = CARTESIAN_POINT('',(5.130315138194,0.72619047619));
#9296 = CARTESIAN_POINT('',(5.050282279134,0.72619047619));
#9297 = CARTESIAN_POINT('',(4.993056296478,0.72619047619));
#9298 = CARTESIAN_POINT('',(4.936378015762,0.72619047619));
#9299 = CARTESIAN_POINT('',(4.880106710352,0.72619047619));
#9300 = CARTESIAN_POINT('',(4.824109554699,0.72619047619));
#9301 = CARTESIAN_POINT('',(4.768253560378,0.72619047619));
#9302 = CARTESIAN_POINT('',(4.656524400422,0.72619047619));
#9303 = CARTESIAN_POINT('',(4.600668406109,0.72619047619));
#9304 = CARTESIAN_POINT('',(4.54467125045,0.72619047619));
#9305 = CARTESIAN_POINT('',(4.488399945028,0.72619047619));
#9306 = CARTESIAN_POINT('',(4.431721664299,0.72619047619));
#9307 = CARTESIAN_POINT('',(4.374495681635,0.72619047619));
#9308 = CARTESIAN_POINT('',(4.294462822576,0.72619047619));
#9309 = CARTESIAN_POINT('',(4.272273951963,0.72619047619));
#9310 = CARTESIAN_POINT('',(4.249973029985,0.72619047619));
#9311 = CARTESIAN_POINT('',(4.227551196118,0.72619047619));
#9312 = CARTESIAN_POINT('',(4.204999393535,0.72619047619));
#9313 = CARTESIAN_POINT('',(4.182308369096,0.72619047619));
#9314 = CARTESIAN_POINT('',(4.130482197117,0.72619047619));
#9315 = CARTESIAN_POINT('',(4.101257061053,0.72619047619));
#9316 = CARTESIAN_POINT('',(4.071772804774,0.72619047619));
#9317 = CARTESIAN_POINT('',(4.042009915516,0.72619047619));
#9318 = CARTESIAN_POINT('',(4.011949161153,0.72619047619));
#9319 = CARTESIAN_POINT('',(3.981570923203,0.72619047619));
#9320 = CARTESIAN_POINT('',(3.950854529842,0.72619047619));
#9321 = ( GEOMETRIC_REPRESENTATION_CONTEXT(2) 
PARAMETRIC_REPRESENTATION_CONTEXT() REPRESENTATION_CONTEXT('2D SPACE',''
  ) );
#9322 = PCURVE('',#9323,#9328);
#9323 = PLANE('',#9324);
#9324 = AXIS2_PLACEMENT_3D('',#9325,#9326,#9327);
#9325 = CARTESIAN_POINT('',(145.5,-15.,209.));
#9326 = DIRECTION('',(1.,0.,0.));
#9327 = DIRECTION('',(0.,0.,1.));
#9328 = DEFINITIONAL_REPRESENTATION('',(#9329),#9368);
#9329 = B_SPLINE_CURVE_WITH_KNOTS('',7,(#9330,#9331,#9332,#9333,#9334,
    #9335,#9336,#9337,#9338,#9339,#9340,#9341,#9342,#9343,#9344,#9345,
    #9346,#9347,#9348,#9349,#9350,#9351,#9352,#9353,#9354,#9355,#9356,
    #9357,#9358,#9359,#9360,#9361,#9362,#9363,#9364,#9365,#9366,#9367),
  .UNSPECIFIED.,.F.,.F.,(8,6,6,6,6,6,8),(0.,0.129690583424,
    0.231879391786,0.500000000154,0.768120608377,0.870309416685,1.),
  .UNSPECIFIED.);
#9330 = CARTESIAN_POINT('',(5.34720747754,-30.));
#9331 = CARTESIAN_POINT('',(5.01363349629,-29.51672190561));
#9332 = CARTESIAN_POINT('',(4.69627011114,-29.02225337491));
#9333 = CARTESIAN_POINT('',(4.39491063824,-28.51766682568));
#9334 = CARTESIAN_POINT('',(4.10933732035,-28.00394156424));
#9335 = CARTESIAN_POINT('',(3.83932477384,-27.48196217723));
#9336 = CARTESIAN_POINT('',(3.58464343578,-26.95251692334));
#9337 = CARTESIAN_POINT('',(3.1562872536,-25.99378461405));
#9338 = CARTESIAN_POINT('',(2.97689181707,-25.56707722752));
#9339 = CARTESIAN_POINT('',(2.80676695062,-25.13651776108));
#9340 = CARTESIAN_POINT('',(2.64580877773,-24.70242791132));
#9341 = CARTESIAN_POINT('',(2.49391929616,-24.26510727604));
#9342 = CARTESIAN_POINT('',(2.35100637794,-23.82483335414));
#9343 = CARTESIAN_POINT('',(1.86533837961,-22.21960246205));
#9344 = CARTESIAN_POINT('',(1.57495762288,-21.03897633431));
#9345 = CARTESIAN_POINT('',(1.34416801731,-19.84434383563));
#9346 = CARTESIAN_POINT('',(1.17187616512,-18.63967316227));
#9347 = CARTESIAN_POINT('',(1.05730210269,-17.42859263423));
#9348 = CARTESIAN_POINT('',(1.00000002376,-16.21438955792));
#9349 = CARTESIAN_POINT('',(1.00000002306,-13.78561043969));
#9350 = CARTESIAN_POINT('',(1.05730210123,-12.57140736388));
#9351 = CARTESIAN_POINT('',(1.17187616334,-11.36032683634));
#9352 = CARTESIAN_POINT('',(1.34416801609,-10.15565616368));
#9353 = CARTESIAN_POINT('',(1.57495762316,-8.961023665869));
#9354 = CARTESIAN_POINT('',(1.8653383817,-7.780397539157));
#9355 = CARTESIAN_POINT('',(2.35100638178,-6.17516664851));
#9356 = CARTESIAN_POINT('',(2.49391930042,-5.734892726997));
#9357 = CARTESIAN_POINT('',(2.64580878228,-5.297572092065));
#9358 = CARTESIAN_POINT('',(2.80676695529,-4.86348224262));
#9359 = CARTESIAN_POINT('',(2.97689182166,-4.4329227764));
#9360 = CARTESIAN_POINT('',(3.15628725788,-4.00621539001));
#9361 = CARTESIAN_POINT('',(3.58464343869,-3.0474830809));
#9362 = CARTESIAN_POINT('',(3.83932477551,-2.518037827));
#9363 = CARTESIAN_POINT('',(4.10933732034,-1.99605843969));
#9364 = CARTESIAN_POINT('',(4.39491063611,-1.48233317767));
#9365 = CARTESIAN_POINT('',(4.6962701065,-0.97774662754));
#9366 = CARTESIAN_POINT('',(5.01363348892,-0.48327809569));
#9367 = CARTESIAN_POINT('',(5.34720746743,0.));
#9368 = ( GEOMETRIC_REPRESENTATION_CONTEXT(2) 
PARAMETRIC_REPRESENTATION_CONTEXT() REPRESENTATION_CONTEXT('2D SPACE',''
  ) );
#9369 = FACE_BOUND('',#9370,.T.);
#9370 = EDGE_LOOP('',(#9371,#9416));
#9371 = ORIENTED_EDGE('',*,*,#9372,.T.);
#9372 = EDGE_CURVE('',#9373,#9375,#9377,.T.);
#9373 = VERTEX_POINT('',#9374);
#9374 = CARTESIAN_POINT('',(147.70823574503,20.,230.2814192117));
#9375 = VERTEX_POINT('',#9376);
#9376 = CARTESIAN_POINT('',(150.29860221172,20.,228.08017401247));
#9377 = SURFACE_CURVE('',#9378,(#9387,#9399),.PCURVE_S1.);
#9378 = B_SPLINE_CURVE_WITH_KNOTS('',7,(#9379,#9380,#9381,#9382,#9383,
    #9384,#9385,#9386),.UNSPECIFIED.,.F.,.F.,(8,8),(0.,1.),
  .PIECEWISE_BEZIER_KNOTS.);
#9379 = CARTESIAN_POINT('',(147.68418136216,20.,230.3));
#9380 = CARTESIAN_POINT('',(148.07248998398,20.,230.00024655287));
#9381 = CARTESIAN_POINT('',(148.45717872544,20.,229.69595292646));
#9382 = CARTESIAN_POINT('',(148.83778245949,20.,229.38647080977));
#9383 = CARTESIAN_POINT('',(149.21360777655,20.,229.07107969777));
#9384 = CARTESIAN_POINT('',(149.58363487545,20.,228.74887732901));
#9385 = CARTESIAN_POINT('',(149.94649763636,20.,228.4187527072));
#9386 = CARTESIAN_POINT('',(150.3,20.,228.0788300458));
#9387 = PCURVE('',#4278,#9388);
#9388 = DEFINITIONAL_REPRESENTATION('',(#9389),#9398);
#9389 = B_SPLINE_CURVE_WITH_KNOTS('',7,(#9390,#9391,#9392,#9393,#9394,
    #9395,#9396,#9397),.UNSPECIFIED.,.F.,.F.,(8,8),(0.,1.),
  .PIECEWISE_BEZIER_KNOTS.);
#9390 = CARTESIAN_POINT('',(0.340482654821,0.778194794337));
#9391 = CARTESIAN_POINT('',(0.328183491481,0.787440237714));
#9392 = CARTESIAN_POINT('',(0.315375840447,0.796599493463));
#9393 = CARTESIAN_POINT('',(0.301998838467,0.805661487131));
#9394 = CARTESIAN_POINT('',(0.287980954274,0.814609708966));
#9395 = CARTESIAN_POINT('',(0.273230562805,0.823419877987));
#9396 = CARTESIAN_POINT('',(0.257633732182,0.832059467533));
#9397 = CARTESIAN_POINT('',(0.241006372175,0.840476190476));
#9398 = ( GEOMETRIC_REPRESENTATION_CONTEXT(2) 
PARAMETRIC_REPRESENTATION_CONTEXT() REPRESENTATION_CONTEXT('2D SPACE',''
  ) );
#9399 = PCURVE('',#9400,#9405);
#9400 = PLANE('',#9401);
#9401 = AXIS2_PLACEMENT_3D('',#9402,#9403,#9404);
#9402 = CARTESIAN_POINT('',(148.,20.,228.));
#9403 = DIRECTION('',(-0.,-1.,-0.));
#9404 = DIRECTION('',(0.,0.,-1.));
#9405 = DEFINITIONAL_REPRESENTATION('',(#9406),#9415);
#9406 = B_SPLINE_CURVE_WITH_KNOTS('',7,(#9407,#9408,#9409,#9410,#9411,
    #9412,#9413,#9414),.UNSPECIFIED.,.F.,.F.,(8,8),(0.,1.),
  .PIECEWISE_BEZIER_KNOTS.);
#9407 = CARTESIAN_POINT('',(-2.3,-0.31581863784));
#9408 = CARTESIAN_POINT('',(-2.00024655287,7.248998398001E-02));
#9409 = CARTESIAN_POINT('',(-1.69595292646,0.45717872544));
#9410 = CARTESIAN_POINT('',(-1.38647080977,0.83778245949));
#9411 = CARTESIAN_POINT('',(-1.07107969777,1.21360777655));
#9412 = CARTESIAN_POINT('',(-0.74887732901,1.58363487545));
#9413 = CARTESIAN_POINT('',(-0.4187527072,1.94649763636));
#9414 = CARTESIAN_POINT('',(-7.88300458E-02,2.3));
#9415 = ( GEOMETRIC_REPRESENTATION_CONTEXT(2) 
PARAMETRIC_REPRESENTATION_CONTEXT() REPRESENTATION_CONTEXT('2D SPACE',''
  ) );
#9416 = ORIENTED_EDGE('',*,*,#9417,.T.);
#9417 = EDGE_CURVE('',#9375,#9373,#9418,.T.);
#9418 = SURFACE_CURVE('',#9419,(#9440,#9464),.PCURVE_S1.);
#9419 = B_SPLINE_CURVE_WITH_KNOTS('',7,(#9420,#9421,#9422,#9423,#9424,
    #9425,#9426,#9427,#9428,#9429,#9430,#9431,#9432,#9433,#9434,#9435,
    #9436,#9437,#9438,#9439),.UNSPECIFIED.,.F.,.F.,(8,6,6,8),(0.,
    0.409613552731,0.734753149651,1.),.UNSPECIFIED.);
#9420 = CARTESIAN_POINT('',(150.29860227413,20.0000006,228.08017222295)
  );
#9421 = CARTESIAN_POINT('',(150.29110480538,19.927927966786,
    228.29513069708));
#9422 = CARTESIAN_POINT('',(150.26011664915,19.858032826707,
    228.51034490337));
#9423 = CARTESIAN_POINT('',(150.20528343489,19.791651018901,
    228.72397679078));
#9424 = CARTESIAN_POINT('',(150.12594483126,19.730798420664,
    228.93345907432));
#9425 = CARTESIAN_POINT('',(150.02182486898,19.678043496038,
    229.13565109164));
#9426 = CARTESIAN_POINT('',(149.89304296404,19.636513540833,
    229.32677682142));
#9427 = CARTESIAN_POINT('',(149.62084879082,19.587088529667,
    229.6422060295));
#9428 = CARTESIAN_POINT('',(149.48575162482,19.573990348139,
    229.77237010457));
#9429 = CARTESIAN_POINT('',(149.33773156558,19.571257263281,
    229.8898623219));
#9430 = CARTESIAN_POINT('',(149.179205518,19.57981154303,229.99243295281
    ));
#9431 = CARTESIAN_POINT('',(149.0130014745,19.599786248868,
    230.07861482366));
#9432 = CARTESIAN_POINT('',(148.84230882259,19.630442610826,
    230.14771993698));
#9433 = CARTESIAN_POINT('',(148.53071010832,19.70260567133,
    230.24271410962));
#9434 = CARTESIAN_POINT('',(148.38980018983,19.741144944987,
    230.27431310012));
#9435 = CARTESIAN_POINT('',(148.24931321099,19.785121837186,
    230.29508292727));
#9436 = CARTESIAN_POINT('',(148.11027412041,19.833731369681,
    230.3055746623));
#9437 = CARTESIAN_POINT('',(147.97343719208,19.886191561652,
    230.30640399917));
#9438 = CARTESIAN_POINT('',(147.83932165495,19.941804437418,
    230.29818349715));
#9439 = CARTESIAN_POINT('',(147.70823439352,20.0000006,230.28141903886)
  );
#9440 = PCURVE('',#4278,#9441);
#9441 = DEFINITIONAL_REPRESENTATION('',(#9442),#9463);
#9442 = B_SPLINE_CURVE_WITH_KNOTS('',7,(#9443,#9444,#9445,#9446,#9447,
    #9448,#9449,#9450,#9451,#9452,#9453,#9454,#9455,#9456,#9457,#9458,
    #9459,#9460,#9461,#9462),.UNSPECIFIED.,.F.,.F.,(8,6,6,8),(0.,
    0.409613552731,0.734753149651,1.),.UNSPECIFIED.);
#9443 = CARTESIAN_POINT('',(0.241071983823,0.840442911289));
#9444 = CARTESIAN_POINT('',(0.256082186383,0.840264400128));
#9445 = CARTESIAN_POINT('',(0.270681950568,0.839526586885));
#9446 = CARTESIAN_POINT('',(0.284709472689,0.838221034164));
#9447 = CARTESIAN_POINT('',(0.297941601232,0.836332019792));
#9448 = CARTESIAN_POINT('',(0.310117573416,0.833852973071));
#9449 = CARTESIAN_POINT('',(0.320939848332,0.830786737239));
#9450 = CARTESIAN_POINT('',(0.337419675672,0.824305923591));
#9451 = CARTESIAN_POINT('',(0.343692976546,0.821089324401));
#9452 = CARTESIAN_POINT('',(0.348743701344,0.817565037276));
#9453 = CARTESIAN_POINT('',(0.352461259111,0.813790607572));
#9454 = CARTESIAN_POINT('',(0.354810465912,0.809833368441));
#9455 = CARTESIAN_POINT('',(0.35582826876,0.805769257681));
#9456 = CARTESIAN_POINT('',(0.355470314889,0.798350240674));
#9457 = CARTESIAN_POINT('',(0.354500574618,0.794995242615));
#9458 = CARTESIAN_POINT('',(0.352778116006,0.791650314547));
#9459 = CARTESIAN_POINT('',(0.350374137442,0.78833986001));
#9460 = CARTESIAN_POINT('',(0.347357389256,0.785081837907));
#9461 = CARTESIAN_POINT('',(0.34378972004,0.781888610832));
#9462 = CARTESIAN_POINT('',(0.339719694787,0.77876748556));
#9463 = ( GEOMETRIC_REPRESENTATION_CONTEXT(2) 
PARAMETRIC_REPRESENTATION_CONTEXT() REPRESENTATION_CONTEXT('2D SPACE',''
  ) );
#9464 = PCURVE('',#9465,#9470);
#9465 = CYLINDRICAL_SURFACE('',#9466,2.3);
#9466 = AXIS2_PLACEMENT_3D('',#9467,#9468,#9469);
#9467 = CARTESIAN_POINT('',(148.,20.,228.));
#9468 = DIRECTION('',(-0.,1.,-0.));
#9469 = DIRECTION('',(1.,0.,0.));
#9470 = DEFINITIONAL_REPRESENTATION('',(#9471),#9492);
#9471 = B_SPLINE_CURVE_WITH_KNOTS('',7,(#9472,#9473,#9474,#9475,#9476,
    #9477,#9478,#9479,#9480,#9481,#9482,#9483,#9484,#9485,#9486,#9487,
    #9488,#9489,#9490,#9491),.UNSPECIFIED.,.F.,.F.,(8,6,6,8),(0.,
    0.409613552731,0.734753149651,1.),.UNSPECIFIED.);
#9472 = CARTESIAN_POINT('',(6.248320756176,6.000000000173E-07));
#9473 = CARTESIAN_POINT('',(6.154803719083,-7.207203321407E-02));
#9474 = CARTESIAN_POINT('',(6.06081887485,-0.141967173293));
#9475 = CARTESIAN_POINT('',(5.965828647897,-0.208348981099));
#9476 = CARTESIAN_POINT('',(5.869525038799,-0.269201579336));
#9477 = CARTESIAN_POINT('',(5.771709394538,-0.321956503962));
#9478 = CARTESIAN_POINT('',(5.672216966038,-0.363486459167));
#9479 = CARTESIAN_POINT('',(5.491071037314,-0.412911470333));
#9480 = CARTESIAN_POINT('',(5.409850879741,-0.426009651861));
#9481 = CARTESIAN_POINT('',(5.328289691916,-0.428742736719));
#9482 = CARTESIAN_POINT('',(5.246873782288,-0.42018845697));
#9483 = CARTESIAN_POINT('',(5.166050253678,-0.400213751132));
#9484 = CARTESIAN_POINT('',(5.086299931668,-0.369557389174));
#9485 = CARTESIAN_POINT('',(4.944666434374,-0.29739432867));
#9486 = CARTESIAN_POINT('',(4.882057704965,-0.258855055013));
#9487 = CARTESIAN_POINT('',(4.820576765777,-0.214878162814));
#9488 = CARTESIAN_POINT('',(4.760221308655,-0.166268630319));
#9489 = CARTESIAN_POINT('',(4.700943775841,-0.113808438348));
#9490 = CARTESIAN_POINT('',(4.642650306743,-5.819556258226E-02));
#9491 = CARTESIAN_POINT('',(4.585191655265,6.000000000173E-07));
#9492 = ( GEOMETRIC_REPRESENTATION_CONTEXT(2) 
PARAMETRIC_REPRESENTATION_CONTEXT() REPRESENTATION_CONTEXT('2D SPACE',''
  ) );
#9493 = FACE_BOUND('',#9494,.T.);
#9494 = EDGE_LOOP('',(#9495,#9705,#9748));
#9495 = ORIENTED_EDGE('',*,*,#9496,.T.);
#9496 = EDGE_CURVE('',#9497,#9499,#9501,.T.);
#9497 = VERTEX_POINT('',#9498);
#9498 = CARTESIAN_POINT('',(150.3,-20.02701251033,228.));
#9499 = VERTEX_POINT('',#9500);
#9500 = CARTESIAN_POINT('',(147.70823571091,-20.,230.28141920733));
#9501 = SURFACE_CURVE('',#9502,(#9554,#9627),.PCURVE_S1.);
#9502 = B_SPLINE_CURVE_WITH_KNOTS('',8,(#9503,#9504,#9505,#9506,#9507,
    #9508,#9509,#9510,#9511,#9512,#9513,#9514,#9515,#9516,#9517,#9518,
    #9519,#9520,#9521,#9522,#9523,#9524,#9525,#9526,#9527,#9528,#9529,
    #9530,#9531,#9532,#9533,#9534,#9535,#9536,#9537,#9538,#9539,#9540,
    #9541,#9542,#9543,#9544,#9545,#9546,#9547,#9548,#9549,#9550,#9551,
    #9552,#9553),.UNSPECIFIED.,.F.,.F.,(9,7,7,7,7,7,7,9),(0.,
    0.267127067912,0.399019608879,0.529900617096,0.68336745432,1.,
    1.276983202937,1.433580158287),.UNSPECIFIED.);
#9503 = CARTESIAN_POINT('',(150.3,-20.02701251033,228.));
#9504 = CARTESIAN_POINT('',(150.3,-20.10918723371,227.75725158408));
#9505 = CARTESIAN_POINT('',(150.27072033815,-20.19357999737,
    227.51565599401));
#9506 = CARTESIAN_POINT('',(150.21264274244,-20.27831273129,
    227.27825395335));
#9507 = CARTESIAN_POINT('',(150.12623312224,-20.36196137985,
    227.04837167999));
#9508 = CARTESIAN_POINT('',(150.01230193193,-20.44358012876,
    226.82955096364));
#9509 = CARTESIAN_POINT('',(149.8722026684,-20.52272125483,
    226.62548691718));
#9510 = CARTESIAN_POINT('',(149.70798488949,-20.59936032723,
    226.439886036));
#9511 = CARTESIAN_POINT('',(149.4310943133,-20.71030994113,
    226.19531697539));
#9512 = CARTESIAN_POINT('',(149.33442889571,-20.74640169528,
    226.11982146969));
#9513 = CARTESIAN_POINT('',(149.23298969682,-20.78192579743,
    226.050084689));
#9514 = CARTESIAN_POINT('',(149.12718499553,-20.81691316795,
    225.98648618671));
#9515 = CARTESIAN_POINT('',(149.01745991043,-20.85140344444,
    225.92936741043));
#9516 = CARTESIAN_POINT('',(148.90429276992,-20.88543682448,
    225.87902804885));
#9517 = CARTESIAN_POINT('',(148.78819148229,-20.91904590833,
    225.83572237857));
#9518 = CARTESIAN_POINT('',(148.55209716183,-20.98519453941,
    225.76386545289));
#9519 = CARTESIAN_POINT('',(148.43213193309,-21.01774285114,
    225.73520080931));
#9520 = CARTESIAN_POINT('',(148.3103107476,-21.04991033801,
    225.71386244982));
#9521 = CARTESIAN_POINT('',(148.18716010319,-21.08170420717,
    225.70000017996));
#9522 = CARTESIAN_POINT('',(148.06321174109,-21.11311343489,
    225.69371685608));
#9523 = CARTESIAN_POINT('',(147.93899909632,-21.14410319547,
    225.69507164492));
#9524 = CARTESIAN_POINT('',(147.81505492518,-21.17461129612,
    225.70408252797));
#9525 = CARTESIAN_POINT('',(147.54751448145,-21.23964780777,
    225.74024605204));
#9526 = CARTESIAN_POINT('',(147.40421996907,-21.27396097917,
    225.77026065062));
#9527 = CARTESIAN_POINT('',(147.2628613686,-21.30734429336,
    225.81073992633));
#9528 = CARTESIAN_POINT('',(147.12427527924,-21.33959950283,
    225.86158418114));
#9529 = CARTESIAN_POINT('',(146.98929922669,-21.37046796523,
    225.9226278747));
#9530 = CARTESIAN_POINT('',(146.85877022511,-21.39963152044,
    225.99363693422));
#9531 = CARTESIAN_POINT('',(146.73352277753,-21.4267182307,
    226.07430143832));
#9532 = CARTESIAN_POINT('',(146.36858414536,-21.50205684098,
    226.3497510975));
#9533 = CARTESIAN_POINT('',(146.14530035316,-21.54291404636,
    226.57732495521));
#9534 = CARTESIAN_POINT('',(145.95780267763,-21.56874839165,
    226.84185790779));
#9535 = CARTESIAN_POINT('',(145.81407496662,-21.57499784733,
    227.1345846695));
#9536 = CARTESIAN_POINT('',(145.71949156275,-21.55769123351,
    227.44545872085));
#9537 = CARTESIAN_POINT('',(145.67598235217,-21.51498029907,
    227.76296120228));
#9538 = CARTESIAN_POINT('',(145.68225819572,-21.44811880583,
    228.07458474635));
#9539 = CARTESIAN_POINT('',(145.77064395242,-21.29004435742,
    228.62203065324));
#9540 = CARTESIAN_POINT('',(145.8434626609,-21.20238736265,
    228.86433354257));
#9541 = CARTESIAN_POINT('',(145.94367281334,-21.10321176937,
    229.09000157944));
#9542 = CARTESIAN_POINT('',(146.0672216454,-20.99519194566,
    229.29698978265));
#9543 = CARTESIAN_POINT('',(146.21062351723,-20.88093314355,
    229.48414812218));
#9544 = CARTESIAN_POINT('',(146.37106169895,-20.76280526634,
    229.65087117896));
#9545 = CARTESIAN_POINT('',(146.54649189968,-20.64280166034,
    229.79691269362));
#9546 = CARTESIAN_POINT('',(146.8435348127,-20.45456225901,229.992253894
    ));
#9547 = CARTESIAN_POINT('',(146.95527132697,-20.38657660809,
    230.05592884178));
#9548 = CARTESIAN_POINT('',(147.07127269932,-20.31891797903,
    230.11261853466));
#9549 = CARTESIAN_POINT('',(147.19135295482,-20.25195475698,
    230.16211420342));
#9550 = CARTESIAN_POINT('',(147.31531537305,-20.18609942671,
    230.20413115567));
#9551 = CARTESIAN_POINT('',(147.44294457069,-20.12181014937,
    230.23831827551));
#9552 = CARTESIAN_POINT('',(147.57400354965,-20.05959230489,
    230.26425263357));
#9553 = CARTESIAN_POINT('',(147.70823571091,-20.,230.28141920733));
#9554 = PCURVE('',#4278,#9555);
#9555 = DEFINITIONAL_REPRESENTATION('',(#9556),#9626);
#9556 = B_SPLINE_CURVE_WITH_KNOTS('',3,(#9557,#9558,#9559,#9560,#9561,
    #9562,#9563,#9564,#9565,#9566,#9567,#9568,#9569,#9570,#9571,#9572,
    #9573,#9574,#9575,#9576,#9577,#9578,#9579,#9580,#9581,#9582,#9583,
    #9584,#9585,#9586,#9587,#9588,#9589,#9590,#9591,#9592,#9593,#9594,
    #9595,#9596,#9597,#9598,#9599,#9600,#9601,#9602,#9603,#9604,#9605,
    #9606,#9607,#9608,#9609,#9610,#9611,#9612,#9613,#9614,#9615,#9616,
    #9617,#9618,#9619,#9620,#9621,#9622,#9623,#9624,#9625),
  .UNSPECIFIED.,.F.,.F.,(4,1,1,1,1,1,1,1,1,1,1,1,1,1,1,1,1,1,1,1,1,1,1,1
    ,1,1,1,1,1,1,1,1,1,1,1,1,1,1,1,1,1,1,1,1,1,1,1,1,1,1,1,1,1,1,1,1,1,1
    ,1,1,1,1,1,1,1,1,4),(0.,2.17209114892E-02,4.344182297839E-02,
    6.516273446759E-02,8.688364595679E-02,0.108604557446,0.130325468935,
    0.152046380424,0.173767291914,0.195488203403,0.217209114892,
    0.238930026381,0.26065093787,0.28237184936,0.304092760849,
    0.325813672338,0.347534583827,0.369255495316,0.390976406806,
    0.412697318295,0.434418229784,0.456139141273,0.477860052762,
    0.499580964252,0.521301875741,0.54302278723,0.564743698719,
    0.586464610208,0.608185521698,0.629906433187,0.651627344676,
    0.673348256165,0.695069167654,0.716790079144,0.738510990633,
    0.760231902122,0.781952813611,0.8036737251,0.825394636589,
    0.847115548079,0.868836459568,0.890557371057,0.912278282546,
    0.933999194035,0.955720105525,0.977441017014,0.999161928503,
    1.020882839992,1.042603751481,1.064324662971,1.08604557446,
    1.107766485949,1.129487397438,1.151208308927,1.172929220417,
    1.194650131906,1.216371043395,1.238091954884,1.259812866373,
    1.281533777863,1.303254689352,1.324975600841,1.34669651233,
    1.368417423819,1.390138335309,1.411859246798,1.433580158287),
  .UNSPECIFIED.);
#9557 = CARTESIAN_POINT('',(2.906144336185,0.840476190476));
#9558 = CARTESIAN_POINT('',(2.909852980759,0.840476207215));
#9559 = CARTESIAN_POINT('',(2.917325421351,0.840390141498));
#9560 = CARTESIAN_POINT('',(2.928651620953,0.840005045884));
#9561 = CARTESIAN_POINT('',(2.940047819856,0.83936613449));
#9562 = CARTESIAN_POINT('',(2.951465161924,0.838476006072));
#9563 = CARTESIAN_POINT('',(2.962853991625,0.837337736774));
#9564 = CARTESIAN_POINT('',(2.974163811289,0.835955048703));
#9565 = CARTESIAN_POINT('',(2.985343424414,0.834332433618));
#9566 = CARTESIAN_POINT('',(2.996341069539,0.832475276048));
#9567 = CARTESIAN_POINT('',(3.007104598745,0.830389967595));
#9568 = CARTESIAN_POINT('',(3.017581697492,0.828084016646));
#9569 = CARTESIAN_POINT('',(3.027720120959,0.825566160541));
#9570 = CARTESIAN_POINT('',(3.037468064115,0.822846463695));
#9571 = CARTESIAN_POINT('',(3.04677423407,0.819936477091));
#9572 = CARTESIAN_POINT('',(3.055586630046,0.81685004919));
#9573 = CARTESIAN_POINT('',(3.063858451304,0.813601615464));
#9574 = CARTESIAN_POINT('',(3.071545820751,0.810206796664));
#9575 = CARTESIAN_POINT('',(3.078608543251,0.806682186112));
#9576 = CARTESIAN_POINT('',(3.085010161174,0.803045305619));
#9577 = CARTESIAN_POINT('',(3.090718137174,0.799314571058));
#9578 = CARTESIAN_POINT('',(3.095704801789,0.795508601615));
#9579 = CARTESIAN_POINT('',(3.099946449414,0.791646622309));
#9580 = CARTESIAN_POINT('',(3.103423830811,0.787747957358));
#9581 = CARTESIAN_POINT('',(3.106121751932,0.783832045122));
#9582 = CARTESIAN_POINT('',(3.108028870987,0.779918337713));
#9583 = CARTESIAN_POINT('',(3.109137438088,0.776026338227));
#9584 = CARTESIAN_POINT('',(3.109443134546,0.772175231275));
#9585 = CARTESIAN_POINT('',(3.108944561877,0.768383927375));
#9586 = CARTESIAN_POINT('',(3.107643029328,0.764671416817));
#9587 = CARTESIAN_POINT('',(3.105542435685,0.761056666651));
#9588 = CARTESIAN_POINT('',(3.102649494753,0.757558660277));
#9589 = CARTESIAN_POINT('',(3.098972793226,0.754196253754));
#9590 = CARTESIAN_POINT('',(3.094526465641,0.75098860955));
#9591 = CARTESIAN_POINT('',(3.089290942169,0.74793671972));
#9592 = CARTESIAN_POINT('',(3.083296638115,0.745074975546));
#9593 = CARTESIAN_POINT('',(3.076576368474,0.742427953334));
#9594 = CARTESIAN_POINT('',(3.069171163502,0.740018303223));
#9595 = CARTESIAN_POINT('',(3.061127408303,0.737864969069));
#9596 = CARTESIAN_POINT('',(3.0524967039,0.7359838741));
#9597 = CARTESIAN_POINT('',(3.04333533345,0.734387836926));
#9598 = CARTESIAN_POINT('',(3.033704125481,0.733086594751));
#9599 = CARTESIAN_POINT('',(3.023668446787,0.73208670373));
#9600 = CARTESIAN_POINT('',(3.01329844525,0.731391373358));
#9601 = CARTESIAN_POINT('',(3.002669229591,0.731000221928));
#9602 = CARTESIAN_POINT('',(2.991862076109,0.730908903589));
#9603 = CARTESIAN_POINT('',(2.980962630441,0.73110874387));
#9604 = CARTESIAN_POINT('',(2.970071213888,0.731585782118));
#9605 = CARTESIAN_POINT('',(2.959268955113,0.732321356615));
#9606 = CARTESIAN_POINT('',(2.948567507179,0.733300678214));
#9607 = CARTESIAN_POINT('',(2.938010345568,0.73450775326));
#9608 = CARTESIAN_POINT('',(2.927627138259,0.735927552374));
#9609 = CARTESIAN_POINT('',(2.917446503531,0.737545607848));
#9610 = CARTESIAN_POINT('',(2.907493107688,0.73934827146));
#9611 = CARTESIAN_POINT('',(2.897788901641,0.74132277883));
#9612 = CARTESIAN_POINT('',(2.888353211453,0.743457355165));
#9613 = CARTESIAN_POINT('',(2.87920308818,0.745741318289));
#9614 = CARTESIAN_POINT('',(2.870353655859,0.748165163102));
#9615 = CARTESIAN_POINT('',(2.861818183074,0.750720778908));
#9616 = CARTESIAN_POINT('',(2.853609334953,0.753401255134));
#9617 = CARTESIAN_POINT('',(2.845736161758,0.756202349017));
#9618 = CARTESIAN_POINT('',(2.838218461843,0.759117470059));
#9619 = CARTESIAN_POINT('',(2.831073962755,0.762141792563));
#9620 = CARTESIAN_POINT('',(2.824322034631,0.765271433954));
#9621 = CARTESIAN_POINT('',(2.817986767765,0.768502077817));
#9622 = CARTESIAN_POINT('',(2.812096162025,0.771829253033));
#9623 = CARTESIAN_POINT('',(2.80668185356,0.775248234732));
#9624 = CARTESIAN_POINT('',(2.803414830355,0.77758534726));
#9625 = CARTESIAN_POINT('',(2.801872915653,0.778767516927));
#9626 = ( GEOMETRIC_REPRESENTATION_CONTEXT(2) 
PARAMETRIC_REPRESENTATION_CONTEXT() REPRESENTATION_CONTEXT('2D SPACE',''
  ) );
#9627 = PCURVE('',#9628,#9633);
#9628 = CYLINDRICAL_SURFACE('',#9629,2.3);
#9629 = AXIS2_PLACEMENT_3D('',#9630,#9631,#9632);
#9630 = CARTESIAN_POINT('',(148.,-20.,228.));
#9631 = DIRECTION('',(-0.,1.,-0.));
#9632 = DIRECTION('',(1.,0.,0.));
#9633 = DEFINITIONAL_REPRESENTATION('',(#9634),#9704);
#9634 = B_SPLINE_CURVE_WITH_KNOTS('',3,(#9635,#9636,#9637,#9638,#9639,
    #9640,#9641,#9642,#9643,#9644,#9645,#9646,#9647,#9648,#9649,#9650,
    #9651,#9652,#9653,#9654,#9655,#9656,#9657,#9658,#9659,#9660,#9661,
    #9662,#9663,#9664,#9665,#9666,#9667,#9668,#9669,#9670,#9671,#9672,
    #9673,#9674,#9675,#9676,#9677,#9678,#9679,#9680,#9681,#9682,#9683,
    #9684,#9685,#9686,#9687,#9688,#9689,#9690,#9691,#9692,#9693,#9694,
    #9695,#9696,#9697,#9698,#9699,#9700,#9701,#9702,#9703),
  .UNSPECIFIED.,.F.,.F.,(4,1,1,1,1,1,1,1,1,1,1,1,1,1,1,1,1,1,1,1,1,1,1,1
    ,1,1,1,1,1,1,1,1,1,1,1,1,1,1,1,1,1,1,1,1,1,1,1,1,1,1,1,1,1,1,1,1,1,1
    ,1,1,1,1,1,1,1,1,4),(0.,2.17209114892E-02,4.344182297839E-02,
    6.516273446759E-02,8.688364595679E-02,0.108604557446,0.130325468935,
    0.152046380424,0.173767291914,0.195488203403,0.217209114892,
    0.238930026381,0.26065093787,0.28237184936,0.304092760849,
    0.325813672338,0.347534583827,0.369255495316,0.390976406806,
    0.412697318295,0.434418229784,0.456139141273,0.477860052762,
    0.499580964252,0.521301875741,0.54302278723,0.564743698719,
    0.586464610208,0.608185521698,0.629906433187,0.651627344676,
    0.673348256165,0.695069167654,0.716790079144,0.738510990633,
    0.760231902122,0.781952813611,0.8036737251,0.825394636589,
    0.847115548079,0.868836459568,0.890557371057,0.912278282546,
    0.933999194035,0.955720105525,0.977441017014,0.999161928503,
    1.020882839992,1.042603751481,1.064324662971,1.08604557446,
    1.107766485949,1.129487397438,1.151208308927,1.172929220417,
    1.194650131906,1.216371043395,1.238091954884,1.259812866373,
    1.281533777863,1.303254689352,1.324975600841,1.34669651233,
    1.368417423819,1.390138335309,1.411859246798,1.433580158287),
  .UNSPECIFIED.);
#9635 = CARTESIAN_POINT('',(-4.138911435803E-13,-2.701251033575E-02));
#9636 = CARTESIAN_POINT('',(2.288440868159E-02,-4.483367755131E-02));
#9637 = CARTESIAN_POINT('',(6.859498123559E-02,-8.07390240703E-02));
#9638 = CARTESIAN_POINT('',(0.13705174935,-0.135100869301));
#9639 = CARTESIAN_POINT('',(0.205469002394,-0.189667895325));
#9640 = CARTESIAN_POINT('',(0.273902554261,-0.24418847595));
#9641 = CARTESIAN_POINT('',(0.342401202186,-0.29844216741));
#9642 = CARTESIAN_POINT('',(0.411006339165,-0.352243979056));
#9643 = CARTESIAN_POINT('',(0.47975301297,-0.405442812644));
#9644 = CARTESIAN_POINT('',(0.548670235106,-0.457920914383));
#9645 = CARTESIAN_POINT('',(0.617781184135,-0.509592388008));
#9646 = CARTESIAN_POINT('',(0.687103206305,-0.560401218334));
#9647 = CARTESIAN_POINT('',(0.756647460734,-0.610318445979));
#9648 = CARTESIAN_POINT('',(0.826418827132,-0.659338967754));
#9649 = CARTESIAN_POINT('',(0.896413476176,-0.707475910799));
#9650 = CARTESIAN_POINT('',(0.966603268666,-0.75474623091));
#9651 = CARTESIAN_POINT('',(1.036976227677,-0.801193239173));
#9652 = CARTESIAN_POINT('',(1.107518434834,-0.846867663733));
#9653 = CARTESIAN_POINT('',(1.178217257496,-0.891823687919));
#9654 = CARTESIAN_POINT('',(1.24905990869,-0.936111725783));
#9655 = CARTESIAN_POINT('',(1.320032235336,-0.979771438625));
#9656 = CARTESIAN_POINT('',(1.391129450171,-1.022832478149));
#9657 = CARTESIAN_POINT('',(1.462345955925,-1.065302673881));
#9658 = CARTESIAN_POINT('',(1.533682769156,-1.107167726579));
#9659 = CARTESIAN_POINT('',(1.605145172242,-1.148385575657));
#9660 = CARTESIAN_POINT('',(1.676742943934,-1.188883100597));
#9661 = CARTESIAN_POINT('',(1.748488287771,-1.228552352664));
#9662 = CARTESIAN_POINT('',(1.820401516734,-1.267251814992));
#9663 = CARTESIAN_POINT('',(1.892509751907,-1.304804168299));
#9664 = CARTESIAN_POINT('',(1.964839767624,-1.340991988049));
#9665 = CARTESIAN_POINT('',(2.037419570213,-1.375558698817));
#9666 = CARTESIAN_POINT('',(2.110275873984,-1.408209313384));
#9667 = CARTESIAN_POINT('',(2.183439779068,-1.438612072208));
#9668 = CARTESIAN_POINT('',(2.256922713283,-1.466401425233));
#9669 = CARTESIAN_POINT('',(2.331197528346,-1.491320704967));
#9670 = CARTESIAN_POINT('',(2.405971814261,-1.512792125829));
#9671 = CARTESIAN_POINT('',(2.481115858276,-1.53031795637));
#9672 = CARTESIAN_POINT('',(2.556492824342,-1.543416291534));
#9673 = CARTESIAN_POINT('',(2.631992873123,-1.551647185718));
#9674 = CARTESIAN_POINT('',(2.707514658042,-1.554616665763));
#9675 = CARTESIAN_POINT('',(2.782962214678,-1.551988383737));
#9676 = CARTESIAN_POINT('',(2.858238377202,-1.543494681677));
#9677 = CARTESIAN_POINT('',(2.933239389975,-1.528949023157));
#9678 = CARTESIAN_POINT('',(3.007848521311,-1.508259475734));
#9679 = CARTESIAN_POINT('',(3.081930546838,-1.481442301491));
#9680 = CARTESIAN_POINT('',(3.15531947946,-1.448639963472));
#9681 = CARTESIAN_POINT('',(3.22782547456,-1.410127952812));
#9682 = CARTESIAN_POINT('',(3.299161587959,-1.366369675224));
#9683 = CARTESIAN_POINT('',(3.369157876662,-1.317899675525));
#9684 = CARTESIAN_POINT('',(3.438065999505,-1.264996356496));
#9685 = CARTESIAN_POINT('',(3.505902884239,-1.208096411458));
#9686 = CARTESIAN_POINT('',(3.57275223151,-1.147603703689));
#9687 = CARTESIAN_POINT('',(3.638683913292,-1.083933336541));
#9688 = CARTESIAN_POINT('',(3.70377594347,-1.017493742428));
#9689 = CARTESIAN_POINT('',(3.768109447432,-0.948686091486));
#9690 = CARTESIAN_POINT('',(3.831771262399,-0.877899773087));
#9691 = CARTESIAN_POINT('',(3.894855108869,-0.80550933815));
#9692 = CARTESIAN_POINT('',(3.957463025908,-0.731872401916));
#9693 = CARTESIAN_POINT('',(4.019709687841,-0.657325028314));
#9694 = CARTESIAN_POINT('',(4.08171804534,-0.582189022562));
#9695 = CARTESIAN_POINT('',(4.143650802429,-0.506737018274));
#9696 = CARTESIAN_POINT('',(4.205602806552,-0.431329343168));
#9697 = CARTESIAN_POINT('',(4.267700652507,-0.356297952491));
#9698 = CARTESIAN_POINT('',(4.330083316626,-0.281975462808));
#9699 = CARTESIAN_POINT('',(4.392878689745,-0.208729012503));
#9700 = CARTESIAN_POINT('',(4.456214914059,-0.13695281304));
#9701 = CARTESIAN_POINT('',(4.52022083517,-6.706733845531E-02));
#9702 = CARTESIAN_POINT('',(4.563430224586,-2.204460717354E-02));
#9703 = CARTESIAN_POINT('',(4.585192232707,1.06581410364E-14));
#9704 = ( GEOMETRIC_REPRESENTATION_CONTEXT(2) 
PARAMETRIC_REPRESENTATION_CONTEXT() REPRESENTATION_CONTEXT('2D SPACE',''
  ) );
#9705 = ORIENTED_EDGE('',*,*,#9706,.T.);
#9706 = EDGE_CURVE('',#9499,#9707,#9709,.T.);
#9707 = VERTEX_POINT('',#9708);
#9708 = CARTESIAN_POINT('',(150.29860221413,-20.,228.08017394324));
#9709 = SURFACE_CURVE('',#9710,(#9719,#9731),.PCURVE_S1.);
#9710 = B_SPLINE_CURVE_WITH_KNOTS('',7,(#9711,#9712,#9713,#9714,#9715,
    #9716,#9717,#9718),.UNSPECIFIED.,.F.,.F.,(8,8),(0.,1.),
  .PIECEWISE_BEZIER_KNOTS.);
#9711 = CARTESIAN_POINT('',(147.68418132273,-20.,230.3));
#9712 = CARTESIAN_POINT('',(148.07248995081,-20.,230.0002465438));
#9713 = CARTESIAN_POINT('',(148.45717869831,-20.,229.69595290812));
#9714 = CARTESIAN_POINT('',(148.83778243819,-20.,229.38647078195));
#9715 = CARTESIAN_POINT('',(149.21360776085,-20.,229.0710796603));
#9716 = CARTESIAN_POINT('',(149.58363486514,-20.,228.74887728177));
#9717 = CARTESIAN_POINT('',(149.94649763128,-20.,228.41875265011));
#9718 = CARTESIAN_POINT('',(150.3,-20.,228.07882997887));
#9719 = PCURVE('',#4278,#9720);
#9720 = DEFINITIONAL_REPRESENTATION('',(#9721),#9730);
#9721 = B_SPLINE_CURVE_WITH_KNOTS('',7,(#9722,#9723,#9724,#9725,#9726,
    #9727,#9728,#9729),.UNSPECIFIED.,.F.,.F.,(8,8),(0.,1.),
  .PIECEWISE_BEZIER_KNOTS.);
#9722 = CARTESIAN_POINT('',(2.80110999741,0.778194793399));
#9723 = CARTESIAN_POINT('',(2.813409160989,0.787440236924));
#9724 = CARTESIAN_POINT('',(2.826216812285,0.796599492817));
#9725 = CARTESIAN_POINT('',(2.839593814554,0.805661486624));
#9726 = CARTESIAN_POINT('',(2.853611699066,0.814609708592));
#9727 = CARTESIAN_POINT('',(2.868362090893,0.823419877742));
#9728 = CARTESIAN_POINT('',(2.883958921922,0.832059467411));
#9729 = CARTESIAN_POINT('',(2.9005862824,0.840476190476));
#9730 = ( GEOMETRIC_REPRESENTATION_CONTEXT(2) 
PARAMETRIC_REPRESENTATION_CONTEXT() REPRESENTATION_CONTEXT('2D SPACE',''
  ) );
#9731 = PCURVE('',#9732,#9737);
#9732 = PLANE('',#9733);
#9733 = AXIS2_PLACEMENT_3D('',#9734,#9735,#9736);
#9734 = CARTESIAN_POINT('',(148.,-20.,228.));
#9735 = DIRECTION('',(-0.,-1.,-0.));
#9736 = DIRECTION('',(0.,0.,-1.));
#9737 = DEFINITIONAL_REPRESENTATION('',(#9738),#9747);
#9738 = B_SPLINE_CURVE_WITH_KNOTS('',7,(#9739,#9740,#9741,#9742,#9743,
    #9744,#9745,#9746),.UNSPECIFIED.,.F.,.F.,(8,8),(0.,1.),
  .PIECEWISE_BEZIER_KNOTS.);
#9739 = CARTESIAN_POINT('',(-2.3,-0.31581867727));
#9740 = CARTESIAN_POINT('',(-2.0002465438,7.248995081E-02));
#9741 = CARTESIAN_POINT('',(-1.69595290812,0.45717869831));
#9742 = CARTESIAN_POINT('',(-1.38647078195,0.83778243819));
#9743 = CARTESIAN_POINT('',(-1.0710796603,1.21360776085));
#9744 = CARTESIAN_POINT('',(-0.74887728177,1.58363486514));
#9745 = CARTESIAN_POINT('',(-0.41875265011,1.94649763128));
#9746 = CARTESIAN_POINT('',(-7.882997887E-02,2.3));
#9747 = ( GEOMETRIC_REPRESENTATION_CONTEXT(2) 
PARAMETRIC_REPRESENTATION_CONTEXT() REPRESENTATION_CONTEXT('2D SPACE',''
  ) );
#9748 = ORIENTED_EDGE('',*,*,#9749,.T.);
#9749 = EDGE_CURVE('',#9707,#9497,#9750,.T.);
#9750 = SURFACE_CURVE('',#9751,(#9757,#9766),.PCURVE_S1.);
#9751 = B_SPLINE_CURVE_WITH_KNOTS('',3,(#9752,#9753,#9754,#9755,#9756),
  .UNSPECIFIED.,.F.,.F.,(4,1,4),(0.,0.991306531694,1.),.UNSPECIFIED.);
#9752 = CARTESIAN_POINT('',(150.29860215171,-19.9999994,228.08017573276)
  );
#9753 = CARTESIAN_POINT('',(150.29952631154,-20.00888288927,
    228.0536804868));
#9754 = CARTESIAN_POINT('',(150.29999595728,-20.01789303125,
    228.02694048094));
#9755 = CARTESIAN_POINT('',(150.3,-20.02693391068,228.00023218747));
#9756 = CARTESIAN_POINT('',(150.3,-20.02701251033,228.));
#9757 = PCURVE('',#4278,#9758);
#9758 = DEFINITIONAL_REPRESENTATION('',(#9759),#9765);
#9759 = B_SPLINE_CURVE_WITH_KNOTS('',3,(#9760,#9761,#9762,#9763,#9764),
  .UNSPECIFIED.,.F.,.F.,(4,1,4),(0.,0.991306531694,1.),.UNSPECIFIED.);
#9760 = CARTESIAN_POINT('',(2.900520420947,0.840442908374));
#9761 = CARTESIAN_POINT('',(2.902370540364,0.84046491218));
#9762 = CARTESIAN_POINT('',(2.904246196339,0.840476094221));
#9763 = CARTESIAN_POINT('',(2.906127976374,0.840476190476));
#9764 = CARTESIAN_POINT('',(2.906144336185,0.840476190476));
#9765 = ( GEOMETRIC_REPRESENTATION_CONTEXT(2) 
PARAMETRIC_REPRESENTATION_CONTEXT() REPRESENTATION_CONTEXT('2D SPACE',''
  ) );
#9766 = PCURVE('',#9628,#9767);
#9767 = DEFINITIONAL_REPRESENTATION('',(#9768),#9774);
#9768 = B_SPLINE_CURVE_WITH_KNOTS('',3,(#9769,#9770,#9771,#9772,#9773),
  .UNSPECIFIED.,.F.,.F.,(4,1,4),(2.231795150292E-05,0.991306531694,1.),
  .UNSPECIFIED.);
#9769 = CARTESIAN_POINT('',(-3.486529941041E-02,-2.574589968632E-15));
#9770 = CARTESIAN_POINT('',(-2.333888137941E-02,-8.88329145502E-03));
#9771 = CARTESIAN_POINT('',(-1.171299343441E-02,-1.789323302367E-02));
#9772 = CARTESIAN_POINT('',(-1.009510774139E-04,-2.693391068082E-02));
#9773 = CARTESIAN_POINT('',(-4.138911435803E-13,-2.701251033575E-02));
#9774 = ( GEOMETRIC_REPRESENTATION_CONTEXT(2) 
PARAMETRIC_REPRESENTATION_CONTEXT() REPRESENTATION_CONTEXT('2D SPACE',''
  ) );
#9775 = ADVANCED_FACE('',(#9776),#6438,.F.);
#9776 = FACE_BOUND('',#9777,.F.);
#9777 = EDGE_LOOP('',(#9778,#9801,#9827,#9828));
#9778 = ORIENTED_EDGE('',*,*,#9779,.T.);
#9779 = EDGE_CURVE('',#6418,#9780,#9782,.T.);
#9780 = VERTEX_POINT('',#9781);
#9781 = CARTESIAN_POINT('',(60.7,-29.,212.));
#9782 = SEAM_CURVE('',#9783,(#9787,#9794),.PCURVE_S1.);
#9783 = LINE('',#9784,#9785);
#9784 = CARTESIAN_POINT('',(60.7,-19.,212.));
#9785 = VECTOR('',#9786,1.);
#9786 = DIRECTION('',(0.,-1.,0.));
#9787 = PCURVE('',#6438,#9788);
#9788 = DEFINITIONAL_REPRESENTATION('',(#9789),#9793);
#9789 = LINE('',#9790,#9791);
#9790 = CARTESIAN_POINT('',(-4.138911435803E-13,0.));
#9791 = VECTOR('',#9792,1.);
#9792 = DIRECTION('',(-0.,-1.));
#9793 = ( GEOMETRIC_REPRESENTATION_CONTEXT(2) 
PARAMETRIC_REPRESENTATION_CONTEXT() REPRESENTATION_CONTEXT('2D SPACE',''
  ) );
#9794 = PCURVE('',#6438,#9795);
#9795 = DEFINITIONAL_REPRESENTATION('',(#9796),#9800);
#9796 = LINE('',#9797,#9798);
#9797 = CARTESIAN_POINT('',(6.28318530718,0.));
#9798 = VECTOR('',#9799,1.);
#9799 = DIRECTION('',(-0.,-1.));
#9800 = ( GEOMETRIC_REPRESENTATION_CONTEXT(2) 
PARAMETRIC_REPRESENTATION_CONTEXT() REPRESENTATION_CONTEXT('2D SPACE',''
  ) );
#9801 = ORIENTED_EDGE('',*,*,#9802,.T.);
#9802 = EDGE_CURVE('',#9780,#9780,#9803,.T.);
#9803 = SURFACE_CURVE('',#9804,(#9809,#9816),.PCURVE_S1.);
#9804 = CIRCLE('',#9805,1.7);
#9805 = AXIS2_PLACEMENT_3D('',#9806,#9807,#9808);
#9806 = CARTESIAN_POINT('',(59.,-29.,212.));
#9807 = DIRECTION('',(-0.,1.,0.));
#9808 = DIRECTION('',(1.,0.,0.));
#9809 = PCURVE('',#6438,#9810);
#9810 = DEFINITIONAL_REPRESENTATION('',(#9811),#9815);
#9811 = LINE('',#9812,#9813);
#9812 = CARTESIAN_POINT('',(-4.138911435803E-13,-10.));
#9813 = VECTOR('',#9814,1.);
#9814 = DIRECTION('',(1.,-0.));
#9815 = ( GEOMETRIC_REPRESENTATION_CONTEXT(2) 
PARAMETRIC_REPRESENTATION_CONTEXT() REPRESENTATION_CONTEXT('2D SPACE',''
  ) );
#9816 = PCURVE('',#6493,#9817);
#9817 = DEFINITIONAL_REPRESENTATION('',(#9818),#9826);
#9818 = ( BOUNDED_CURVE() B_SPLINE_CURVE(2,(#9819,#9820,#9821,#9822,
#9823,#9824,#9825),.UNSPECIFIED.,.T.,.F.) B_SPLINE_CURVE_WITH_KNOTS((1,2
    ,2,2,2,1),(-2.094395102393,0.,2.094395102393,4.188790204786,
6.28318530718,8.377580409573),.UNSPECIFIED.) CURVE() 
GEOMETRIC_REPRESENTATION_ITEM() RATIONAL_B_SPLINE_CURVE((1.,0.5,1.,0.5,
1.,0.5,1.)) REPRESENTATION_ITEM('') );
#9819 = CARTESIAN_POINT('',(0.,1.7));
#9820 = CARTESIAN_POINT('',(2.944486372867,1.7));
#9821 = CARTESIAN_POINT('',(1.472243186434,-0.85));
#9822 = CARTESIAN_POINT('',(4.163799117101E-16,-3.4));
#9823 = CARTESIAN_POINT('',(-1.472243186434,-0.85));
#9824 = CARTESIAN_POINT('',(-2.944486372867,1.7));
#9825 = CARTESIAN_POINT('',(0.,1.7));
#9826 = ( GEOMETRIC_REPRESENTATION_CONTEXT(2) 
PARAMETRIC_REPRESENTATION_CONTEXT() REPRESENTATION_CONTEXT('2D SPACE',''
  ) );
#9827 = ORIENTED_EDGE('',*,*,#9779,.F.);
#9828 = ORIENTED_EDGE('',*,*,#6417,.F.);
#9829 = ADVANCED_FACE('',(#9830,#9833),#6493,.T.);
#9830 = FACE_BOUND('',#9831,.T.);
#9831 = EDGE_LOOP('',(#9832));
#9832 = ORIENTED_EDGE('',*,*,#6478,.T.);
#9833 = FACE_BOUND('',#9834,.T.);
#9834 = EDGE_LOOP('',(#9835));
#9835 = ORIENTED_EDGE('',*,*,#9802,.T.);
#9836 = ADVANCED_FACE('',(#9837,#9840),#6627,.F.);
#9837 = FACE_BOUND('',#9838,.F.);
#9838 = EDGE_LOOP('',(#9839));
#9839 = ORIENTED_EDGE('',*,*,#6612,.T.);
#9840 = FACE_BOUND('',#9841,.F.);
#9841 = EDGE_LOOP('',(#9842));
#9842 = ORIENTED_EDGE('',*,*,#9843,.T.);
#9843 = EDGE_CURVE('',#9844,#9844,#9846,.T.);
#9844 = VERTEX_POINT('',#9845);
#9845 = CARTESIAN_POINT('',(60.7,29.,212.));
#9846 = SURFACE_CURVE('',#9847,(#9852,#9863),.PCURVE_S1.);
#9847 = CIRCLE('',#9848,1.7);
#9848 = AXIS2_PLACEMENT_3D('',#9849,#9850,#9851);
#9849 = CARTESIAN_POINT('',(59.,29.,212.));
#9850 = DIRECTION('',(-0.,1.,0.));
#9851 = DIRECTION('',(1.,0.,0.));
#9852 = PCURVE('',#6627,#9853);
#9853 = DEFINITIONAL_REPRESENTATION('',(#9854),#9862);
#9854 = ( BOUNDED_CURVE() B_SPLINE_CURVE(2,(#9855,#9856,#9857,#9858,
#9859,#9860,#9861),.UNSPECIFIED.,.T.,.F.) B_SPLINE_CURVE_WITH_KNOTS((1,2
    ,2,2,2,1),(-2.094395102393,0.,2.094395102393,4.188790204786,
6.28318530718,8.377580409573),.UNSPECIFIED.) CURVE() 
GEOMETRIC_REPRESENTATION_ITEM() RATIONAL_B_SPLINE_CURVE((1.,0.5,1.,0.5,
1.,0.5,1.)) REPRESENTATION_ITEM('') );
#9855 = CARTESIAN_POINT('',(0.,1.7));
#9856 = CARTESIAN_POINT('',(2.944486372867,1.7));
#9857 = CARTESIAN_POINT('',(1.472243186434,-0.85));
#9858 = CARTESIAN_POINT('',(4.163799117101E-16,-3.4));
#9859 = CARTESIAN_POINT('',(-1.472243186434,-0.85));
#9860 = CARTESIAN_POINT('',(-2.944486372867,1.7));
#9861 = CARTESIAN_POINT('',(0.,1.7));
#9862 = ( GEOMETRIC_REPRESENTATION_CONTEXT(2) 
PARAMETRIC_REPRESENTATION_CONTEXT() REPRESENTATION_CONTEXT('2D SPACE',''
  ) );
#9863 = PCURVE('',#6668,#9864);
#9864 = DEFINITIONAL_REPRESENTATION('',(#9865),#9869);
#9865 = LINE('',#9866,#9867);
#9866 = CARTESIAN_POINT('',(-4.138911435803E-13,-2.));
#9867 = VECTOR('',#9868,1.);
#9868 = DIRECTION('',(1.,-0.));
#9869 = ( GEOMETRIC_REPRESENTATION_CONTEXT(2) 
PARAMETRIC_REPRESENTATION_CONTEXT() REPRESENTATION_CONTEXT('2D SPACE',''
  ) );
#9870 = ADVANCED_FACE('',(#9871),#6668,.F.);
#9871 = FACE_BOUND('',#9872,.F.);
#9872 = EDGE_LOOP('',(#9873,#9894,#9895,#9896));
#9873 = ORIENTED_EDGE('',*,*,#9874,.T.);
#9874 = EDGE_CURVE('',#9844,#6648,#9875,.T.);
#9875 = SEAM_CURVE('',#9876,(#9880,#9887),.PCURVE_S1.);
#9876 = LINE('',#9877,#9878);
#9877 = CARTESIAN_POINT('',(60.7,31.,212.));
#9878 = VECTOR('',#9879,1.);
#9879 = DIRECTION('',(0.,-1.,0.));
#9880 = PCURVE('',#6668,#9881);
#9881 = DEFINITIONAL_REPRESENTATION('',(#9882),#9886);
#9882 = LINE('',#9883,#9884);
#9883 = CARTESIAN_POINT('',(-4.138911435803E-13,0.));
#9884 = VECTOR('',#9885,1.);
#9885 = DIRECTION('',(-0.,-1.));
#9886 = ( GEOMETRIC_REPRESENTATION_CONTEXT(2) 
PARAMETRIC_REPRESENTATION_CONTEXT() REPRESENTATION_CONTEXT('2D SPACE',''
  ) );
#9887 = PCURVE('',#6668,#9888);
#9888 = DEFINITIONAL_REPRESENTATION('',(#9889),#9893);
#9889 = LINE('',#9890,#9891);
#9890 = CARTESIAN_POINT('',(6.28318530718,0.));
#9891 = VECTOR('',#9892,1.);
#9892 = DIRECTION('',(-0.,-1.));
#9893 = ( GEOMETRIC_REPRESENTATION_CONTEXT(2) 
PARAMETRIC_REPRESENTATION_CONTEXT() REPRESENTATION_CONTEXT('2D SPACE',''
  ) );
#9894 = ORIENTED_EDGE('',*,*,#6647,.T.);
#9895 = ORIENTED_EDGE('',*,*,#9874,.F.);
#9896 = ORIENTED_EDGE('',*,*,#9843,.F.);
#9897 = ADVANCED_FACE('',(#9898),#6782,.T.);
#9898 = FACE_BOUND('',#9899,.T.);
#9899 = EDGE_LOOP('',(#9900,#9901,#9902,#9903,#9904,#9905,#9906));
#9900 = ORIENTED_EDGE('',*,*,#6748,.T.);
#9901 = ORIENTED_EDGE('',*,*,#8658,.F.);
#9902 = ORIENTED_EDGE('',*,*,#7370,.F.);
#9903 = ORIENTED_EDGE('',*,*,#7139,.T.);
#9904 = ORIENTED_EDGE('',*,*,#7073,.T.);
#9905 = ORIENTED_EDGE('',*,*,#6969,.T.);
#9906 = ORIENTED_EDGE('',*,*,#6880,.T.);
#9907 = ADVANCED_FACE('',(#9908,#9984),#8040,.T.);
#9908 = FACE_BOUND('',#9909,.T.);
#9909 = EDGE_LOOP('',(#9910,#9933,#9961,#9982,#9983));
#9910 = ORIENTED_EDGE('',*,*,#9911,.F.);
#9911 = EDGE_CURVE('',#9912,#8404,#9914,.T.);
#9912 = VERTEX_POINT('',#9913);
#9913 = CARTESIAN_POINT('',(87.,21.,222.));
#9914 = SURFACE_CURVE('',#9915,(#9919,#9926),.PCURVE_S1.);
#9915 = LINE('',#9916,#9917);
#9916 = CARTESIAN_POINT('',(87.,21.,222.));
#9917 = VECTOR('',#9918,1.);
#9918 = DIRECTION('',(0.,0.,1.));
#9919 = PCURVE('',#8040,#9920);
#9920 = DEFINITIONAL_REPRESENTATION('',(#9921),#9925);
#9921 = LINE('',#9922,#9923);
#9922 = CARTESIAN_POINT('',(0.,30.));
#9923 = VECTOR('',#9924,1.);
#9924 = DIRECTION('',(1.,0.));
#9925 = ( GEOMETRIC_REPRESENTATION_CONTEXT(2) 
PARAMETRIC_REPRESENTATION_CONTEXT() REPRESENTATION_CONTEXT('2D SPACE',''
  ) );
#9926 = PCURVE('',#8458,#9927);
#9927 = DEFINITIONAL_REPRESENTATION('',(#9928),#9932);
#9928 = LINE('',#9929,#9930);
#9929 = CARTESIAN_POINT('',(0.,-2.));
#9930 = VECTOR('',#9931,1.);
#9931 = DIRECTION('',(1.,0.));
#9932 = ( GEOMETRIC_REPRESENTATION_CONTEXT(2) 
PARAMETRIC_REPRESENTATION_CONTEXT() REPRESENTATION_CONTEXT('2D SPACE',''
  ) );
#9933 = ORIENTED_EDGE('',*,*,#9934,.F.);
#9934 = EDGE_CURVE('',#9935,#9912,#9937,.T.);
#9935 = VERTEX_POINT('',#9936);
#9936 = CARTESIAN_POINT('',(57.,21.,222.));
#9937 = SURFACE_CURVE('',#9938,(#9942,#9949),.PCURVE_S1.);
#9938 = LINE('',#9939,#9940);
#9939 = CARTESIAN_POINT('',(57.,21.,222.));
#9940 = VECTOR('',#9941,1.);
#9941 = DIRECTION('',(1.,0.,0.));
#9942 = PCURVE('',#8040,#9943);
#9943 = DEFINITIONAL_REPRESENTATION('',(#9944),#9948);
#9944 = LINE('',#9945,#9946);
#9945 = CARTESIAN_POINT('',(0.,0.));
#9946 = VECTOR('',#9947,1.);
#9947 = DIRECTION('',(0.,1.));
#9948 = ( GEOMETRIC_REPRESENTATION_CONTEXT(2) 
PARAMETRIC_REPRESENTATION_CONTEXT() REPRESENTATION_CONTEXT('2D SPACE',''
  ) );
#9949 = PCURVE('',#9950,#9955);
#9950 = PLANE('',#9951);
#9951 = AXIS2_PLACEMENT_3D('',#9952,#9953,#9954);
#9952 = CARTESIAN_POINT('',(57.,19.,222.));
#9953 = DIRECTION('',(0.,0.,1.));
#9954 = DIRECTION('',(1.,0.,-0.));
#9955 = DEFINITIONAL_REPRESENTATION('',(#9956),#9960);
#9956 = LINE('',#9957,#9958);
#9957 = CARTESIAN_POINT('',(0.,2.));
#9958 = VECTOR('',#9959,1.);
#9959 = DIRECTION('',(1.,0.));
#9960 = ( GEOMETRIC_REPRESENTATION_CONTEXT(2) 
PARAMETRIC_REPRESENTATION_CONTEXT() REPRESENTATION_CONTEXT('2D SPACE',''
  ) );
#9961 = ORIENTED_EDGE('',*,*,#9962,.T.);
#9962 = EDGE_CURVE('',#9935,#7980,#9963,.T.);
#9963 = SURFACE_CURVE('',#9964,(#9968,#9975),.PCURVE_S1.);
#9964 = LINE('',#9965,#9966);
#9965 = CARTESIAN_POINT('',(57.,21.,222.));
#9966 = VECTOR('',#9967,1.);
#9967 = DIRECTION('',(0.,0.,1.));
#9968 = PCURVE('',#8040,#9969);
#9969 = DEFINITIONAL_REPRESENTATION('',(#9970),#9974);
#9970 = LINE('',#9971,#9972);
#9971 = CARTESIAN_POINT('',(0.,0.));
#9972 = VECTOR('',#9973,1.);
#9973 = DIRECTION('',(1.,0.));
#9974 = ( GEOMETRIC_REPRESENTATION_CONTEXT(2) 
PARAMETRIC_REPRESENTATION_CONTEXT() REPRESENTATION_CONTEXT('2D SPACE',''
  ) );
#9975 = PCURVE('',#8001,#9976);
#9976 = DEFINITIONAL_REPRESENTATION('',(#9977),#9981);
#9977 = LINE('',#9978,#9979);
#9978 = CARTESIAN_POINT('',(0.,-2.));
#9979 = VECTOR('',#9980,1.);
#9980 = DIRECTION('',(1.,0.));
#9981 = ( GEOMETRIC_REPRESENTATION_CONTEXT(2) 
PARAMETRIC_REPRESENTATION_CONTEXT() REPRESENTATION_CONTEXT('2D SPACE',''
  ) );
#9982 = ORIENTED_EDGE('',*,*,#8016,.T.);
#9983 = ORIENTED_EDGE('',*,*,#8403,.T.);
#9984 = FACE_BOUND('',#9985,.T.);
#9985 = EDGE_LOOP('',(#9986));
#9986 = ORIENTED_EDGE('',*,*,#9987,.F.);
#9987 = EDGE_CURVE('',#9988,#9988,#9990,.T.);
#9988 = VERTEX_POINT('',#9989);
#9989 = CARTESIAN_POINT('',(73.7,21.,243.));
#9990 = SURFACE_CURVE('',#9991,(#9996,#10003),.PCURVE_S1.);
#9991 = CIRCLE('',#9992,1.7);
#9992 = AXIS2_PLACEMENT_3D('',#9993,#9994,#9995);
#9993 = CARTESIAN_POINT('',(72.,21.,243.));
#9994 = DIRECTION('',(-0.,1.,0.));
#9995 = DIRECTION('',(1.,0.,0.));
#9996 = PCURVE('',#8040,#9997);
#9997 = DEFINITIONAL_REPRESENTATION('',(#9998),#10002);
#9998 = CIRCLE('',#9999,1.7);
#9999 = AXIS2_PLACEMENT_2D('',#10000,#10001);
#10000 = CARTESIAN_POINT('',(21.,15.));
#10001 = DIRECTION('',(0.,1.));
#10002 = ( GEOMETRIC_REPRESENTATION_CONTEXT(2) 
PARAMETRIC_REPRESENTATION_CONTEXT() REPRESENTATION_CONTEXT('2D SPACE',''
  ) );
#10003 = PCURVE('',#10004,#10009);
#10004 = CYLINDRICAL_SURFACE('',#10005,1.7);
#10005 = AXIS2_PLACEMENT_3D('',#10006,#10007,#10008);
#10006 = CARTESIAN_POINT('',(72.,23.,243.));
#10007 = DIRECTION('',(-0.,1.,-0.));
#10008 = DIRECTION('',(1.,0.,0.));
#10009 = DEFINITIONAL_REPRESENTATION('',(#10010),#10014);
#10010 = LINE('',#10011,#10012);
#10011 = CARTESIAN_POINT('',(-4.138911435803E-13,-2.));
#10012 = VECTOR('',#10013,1.);
#10013 = DIRECTION('',(1.,-0.));
#10014 = ( GEOMETRIC_REPRESENTATION_CONTEXT(2) 
PARAMETRIC_REPRESENTATION_CONTEXT() REPRESENTATION_CONTEXT('2D SPACE',''
  ) );
#10015 = ADVANCED_FACE('',(#10016),#8001,.F.);
#10016 = FACE_BOUND('',#10017,.F.);
#10017 = EDGE_LOOP('',(#10018,#10041,#10062,#10063));
#10018 = ORIENTED_EDGE('',*,*,#10019,.F.);
#10019 = EDGE_CURVE('',#10020,#7937,#10022,.T.);
#10020 = VERTEX_POINT('',#10021);
#10021 = CARTESIAN_POINT('',(57.,19.,222.));
#10022 = SURFACE_CURVE('',#10023,(#10027,#10034),.PCURVE_S1.);
#10023 = LINE('',#10024,#10025);
#10024 = CARTESIAN_POINT('',(57.,19.,222.));
#10025 = VECTOR('',#10026,1.);
#10026 = DIRECTION('',(0.,0.,1.));
#10027 = PCURVE('',#8001,#10028);
#10028 = DEFINITIONAL_REPRESENTATION('',(#10029),#10033);
#10029 = LINE('',#10030,#10031);
#10030 = CARTESIAN_POINT('',(0.,0.));
#10031 = VECTOR('',#10032,1.);
#10032 = DIRECTION('',(1.,0.));
#10033 = ( GEOMETRIC_REPRESENTATION_CONTEXT(2) 
PARAMETRIC_REPRESENTATION_CONTEXT() REPRESENTATION_CONTEXT('2D SPACE',''
  ) );
#10034 = PCURVE('',#7962,#10035);
#10035 = DEFINITIONAL_REPRESENTATION('',(#10036),#10040);
#10036 = LINE('',#10037,#10038);
#10037 = CARTESIAN_POINT('',(0.,0.));
#10038 = VECTOR('',#10039,1.);
#10039 = DIRECTION('',(1.,0.));
#10040 = ( GEOMETRIC_REPRESENTATION_CONTEXT(2) 
PARAMETRIC_REPRESENTATION_CONTEXT() REPRESENTATION_CONTEXT('2D SPACE',''
  ) );
#10041 = ORIENTED_EDGE('',*,*,#10042,.T.);
#10042 = EDGE_CURVE('',#10020,#9935,#10043,.T.);
#10043 = SURFACE_CURVE('',#10044,(#10048,#10055),.PCURVE_S1.);
#10044 = LINE('',#10045,#10046);
#10045 = CARTESIAN_POINT('',(57.,19.,222.));
#10046 = VECTOR('',#10047,1.);
#10047 = DIRECTION('',(0.,1.,0.));
#10048 = PCURVE('',#8001,#10049);
#10049 = DEFINITIONAL_REPRESENTATION('',(#10050),#10054);
#10050 = LINE('',#10051,#10052);
#10051 = CARTESIAN_POINT('',(0.,0.));
#10052 = VECTOR('',#10053,1.);
#10053 = DIRECTION('',(0.,-1.));
#10054 = ( GEOMETRIC_REPRESENTATION_CONTEXT(2) 
PARAMETRIC_REPRESENTATION_CONTEXT() REPRESENTATION_CONTEXT('2D SPACE',''
  ) );
#10055 = PCURVE('',#9950,#10056);
#10056 = DEFINITIONAL_REPRESENTATION('',(#10057),#10061);
#10057 = LINE('',#10058,#10059);
#10058 = CARTESIAN_POINT('',(0.,0.));
#10059 = VECTOR('',#10060,1.);
#10060 = DIRECTION('',(0.,1.));
#10061 = ( GEOMETRIC_REPRESENTATION_CONTEXT(2) 
PARAMETRIC_REPRESENTATION_CONTEXT() REPRESENTATION_CONTEXT('2D SPACE',''
  ) );
#10062 = ORIENTED_EDGE('',*,*,#9962,.T.);
#10063 = ORIENTED_EDGE('',*,*,#7979,.F.);
#10064 = ADVANCED_FACE('',(#10065,#10114),#7962,.F.);
#10065 = FACE_BOUND('',#10066,.F.);
#10066 = EDGE_LOOP('',(#10067,#10090,#10111,#10112,#10113));
#10067 = ORIENTED_EDGE('',*,*,#10068,.F.);
#10068 = EDGE_CURVE('',#10069,#8439,#10071,.T.);
#10069 = VERTEX_POINT('',#10070);
#10070 = CARTESIAN_POINT('',(87.,19.,222.));
#10071 = SURFACE_CURVE('',#10072,(#10076,#10083),.PCURVE_S1.);
#10072 = LINE('',#10073,#10074);
#10073 = CARTESIAN_POINT('',(87.,19.,222.));
#10074 = VECTOR('',#10075,1.);
#10075 = DIRECTION('',(0.,0.,1.));
#10076 = PCURVE('',#7962,#10077);
#10077 = DEFINITIONAL_REPRESENTATION('',(#10078),#10082);
#10078 = LINE('',#10079,#10080);
#10079 = CARTESIAN_POINT('',(0.,30.));
#10080 = VECTOR('',#10081,1.);
#10081 = DIRECTION('',(1.,0.));
#10082 = ( GEOMETRIC_REPRESENTATION_CONTEXT(2) 
PARAMETRIC_REPRESENTATION_CONTEXT() REPRESENTATION_CONTEXT('2D SPACE',''
  ) );
#10083 = PCURVE('',#8458,#10084);
#10084 = DEFINITIONAL_REPRESENTATION('',(#10085),#10089);
#10085 = LINE('',#10086,#10087);
#10086 = CARTESIAN_POINT('',(0.,0.));
#10087 = VECTOR('',#10088,1.);
#10088 = DIRECTION('',(1.,0.));
#10089 = ( GEOMETRIC_REPRESENTATION_CONTEXT(2) 
PARAMETRIC_REPRESENTATION_CONTEXT() REPRESENTATION_CONTEXT('2D SPACE',''
  ) );
#10090 = ORIENTED_EDGE('',*,*,#10091,.F.);
#10091 = EDGE_CURVE('',#10020,#10069,#10092,.T.);
#10092 = SURFACE_CURVE('',#10093,(#10097,#10104),.PCURVE_S1.);
#10093 = LINE('',#10094,#10095);
#10094 = CARTESIAN_POINT('',(57.,19.,222.));
#10095 = VECTOR('',#10096,1.);
#10096 = DIRECTION('',(1.,0.,0.));
#10097 = PCURVE('',#7962,#10098);
#10098 = DEFINITIONAL_REPRESENTATION('',(#10099),#10103);
#10099 = LINE('',#10100,#10101);
#10100 = CARTESIAN_POINT('',(0.,0.));
#10101 = VECTOR('',#10102,1.);
#10102 = DIRECTION('',(0.,1.));
#10103 = ( GEOMETRIC_REPRESENTATION_CONTEXT(2) 
PARAMETRIC_REPRESENTATION_CONTEXT() REPRESENTATION_CONTEXT('2D SPACE',''
  ) );
#10104 = PCURVE('',#9950,#10105);
#10105 = DEFINITIONAL_REPRESENTATION('',(#10106),#10110);
#10106 = LINE('',#10107,#10108);
#10107 = CARTESIAN_POINT('',(0.,0.));
#10108 = VECTOR('',#10109,1.);
#10109 = DIRECTION('',(1.,0.));
#10110 = ( GEOMETRIC_REPRESENTATION_CONTEXT(2) 
PARAMETRIC_REPRESENTATION_CONTEXT() REPRESENTATION_CONTEXT('2D SPACE',''
  ) );
#10111 = ORIENTED_EDGE('',*,*,#10019,.T.);
#10112 = ORIENTED_EDGE('',*,*,#7936,.T.);
#10113 = ORIENTED_EDGE('',*,*,#8472,.T.);
#10114 = FACE_BOUND('',#10115,.F.);
#10115 = EDGE_LOOP('',(#10116));
#10116 = ORIENTED_EDGE('',*,*,#10117,.F.);
#10117 = EDGE_CURVE('',#10118,#10118,#10120,.T.);
#10118 = VERTEX_POINT('',#10119);
#10119 = CARTESIAN_POINT('',(73.7,19.,243.));
#10120 = SURFACE_CURVE('',#10121,(#10126,#10133),.PCURVE_S1.);
#10121 = CIRCLE('',#10122,1.7);
#10122 = AXIS2_PLACEMENT_3D('',#10123,#10124,#10125);
#10123 = CARTESIAN_POINT('',(72.,19.,243.));
#10124 = DIRECTION('',(-0.,1.,0.));
#10125 = DIRECTION('',(1.,0.,0.));
#10126 = PCURVE('',#7962,#10127);
#10127 = DEFINITIONAL_REPRESENTATION('',(#10128),#10132);
#10128 = CIRCLE('',#10129,1.7);
#10129 = AXIS2_PLACEMENT_2D('',#10130,#10131);
#10130 = CARTESIAN_POINT('',(21.,15.));
#10131 = DIRECTION('',(0.,1.));
#10132 = ( GEOMETRIC_REPRESENTATION_CONTEXT(2) 
PARAMETRIC_REPRESENTATION_CONTEXT() REPRESENTATION_CONTEXT('2D SPACE',''
  ) );
#10133 = PCURVE('',#10004,#10134);
#10134 = DEFINITIONAL_REPRESENTATION('',(#10135),#10139);
#10135 = LINE('',#10136,#10137);
#10136 = CARTESIAN_POINT('',(-4.138911435803E-13,-4.));
#10137 = VECTOR('',#10138,1.);
#10138 = DIRECTION('',(1.,-0.));
#10139 = ( GEOMETRIC_REPRESENTATION_CONTEXT(2) 
PARAMETRIC_REPRESENTATION_CONTEXT() REPRESENTATION_CONTEXT('2D SPACE',''
  ) );
#10140 = ADVANCED_FACE('',(#10141,#10217),#7895,.T.);
#10141 = FACE_BOUND('',#10142,.T.);
#10142 = EDGE_LOOP('',(#10143,#10166,#10194,#10215,#10216));
#10143 = ORIENTED_EDGE('',*,*,#10144,.F.);
#10144 = EDGE_CURVE('',#10145,#8504,#10147,.T.);
#10145 = VERTEX_POINT('',#10146);
#10146 = CARTESIAN_POINT('',(87.,-19.,222.));
#10147 = SURFACE_CURVE('',#10148,(#10152,#10159),.PCURVE_S1.);
#10148 = LINE('',#10149,#10150);
#10149 = CARTESIAN_POINT('',(87.,-19.,222.));
#10150 = VECTOR('',#10151,1.);
#10151 = DIRECTION('',(0.,0.,1.));
#10152 = PCURVE('',#7895,#10153);
#10153 = DEFINITIONAL_REPRESENTATION('',(#10154),#10158);
#10154 = LINE('',#10155,#10156);
#10155 = CARTESIAN_POINT('',(0.,30.));
#10156 = VECTOR('',#10157,1.);
#10157 = DIRECTION('',(1.,0.));
#10158 = ( GEOMETRIC_REPRESENTATION_CONTEXT(2) 
PARAMETRIC_REPRESENTATION_CONTEXT() REPRESENTATION_CONTEXT('2D SPACE',''
  ) );
#10159 = PCURVE('',#8555,#10160);
#10160 = DEFINITIONAL_REPRESENTATION('',(#10161),#10165);
#10161 = LINE('',#10162,#10163);
#10162 = CARTESIAN_POINT('',(0.,-2.));
#10163 = VECTOR('',#10164,1.);
#10164 = DIRECTION('',(1.,0.));
#10165 = ( GEOMETRIC_REPRESENTATION_CONTEXT(2) 
PARAMETRIC_REPRESENTATION_CONTEXT() REPRESENTATION_CONTEXT('2D SPACE',''
  ) );
#10166 = ORIENTED_EDGE('',*,*,#10167,.F.);
#10167 = EDGE_CURVE('',#10168,#10145,#10170,.T.);
#10168 = VERTEX_POINT('',#10169);
#10169 = CARTESIAN_POINT('',(57.,-19.,222.));
#10170 = SURFACE_CURVE('',#10171,(#10175,#10182),.PCURVE_S1.);
#10171 = LINE('',#10172,#10173);
#10172 = CARTESIAN_POINT('',(57.,-19.,222.));
#10173 = VECTOR('',#10174,1.);
#10174 = DIRECTION('',(1.,0.,0.));
#10175 = PCURVE('',#7895,#10176);
#10176 = DEFINITIONAL_REPRESENTATION('',(#10177),#10181);
#10177 = LINE('',#10178,#10179);
#10178 = CARTESIAN_POINT('',(0.,0.));
#10179 = VECTOR('',#10180,1.);
#10180 = DIRECTION('',(0.,1.));
#10181 = ( GEOMETRIC_REPRESENTATION_CONTEXT(2) 
PARAMETRIC_REPRESENTATION_CONTEXT() REPRESENTATION_CONTEXT('2D SPACE',''
  ) );
#10182 = PCURVE('',#10183,#10188);
#10183 = PLANE('',#10184);
#10184 = AXIS2_PLACEMENT_3D('',#10185,#10186,#10187);
#10185 = CARTESIAN_POINT('',(57.,-21.,222.));
#10186 = DIRECTION('',(0.,0.,1.));
#10187 = DIRECTION('',(1.,0.,-0.));
#10188 = DEFINITIONAL_REPRESENTATION('',(#10189),#10193);
#10189 = LINE('',#10190,#10191);
#10190 = CARTESIAN_POINT('',(0.,2.));
#10191 = VECTOR('',#10192,1.);
#10192 = DIRECTION('',(1.,0.));
#10193 = ( GEOMETRIC_REPRESENTATION_CONTEXT(2) 
PARAMETRIC_REPRESENTATION_CONTEXT() REPRESENTATION_CONTEXT('2D SPACE',''
  ) );
#10194 = ORIENTED_EDGE('',*,*,#10195,.T.);
#10195 = EDGE_CURVE('',#10168,#7833,#10196,.T.);
#10196 = SURFACE_CURVE('',#10197,(#10201,#10208),.PCURVE_S1.);
#10197 = LINE('',#10198,#10199);
#10198 = CARTESIAN_POINT('',(57.,-19.,222.));
#10199 = VECTOR('',#10200,1.);
#10200 = DIRECTION('',(0.,0.,1.));
#10201 = PCURVE('',#7895,#10202);
#10202 = DEFINITIONAL_REPRESENTATION('',(#10203),#10207);
#10203 = LINE('',#10204,#10205);
#10204 = CARTESIAN_POINT('',(0.,0.));
#10205 = VECTOR('',#10206,1.);
#10206 = DIRECTION('',(1.,0.));
#10207 = ( GEOMETRIC_REPRESENTATION_CONTEXT(2) 
PARAMETRIC_REPRESENTATION_CONTEXT() REPRESENTATION_CONTEXT('2D SPACE',''
  ) );
#10208 = PCURVE('',#7854,#10209);
#10209 = DEFINITIONAL_REPRESENTATION('',(#10210),#10214);
#10210 = LINE('',#10211,#10212);
#10211 = CARTESIAN_POINT('',(0.,-2.));
#10212 = VECTOR('',#10213,1.);
#10213 = DIRECTION('',(1.,0.));
#10214 = ( GEOMETRIC_REPRESENTATION_CONTEXT(2) 
PARAMETRIC_REPRESENTATION_CONTEXT() REPRESENTATION_CONTEXT('2D SPACE',''
  ) );
#10215 = ORIENTED_EDGE('',*,*,#7869,.T.);
#10216 = ORIENTED_EDGE('',*,*,#8503,.T.);
#10217 = FACE_BOUND('',#10218,.T.);
#10218 = EDGE_LOOP('',(#10219));
#10219 = ORIENTED_EDGE('',*,*,#10220,.F.);
#10220 = EDGE_CURVE('',#10221,#10221,#10223,.T.);
#10221 = VERTEX_POINT('',#10222);
#10222 = CARTESIAN_POINT('',(73.7,-19.,243.));
#10223 = SURFACE_CURVE('',#10224,(#10229,#10236),.PCURVE_S1.);
#10224 = CIRCLE('',#10225,1.7);
#10225 = AXIS2_PLACEMENT_3D('',#10226,#10227,#10228);
#10226 = CARTESIAN_POINT('',(72.,-19.,243.));
#10227 = DIRECTION('',(-0.,1.,0.));
#10228 = DIRECTION('',(1.,0.,0.));
#10229 = PCURVE('',#7895,#10230);
#10230 = DEFINITIONAL_REPRESENTATION('',(#10231),#10235);
#10231 = CIRCLE('',#10232,1.7);
#10232 = AXIS2_PLACEMENT_2D('',#10233,#10234);
#10233 = CARTESIAN_POINT('',(21.,15.));
#10234 = DIRECTION('',(0.,1.));
#10235 = ( GEOMETRIC_REPRESENTATION_CONTEXT(2) 
PARAMETRIC_REPRESENTATION_CONTEXT() REPRESENTATION_CONTEXT('2D SPACE',''
  ) );
#10236 = PCURVE('',#10237,#10242);
#10237 = CYLINDRICAL_SURFACE('',#10238,1.7);
#10238 = AXIS2_PLACEMENT_3D('',#10239,#10240,#10241);
#10239 = CARTESIAN_POINT('',(72.,-17.,243.));
#10240 = DIRECTION('',(-0.,1.,-0.));
#10241 = DIRECTION('',(1.,0.,0.));
#10242 = DEFINITIONAL_REPRESENTATION('',(#10243),#10247);
#10243 = LINE('',#10244,#10245);
#10244 = CARTESIAN_POINT('',(-4.138911435803E-13,-2.));
#10245 = VECTOR('',#10246,1.);
#10246 = DIRECTION('',(1.,-0.));
#10247 = ( GEOMETRIC_REPRESENTATION_CONTEXT(2) 
PARAMETRIC_REPRESENTATION_CONTEXT() REPRESENTATION_CONTEXT('2D SPACE',''
  ) );
#10248 = ADVANCED_FACE('',(#10249),#7854,.F.);
#10249 = FACE_BOUND('',#10250,.F.);
#10250 = EDGE_LOOP('',(#10251,#10274,#10295,#10296));
#10251 = ORIENTED_EDGE('',*,*,#10252,.F.);
#10252 = EDGE_CURVE('',#10253,#7790,#10255,.T.);
#10253 = VERTEX_POINT('',#10254);
#10254 = CARTESIAN_POINT('',(57.,-21.,222.));
#10255 = SURFACE_CURVE('',#10256,(#10260,#10267),.PCURVE_S1.);
#10256 = LINE('',#10257,#10258);
#10257 = CARTESIAN_POINT('',(57.,-21.,222.));
#10258 = VECTOR('',#10259,1.);
#10259 = DIRECTION('',(0.,0.,1.));
#10260 = PCURVE('',#7854,#10261);
#10261 = DEFINITIONAL_REPRESENTATION('',(#10262),#10266);
#10262 = LINE('',#10263,#10264);
#10263 = CARTESIAN_POINT('',(0.,0.));
#10264 = VECTOR('',#10265,1.);
#10265 = DIRECTION('',(1.,0.));
#10266 = ( GEOMETRIC_REPRESENTATION_CONTEXT(2) 
PARAMETRIC_REPRESENTATION_CONTEXT() REPRESENTATION_CONTEXT('2D SPACE',''
  ) );
#10267 = PCURVE('',#7815,#10268);
#10268 = DEFINITIONAL_REPRESENTATION('',(#10269),#10273);
#10269 = LINE('',#10270,#10271);
#10270 = CARTESIAN_POINT('',(0.,0.));
#10271 = VECTOR('',#10272,1.);
#10272 = DIRECTION('',(1.,0.));
#10273 = ( GEOMETRIC_REPRESENTATION_CONTEXT(2) 
PARAMETRIC_REPRESENTATION_CONTEXT() REPRESENTATION_CONTEXT('2D SPACE',''
  ) );
#10274 = ORIENTED_EDGE('',*,*,#10275,.T.);
#10275 = EDGE_CURVE('',#10253,#10168,#10276,.T.);
#10276 = SURFACE_CURVE('',#10277,(#10281,#10288),.PCURVE_S1.);
#10277 = LINE('',#10278,#10279);
#10278 = CARTESIAN_POINT('',(57.,-21.,222.));
#10279 = VECTOR('',#10280,1.);
#10280 = DIRECTION('',(0.,1.,0.));
#10281 = PCURVE('',#7854,#10282);
#10282 = DEFINITIONAL_REPRESENTATION('',(#10283),#10287);
#10283 = LINE('',#10284,#10285);
#10284 = CARTESIAN_POINT('',(0.,0.));
#10285 = VECTOR('',#10286,1.);
#10286 = DIRECTION('',(0.,-1.));
#10287 = ( GEOMETRIC_REPRESENTATION_CONTEXT(2) 
PARAMETRIC_REPRESENTATION_CONTEXT() REPRESENTATION_CONTEXT('2D SPACE',''
  ) );
#10288 = PCURVE('',#10183,#10289);
#10289 = DEFINITIONAL_REPRESENTATION('',(#10290),#10294);
#10290 = LINE('',#10291,#10292);
#10291 = CARTESIAN_POINT('',(0.,0.));
#10292 = VECTOR('',#10293,1.);
#10293 = DIRECTION('',(0.,1.));
#10294 = ( GEOMETRIC_REPRESENTATION_CONTEXT(2) 
PARAMETRIC_REPRESENTATION_CONTEXT() REPRESENTATION_CONTEXT('2D SPACE',''
  ) );
#10295 = ORIENTED_EDGE('',*,*,#10195,.T.);
#10296 = ORIENTED_EDGE('',*,*,#7832,.F.);
#10297 = ADVANCED_FACE('',(#10298,#10347),#7815,.F.);
#10298 = FACE_BOUND('',#10299,.F.);
#10299 = EDGE_LOOP('',(#10300,#10323,#10344,#10345,#10346));
#10300 = ORIENTED_EDGE('',*,*,#10301,.F.);
#10301 = EDGE_CURVE('',#10302,#8536,#10304,.T.);
#10302 = VERTEX_POINT('',#10303);
#10303 = CARTESIAN_POINT('',(87.,-21.,222.));
#10304 = SURFACE_CURVE('',#10305,(#10309,#10316),.PCURVE_S1.);
#10305 = LINE('',#10306,#10307);
#10306 = CARTESIAN_POINT('',(87.,-21.,222.));
#10307 = VECTOR('',#10308,1.);
#10308 = DIRECTION('',(0.,0.,1.));
#10309 = PCURVE('',#7815,#10310);
#10310 = DEFINITIONAL_REPRESENTATION('',(#10311),#10315);
#10311 = LINE('',#10312,#10313);
#10312 = CARTESIAN_POINT('',(0.,30.));
#10313 = VECTOR('',#10314,1.);
#10314 = DIRECTION('',(1.,0.));
#10315 = ( GEOMETRIC_REPRESENTATION_CONTEXT(2) 
PARAMETRIC_REPRESENTATION_CONTEXT() REPRESENTATION_CONTEXT('2D SPACE',''
  ) );
#10316 = PCURVE('',#8555,#10317);
#10317 = DEFINITIONAL_REPRESENTATION('',(#10318),#10322);
#10318 = LINE('',#10319,#10320);
#10319 = CARTESIAN_POINT('',(0.,0.));
#10320 = VECTOR('',#10321,1.);
#10321 = DIRECTION('',(1.,0.));
#10322 = ( GEOMETRIC_REPRESENTATION_CONTEXT(2) 
PARAMETRIC_REPRESENTATION_CONTEXT() REPRESENTATION_CONTEXT('2D SPACE',''
  ) );
#10323 = ORIENTED_EDGE('',*,*,#10324,.F.);
#10324 = EDGE_CURVE('',#10253,#10302,#10325,.T.);
#10325 = SURFACE_CURVE('',#10326,(#10330,#10337),.PCURVE_S1.);
#10326 = LINE('',#10327,#10328);
#10327 = CARTESIAN_POINT('',(57.,-21.,222.));
#10328 = VECTOR('',#10329,1.);
#10329 = DIRECTION('',(1.,0.,0.));
#10330 = PCURVE('',#7815,#10331);
#10331 = DEFINITIONAL_REPRESENTATION('',(#10332),#10336);
#10332 = LINE('',#10333,#10334);
#10333 = CARTESIAN_POINT('',(0.,0.));
#10334 = VECTOR('',#10335,1.);
#10335 = DIRECTION('',(0.,1.));
#10336 = ( GEOMETRIC_REPRESENTATION_CONTEXT(2) 
PARAMETRIC_REPRESENTATION_CONTEXT() REPRESENTATION_CONTEXT('2D SPACE',''
  ) );
#10337 = PCURVE('',#10183,#10338);
#10338 = DEFINITIONAL_REPRESENTATION('',(#10339),#10343);
#10339 = LINE('',#10340,#10341);
#10340 = CARTESIAN_POINT('',(0.,0.));
#10341 = VECTOR('',#10342,1.);
#10342 = DIRECTION('',(1.,0.));
#10343 = ( GEOMETRIC_REPRESENTATION_CONTEXT(2) 
PARAMETRIC_REPRESENTATION_CONTEXT() REPRESENTATION_CONTEXT('2D SPACE',''
  ) );
#10344 = ORIENTED_EDGE('',*,*,#10252,.T.);
#10345 = ORIENTED_EDGE('',*,*,#7789,.T.);
#10346 = ORIENTED_EDGE('',*,*,#8569,.T.);
#10347 = FACE_BOUND('',#10348,.F.);
#10348 = EDGE_LOOP('',(#10349));
#10349 = ORIENTED_EDGE('',*,*,#10350,.F.);
#10350 = EDGE_CURVE('',#10351,#10351,#10353,.T.);
#10351 = VERTEX_POINT('',#10352);
#10352 = CARTESIAN_POINT('',(73.7,-21.,243.));
#10353 = SURFACE_CURVE('',#10354,(#10359,#10366),.PCURVE_S1.);
#10354 = CIRCLE('',#10355,1.7);
#10355 = AXIS2_PLACEMENT_3D('',#10356,#10357,#10358);
#10356 = CARTESIAN_POINT('',(72.,-21.,243.));
#10357 = DIRECTION('',(-0.,1.,0.));
#10358 = DIRECTION('',(1.,0.,0.));
#10359 = PCURVE('',#7815,#10360);
#10360 = DEFINITIONAL_REPRESENTATION('',(#10361),#10365);
#10361 = CIRCLE('',#10362,1.7);
#10362 = AXIS2_PLACEMENT_2D('',#10363,#10364);
#10363 = CARTESIAN_POINT('',(21.,15.));
#10364 = DIRECTION('',(0.,1.));
#10365 = ( GEOMETRIC_REPRESENTATION_CONTEXT(2) 
PARAMETRIC_REPRESENTATION_CONTEXT() REPRESENTATION_CONTEXT('2D SPACE',''
  ) );
#10366 = PCURVE('',#10237,#10367);
#10367 = DEFINITIONAL_REPRESENTATION('',(#10368),#10372);
#10368 = LINE('',#10369,#10370);
#10369 = CARTESIAN_POINT('',(-4.138911435803E-13,-4.));
#10370 = VECTOR('',#10371,1.);
#10371 = DIRECTION('',(1.,-0.));
#10372 = ( GEOMETRIC_REPRESENTATION_CONTEXT(2) 
PARAMETRIC_REPRESENTATION_CONTEXT() REPRESENTATION_CONTEXT('2D SPACE',''
  ) );
#10373 = ADVANCED_FACE('',(#10374),#8105,.F.);
#10374 = FACE_BOUND('',#10375,.F.);
#10375 = EDGE_LOOP('',(#10376,#10377));
#10376 = ORIENTED_EDGE('',*,*,#8059,.T.);
#10377 = ORIENTED_EDGE('',*,*,#10378,.T.);
#10378 = EDGE_CURVE('',#8062,#8060,#10379,.T.);
#10379 = SURFACE_CURVE('',#10380,(#10385,#10392),.PCURVE_S1.);
#10380 = CIRCLE('',#10381,6.);
#10381 = AXIS2_PLACEMENT_3D('',#10382,#10383,#10384);
#10382 = CARTESIAN_POINT('',(59.,-21.,212.));
#10383 = DIRECTION('',(0.,-1.,0.));
#10384 = DIRECTION('',(1.,0.,0.));
#10385 = PCURVE('',#8105,#10386);
#10386 = DEFINITIONAL_REPRESENTATION('',(#10387),#10391);
#10387 = CIRCLE('',#10388,6.);
#10388 = AXIS2_PLACEMENT_2D('',#10389,#10390);
#10389 = CARTESIAN_POINT('',(0.,0.));
#10390 = DIRECTION('',(0.,1.));
#10391 = ( GEOMETRIC_REPRESENTATION_CONTEXT(2) 
PARAMETRIC_REPRESENTATION_CONTEXT() REPRESENTATION_CONTEXT('2D SPACE',''
  ) );
#10392 = PCURVE('',#8239,#10393);
#10393 = DEFINITIONAL_REPRESENTATION('',(#10394),#10398);
#10394 = LINE('',#10395,#10396);
#10395 = CARTESIAN_POINT('',(6.28318530718,0.));
#10396 = VECTOR('',#10397,1.);
#10397 = DIRECTION('',(-1.,0.));
#10398 = ( GEOMETRIC_REPRESENTATION_CONTEXT(2) 
PARAMETRIC_REPRESENTATION_CONTEXT() REPRESENTATION_CONTEXT('2D SPACE',''
  ) );
#10399 = ADVANCED_FACE('',(#10400),#8239,.T.);
#10400 = FACE_BOUND('',#10401,.T.);
#10401 = EDGE_LOOP('',(#10402,#10403));
#10402 = ORIENTED_EDGE('',*,*,#8131,.T.);
#10403 = ORIENTED_EDGE('',*,*,#10378,.T.);
#10404 = ADVANCED_FACE('',(#10405),#8555,.T.);
#10405 = FACE_BOUND('',#10406,.T.);
#10406 = EDGE_LOOP('',(#10407,#10408,#10429,#10430));
#10407 = ORIENTED_EDGE('',*,*,#10301,.F.);
#10408 = ORIENTED_EDGE('',*,*,#10409,.T.);
#10409 = EDGE_CURVE('',#10302,#10145,#10410,.T.);
#10410 = SURFACE_CURVE('',#10411,(#10415,#10422),.PCURVE_S1.);
#10411 = LINE('',#10412,#10413);
#10412 = CARTESIAN_POINT('',(87.,-21.,222.));
#10413 = VECTOR('',#10414,1.);
#10414 = DIRECTION('',(0.,1.,0.));
#10415 = PCURVE('',#8555,#10416);
#10416 = DEFINITIONAL_REPRESENTATION('',(#10417),#10421);
#10417 = LINE('',#10418,#10419);
#10418 = CARTESIAN_POINT('',(0.,0.));
#10419 = VECTOR('',#10420,1.);
#10420 = DIRECTION('',(0.,-1.));
#10421 = ( GEOMETRIC_REPRESENTATION_CONTEXT(2) 
PARAMETRIC_REPRESENTATION_CONTEXT() REPRESENTATION_CONTEXT('2D SPACE',''
  ) );
#10422 = PCURVE('',#10183,#10423);
#10423 = DEFINITIONAL_REPRESENTATION('',(#10424),#10428);
#10424 = LINE('',#10425,#10426);
#10425 = CARTESIAN_POINT('',(30.,0.));
#10426 = VECTOR('',#10427,1.);
#10427 = DIRECTION('',(0.,1.));
#10428 = ( GEOMETRIC_REPRESENTATION_CONTEXT(2) 
PARAMETRIC_REPRESENTATION_CONTEXT() REPRESENTATION_CONTEXT('2D SPACE',''
  ) );
#10429 = ORIENTED_EDGE('',*,*,#10144,.T.);
#10430 = ORIENTED_EDGE('',*,*,#8535,.F.);
#10431 = ADVANCED_FACE('',(#10432),#8458,.T.);
#10432 = FACE_BOUND('',#10433,.T.);
#10433 = EDGE_LOOP('',(#10434,#10435,#10456,#10457));
#10434 = ORIENTED_EDGE('',*,*,#10068,.F.);
#10435 = ORIENTED_EDGE('',*,*,#10436,.T.);
#10436 = EDGE_CURVE('',#10069,#9912,#10437,.T.);
#10437 = SURFACE_CURVE('',#10438,(#10442,#10449),.PCURVE_S1.);
#10438 = LINE('',#10439,#10440);
#10439 = CARTESIAN_POINT('',(87.,19.,222.));
#10440 = VECTOR('',#10441,1.);
#10441 = DIRECTION('',(0.,1.,0.));
#10442 = PCURVE('',#8458,#10443);
#10443 = DEFINITIONAL_REPRESENTATION('',(#10444),#10448);
#10444 = LINE('',#10445,#10446);
#10445 = CARTESIAN_POINT('',(0.,0.));
#10446 = VECTOR('',#10447,1.);
#10447 = DIRECTION('',(0.,-1.));
#10448 = ( GEOMETRIC_REPRESENTATION_CONTEXT(2) 
PARAMETRIC_REPRESENTATION_CONTEXT() REPRESENTATION_CONTEXT('2D SPACE',''
  ) );
#10449 = PCURVE('',#9950,#10450);
#10450 = DEFINITIONAL_REPRESENTATION('',(#10451),#10455);
#10451 = LINE('',#10452,#10453);
#10452 = CARTESIAN_POINT('',(30.,0.));
#10453 = VECTOR('',#10454,1.);
#10454 = DIRECTION('',(0.,1.));
#10455 = ( GEOMETRIC_REPRESENTATION_CONTEXT(2) 
PARAMETRIC_REPRESENTATION_CONTEXT() REPRESENTATION_CONTEXT('2D SPACE',''
  ) );
#10456 = ORIENTED_EDGE('',*,*,#9911,.T.);
#10457 = ORIENTED_EDGE('',*,*,#8438,.F.);
#10458 = ADVANCED_FACE('',(#10459,#10976,#11418,#11867,#12201,#12320,
    #12439),#8361,.F.);
#10459 = FACE_BOUND('',#10460,.F.);
#10460 = EDGE_LOOP('',(#10461,#10483,#10484,#10485));
#10461 = ORIENTED_EDGE('',*,*,#10462,.F.);
#10462 = EDGE_CURVE('',#8325,#10463,#10465,.T.);
#10463 = VERTEX_POINT('',#10464);
#10464 = CARTESIAN_POINT('',(154.8,17.32380952381,223.52380952381));
#10465 = SEAM_CURVE('',#10466,(#10469,#10476),.PCURVE_S1.);
#10466 = B_SPLINE_CURVE_WITH_KNOTS('',1,(#10467,#10468),.UNSPECIFIED.,
  .F.,.F.,(2,2),(0.,1.),.PIECEWISE_BEZIER_KNOTS.);
#10467 = CARTESIAN_POINT('',(115.,26.8,233.));
#10468 = CARTESIAN_POINT('',(157.,16.8,223.));
#10469 = PCURVE('',#8361,#10470);
#10470 = DEFINITIONAL_REPRESENTATION('',(#10471),#10475);
#10471 = LINE('',#10472,#10473);
#10472 = CARTESIAN_POINT('',(0.,0.));
#10473 = VECTOR('',#10474,1.);
#10474 = DIRECTION('',(0.,1.));
#10475 = ( GEOMETRIC_REPRESENTATION_CONTEXT(2) 
PARAMETRIC_REPRESENTATION_CONTEXT() REPRESENTATION_CONTEXT('2D SPACE',''
  ) );
#10476 = PCURVE('',#8361,#10477);
#10477 = DEFINITIONAL_REPRESENTATION('',(#10478),#10482);
#10478 = LINE('',#10479,#10480);
#10479 = CARTESIAN_POINT('',(6.28318530718,0.));
#10480 = VECTOR('',#10481,1.);
#10481 = DIRECTION('',(0.,1.));
#10482 = ( GEOMETRIC_REPRESENTATION_CONTEXT(2) 
PARAMETRIC_REPRESENTATION_CONTEXT() REPRESENTATION_CONTEXT('2D SPACE',''
  ) );
#10483 = ORIENTED_EDGE('',*,*,#8346,.T.);
#10484 = ORIENTED_EDGE('',*,*,#10462,.T.);
#10485 = ORIENTED_EDGE('',*,*,#10486,.T.);
#10486 = EDGE_CURVE('',#10463,#10463,#10487,.T.);
#10487 = SURFACE_CURVE('',#10488,(#10647,#10809),.PCURVE_S1.);
#10488 = B_SPLINE_CURVE_WITH_KNOTS('',7,(#10489,#10490,#10491,#10492,
    #10493,#10494,#10495,#10496,#10497,#10498,#10499,#10500,#10501,
    #10502,#10503,#10504,#10505,#10506,#10507,#10508,#10509,#10510,
    #10511,#10512,#10513,#10514,#10515,#10516,#10517,#10518,#10519,
    #10520,#10521,#10522,#10523,#10524,#10525,#10526,#10527,#10528,
    #10529,#10530,#10531,#10532,#10533,#10534,#10535,#10536,#10537,
    #10538,#10539,#10540,#10541,#10542,#10543,#10544,#10545,#10546,
    #10547,#10548,#10549,#10550,#10551,#10552,#10553,#10554,#10555,
    #10556,#10557,#10558,#10559,#10560,#10561,#10562,#10563,#10564,
    #10565,#10566,#10567,#10568,#10569,#10570,#10571,#10572,#10573,
    #10574,#10575,#10576,#10577,#10578,#10579,#10580,#10581,#10582,
    #10583,#10584,#10585,#10586,#10587,#10588,#10589,#10590,#10591,
    #10592,#10593,#10594,#10595,#10596,#10597,#10598,#10599,#10600,
    #10601,#10602,#10603,#10604,#10605,#10606,#10607,#10608,#10609,
    #10610,#10611,#10612,#10613,#10614,#10615,#10616,#10617,#10618,
    #10619,#10620,#10621,#10622,#10623,#10624,#10625,#10626,#10627,
    #10628,#10629,#10630,#10631,#10632,#10633,#10634,#10635,#10636,
    #10637,#10638,#10639,#10640,#10641,#10642,#10643,#10644,#10645,
    #10646),.UNSPECIFIED.,.T.,.F.,(1,7,6,6,6,6,6,6,6,6,6,6,6,6,6,6,6,6,6
    ,6,6,6,6,6,6,6,6,7,1),(-4.2472096379E-02,0.,4.247227031621E-02,
    7.034213966473E-02,0.109718283572,0.143378785515,0.171224761793,
    0.249996721342,0.328768680848,0.356614657112,0.390275159022,
    0.429651302966,0.457521172625,0.480318798333,0.500001617588,
    0.528504201404,0.542480701073,0.570350456595,0.60972643928,
    0.64338680334,0.671232665565,0.750004302474,0.828775939426,
    0.856621801667,0.890282165758,0.929658148408,0.957527903621,1.,
    1.042472270316),.UNSPECIFIED.);
#10489 = CARTESIAN_POINT('',(154.8,17.32380952381,223.52380952381));
#10490 = CARTESIAN_POINT('',(154.8,17.323809553134,222.97254882247));
#10491 = CARTESIAN_POINT('',(154.8,17.275911171535,222.42085022351));
#10492 = CARTESIAN_POINT('',(154.8,17.179978450089,221.87455305122));
#10493 = CARTESIAN_POINT('',(154.8,17.038081280664,221.33829564957));
#10494 = CARTESIAN_POINT('',(154.8,16.853463160544,220.81574111751));
#10495 = CARTESIAN_POINT('',(154.8,16.630059504978,220.30969180217));
#10496 = CARTESIAN_POINT('',(154.8,16.202817596364,219.50229918877));
#10497 = CARTESIAN_POINT('',(154.8,16.018604477806,219.19028873933));
#10498 = CARTESIAN_POINT('',(154.8,15.820564230909,218.88662303533));
#10499 = CARTESIAN_POINT('',(154.8,15.609804604223,218.59159979341));
#10500 = CARTESIAN_POINT('',(154.8,15.387382902912,218.30538468897));
#10501 = CARTESIAN_POINT('',(154.8,15.154270750754,218.02803607335));
#10502 = CARTESIAN_POINT('',(154.8,14.56809147357,217.38014891162));
#10503 = CARTESIAN_POINT('',(154.8,14.20530164593,217.01848438753));
#10504 = CARTESIAN_POINT('',(154.8,13.825366213451,216.67438284474));
#10505 = CARTESIAN_POINT('',(154.8,13.430426752686,216.34756272683));
#10506 = CARTESIAN_POINT('',(154.8,13.022338891949,216.03763394992));
#10507 = CARTESIAN_POINT('',(154.8,12.60264956098,215.74412583576));
#10508 = CARTESIAN_POINT('',(154.8,11.804926132092,215.22920102391));
#10509 = CARTESIAN_POINT('',(154.8,11.429742294656,215.00353848199));
#10510 = CARTESIAN_POINT('',(154.8,11.047818873141,214.78921998049));
#10511 = CARTESIAN_POINT('',(154.8,10.659864813267,214.5859557053));
#10512 = CARTESIAN_POINT('',(154.8,10.26650335288,214.39347094516));
#10513 = CARTESIAN_POINT('',(154.8,9.868273513181,214.21150357004));
#10514 = CARTESIAN_POINT('',(154.8,9.132541887998,213.89775941586));
#10515 = CARTESIAN_POINT('',(154.8,8.796444139639,213.76274774144));
#10516 = CARTESIAN_POINT('',(154.8,8.457603430803,213.63462741058));
#10517 = CARTESIAN_POINT('',(154.8,8.116263025512,213.51327110745));
#10518 = CARTESIAN_POINT('',(154.8,7.772644832082,213.39856204827));
#10519 = CARTESIAN_POINT('',(154.8,7.426949869311,213.29039275371));
#10520 = CARTESIAN_POINT('',(154.8,6.096076888098,212.90088857061));
#10521 = CARTESIAN_POINT('',(154.8,5.09787602887,212.66472640972));
#10522 = CARTESIAN_POINT('',(154.8,4.088520467216,212.47779540032));
#10523 = CARTESIAN_POINT('',(154.8,3.071316950797,212.33863339258));
#10524 = CARTESIAN_POINT('',(154.8,2.0491939591,212.24622126017));
#10525 = CARTESIAN_POINT('',(154.8,1.024701576735,212.20000012729));
#10526 = CARTESIAN_POINT('',(154.8,-1.024701578585,212.20000012676));
#10527 = CARTESIAN_POINT('',(154.8,-2.04919396049,212.24622125906));
#10528 = CARTESIAN_POINT('',(154.8,-3.071316951714,212.33863339126));
#10529 = CARTESIAN_POINT('',(154.8,-4.088520467531,212.47779539953));
#10530 = CARTESIAN_POINT('',(154.8,-5.097876028411,212.66472641025));
#10531 = CARTESIAN_POINT('',(154.8,-6.096076886789,212.90088857259));
#10532 = CARTESIAN_POINT('',(154.8,-7.426949866883,213.29039275677));
#10533 = CARTESIAN_POINT('',(154.8,-7.772644829387,213.39856205154));
#10534 = CARTESIAN_POINT('',(154.8,-8.116263022579,213.51327111082));
#10535 = CARTESIAN_POINT('',(154.8,-8.457603427676,213.63462741391));
#10536 = CARTESIAN_POINT('',(154.8,-8.796444136382,213.76274774455));
#10537 = CARTESIAN_POINT('',(154.8,-9.132541884694,213.89775941857));
#10538 = CARTESIAN_POINT('',(154.8,-9.868273509814,214.21150357132));
#10539 = CARTESIAN_POINT('',(154.8,-10.26650334953,214.39347094533));
#10540 = CARTESIAN_POINT('',(154.8,-10.65986481013,214.58595570403));
#10541 = CARTESIAN_POINT('',(154.8,-11.04781887041,214.7892199775));
#10542 = CARTESIAN_POINT('',(154.8,-11.42974229253,215.00353847704));
#10543 = CARTESIAN_POINT('',(154.8,-11.80492613072,215.22920101684));
#10544 = CARTESIAN_POINT('',(154.8,-12.60264956223,215.7441258247));
#10545 = CARTESIAN_POINT('',(154.8,-13.02233889502,216.03763393704));
#10546 = CARTESIAN_POINT('',(154.8,-13.43042675753,216.34756271243));
#10547 = CARTESIAN_POINT('',(154.8,-13.82536621973,216.67438282945));
#10548 = CARTESIAN_POINT('',(154.8,-14.20530165292,217.01848437227));
#10549 = CARTESIAN_POINT('',(154.8,-14.56809148024,217.38014889748));
#10550 = CARTESIAN_POINT('',(154.8,-15.15427075732,218.02803606538));
#10551 = CARTESIAN_POINT('',(154.8,-15.38738291012,218.30538468581));
#10552 = CARTESIAN_POINT('',(154.8,-15.60980461122,218.59159979562));
#10553 = CARTESIAN_POINT('',(154.8,-15.82056423685,218.88662304331));
#10554 = CARTESIAN_POINT('',(154.8,-16.01860448205,219.19028875329));
#10555 = CARTESIAN_POINT('',(154.8,-16.20281759859,219.50229920864));
#10556 = CARTESIAN_POINT('',(154.8,-16.51056056517,220.08386480607));
#10557 = CARTESIAN_POINT('',(154.8,-16.63903157865,220.35081145146));
#10558 = CARTESIAN_POINT('',(154.8,-16.75689248162,220.6227613531));
#10559 = CARTESIAN_POINT('',(154.8,-16.86352850252,220.89937035053));
#10560 = CARTESIAN_POINT('',(154.8,-16.95835230135,221.18020962659));
#10561 = CARTESIAN_POINT('',(154.8,-17.04083291117,221.4647548719));
#10562 = CARTESIAN_POINT('',(154.8,-17.17069492812,222.00069899343));
#10563 = CARTESIAN_POINT('',(154.8,-17.22133728998,222.25133318261));
#10564 = CARTESIAN_POINT('',(154.8,-17.26216352195,222.50386461426));
#10565 = CARTESIAN_POINT('',(154.8,-17.29294514297,222.75785512516));
#10566 = CARTESIAN_POINT('',(154.8,-17.31352179413,223.01284090731));
#10567 = CARTESIAN_POINT('',(154.8,-17.32380959861,223.26833162366));
#10568 = CARTESIAN_POINT('',(154.8,-17.32380955513,223.8937657219));
#10569 = CARTESIAN_POINT('',(154.8,-17.30223663119,224.26379613386));
#10570 = CARTESIAN_POINT('',(154.8,-17.2590758996,224.63226126375));
#10571 = CARTESIAN_POINT('',(154.8,-17.1947147843,224.99769331569));
#10572 = CARTESIAN_POINT('',(154.8,-17.1098478203,225.35878164662));
#10573 = CARTESIAN_POINT('',(154.8,-17.00540704145,225.7143619098));
#10574 = CARTESIAN_POINT('',(154.8,-16.8222581243,226.23456723376));
#10575 = CARTESIAN_POINT('',(154.8,-16.75755709124,226.40416935162));
#10576 = CARTESIAN_POINT('',(154.8,-16.68854253845,226.57210439294));
#10577 = CARTESIAN_POINT('',(154.8,-16.61534900282,226.7382755644));
#10578 = CARTESIAN_POINT('',(154.8,-16.53811548528,226.90259910612));
#10579 = CARTESIAN_POINT('',(154.8,-16.45698309652,227.06500326889));
#10580 = CARTESIAN_POINT('',(154.8,-16.20281759859,227.54531983896));
#10581 = CARTESIAN_POINT('',(154.8,-16.01860448205,227.85733029432));
#10582 = CARTESIAN_POINT('',(154.8,-15.82056423685,228.16099600429));
#10583 = CARTESIAN_POINT('',(154.8,-15.60980461122,228.45601925199));
#10584 = CARTESIAN_POINT('',(154.8,-15.38738291012,228.7422343618));
#10585 = CARTESIAN_POINT('',(154.8,-15.15427075732,229.01958298223));
#10586 = CARTESIAN_POINT('',(154.8,-14.56809148024,229.66747015013));
#10587 = CARTESIAN_POINT('',(154.8,-14.20530165292,230.02913467533));
#10588 = CARTESIAN_POINT('',(154.8,-13.82536621973,230.37323621816));
#10589 = CARTESIAN_POINT('',(154.8,-13.43042675754,230.70005633518));
#10590 = CARTESIAN_POINT('',(154.8,-13.02233889503,231.00998511057));
#10591 = CARTESIAN_POINT('',(154.8,-12.60264956223,231.30349322291));
#10592 = CARTESIAN_POINT('',(154.8,-11.80492613072,231.81841803076));
#10593 = CARTESIAN_POINT('',(154.8,-11.42974229253,232.04408057057));
#10594 = CARTESIAN_POINT('',(154.8,-11.04781887041,232.25839907011));
#10595 = CARTESIAN_POINT('',(154.8,-10.65986481013,232.46166334358));
#10596 = CARTESIAN_POINT('',(154.8,-10.26650334954,232.65414810228));
#10597 = CARTESIAN_POINT('',(154.8,-9.868273509817,232.83611547629));
#10598 = CARTESIAN_POINT('',(154.8,-9.132541884697,233.14985962904));
#10599 = CARTESIAN_POINT('',(154.8,-8.796444136385,233.28487130306));
#10600 = CARTESIAN_POINT('',(154.8,-8.45760342768,233.4129916337));
#10601 = CARTESIAN_POINT('',(154.8,-8.116263022583,233.53434793679));
#10602 = CARTESIAN_POINT('',(154.8,-7.772644829391,233.64905699607));
#10603 = CARTESIAN_POINT('',(154.8,-7.426949866887,233.75722629084));
#10604 = CARTESIAN_POINT('',(154.8,-6.096076886791,234.14673047501));
#10605 = CARTESIAN_POINT('',(154.8,-5.09787602842,234.38289263737));
#10606 = CARTESIAN_POINT('',(154.8,-4.08852046753,234.56982364806));
#10607 = CARTESIAN_POINT('',(154.8,-3.071316951722,234.70898565637));
#10608 = CARTESIAN_POINT('',(154.8,-2.049193960492,234.80139778854));
#10609 = CARTESIAN_POINT('',(154.8,-1.024701578589,234.84761892086));
#10610 = CARTESIAN_POINT('',(154.8,1.024701576734,234.84761892033));
#10611 = CARTESIAN_POINT('',(154.8,2.049193959089,234.80139778742));
#10612 = CARTESIAN_POINT('',(154.8,3.071316950803,234.70898565505));
#10613 = CARTESIAN_POINT('',(154.8,4.088520467205,234.56982364727));
#10614 = CARTESIAN_POINT('',(154.8,5.097876028869,234.3828926379));
#10615 = CARTESIAN_POINT('',(154.8,6.096076888095,234.146730477));
#10616 = CARTESIAN_POINT('',(154.8,7.426949869308,233.7572262939));
#10617 = CARTESIAN_POINT('',(154.8,7.772644832079,233.64905699934));
#10618 = CARTESIAN_POINT('',(154.8,8.11626302551,233.53434794016));
#10619 = CARTESIAN_POINT('',(154.8,8.4576034308,233.41299163703));
#10620 = CARTESIAN_POINT('',(154.8,8.796444139636,233.28487130617));
#10621 = CARTESIAN_POINT('',(154.8,9.132541887996,233.14985963175));
#10622 = CARTESIAN_POINT('',(154.8,9.868273513179,232.83611547757));
#10623 = CARTESIAN_POINT('',(154.8,10.266503352878,232.65414810245));
#10624 = CARTESIAN_POINT('',(154.8,10.659864813265,232.46166334231));
#10625 = CARTESIAN_POINT('',(154.8,11.047818873138,232.25839906712));
#10626 = CARTESIAN_POINT('',(154.8,11.429742294654,232.04408056562));
#10627 = CARTESIAN_POINT('',(154.8,11.80492613209,231.81841802371));
#10628 = CARTESIAN_POINT('',(154.8,12.602649560979,231.30349321185));
#10629 = CARTESIAN_POINT('',(154.8,13.022338891947,231.00998509769));
#10630 = CARTESIAN_POINT('',(154.8,13.430426752684,230.70005632078));
#10631 = CARTESIAN_POINT('',(154.8,13.82536621345,230.37323620287));
#10632 = CARTESIAN_POINT('',(154.8,14.205301645928,230.02913466009));
#10633 = CARTESIAN_POINT('',(154.8,14.568091473568,229.66747013599));
#10634 = CARTESIAN_POINT('',(154.8,15.154270750752,229.01958297426));
#10635 = CARTESIAN_POINT('',(154.8,15.387382902911,228.74223435865));
#10636 = CARTESIAN_POINT('',(154.8,15.609804604222,228.4560192542));
#10637 = CARTESIAN_POINT('',(154.8,15.820564230908,228.16099601228));
#10638 = CARTESIAN_POINT('',(154.8,16.018604477805,227.85733030829));
#10639 = CARTESIAN_POINT('',(154.8,16.202817596363,227.54531985884));
#10640 = CARTESIAN_POINT('',(154.8,16.630059504977,226.73792724545));
#10641 = CARTESIAN_POINT('',(154.8,16.853463160545,226.23187793009));
#10642 = CARTESIAN_POINT('',(154.8,17.038081280662,225.70932339806));
#10643 = CARTESIAN_POINT('',(154.8,17.179978450092,225.17306599637));
#10644 = CARTESIAN_POINT('',(154.8,17.275911171535,224.62676882411));
#10645 = CARTESIAN_POINT('',(154.8,17.323809553135,224.07507022514));
#10646 = CARTESIAN_POINT('',(154.8,17.32380952381,223.52380952381));
#10647 = PCURVE('',#8361,#10648);
#10648 = DEFINITIONAL_REPRESENTATION('',(#10649),#10808);
#10649 = B_SPLINE_CURVE_WITH_KNOTS('',7,(#10650,#10651,#10652,#10653,
    #10654,#10655,#10656,#10657,#10658,#10659,#10660,#10661,#10662,
    #10663,#10664,#10665,#10666,#10667,#10668,#10669,#10670,#10671,
    #10672,#10673,#10674,#10675,#10676,#10677,#10678,#10679,#10680,
    #10681,#10682,#10683,#10684,#10685,#10686,#10687,#10688,#10689,
    #10690,#10691,#10692,#10693,#10694,#10695,#10696,#10697,#10698,
    #10699,#10700,#10701,#10702,#10703,#10704,#10705,#10706,#10707,
    #10708,#10709,#10710,#10711,#10712,#10713,#10714,#10715,#10716,
    #10717,#10718,#10719,#10720,#10721,#10722,#10723,#10724,#10725,
    #10726,#10727,#10728,#10729,#10730,#10731,#10732,#10733,#10734,
    #10735,#10736,#10737,#10738,#10739,#10740,#10741,#10742,#10743,
    #10744,#10745,#10746,#10747,#10748,#10749,#10750,#10751,#10752,
    #10753,#10754,#10755,#10756,#10757,#10758,#10759,#10760,#10761,
    #10762,#10763,#10764,#10765,#10766,#10767,#10768,#10769,#10770,
    #10771,#10772,#10773,#10774,#10775,#10776,#10777,#10778,#10779,
    #10780,#10781,#10782,#10783,#10784,#10785,#10786,#10787,#10788,
    #10789,#10790,#10791,#10792,#10793,#10794,#10795,#10796,#10797,
    #10798,#10799,#10800,#10801,#10802,#10803,#10804,#10805,#10806,
    #10807),.UNSPECIFIED.,.F.,.F.,(8,6,6,6,6,6,6,6,6,6,6,6,6,6,6,6,6,6,6
    ,6,6,6,6,6,6,6,8),(0.,4.247227031621E-02,7.034213966473E-02,
    0.109718283572,0.143378785515,0.171224761793,0.249996721342,
    0.328768680848,0.356614657112,0.390275159022,0.429651302966,
    0.457521172625,0.480318798333,0.500001617588,0.528504201404,
    0.542480701073,0.570350456595,0.60972643928,0.64338680334,
    0.671232665565,0.750004302474,0.828775939426,0.856621801667,
    0.890282165758,0.929658148408,0.957527903621,1.),.UNSPECIFIED.);
#10650 = CARTESIAN_POINT('',(6.28318530718,0.947619047619));
#10651 = CARTESIAN_POINT('',(6.234503746059,0.947619047619));
#10652 = CARTESIAN_POINT('',(6.185783532922,0.947619047619));
#10653 = CARTESIAN_POINT('',(6.137351814329,0.947619047619));
#10654 = CARTESIAN_POINT('',(6.08942865117,0.947619047619));
#10655 = CARTESIAN_POINT('',(6.042179318253,0.947619047619));
#10656 = CARTESIAN_POINT('',(5.995729940987,0.947619047619));
#10657 = CARTESIAN_POINT('',(5.92028477462,0.947619047619));
#10658 = CARTESIAN_POINT('',(5.890769024448,0.947619047619));
#10659 = CARTESIAN_POINT('',(5.861645159174,0.947619047619));
#10660 = CARTESIAN_POINT('',(5.832920294369,0.947619047619));
#10661 = CARTESIAN_POINT('',(5.804594812629,0.947619047619));
#10662 = CARTESIAN_POINT('',(5.776663330357,0.947619047619));
#10663 = CARTESIAN_POINT('',(5.710192073611,0.947619047619));
#10664 = CARTESIAN_POINT('',(5.672041167136,0.947619047619));
#10665 = CARTESIAN_POINT('',(5.634625108807,0.947619047619));
#10666 = CARTESIAN_POINT('',(5.597906318971,0.947619047619));
#10667 = CARTESIAN_POINT('',(5.56184441244,0.947619047619));
#10668 = CARTESIAN_POINT('',(5.526394244758,0.947619047619));
#10669 = CARTESIAN_POINT('',(5.461678169745,0.947619047619));
#10670 = CARTESIAN_POINT('',(5.432265820768,0.947619047619));
#10671 = CARTESIAN_POINT('',(5.403237281373,0.947619047619));
#10672 = CARTESIAN_POINT('',(5.374565661246,0.947619047619));
#10673 = CARTESIAN_POINT('',(5.346225739331,0.947619047619));
#10674 = CARTESIAN_POINT('',(5.318192893238,0.947619047619));
#10675 = CARTESIAN_POINT('',(5.267484857107,0.947619047619));
#10676 = CARTESIAN_POINT('',(5.244721483731,0.947619047619));
#10677 = CARTESIAN_POINT('',(5.222138270401,0.947619047619));
#10678 = CARTESIAN_POINT('',(5.199722553526,0.947619047619));
#10679 = CARTESIAN_POINT('',(5.177462359869,0.947619047619));
#10680 = CARTESIAN_POINT('',(5.155346122368,0.947619047619));
#10681 = CARTESIAN_POINT('',(5.071173834518,0.947619047619));
#10682 = CARTESIAN_POINT('',(5.010061835426,0.947619047619));
#10683 = CARTESIAN_POINT('',(4.949746104518,0.947619047619));
#10684 = CARTESIAN_POINT('',(4.890015863768,0.947619047619));
#10685 = CARTESIAN_POINT('',(4.830676668192,0.947619047619));
#10686 = CARTESIAN_POINT('',(4.77153888548,0.947619047619));
#10687 = CARTESIAN_POINT('',(4.653239075322,0.947619047619));
#10688 = CARTESIAN_POINT('',(4.594101292621,0.947619047619));
#10689 = CARTESIAN_POINT('',(4.534762097036,0.947619047619));
#10690 = CARTESIAN_POINT('',(4.475031856277,0.947619047619));
#10691 = CARTESIAN_POINT('',(4.414716125353,0.947619047619));
#10692 = CARTESIAN_POINT('',(4.35360412625,0.947619047619));
#10693 = CARTESIAN_POINT('',(4.269431838402,0.947619047619));
#10694 = CARTESIAN_POINT('',(4.247315600901,0.947619047619));
#10695 = CARTESIAN_POINT('',(4.225055407244,0.947619047619));
#10696 = CARTESIAN_POINT('',(4.20263969037,0.947619047619));
#10697 = CARTESIAN_POINT('',(4.180056477041,0.947619047619));
#10698 = CARTESIAN_POINT('',(4.157293103665,0.947619047619));
#10699 = CARTESIAN_POINT('',(4.106585067541,0.947619047619));
#10700 = CARTESIAN_POINT('',(4.078552221456,0.947619047619));
#10701 = CARTESIAN_POINT('',(4.050212299546,0.947619047619));
#10702 = CARTESIAN_POINT('',(4.021540679417,0.947619047619));
#10703 = CARTESIAN_POINT('',(3.992512140017,0.947619047619));
#10704 = CARTESIAN_POINT('',(3.963099791033,0.947619047619));
#10705 = CARTESIAN_POINT('',(3.898383715937,0.947619047619));
#10706 = CARTESIAN_POINT('',(3.862933548181,0.947619047619));
#10707 = CARTESIAN_POINT('',(3.826871641582,0.947619047619));
#10708 = CARTESIAN_POINT('',(3.790152851698,0.947619047619));
#10709 = CARTESIAN_POINT('',(3.752736793368,0.947619047619));
#10710 = CARTESIAN_POINT('',(3.71458588697,0.947619047619));
#10711 = CARTESIAN_POINT('',(3.648114630265,0.947619047619));
#10712 = CARTESIAN_POINT('',(3.620183147891,0.947619047619));
#10713 = CARTESIAN_POINT('',(3.591857666105,0.947619047619));
#10714 = CARTESIAN_POINT('',(3.563132801319,0.947619047619));
#10715 = CARTESIAN_POINT('',(3.534008936123,0.947619047619));
#10716 = CARTESIAN_POINT('',(3.504493186059,0.947619047619));
#10717 = CARTESIAN_POINT('',(3.450149977543,0.947619047619));
#10718 = CARTESIAN_POINT('',(3.425446921156,0.947619047619));
#10719 = CARTESIAN_POINT('',(3.400502737847,0.947619047619));
#10720 = CARTESIAN_POINT('',(3.37533150877,0.947619047619));
#10721 = CARTESIAN_POINT('',(3.349951973262,0.947619047619));
#10722 = CARTESIAN_POINT('',(3.324388538021,0.947619047619));
#10723 = CARTESIAN_POINT('',(3.276469608604,0.947619047619));
#10724 = CARTESIAN_POINT('',(3.254151411511,0.947619047619));
#10725 = CARTESIAN_POINT('',(3.231738522238,0.947619047619));
#10726 = CARTESIAN_POINT('',(3.209252469153,0.947619047619));
#10727 = CARTESIAN_POINT('',(3.186716030605,0.947619047619));
#10728 = CARTESIAN_POINT('',(3.164153783786,0.947619047619));
#10729 = CARTESIAN_POINT('',(3.108922003311,0.947619047619));
#10730 = CARTESIAN_POINT('',(3.076244809879,0.947619047619));
#10731 = CARTESIAN_POINT('',(3.04364885954,0.947619047619));
#10732 = CARTESIAN_POINT('',(3.011206789549,0.947619047619));
#10733 = CARTESIAN_POINT('',(2.978981154166,0.947619047619));
#10734 = CARTESIAN_POINT('',(2.947027861696,0.947619047619));
#10735 = CARTESIAN_POINT('',(2.899887985314,0.947619047619));
#10736 = CARTESIAN_POINT('',(2.884454424765,0.947619047619));
#10737 = CARTESIAN_POINT('',(2.869102391336,0.947619047619));
#10738 = CARTESIAN_POINT('',(2.853836141464,0.947619047619));
#10739 = CARTESIAN_POINT('',(2.838659177809,0.947619047619));
#10740 = CARTESIAN_POINT('',(2.823574329488,0.947619047619));
#10741 = CARTESIAN_POINT('',(2.778692121121,0.947619047619));
#10742 = CARTESIAN_POINT('',(2.749176371058,0.947619047619));
#10743 = CARTESIAN_POINT('',(2.720052505861,0.947619047619));
#10744 = CARTESIAN_POINT('',(2.691327641074,0.947619047619));
#10745 = CARTESIAN_POINT('',(2.663002159289,0.947619047619));
#10746 = CARTESIAN_POINT('',(2.635070676915,0.947619047619));
#10747 = CARTESIAN_POINT('',(2.56859942021,0.947619047619));
#10748 = CARTESIAN_POINT('',(2.530448513812,0.947619047619));
#10749 = CARTESIAN_POINT('',(2.493032455481,0.947619047619));
#10750 = CARTESIAN_POINT('',(2.456313665598,0.947619047619));
#10751 = CARTESIAN_POINT('',(2.420251758998,0.947619047619));
#10752 = CARTESIAN_POINT('',(2.384801591243,0.947619047619));
#10753 = CARTESIAN_POINT('',(2.320085516147,0.947619047619));
#10754 = CARTESIAN_POINT('',(2.290673167162,0.947619047619));
#10755 = CARTESIAN_POINT('',(2.261644627762,0.947619047619));
#10756 = CARTESIAN_POINT('',(2.232973007634,0.947619047619));
#10757 = CARTESIAN_POINT('',(2.204633085723,0.947619047619));
#10758 = CARTESIAN_POINT('',(2.176600239639,0.947619047619));
#10759 = CARTESIAN_POINT('',(2.125892203515,0.947619047619));
#10760 = CARTESIAN_POINT('',(2.103128830139,0.947619047619));
#10761 = CARTESIAN_POINT('',(2.080545616809,0.947619047619));
#10762 = CARTESIAN_POINT('',(2.058129899936,0.947619047619));
#10763 = CARTESIAN_POINT('',(2.035869706279,0.947619047619));
#10764 = CARTESIAN_POINT('',(2.013753468778,0.947619047619));
#10765 = CARTESIAN_POINT('',(1.92958118093,0.947619047619));
#10766 = CARTESIAN_POINT('',(1.868469181827,0.947619047619));
#10767 = CARTESIAN_POINT('',(1.808153450904,0.947619047619));
#10768 = CARTESIAN_POINT('',(1.748423210142,0.947619047619));
#10769 = CARTESIAN_POINT('',(1.68908401456,0.947619047619));
#10770 = CARTESIAN_POINT('',(1.629946231857,0.947619047619));
#10771 = CARTESIAN_POINT('',(1.5116464217,0.947619047619));
#10772 = CARTESIAN_POINT('',(1.452508638988,0.947619047619));
#10773 = CARTESIAN_POINT('',(1.393169443411,0.947619047619));
#10774 = CARTESIAN_POINT('',(1.333439202663,0.947619047619));
#10775 = CARTESIAN_POINT('',(1.273123471754,0.947619047619));
#10776 = CARTESIAN_POINT('',(1.212011472661,0.947619047619));
#10777 = CARTESIAN_POINT('',(1.127839184812,0.947619047619));
#10778 = CARTESIAN_POINT('',(1.105722947311,0.947619047619));
#10779 = CARTESIAN_POINT('',(1.083462753653,0.947619047619));
#10780 = CARTESIAN_POINT('',(1.061047036779,0.947619047619));
#10781 = CARTESIAN_POINT('',(1.038463823449,0.947619047619));
#10782 = CARTESIAN_POINT('',(1.015700450073,0.947619047619));
#10783 = CARTESIAN_POINT('',(0.964992413942,0.947619047619));
#10784 = CARTESIAN_POINT('',(0.936959567849,0.947619047619));
#10785 = CARTESIAN_POINT('',(0.908619645934,0.947619047619));
#10786 = CARTESIAN_POINT('',(0.879948025807,0.947619047619));
#10787 = CARTESIAN_POINT('',(0.850919486412,0.947619047619));
#10788 = CARTESIAN_POINT('',(0.821507137435,0.947619047619));
#10789 = CARTESIAN_POINT('',(0.756791062421,0.947619047619));
#10790 = CARTESIAN_POINT('',(0.721340894739,0.947619047619));
#10791 = CARTESIAN_POINT('',(0.685278988209,0.947619047619));
#10792 = CARTESIAN_POINT('',(0.648560198373,0.947619047619));
#10793 = CARTESIAN_POINT('',(0.611144140044,0.947619047619));
#10794 = CARTESIAN_POINT('',(0.572993233569,0.947619047619));
#10795 = CARTESIAN_POINT('',(0.506521976822,0.947619047619));
#10796 = CARTESIAN_POINT('',(0.478590494551,0.947619047619));
#10797 = CARTESIAN_POINT('',(0.450265012811,0.947619047619));
#10798 = CARTESIAN_POINT('',(0.421540148005,0.947619047619));
#10799 = CARTESIAN_POINT('',(0.392416282732,0.947619047619));
#10800 = CARTESIAN_POINT('',(0.36290053256,0.947619047619));
#10801 = CARTESIAN_POINT('',(0.287455366192,0.947619047619));
#10802 = CARTESIAN_POINT('',(0.241005988929,0.947619047619));
#10803 = CARTESIAN_POINT('',(0.193756656007,0.947619047619));
#10804 = CARTESIAN_POINT('',(0.145833492854,0.947619047619));
#10805 = CARTESIAN_POINT('',(9.740177425665E-02,0.947619047619));
#10806 = CARTESIAN_POINT('',(4.868156112064E-02,0.947619047619));
#10807 = CARTESIAN_POINT('',(0.,0.947619047619));
#10808 = ( GEOMETRIC_REPRESENTATION_CONTEXT(2) 
PARAMETRIC_REPRESENTATION_CONTEXT() REPRESENTATION_CONTEXT('2D SPACE',''
  ) );
#10809 = PCURVE('',#10810,#10815);
#10810 = PLANE('',#10811);
#10811 = AXIS2_PLACEMENT_3D('',#10812,#10813,#10814);
#10812 = CARTESIAN_POINT('',(154.8,0.921224258726,223.));
#10813 = DIRECTION('',(1.,0.,0.));
#10814 = DIRECTION('',(-0.,0.,1.));
#10815 = DEFINITIONAL_REPRESENTATION('',(#10816),#10975);
#10816 = B_SPLINE_CURVE_WITH_KNOTS('',7,(#10817,#10818,#10819,#10820,
    #10821,#10822,#10823,#10824,#10825,#10826,#10827,#10828,#10829,
    #10830,#10831,#10832,#10833,#10834,#10835,#10836,#10837,#10838,
    #10839,#10840,#10841,#10842,#10843,#10844,#10845,#10846,#10847,
    #10848,#10849,#10850,#10851,#10852,#10853,#10854,#10855,#10856,
    #10857,#10858,#10859,#10860,#10861,#10862,#10863,#10864,#10865,
    #10866,#10867,#10868,#10869,#10870,#10871,#10872,#10873,#10874,
    #10875,#10876,#10877,#10878,#10879,#10880,#10881,#10882,#10883,
    #10884,#10885,#10886,#10887,#10888,#10889,#10890,#10891,#10892,
    #10893,#10894,#10895,#10896,#10897,#10898,#10899,#10900,#10901,
    #10902,#10903,#10904,#10905,#10906,#10907,#10908,#10909,#10910,
    #10911,#10912,#10913,#10914,#10915,#10916,#10917,#10918,#10919,
    #10920,#10921,#10922,#10923,#10924,#10925,#10926,#10927,#10928,
    #10929,#10930,#10931,#10932,#10933,#10934,#10935,#10936,#10937,
    #10938,#10939,#10940,#10941,#10942,#10943,#10944,#10945,#10946,
    #10947,#10948,#10949,#10950,#10951,#10952,#10953,#10954,#10955,
    #10956,#10957,#10958,#10959,#10960,#10961,#10962,#10963,#10964,
    #10965,#10966,#10967,#10968,#10969,#10970,#10971,#10972,#10973,
    #10974),.UNSPECIFIED.,.T.,.F.,(1,7,6,6,6,6,6,6,6,6,6,6,6,6,6,6,6,6,6
    ,6,6,6,6,6,6,6,6,7,1),(-4.2472096379E-02,0.,4.247227031621E-02,
    7.034213966473E-02,0.109718283572,0.143378785515,0.171224761793,
    0.249996721342,0.328768680848,0.356614657112,0.390275159022,
    0.429651302966,0.457521172625,0.480318798333,0.500001617588,
    0.528504201404,0.542480701073,0.570350456595,0.60972643928,
    0.64338680334,0.671232665565,0.750004302474,0.828775939426,
    0.856621801667,0.890282165758,0.929658148408,0.957527903621,1.,
    1.042472270316),.UNSPECIFIED.);
#10817 = CARTESIAN_POINT('',(0.52380952381,-16.40258526508));
#10818 = CARTESIAN_POINT('',(-2.745117753E-02,-16.4025852944));
#10819 = CARTESIAN_POINT('',(-0.57914977649,-16.3546869128));
#10820 = CARTESIAN_POINT('',(-1.12544694878,-16.25875419136));
#10821 = CARTESIAN_POINT('',(-1.66170435043,-16.11685702193));
#10822 = CARTESIAN_POINT('',(-2.18425888249,-15.93223890181));
#10823 = CARTESIAN_POINT('',(-2.69030819783,-15.70883524625));
#10824 = CARTESIAN_POINT('',(-3.49770081123,-15.28159333763));
#10825 = CARTESIAN_POINT('',(-3.80971126067,-15.09738021908));
#10826 = CARTESIAN_POINT('',(-4.11337696467,-14.89933997218));
#10827 = CARTESIAN_POINT('',(-4.40840020659,-14.68858034549));
#10828 = CARTESIAN_POINT('',(-4.69461531103,-14.46615864418));
#10829 = CARTESIAN_POINT('',(-4.97196392665,-14.23304649202));
#10830 = CARTESIAN_POINT('',(-5.61985108838,-13.64686721484));
#10831 = CARTESIAN_POINT('',(-5.98151561247,-13.2840773872));
#10832 = CARTESIAN_POINT('',(-6.32561715526,-12.90414195472));
#10833 = CARTESIAN_POINT('',(-6.65243727317,-12.50920249396));
#10834 = CARTESIAN_POINT('',(-6.96236605008,-12.10111463322));
#10835 = CARTESIAN_POINT('',(-7.25587416424,-11.68142530225));
#10836 = CARTESIAN_POINT('',(-7.77079897609,-10.88370187336));
#10837 = CARTESIAN_POINT('',(-7.99646151801,-10.50851803593));
#10838 = CARTESIAN_POINT('',(-8.21078001951,-10.12659461441));
#10839 = CARTESIAN_POINT('',(-8.4140442947,-9.738640554541));
#10840 = CARTESIAN_POINT('',(-8.60652905484,-9.345279094154));
#10841 = CARTESIAN_POINT('',(-8.78849642996,-8.947049254455));
#10842 = CARTESIAN_POINT('',(-9.10224058414,-8.211317629272));
#10843 = CARTESIAN_POINT('',(-9.23725225856,-7.875219880913));
#10844 = CARTESIAN_POINT('',(-9.36537258942,-7.536379172077));
#10845 = CARTESIAN_POINT('',(-9.48672889255,-7.195038766786));
#10846 = CARTESIAN_POINT('',(-9.60143795173,-6.851420573356));
#10847 = CARTESIAN_POINT('',(-9.70960724629,-6.505725610585));
#10848 = CARTESIAN_POINT('',(-10.09911142939,-5.174852629372));
#10849 = CARTESIAN_POINT('',(-10.33527359028,-4.176651770144));
#10850 = CARTESIAN_POINT('',(-10.52220459968,-3.16729620849));
#10851 = CARTESIAN_POINT('',(-10.66136660742,-2.150092692071));
#10852 = CARTESIAN_POINT('',(-10.75377873983,-1.127969700374));
#10853 = CARTESIAN_POINT('',(-10.79999987271,-0.103477318009));
#10854 = CARTESIAN_POINT('',(-10.79999987324,1.945925837311));
#10855 = CARTESIAN_POINT('',(-10.75377874094,2.970418219216));
#10856 = CARTESIAN_POINT('',(-10.66136660874,3.99254121044));
#10857 = CARTESIAN_POINT('',(-10.52220460047,5.009744726257));
#10858 = CARTESIAN_POINT('',(-10.33527358975,6.019100287137));
#10859 = CARTESIAN_POINT('',(-10.09911142741,7.017301145515));
#10860 = CARTESIAN_POINT('',(-9.70960724323,8.348174125609));
#10861 = CARTESIAN_POINT('',(-9.60143794846,8.693869088113));
#10862 = CARTESIAN_POINT('',(-9.48672888918,9.037487281305));
#10863 = CARTESIAN_POINT('',(-9.36537258609,9.378827686402));
#10864 = CARTESIAN_POINT('',(-9.23725225545,9.717668395108));
#10865 = CARTESIAN_POINT('',(-9.10224058143,10.05376614342));
#10866 = CARTESIAN_POINT('',(-8.78849642868,10.78949776854));
#10867 = CARTESIAN_POINT('',(-8.60652905467,11.187727608256));
#10868 = CARTESIAN_POINT('',(-8.41404429597,11.581089068856));
#10869 = CARTESIAN_POINT('',(-8.2107800225,11.969043129136));
#10870 = CARTESIAN_POINT('',(-7.99646152296,12.350966551256));
#10871 = CARTESIAN_POINT('',(-7.77079898316,12.726150389446));
#10872 = CARTESIAN_POINT('',(-7.2558741753,13.523873820956));
#10873 = CARTESIAN_POINT('',(-6.96236606296,13.943563153746));
#10874 = CARTESIAN_POINT('',(-6.65243728757,14.351651016256));
#10875 = CARTESIAN_POINT('',(-6.32561717055,14.746590478456));
#10876 = CARTESIAN_POINT('',(-5.98151562773,15.126525911646));
#10877 = CARTESIAN_POINT('',(-5.61985110252,15.489315738966));
#10878 = CARTESIAN_POINT('',(-4.97196393462,16.075495016046));
#10879 = CARTESIAN_POINT('',(-4.69461531419,16.308607168846));
#10880 = CARTESIAN_POINT('',(-4.40840020438,16.531028869946));
#10881 = CARTESIAN_POINT('',(-4.11337695669,16.741788495576));
#10882 = CARTESIAN_POINT('',(-3.80971124671,16.939828740776));
#10883 = CARTESIAN_POINT('',(-3.49770079136,17.124041857316));
#10884 = CARTESIAN_POINT('',(-2.91613519393,17.431784823896));
#10885 = CARTESIAN_POINT('',(-2.64918854854,17.560255837376));
#10886 = CARTESIAN_POINT('',(-2.3772386469,17.678116740346));
#10887 = CARTESIAN_POINT('',(-2.10062964947,17.784752761246));
#10888 = CARTESIAN_POINT('',(-1.81979037341,17.879576560076));
#10889 = CARTESIAN_POINT('',(-1.5352451281,17.962057169896));
#10890 = CARTESIAN_POINT('',(-0.99930100657,18.091919186846));
#10891 = CARTESIAN_POINT('',(-0.74866681739,18.142561548706));
#10892 = CARTESIAN_POINT('',(-0.49613538574,18.183387780676));
#10893 = CARTESIAN_POINT('',(-0.24214487484,18.214169401696));
#10894 = CARTESIAN_POINT('',(1.284090730999E-02,18.234746052856));
#10895 = CARTESIAN_POINT('',(0.26833162366,18.245033857336));
#10896 = CARTESIAN_POINT('',(0.8937657219,18.245033813856));
#10897 = CARTESIAN_POINT('',(1.26379613386,18.223460889916));
#10898 = CARTESIAN_POINT('',(1.63226126375,18.180300158326));
#10899 = CARTESIAN_POINT('',(1.99769331569,18.115939043026));
#10900 = CARTESIAN_POINT('',(2.35878164662,18.031072079026));
#10901 = CARTESIAN_POINT('',(2.7143619098,17.926631300176));
#10902 = CARTESIAN_POINT('',(3.23456723376,17.743482383026));
#10903 = CARTESIAN_POINT('',(3.40416935162,17.678781349966));
#10904 = CARTESIAN_POINT('',(3.57210439294,17.609766797176));
#10905 = CARTESIAN_POINT('',(3.7382755644,17.536573261546));
#10906 = CARTESIAN_POINT('',(3.90259910612,17.459339744006));
#10907 = CARTESIAN_POINT('',(4.06500326889,17.378207355246));
#10908 = CARTESIAN_POINT('',(4.54531983896,17.124041857316));
#10909 = CARTESIAN_POINT('',(4.85733029432,16.939828740776));
#10910 = CARTESIAN_POINT('',(5.16099600429,16.741788495576));
#10911 = CARTESIAN_POINT('',(5.45601925199,16.531028869946));
#10912 = CARTESIAN_POINT('',(5.7422343618,16.308607168846));
#10913 = CARTESIAN_POINT('',(6.01958298223,16.075495016046));
#10914 = CARTESIAN_POINT('',(6.66747015013,15.489315738966));
#10915 = CARTESIAN_POINT('',(7.02913467533,15.126525911646));
#10916 = CARTESIAN_POINT('',(7.37323621816,14.746590478456));
#10917 = CARTESIAN_POINT('',(7.70005633518,14.351651016266));
#10918 = CARTESIAN_POINT('',(8.00998511057,13.943563153756));
#10919 = CARTESIAN_POINT('',(8.30349322291,13.523873820956));
#10920 = CARTESIAN_POINT('',(8.81841803076,12.726150389446));
#10921 = CARTESIAN_POINT('',(9.04408057057,12.350966551256));
#10922 = CARTESIAN_POINT('',(9.25839907011,11.969043129136));
#10923 = CARTESIAN_POINT('',(9.46166334358,11.581089068856));
#10924 = CARTESIAN_POINT('',(9.65414810228,11.187727608266));
#10925 = CARTESIAN_POINT('',(9.83611547629,10.789497768543));
#10926 = CARTESIAN_POINT('',(10.14985962904,10.053766143423));
#10927 = CARTESIAN_POINT('',(10.28487130306,9.717668395111));
#10928 = CARTESIAN_POINT('',(10.4129916337,9.378827686406));
#10929 = CARTESIAN_POINT('',(10.53434793679,9.037487281309));
#10930 = CARTESIAN_POINT('',(10.64905699607,8.693869088117));
#10931 = CARTESIAN_POINT('',(10.75722629084,8.348174125613));
#10932 = CARTESIAN_POINT('',(11.14673047501,7.017301145517));
#10933 = CARTESIAN_POINT('',(11.38289263737,6.019100287146));
#10934 = CARTESIAN_POINT('',(11.56982364806,5.009744726256));
#10935 = CARTESIAN_POINT('',(11.70898565637,3.992541210448));
#10936 = CARTESIAN_POINT('',(11.80139778854,2.970418219218));
#10937 = CARTESIAN_POINT('',(11.84761892086,1.945925837315));
#10938 = CARTESIAN_POINT('',(11.84761892033,-0.103477318008));
#10939 = CARTESIAN_POINT('',(11.80139778742,-1.127969700363));
#10940 = CARTESIAN_POINT('',(11.70898565505,-2.150092692077));
#10941 = CARTESIAN_POINT('',(11.56982364727,-3.167296208479));
#10942 = CARTESIAN_POINT('',(11.3828926379,-4.176651770143));
#10943 = CARTESIAN_POINT('',(11.146730477,-5.174852629369));
#10944 = CARTESIAN_POINT('',(10.7572262939,-6.505725610582));
#10945 = CARTESIAN_POINT('',(10.64905699934,-6.851420573353));
#10946 = CARTESIAN_POINT('',(10.53434794016,-7.195038766784));
#10947 = CARTESIAN_POINT('',(10.41299163703,-7.536379172074));
#10948 = CARTESIAN_POINT('',(10.28487130617,-7.87521988091));
#10949 = CARTESIAN_POINT('',(10.14985963175,-8.21131762927));
#10950 = CARTESIAN_POINT('',(9.83611547757,-8.947049254453));
#10951 = CARTESIAN_POINT('',(9.65414810245,-9.345279094152));
#10952 = CARTESIAN_POINT('',(9.46166334231,-9.738640554539));
#10953 = CARTESIAN_POINT('',(9.25839906712,-10.12659461441));
#10954 = CARTESIAN_POINT('',(9.04408056562,-10.50851803592));
#10955 = CARTESIAN_POINT('',(8.81841802371,-10.88370187336));
#10956 = CARTESIAN_POINT('',(8.30349321185,-11.68142530225));
#10957 = CARTESIAN_POINT('',(8.00998509769,-12.10111463322));
#10958 = CARTESIAN_POINT('',(7.70005632078,-12.50920249395));
#10959 = CARTESIAN_POINT('',(7.37323620287,-12.90414195472));
#10960 = CARTESIAN_POINT('',(7.02913466009,-13.2840773872));
#10961 = CARTESIAN_POINT('',(6.66747013599,-13.64686721484));
#10962 = CARTESIAN_POINT('',(6.01958297426,-14.23304649202));
#10963 = CARTESIAN_POINT('',(5.74223435865,-14.46615864418));
#10964 = CARTESIAN_POINT('',(5.4560192542,-14.68858034549));
#10965 = CARTESIAN_POINT('',(5.16099601228,-14.89933997218));
#10966 = CARTESIAN_POINT('',(4.85733030829,-15.09738021907));
#10967 = CARTESIAN_POINT('',(4.54531985884,-15.28159333763));
#10968 = CARTESIAN_POINT('',(3.73792724545,-15.70883524625));
#10969 = CARTESIAN_POINT('',(3.23187793009,-15.93223890181));
#10970 = CARTESIAN_POINT('',(2.70932339806,-16.11685702193));
#10971 = CARTESIAN_POINT('',(2.17306599637,-16.25875419136));
#10972 = CARTESIAN_POINT('',(1.62676882411,-16.3546869128));
#10973 = CARTESIAN_POINT('',(1.07507022514,-16.4025852944));
#10974 = CARTESIAN_POINT('',(0.52380952381,-16.40258526508));
#10975 = ( GEOMETRIC_REPRESENTATION_CONTEXT(2) 
PARAMETRIC_REPRESENTATION_CONTEXT() REPRESENTATION_CONTEXT('2D SPACE',''
  ) );
#10976 = FACE_BOUND('',#10977,.F.);
#10977 = EDGE_LOOP('',(#10978));
#10978 = ORIENTED_EDGE('',*,*,#10979,.F.);
#10979 = EDGE_CURVE('',#10980,#10980,#10982,.T.);
#10980 = VERTEX_POINT('',#10981);
#10981 = CARTESIAN_POINT('',(141.,-18.90997582532,221.));
#10982 = SURFACE_CURVE('',#10983,(#11091,#11252),.PCURVE_S1.);
#10983 = B_SPLINE_CURVE_WITH_KNOTS('',8,(#10984,#10985,#10986,#10987,
    #10988,#10989,#10990,#10991,#10992,#10993,#10994,#10995,#10996,
    #10997,#10998,#10999,#11000,#11001,#11002,#11003,#11004,#11005,
    #11006,#11007,#11008,#11009,#11010,#11011,#11012,#11013,#11014,
    #11015,#11016,#11017,#11018,#11019,#11020,#11021,#11022,#11023,
    #11024,#11025,#11026,#11027,#11028,#11029,#11030,#11031,#11032,
    #11033,#11034,#11035,#11036,#11037,#11038,#11039,#11040,#11041,
    #11042,#11043,#11044,#11045,#11046,#11047,#11048,#11049,#11050,
    #11051,#11052,#11053,#11054,#11055,#11056,#11057,#11058,#11059,
    #11060,#11061,#11062,#11063,#11064,#11065,#11066,#11067,#11068,
    #11069,#11070,#11071,#11072,#11073,#11074,#11075,#11076,#11077,
    #11078,#11079,#11080,#11081,#11082,#11083,#11084,#11085,#11086,
    #11087,#11088,#11089,#11090),.UNSPECIFIED.,.T.,.F.,(1,8,7,7,7,7,7,7,
    7,7,7,7,7,7,7,7,8,1),(-0.246774980016,0.,0.437904133963,
    0.613387080756,0.802308294168,1.,1.154276616546,1.38847986162,
    1.724047409755,1.989802764552,2.153353342773,2.245925781399,
    2.36679649568,2.455131187756,2.600361253367,2.826514839432,
    3.073289819448,3.511193953411),.UNSPECIFIED.);
#10984 = CARTESIAN_POINT('',(141.,-18.90997582532,221.));
#10985 = CARTESIAN_POINT('',(141.,-19.13217759117,221.36344119387));
#10986 = CARTESIAN_POINT('',(140.95686974764,-19.34729911968,
    221.73694013593));
#10987 = CARTESIAN_POINT('',(140.86642395108,-19.55258059183,
    222.11509519001));
#10988 = CARTESIAN_POINT('',(140.72496455599,-19.74592541929,
    222.49069997313));
#10989 = CARTESIAN_POINT('',(140.53001628401,-19.9262550394,
    222.85464678112));
#10990 = CARTESIAN_POINT('',(140.2816589388,-20.09403936812,
    223.19612465924));
#10991 = CARTESIAN_POINT('',(139.98326589063,-20.25013107696,
    223.50392026279));
#10992 = CARTESIAN_POINT('',(139.50521180024,-20.452374202,
    223.87385302882));
#10993 = CARTESIAN_POINT('',(139.36154216112,-20.50836017252,
    223.97268160361));
#10994 = CARTESIAN_POINT('',(139.21138739513,-20.56248732201,
    224.06388788294));
#10995 = CARTESIAN_POINT('',(139.05522517318,-20.61475812078,
    224.14689717454));
#10996 = CARTESIAN_POINT('',(138.89358424385,-20.66514805517,
    224.22118088355));
#10997 = CARTESIAN_POINT('',(138.72703780456,-20.71359379671,
    224.28625865871));
#10998 = CARTESIAN_POINT('',(138.55619806895,-20.75998436847,
    224.34169928109));
#10999 = CARTESIAN_POINT('',(138.19386406747,-20.85170880404,
    224.43601959461));
#11000 = CARTESIAN_POINT('',(138.00179617786,-20.89668836121,
    224.47330467465));
#11001 = CARTESIAN_POINT('',(137.80629630394,-20.93889326944,
    224.4985035787));
#11002 = CARTESIAN_POINT('',(137.60822567245,-20.97804494843,
    224.51119966727));
#11003 = CARTESIAN_POINT('',(137.40851747781,-21.01377822102,
    224.51104046273));
#11004 = CARTESIAN_POINT('',(137.20817748251,-21.04564329249,
    224.49775571644));
#11005 = CARTESIAN_POINT('',(137.00828653471,-21.07311843607,
    224.47118469826));
#11006 = CARTESIAN_POINT('',(136.60251843463,-21.1191935689,
    224.38958969868));
#11007 = CARTESIAN_POINT('',(136.3966364696,-21.13734047759,
    224.33327073467));
#11008 = CARTESIAN_POINT('',(136.19395652779,-21.14937806622,
    224.26235555875));
#11009 = CARTESIAN_POINT('',(135.99608825133,-21.15459876311,
    224.17711146169));
#11010 = CARTESIAN_POINT('',(135.80463539637,-21.15232365112,
    224.07809192636));
#11011 = CARTESIAN_POINT('',(135.62117236941,-21.14196595439,
    223.96617065896));
#11012 = CARTESIAN_POINT('',(135.44720069665,-21.12313882752,
    223.84260968774));
#11013 = CARTESIAN_POINT('',(135.15676572025,-21.07451569668,
    223.60505318728));
#11014 = CARTESIAN_POINT('',(135.03598699267,-21.0480237603,
    223.49485335526));
#11015 = CARTESIAN_POINT('',(134.92237202163,-21.01633255657,
    223.37939685788));
#11016 = CARTESIAN_POINT('',(134.81633035389,-20.97952587378,
    223.2595368824));
#11017 = CARTESIAN_POINT('',(134.71808951402,-20.93777825739,
    223.13612645102));
#11018 = CARTESIAN_POINT('',(134.62773192271,-20.89134124602,
    223.00999149614));
#11019 = CARTESIAN_POINT('',(134.54522281338,-20.84052895332,
    222.88191421839));
#11020 = CARTESIAN_POINT('',(134.35688686257,-20.70247316165,
    222.55635881157));
#11021 = CARTESIAN_POINT('',(134.26114764937,-20.61000956419,
    222.357339056));
#11022 = CARTESIAN_POINT('',(134.18247099718,-20.50939003612,
    222.15767175771));
#11023 = CARTESIAN_POINT('',(134.11976322783,-20.40176128338,
    221.95900069016));
#11024 = CARTESIAN_POINT('',(134.07182591791,-20.2882233125,
    221.76254208903));
#11025 = CARTESIAN_POINT('',(134.03747675308,-20.16975113432,
    221.56913039867));
#11026 = CARTESIAN_POINT('',(134.01561853818,-20.04713807897,
    221.37926200655));
#11027 = CARTESIAN_POINT('',(133.99059361105,-19.74013508111,
    220.9264201645));
#11028 = CARTESIAN_POINT('',(133.99963271427,-19.552247207,
    220.66777312918));
#11029 = CARTESIAN_POINT('',(134.02961320047,-19.35890377522,
    220.4175895482));
#11030 = CARTESIAN_POINT('',(134.07857274322,-19.16152120568,
    220.17616868148));
#11031 = CARTESIAN_POINT('',(134.14498451117,-18.96133511159,
    219.94364154784));
#11032 = CARTESIAN_POINT('',(134.2278172853,-18.75938917425,
    219.72001351455));
#11033 = CARTESIAN_POINT('',(134.32648878557,-18.55653896512,
    219.50517675121));
#11034 = CARTESIAN_POINT('',(134.53197457067,-18.19266180231,
    219.13566604267));
#11035 = CARTESIAN_POINT('',(134.63268655254,-18.03195748407,
    218.97802186511));
#11036 = CARTESIAN_POINT('',(134.74332704566,-17.87169888582,
    218.825919952));
#11037 = CARTESIAN_POINT('',(134.86411282465,-17.71235719766,
    218.67943135751));
#11038 = CARTESIAN_POINT('',(134.99539829697,-17.5545463936,
    218.53877010139));
#11039 = CARTESIAN_POINT('',(135.13775454355,-17.39906450358,
    218.40430792515));
#11040 = CARTESIAN_POINT('',(135.29196958513,-17.24690104684,
    218.27655999661));
#11041 = CARTESIAN_POINT('',(135.56262116117,-17.00862747701,
    218.08235220656));
#11042 = CARTESIAN_POINT('',(135.67065830428,-16.91972545706,
    218.01130255791));
#11043 = CARTESIAN_POINT('',(135.7840015425,-16.83295168296,
    217.94332604554));
#11044 = CARTESIAN_POINT('',(135.90302024838,-16.7487249837,
    217.87869899025));
#11045 = CARTESIAN_POINT('',(136.0280651373,-16.66762571721,
    217.8178210008));
#11046 = CARTESIAN_POINT('',(136.15946776238,-16.59039904149,
    217.76121113128));
#11047 = CARTESIAN_POINT('',(136.29754977682,-16.51796240589,
    217.70951683371));
#11048 = CARTESIAN_POINT('',(136.52476663571,-16.41375156727,
    217.63750959774));
#11049 = CARTESIAN_POINT('',(136.60909536814,-16.37799253112,
    217.6133271194));
#11050 = CARTESIAN_POINT('',(136.69565324092,-16.34435153972,
    217.59114033374));
#11051 = CARTESIAN_POINT('',(136.78442329807,-16.31307044825,
    217.57112345197));
#11052 = CARTESIAN_POINT('',(136.8753411231,-16.28441499229,
    217.55346791996));
#11053 = CARTESIAN_POINT('',(136.96828539276,-16.25866202055,
    217.53837296762));
#11054 = CARTESIAN_POINT('',(137.0630644093,-16.23608054924,
    217.52603162163));
#11055 = CARTESIAN_POINT('',(137.28518101443,-16.19187149466,
    217.50431333239));
#11056 = CARTESIAN_POINT('',(137.41382656247,-16.17260325973,
    217.49697487762));
#11057 = CARTESIAN_POINT('',(137.54437120377,-16.15973177071,
    217.49503472309));
#11058 = CARTESIAN_POINT('',(137.67584857142,-16.15364145638,
    217.49875048511));
#11059 = CARTESIAN_POINT('',(137.80729060188,-16.15445854323,
    217.50820184895));
#11060 = CARTESIAN_POINT('',(137.93772903998,-16.16204918685,
    217.52328903298));
#11061 = CARTESIAN_POINT('',(138.06619783006,-16.17602852865,
    217.54372735842));
#11062 = CARTESIAN_POINT('',(138.2834824412,-16.21021593669,
    217.58753538368));
#11063 = CARTESIAN_POINT('',(138.37377946806,-16.22775276037,
    217.60865856953));
#11064 = CARTESIAN_POINT('',(138.46238490164,-16.24818586702,
    217.63225985573));
#11065 = CARTESIAN_POINT('',(138.54912738413,-16.27128240217,
    217.65817501354));
#11066 = CARTESIAN_POINT('',(138.63389329718,-16.29680220509,
    217.68623641708));
#11067 = CARTESIAN_POINT('',(138.71661627382,-16.32451305559,
    217.71628346182));
#11068 = CARTESIAN_POINT('',(138.79726969713,-16.35420090173,
    217.74817019659));
#11069 = CARTESIAN_POINT('',(139.00507520525,-16.43742138812,
    217.83701150241));
#11070 = CARTESIAN_POINT('',(139.12863742586,-16.49396433046,
    217.89684967856));
#11071 = CARTESIAN_POINT('',(139.24670445865,-16.55449036219,
    217.96075975348));
#11072 = CARTESIAN_POINT('',(139.35944818233,-16.61830446216,
    218.02829708745));
#11073 = CARTESIAN_POINT('',(139.46706084171,-16.68482629351,
    218.09909376897));
#11074 = CARTESIAN_POINT('',(139.56975524021,-16.75358718308,
    218.17286042531));
#11075 = CARTESIAN_POINT('',(139.66776102638,-16.82422790761,
    218.24939341984));
#11076 = CARTESIAN_POINT('',(139.9070034083,-17.00903582505,
    218.45190908157));
#11077 = CARTESIAN_POINT('',(140.04170958239,-17.12537625443,
    218.58152189737));
#11078 = CARTESIAN_POINT('',(140.16626821725,-17.24446370727,
    218.71690076959));
#11079 = CARTESIAN_POINT('',(140.28113269431,-17.36548938157,
    218.85765628627));
#11080 = CARTESIAN_POINT('',(140.38658504309,-17.48780029675,
    219.00348142098));
#11081 = CARTESIAN_POINT('',(140.48279639835,-17.61086996595,
    219.15414185502));
#11082 = CARTESIAN_POINT('',(140.56982105638,-17.73429321527,
    219.30948596514));
#11083 = CARTESIAN_POINT('',(140.73248186108,-17.99250239743,
    219.64400111107));
#11084 = CARTESIAN_POINT('',(140.80628971162,-18.12719380449,
    219.82391775881));
#11085 = CARTESIAN_POINT('',(140.86893961328,-18.26137996179,
    220.0090111057));
#11086 = CARTESIAN_POINT('',(140.92012842158,-18.39461777021,
    220.19903026341));
#11087 = CARTESIAN_POINT('',(140.9594132094,-18.5264800816,
    220.3936421017));
#11088 = CARTESIAN_POINT('',(140.98624665584,-18.6565633934,
    220.59240976172));
#11089 = CARTESIAN_POINT('',(141.,-18.7845010064,220.79476887677));
#11090 = CARTESIAN_POINT('',(141.,-18.90997582532,221.));
#11091 = PCURVE('',#8361,#11092);
#11092 = DEFINITIONAL_REPRESENTATION('',(#11093),#11251);
#11093 = B_SPLINE_CURVE_WITH_KNOTS('',3,(#11094,#11095,#11096,#11097,
    #11098,#11099,#11100,#11101,#11102,#11103,#11104,#11105,#11106,
    #11107,#11108,#11109,#11110,#11111,#11112,#11113,#11114,#11115,
    #11116,#11117,#11118,#11119,#11120,#11121,#11122,#11123,#11124,
    #11125,#11126,#11127,#11128,#11129,#11130,#11131,#11132,#11133,
    #11134,#11135,#11136,#11137,#11138,#11139,#11140,#11141,#11142,
    #11143,#11144,#11145,#11146,#11147,#11148,#11149,#11150,#11151,
    #11152,#11153,#11154,#11155,#11156,#11157,#11158,#11159,#11160,
    #11161,#11162,#11163,#11164,#11165,#11166,#11167,#11168,#11169,
    #11170,#11171,#11172,#11173,#11174,#11175,#11176,#11177,#11178,
    #11179,#11180,#11181,#11182,#11183,#11184,#11185,#11186,#11187,
    #11188,#11189,#11190,#11191,#11192,#11193,#11194,#11195,#11196,
    #11197,#11198,#11199,#11200,#11201,#11202,#11203,#11204,#11205,
    #11206,#11207,#11208,#11209,#11210,#11211,#11212,#11213,#11214,
    #11215,#11216,#11217,#11218,#11219,#11220,#11221,#11222,#11223,
    #11224,#11225,#11226,#11227,#11228,#11229,#11230,#11231,#11232,
    #11233,#11234,#11235,#11236,#11237,#11238,#11239,#11240,#11241,
    #11242,#11243,#11244,#11245,#11246,#11247,#11248,#11249,#11250),
  .UNSPECIFIED.,.T.,.F.,(1,3,1,1,1,1,1,1,1,1,1,1,1,1,1,1,1,1,1,1,1,1,1,1
    ,1,1,1,1,1,1,1,1,1,1,1,1,1,1,1,1,1,1,1,1,1,1,1,1,1,1,1,1,1,1,1,1,1,1
    ,1,1,1,1,1,1,1,1,1,1,1,1,1,1,1,1,1,1,1,1,1,1,1,1,1,1,1,1,1,1,1,1,1,1
    ,1,1,1,1,1,1,1,1,1,1,1,1,1,1,1,1,1,1,1,1,1,1,1,1,1,1,1,1,1,1,1,1,1,1
    ,1,1,1,1,1,1,1,1,1,1,1,1,1,1,1,1,1,1,1,1,1,1,1,1,1,1,1,1,1,3,1),(
    -1.9956427399E-02,0.,1.995642739902E-02,3.991285479803E-02,
    5.986928219705E-02,7.982570959606E-02,9.978213699508E-02,
    0.119738564394,0.139694991793,0.159651419192,0.179607846591,
    0.19956427399,0.219520701389,0.239477128788,0.259433556187,
    0.279389983586,0.299346410985,0.319302838384,0.339259265783,
    0.359215693182,0.379172120581,0.39912854798,0.419084975379,
    0.439041402778,0.458997830177,0.478954257576,0.498910684975,
    0.518867112374,0.538823539773,0.558779967172,0.578736394571,
    0.59869282197,0.618649249369,0.638605676769,0.658562104168,
    0.678518531567,0.698474958966,0.718431386365,0.738387813764,
    0.758344241163,0.778300668562,0.798257095961,0.81821352336,
    0.838169950759,0.858126378158,0.878082805557,0.898039232956,
    0.917995660355,0.937952087754,0.957908515153,0.977864942552,
    0.997821369951,1.01777779735,1.037734224749,1.057690652148,
    1.077647079547,1.097603506946,1.117559934345,1.137516361744,
    1.157472789143,1.177429216542,1.197385643941,1.21734207134,
    1.237298498739,1.257254926138,1.277211353537,1.297167780936,
    1.317124208335,1.337080635734,1.357037063133,1.376993490532,
    1.396949917931,1.41690634533,1.436862772729,1.456819200128,
    1.476775627527,1.496732054926,1.516688482325,1.536644909724,
    1.556601337123,1.576557764522,1.596514191921,1.61647061932,
    1.636427046719,1.656383474118,1.676339901517,1.696296328916,
    1.716252756315,1.736209183714,1.756165611113,1.776122038512,
    1.796078465911,1.81603489331,1.835991320709,1.855947748108,
    1.875904175508,1.895860602907,1.915817030306,1.935773457705,
    1.955729885104,1.975686312503,1.995642739902,2.015599167301,
    2.0355555947,2.055512022099,2.075468449498,2.095424876897,
    2.115381304296,2.135337731695,2.155294159094,2.175250586493,
    2.195207013892,2.215163441291,2.23511986869,2.255076296089,
    2.275032723488,2.294989150887,2.314945578286,2.334902005685,
    2.354858433084,2.374814860483,2.394771287882,2.414727715281,
    2.43468414268,2.454640570079,2.474596997478,2.494553424877,
    2.514509852276,2.534466279675,2.554422707074,2.574379134473,
    2.594335561872,2.614291989271,2.63424841667,2.654204844069,
    2.674161271468,2.694117698867,2.714074126266,2.734030553665,
    2.753986981064,2.773943408463,2.793899835862,2.813856263261,
    2.83381269066,2.853769118059,2.873725545458,2.893681972857,
    2.913638400256,2.933594827655,2.953551255054,2.973507682453,
    2.993464109852,3.013420537251,3.03337696465,3.053333392049,
    3.073289819448,3.093246246847),.UNSPECIFIED.);
#11094 = CARTESIAN_POINT('',(3.550550352444,0.619047619048));
#11095 = CARTESIAN_POINT('',(3.54725547426,0.619047628513));
#11096 = CARTESIAN_POINT('',(3.540668397151,0.61900780076));
#11097 = CARTESIAN_POINT('',(3.53081261171,0.618825519525));
#11098 = CARTESIAN_POINT('',(3.520998161704,0.618517648455));
#11099 = CARTESIAN_POINT('',(3.511242557662,0.618081314683));
#11100 = CARTESIAN_POINT('',(3.501563930806,0.617513796949));
#11101 = CARTESIAN_POINT('',(3.491981087704,0.616812569524));
#11102 = CARTESIAN_POINT('',(3.482513437094,0.615975328682));
#11103 = CARTESIAN_POINT('',(3.473180940823,0.615000024656));
#11104 = CARTESIAN_POINT('',(3.464004048114,0.613884892524));
#11105 = CARTESIAN_POINT('',(3.455003624081,0.612628483429));
#11106 = CARTESIAN_POINT('',(3.446200869575,0.611229695406));
#11107 = CARTESIAN_POINT('',(3.437617233265,0.609687803724));
#11108 = CARTESIAN_POINT('',(3.429274315907,0.608002490474));
#11109 = CARTESIAN_POINT('',(3.421193767191,0.606173873249));
#11110 = CARTESIAN_POINT('',(3.413397175507,0.604202532725));
#11111 = CARTESIAN_POINT('',(3.405905951305,0.602089539073));
#11112 = CARTESIAN_POINT('',(3.398741204327,0.5998364769));
#11113 = CARTESIAN_POINT('',(3.391923616842,0.59744546938));
#11114 = CARTESIAN_POINT('',(3.385473308848,0.594919198823));
#11115 = CARTESIAN_POINT('',(3.379409714622,0.592260933774));
#11116 = CARTESIAN_POINT('',(3.373751403164,0.589474525013));
#11117 = CARTESIAN_POINT('',(3.36851609953,0.586564511049));
#11118 = CARTESIAN_POINT('',(3.363719948859,0.583535806042));
#11119 = CARTESIAN_POINT('',(3.359377286023,0.580393414563));
#11120 = CARTESIAN_POINT('',(3.355501461808,0.577142887666));
#11121 = CARTESIAN_POINT('',(3.352104445846,0.57379007674));
#11122 = CARTESIAN_POINT('',(3.349196954459,0.570341172927));
#11123 = CARTESIAN_POINT('',(3.34678844456,0.566802671896));
#11124 = CARTESIAN_POINT('',(3.344887150656,0.563181358856));
#11125 = CARTESIAN_POINT('',(3.343500116494,0.55948429468));
#11126 = CARTESIAN_POINT('',(3.34263323848,0.555718784926));
#11127 = CARTESIAN_POINT('',(3.342291300547,0.551892439856));
#11128 = CARTESIAN_POINT('',(3.342478030605,0.548012958819));
#11129 = CARTESIAN_POINT('',(3.343196142542,0.544088414784));
#11130 = CARTESIAN_POINT('',(3.344447292112,0.540127239385));
#11131 = CARTESIAN_POINT('',(3.346232028217,0.53613822919));
#11132 = CARTESIAN_POINT('',(3.348549733883,0.532130540807));
#11133 = CARTESIAN_POINT('',(3.351398525005,0.528113716123));
#11134 = CARTESIAN_POINT('',(3.35477524116,0.524097605514));
#11135 = CARTESIAN_POINT('',(3.35867502366,0.520092676998));
#11136 = CARTESIAN_POINT('',(3.363092366022,0.516108892407));
#11137 = CARTESIAN_POINT('',(3.368020070559,0.512156934654));
#11138 = CARTESIAN_POINT('',(3.373445189618,0.508250578306));
#11139 = CARTESIAN_POINT('',(3.379352896827,0.504402842776));
#11140 = CARTESIAN_POINT('',(3.385725440399,0.50062689661));
#11141 = CARTESIAN_POINT('',(3.39254227689,0.496935757961));
#11142 = CARTESIAN_POINT('',(3.399779840448,0.493342301421));
#11143 = CARTESIAN_POINT('',(3.407411280725,0.48985919248));
#11144 = CARTESIAN_POINT('',(3.41540633855,0.486498745235));
#11145 = CARTESIAN_POINT('',(3.423730305711,0.483273090635));
#11146 = CARTESIAN_POINT('',(3.43234606916,0.480193101633));
#11147 = CARTESIAN_POINT('',(3.441217059928,0.477267490284));
#11148 = CARTESIAN_POINT('',(3.450303064848,0.474504325149));
#11149 = CARTESIAN_POINT('',(3.459566130468,0.471909154988));
#11150 = CARTESIAN_POINT('',(3.468969295616,0.469485776887));
#11151 = CARTESIAN_POINT('',(3.478477146021,0.467236286035));
#11152 = CARTESIAN_POINT('',(3.488055807216,0.465161292458));
#11153 = CARTESIAN_POINT('',(3.497673104788,0.463260066923));
#11154 = CARTESIAN_POINT('',(3.507298325835,0.46153069455));
#11155 = CARTESIAN_POINT('',(3.516910231067,0.459968999985));
#11156 = CARTESIAN_POINT('',(3.526489923548,0.458570317951));
#11157 = CARTESIAN_POINT('',(3.536020892179,0.4573295566));
#11158 = CARTESIAN_POINT('',(3.54548882422,0.456241343565));
#11159 = CARTESIAN_POINT('',(3.554881499105,0.455300128971));
#11160 = CARTESIAN_POINT('',(3.564188675675,0.454500282117));
#11161 = CARTESIAN_POINT('',(3.573402005947,0.453836175047));
#11162 = CARTESIAN_POINT('',(3.58251492505,0.453302257753));
#11163 = CARTESIAN_POINT('',(3.5915226804,0.452893127024));
#11164 = CARTESIAN_POINT('',(3.600421893306,0.452603590301));
#11165 = CARTESIAN_POINT('',(3.609211912907,0.452428731263));
#11166 = CARTESIAN_POINT('',(3.617886597998,0.45236400133));
#11167 = CARTESIAN_POINT('',(3.626447000703,0.45240498393));
#11168 = CARTESIAN_POINT('',(3.634893578895,0.4525476725));
#11169 = CARTESIAN_POINT('',(3.64322682286,0.452788388992));
#11170 = CARTESIAN_POINT('',(3.651447126126,0.453123769329));
#11171 = CARTESIAN_POINT('',(3.659554850146,0.453550739171));
#11172 = CARTESIAN_POINT('',(3.66755032984,0.45406649935));
#11173 = CARTESIAN_POINT('',(3.675433888989,0.454668514793));
#11174 = CARTESIAN_POINT('',(3.683205847929,0.45535450779));
#11175 = CARTESIAN_POINT('',(3.69086652896,0.456122454788));
#11176 = CARTESIAN_POINT('',(3.698416258516,0.456970586561));
#11177 = CARTESIAN_POINT('',(3.70585536651,0.457897391497));
#11178 = CARTESIAN_POINT('',(3.713184183332,0.45890162248));
#11179 = CARTESIAN_POINT('',(3.72040303238,0.459982305952));
#11180 = CARTESIAN_POINT('',(3.727512225539,0.461138759554));
#11181 = CARTESIAN_POINT('',(3.734512032698,0.462370596305));
#11182 = CARTESIAN_POINT('',(3.741402731482,0.463677800188));
#11183 = CARTESIAN_POINT('',(3.748178263635,0.465059364779));
#11184 = CARTESIAN_POINT('',(3.754839306494,0.466515829671));
#11185 = CARTESIAN_POINT('',(3.761384373362,0.468047724477));
#11186 = CARTESIAN_POINT('',(3.767811535742,0.469655859154));
#11187 = CARTESIAN_POINT('',(3.774117965136,0.471341252638));
#11188 = CARTESIAN_POINT('',(3.780300044067,0.473105166167));
#11189 = CARTESIAN_POINT('',(3.786353310596,0.47494911699));
#11190 = CARTESIAN_POINT('',(3.792272428865,0.47687490527));
#11191 = CARTESIAN_POINT('',(3.798051143138,0.478884653515));
#11192 = CARTESIAN_POINT('',(3.803682177452,0.480980839099));
#11193 = CARTESIAN_POINT('',(3.809157252245,0.483166413266));
#11194 = CARTESIAN_POINT('',(3.814466540378,0.485444671904));
#11195 = CARTESIAN_POINT('',(3.819600064301,0.487820147253));
#11196 = CARTESIAN_POINT('',(3.824540412376,0.490295209009));
#11197 = CARTESIAN_POINT('',(3.829273363488,0.492875100537));
#11198 = CARTESIAN_POINT('',(3.833780775113,0.495565169624));
#11199 = CARTESIAN_POINT('',(3.838040230748,0.498370571973));
#11200 = CARTESIAN_POINT('',(3.842025085066,0.501296328933));
#11201 = CARTESIAN_POINT('',(3.845704390847,0.504347385513));
#11202 = CARTESIAN_POINT('',(3.84904253792,0.507528406201));
#11203 = CARTESIAN_POINT('',(3.851999791637,0.510844712145));
#11204 = CARTESIAN_POINT('',(3.854529076831,0.514298931169));
#11205 = CARTESIAN_POINT('',(3.856577207724,0.517889761357));
#11206 = CARTESIAN_POINT('',(3.858087951534,0.521613085008));
#11207 = CARTESIAN_POINT('',(3.859003307391,0.52545951542));
#11208 = CARTESIAN_POINT('',(3.859268161485,0.529413933414));
#11209 = CARTESIAN_POINT('',(3.858833436009,0.533458104718));
#11210 = CARTESIAN_POINT('',(3.85766551823,0.537555211803));
#11211 = CARTESIAN_POINT('',(3.855751885987,0.54167103408));
#11212 = CARTESIAN_POINT('',(3.853100887155,0.545770419074));
#11213 = CARTESIAN_POINT('',(3.849741166468,0.54981927592));
#11214 = CARTESIAN_POINT('',(3.845726658501,0.553780356177));
#11215 = CARTESIAN_POINT('',(3.841114107639,0.557633076673));
#11216 = CARTESIAN_POINT('',(3.835963513432,0.56136229569));
#11217 = CARTESIAN_POINT('',(3.830336028293,0.564957377193));
#11218 = CARTESIAN_POINT('',(3.824287839985,0.568413287754));
#11219 = CARTESIAN_POINT('',(3.817871202761,0.571727805474));
#11220 = CARTESIAN_POINT('',(3.811128889009,0.5749030418));
#11221 = CARTESIAN_POINT('',(3.80409632188,0.577942925775));
#11222 = CARTESIAN_POINT('',(3.796805380587,0.58085123949));
#11223 = CARTESIAN_POINT('',(3.789283293545,0.583632151408));
#11224 = CARTESIAN_POINT('',(3.781552838157,0.586290049257));
#11225 = CARTESIAN_POINT('',(3.773632026443,0.588829604525));
#11226 = CARTESIAN_POINT('',(3.765534344991,0.591255535411));
#11227 = CARTESIAN_POINT('',(3.75727772137,0.593570195095));
#11228 = CARTESIAN_POINT('',(3.748871437275,0.595777574835));
#11229 = CARTESIAN_POINT('',(3.740325487997,0.597880490903));
#11230 = CARTESIAN_POINT('',(3.731648634301,0.59988134608));
#11231 = CARTESIAN_POINT('',(3.722848998635,0.601782043649));
#11232 = CARTESIAN_POINT('',(3.713933961932,0.603584100123));
#11233 = CARTESIAN_POINT('',(3.704910221902,0.60528868198));
#11234 = CARTESIAN_POINT('',(3.695783828841,0.606896638514));
#11235 = CARTESIAN_POINT('',(3.686560089812,0.608408536524));
#11236 = CARTESIAN_POINT('',(3.677243977614,0.609824621278));
#11237 = CARTESIAN_POINT('',(3.667838623575,0.611145019781));
#11238 = CARTESIAN_POINT('',(3.65835269359,0.612368780987));
#11239 = CARTESIAN_POINT('',(3.648791589365,0.613495208258));
#11240 = CARTESIAN_POINT('',(3.639160914169,0.61452331055));
#11241 = CARTESIAN_POINT('',(3.629466822459,0.615451809088));
#11242 = CARTESIAN_POINT('',(3.619715957626,0.616279172785));
#11243 = CARTESIAN_POINT('',(3.609915501149,0.617003641611));
#11244 = CARTESIAN_POINT('',(3.600073192265,0.617623249672));
#11245 = CARTESIAN_POINT('',(3.590197358447,0.618135845218));
#11246 = CARTESIAN_POINT('',(3.580296936021,0.618539110403));
#11247 = CARTESIAN_POINT('',(3.570381522802,0.618830575722));
#11248 = CARTESIAN_POINT('',(3.560461315013,0.619007650072));
#11249 = CARTESIAN_POINT('',(3.553852089252,0.61904761077));
#11250 = CARTESIAN_POINT('',(3.550550352444,0.619047619048));
#11251 = ( GEOMETRIC_REPRESENTATION_CONTEXT(2) 
PARAMETRIC_REPRESENTATION_CONTEXT() REPRESENTATION_CONTEXT('2D SPACE',''
  ) );
#11252 = PCURVE('',#11253,#11258);
#11253 = CYLINDRICAL_SURFACE('',#11254,3.5);
#11254 = AXIS2_PLACEMENT_3D('',#11255,#11256,#11257);
#11255 = CARTESIAN_POINT('',(137.5,-14.8,221.));
#11256 = DIRECTION('',(-0.,1.,-0.));
#11257 = DIRECTION('',(1.,0.,0.));
#11258 = DEFINITIONAL_REPRESENTATION('',(#11259),#11417);
#11259 = B_SPLINE_CURVE_WITH_KNOTS('',3,(#11260,#11261,#11262,#11263,
    #11264,#11265,#11266,#11267,#11268,#11269,#11270,#11271,#11272,
    #11273,#11274,#11275,#11276,#11277,#11278,#11279,#11280,#11281,
    #11282,#11283,#11284,#11285,#11286,#11287,#11288,#11289,#11290,
    #11291,#11292,#11293,#11294,#11295,#11296,#11297,#11298,#11299,
    #11300,#11301,#11302,#11303,#11304,#11305,#11306,#11307,#11308,
    #11309,#11310,#11311,#11312,#11313,#11314,#11315,#11316,#11317,
    #11318,#11319,#11320,#11321,#11322,#11323,#11324,#11325,#11326,
    #11327,#11328,#11329,#11330,#11331,#11332,#11333,#11334,#11335,
    #11336,#11337,#11338,#11339,#11340,#11341,#11342,#11343,#11344,
    #11345,#11346,#11347,#11348,#11349,#11350,#11351,#11352,#11353,
    #11354,#11355,#11356,#11357,#11358,#11359,#11360,#11361,#11362,
    #11363,#11364,#11365,#11366,#11367,#11368,#11369,#11370,#11371,
    #11372,#11373,#11374,#11375,#11376,#11377,#11378,#11379,#11380,
    #11381,#11382,#11383,#11384,#11385,#11386,#11387,#11388,#11389,
    #11390,#11391,#11392,#11393,#11394,#11395,#11396,#11397,#11398,
    #11399,#11400,#11401,#11402,#11403,#11404,#11405,#11406,#11407,
    #11408,#11409,#11410,#11411,#11412,#11413,#11414,#11415,#11416),
  .UNSPECIFIED.,.F.,.F.,(4,1,1,1,1,1,1,1,1,1,1,1,1,1,1,1,1,1,1,1,1,1,1,1
    ,1,1,1,1,1,1,1,1,1,1,1,1,1,1,1,1,1,1,1,1,1,1,1,1,1,1,1,1,1,1,1,1,1,1
    ,1,1,1,1,1,1,1,1,1,1,1,1,1,1,1,1,1,1,1,1,1,1,1,1,1,1,1,1,1,1,1,1,1,1
    ,1,1,1,1,1,1,1,1,1,1,1,1,1,1,1,1,1,1,1,1,1,1,1,1,1,1,1,1,1,1,1,1,1,1
    ,1,1,1,1,1,1,1,1,1,1,1,1,1,1,1,1,1,1,1,1,1,1,1,1,1,1,1,1,4),(0.,
    1.995642739902E-02,3.991285479803E-02,5.986928219705E-02,
    7.982570959606E-02,9.978213699508E-02,0.119738564394,0.139694991793,
    0.159651419192,0.179607846591,0.19956427399,0.219520701389,
    0.239477128788,0.259433556187,0.279389983586,0.299346410985,
    0.319302838384,0.339259265783,0.359215693182,0.379172120581,
    0.39912854798,0.419084975379,0.439041402778,0.458997830177,
    0.478954257576,0.498910684975,0.518867112374,0.538823539773,
    0.558779967172,0.578736394571,0.59869282197,0.618649249369,
    0.638605676769,0.658562104168,0.678518531567,0.698474958966,
    0.718431386365,0.738387813764,0.758344241163,0.778300668562,
    0.798257095961,0.81821352336,0.838169950759,0.858126378158,
    0.878082805557,0.898039232956,0.917995660355,0.937952087754,
    0.957908515153,0.977864942552,0.997821369951,1.01777779735,
    1.037734224749,1.057690652148,1.077647079547,1.097603506946,
    1.117559934345,1.137516361744,1.157472789143,1.177429216542,
    1.197385643941,1.21734207134,1.237298498739,1.257254926138,
    1.277211353537,1.297167780936,1.317124208335,1.337080635734,
    1.357037063133,1.376993490532,1.396949917931,1.41690634533,
    1.436862772729,1.456819200128,1.476775627527,1.496732054926,
    1.516688482325,1.536644909724,1.556601337123,1.576557764522,
    1.596514191921,1.61647061932,1.636427046719,1.656383474118,
    1.676339901517,1.696296328916,1.716252756315,1.736209183714,
    1.756165611113,1.776122038512,1.796078465911,1.81603489331,
    1.835991320709,1.855947748108,1.875904175508,1.895860602907,
    1.915817030306,1.935773457705,1.955729885104,1.975686312503,
    1.995642739902,2.015599167301,2.0355555947,2.055512022099,
    2.075468449498,2.095424876897,2.115381304296,2.135337731695,
    2.155294159094,2.175250586493,2.195207013892,2.215163441291,
    2.23511986869,2.255076296089,2.275032723488,2.294989150887,
    2.314945578286,2.334902005685,2.354858433084,2.374814860483,
    2.394771287882,2.414727715281,2.43468414268,2.454640570079,
    2.474596997478,2.494553424877,2.514509852276,2.534466279675,
    2.554422707074,2.574379134473,2.594335561872,2.614291989271,
    2.63424841667,2.654204844069,2.674161271468,2.694117698867,
    2.714074126266,2.734030553665,2.753986981064,2.773943408463,
    2.793899835862,2.813856263261,2.83381269066,2.853769118059,
    2.873725545458,2.893681972857,2.913638400256,2.933594827655,
    2.953551255054,2.973507682453,2.993464109852,3.013420537251,
    3.03337696465,3.053333392049,3.073289819448),.UNSPECIFIED.);
#11260 = CARTESIAN_POINT('',(6.28318530718,-4.109975825322));
#11261 = CARTESIAN_POINT('',(6.270565980569,-4.136979769588));
#11262 = CARTESIAN_POINT('',(6.245215655678,-4.190711480727));
#11263 = CARTESIAN_POINT('',(6.206851324821,-4.270401111993));
#11264 = CARTESIAN_POINT('',(6.168143994626,-4.34910118189));
#11265 = CARTESIAN_POINT('',(6.129090654874,-4.426737843813));
#11266 = CARTESIAN_POINT('',(6.089689036255,-4.503242937067));
#11267 = CARTESIAN_POINT('',(6.049937712191,-4.578555079127));
#11268 = CARTESIAN_POINT('',(6.009836068808,-4.652619820834));
#11269 = CARTESIAN_POINT('',(5.969384314016,-4.725389944354));
#11270 = CARTESIAN_POINT('',(5.928583479485,-4.796825593017));
#11271 = CARTESIAN_POINT('',(5.887435427341,-4.8668942981));
#11272 = CARTESIAN_POINT('',(5.84594285795,-4.935570870192));
#11273 = CARTESIAN_POINT('',(5.804109319581,-5.002837152219));
#11274 = CARTESIAN_POINT('',(5.761939219968,-5.068681626611));
#11275 = CARTESIAN_POINT('',(5.719437840657,-5.13309887359));
#11276 = CARTESIAN_POINT('',(5.676611355278,-5.196088879961));
#11277 = CARTESIAN_POINT('',(5.633466854535,-5.257656199307));
#11278 = CARTESIAN_POINT('',(5.590012377567,-5.317808971654));
#11279 = CARTESIAN_POINT('',(5.54625696416,-5.376557796233));
#11280 = CARTESIAN_POINT('',(5.502210689935,-5.433914517201));
#11281 = CARTESIAN_POINT('',(5.4578848445,-5.489890747338));
#11282 = CARTESIAN_POINT('',(5.413291676122,-5.544496843611));
#11283 = CARTESIAN_POINT('',(5.368445875971,-5.597738743462));
#11284 = CARTESIAN_POINT('',(5.323359672713,-5.649622466465));
#11285 = CARTESIAN_POINT('',(5.278039465172,-5.70015571997));
#11286 = CARTESIAN_POINT('',(5.23249311942,-5.749337573406));
#11287 = CARTESIAN_POINT('',(5.186726532302,-5.797160940072));
#11288 = CARTESIAN_POINT('',(5.140744591243,-5.843609898293));
#11289 = CARTESIAN_POINT('',(5.094550960807,-5.88865855816));
#11290 = CARTESIAN_POINT('',(5.048148168607,-5.93226969079));
#11291 = CARTESIAN_POINT('',(5.001537671305,-5.974393546076));
#11292 = CARTESIAN_POINT('',(4.954719702348,-6.014966938195));
#11293 = CARTESIAN_POINT('',(4.907694203472,-6.053911712677));
#11294 = CARTESIAN_POINT('',(4.860458379854,-6.091135857055));
#11295 = CARTESIAN_POINT('',(4.813010342055,-6.12653021084));
#11296 = CARTESIAN_POINT('',(4.765349015465,-6.159968381818));
#11297 = CARTESIAN_POINT('',(4.717474345582,-6.191306753768));
#11298 = CARTESIAN_POINT('',(4.669387407191,-6.220384883863));
#11299 = CARTESIAN_POINT('',(4.621090941734,-6.24702604914));
#11300 = CARTESIAN_POINT('',(4.572588723904,-6.27103860625));
#11301 = CARTESIAN_POINT('',(4.523889718528,-6.292215748295));
#11302 = CARTESIAN_POINT('',(4.474994850861,-6.31034265925));
#11303 = CARTESIAN_POINT('',(4.425912164919,-6.325190600444));
#11304 = CARTESIAN_POINT('',(4.376687975667,-6.336515852871));
#11305 = CARTESIAN_POINT('',(4.327361336206,-6.344082410445));
#11306 = CARTESIAN_POINT('',(4.277976564916,-6.347661442079));
#11307 = CARTESIAN_POINT('',(4.228581285342,-6.347037537376));
#11308 = CARTESIAN_POINT('',(4.179228415607,-6.34201414232));
#11309 = CARTESIAN_POINT('',(4.129977635832,-6.332420494737));
#11310 = CARTESIAN_POINT('',(4.080896018321,-6.318118956648));
#11311 = CARTESIAN_POINT('',(4.03206382515,-6.299015387903));
#11312 = CARTESIAN_POINT('',(3.983562069016,-6.275063629005));
#11313 = CARTESIAN_POINT('',(3.935458949044,-6.246259198151));
#11314 = CARTESIAN_POINT('',(3.887835201029,-6.212654729813));
#11315 = CARTESIAN_POINT('',(3.840753996095,-6.174342698921));
#11316 = CARTESIAN_POINT('',(3.794271386585,-6.131455732937));
#11317 = CARTESIAN_POINT('',(3.748435598226,-6.084162192024));
#11318 = CARTESIAN_POINT('',(3.703288945994,-6.03266313534));
#11319 = CARTESIAN_POINT('',(3.658868462652,-5.977188104084));
#11320 = CARTESIAN_POINT('',(3.615207850024,-5.917994216152));
#11321 = CARTESIAN_POINT('',(3.572302894044,-5.855308825544));
#11322 = CARTESIAN_POINT('',(3.530145653818,-5.789361681357));
#11323 = CARTESIAN_POINT('',(3.488724032274,-5.720381691041));
#11324 = CARTESIAN_POINT('',(3.448022554797,-5.648594176973));
#11325 = CARTESIAN_POINT('',(3.408022613424,-5.574218282276));
#11326 = CARTESIAN_POINT('',(3.368702694235,-5.49746462166));
#11327 = CARTESIAN_POINT('',(3.330038437512,-5.418533014563));
#11328 = CARTESIAN_POINT('',(3.292002763468,-5.337610732184));
#11329 = CARTESIAN_POINT('',(3.254565397246,-5.254869571095));
#11330 = CARTESIAN_POINT('',(3.217694302515,-5.170467947504));
#11331 = CARTESIAN_POINT('',(3.181349690918,-5.084534799613));
#11332 = CARTESIAN_POINT('',(3.145517532157,-4.997250876874));
#11333 = CARTESIAN_POINT('',(3.110156753254,-4.908723793295));
#11334 = CARTESIAN_POINT('',(3.075231074699,-4.819060896193));
#11335 = CARTESIAN_POINT('',(3.04070600297,-4.7283643792));
#11336 = CARTESIAN_POINT('',(3.006549020618,-4.636732664635));
#11337 = CARTESIAN_POINT('',(2.972729004586,-4.544260085271));
#11338 = CARTESIAN_POINT('',(2.939215916749,-4.451037006595));
#11339 = CARTESIAN_POINT('',(2.905980470558,-4.357149821108));
#11340 = CARTESIAN_POINT('',(2.872993839371,-4.262680971778));
#11341 = CARTESIAN_POINT('',(2.840227377354,-4.167708967297));
#11342 = CARTESIAN_POINT('',(2.807652350424,-4.072308402438));
#11343 = CARTESIAN_POINT('',(2.775239669881,-3.976549986994));
#11344 = CARTESIAN_POINT('',(2.742959617881,-3.880500573763));
#11345 = CARTESIAN_POINT('',(2.710781573953,-3.784223236205));
#11346 = CARTESIAN_POINT('',(2.678673673435,-3.687777217121));
#11347 = CARTESIAN_POINT('',(2.646602617699,-3.591218424995));
#11348 = CARTESIAN_POINT('',(2.614532771796,-3.494597961035));
#11349 = CARTESIAN_POINT('',(2.582456234547,-3.398053953674));
#11350 = CARTESIAN_POINT('',(2.550331451628,-3.301627565117));
#11351 = CARTESIAN_POINT('',(2.518123540775,-3.205386048902));
#11352 = CARTESIAN_POINT('',(2.485796087684,-3.109399616214));
#11353 = CARTESIAN_POINT('',(2.453312783021,-3.013748074906));
#11354 = CARTESIAN_POINT('',(2.420636393245,-2.918519574759));
#11355 = CARTESIAN_POINT('',(2.38772839202,-2.823811541045));
#11356 = CARTESIAN_POINT('',(2.354548361794,-2.729731169991));
#11357 = CARTESIAN_POINT('',(2.321053287284,-2.636396008759));
#11358 = CARTESIAN_POINT('',(2.287196995465,-2.54393531862));
#11359 = CARTESIAN_POINT('',(2.252928405276,-2.452489130321));
#11360 = CARTESIAN_POINT('',(2.218193424079,-2.362216946979));
#11361 = CARTESIAN_POINT('',(2.182922155833,-2.273271717808));
#11362 = CARTESIAN_POINT('',(2.147078303544,-2.185926856782));
#11363 = CARTESIAN_POINT('',(2.110584012277,-2.100391486447));
#11364 = CARTESIAN_POINT('',(2.073362252596,-2.016929292418));
#11365 = CARTESIAN_POINT('',(2.035339148337,-1.935866342805));
#11366 = CARTESIAN_POINT('',(1.996441857283,-1.857590007835));
#11367 = CARTESIAN_POINT('',(1.956596526168,-1.782549132073));
#11368 = CARTESIAN_POINT('',(1.915729533277,-1.711259780806));
#11369 = CARTESIAN_POINT('',(1.873754261908,-1.644289121963));
#11370 = CARTESIAN_POINT('',(1.830611809821,-1.582324329091));
#11371 = CARTESIAN_POINT('',(1.786282347245,-1.526161471642));
#11372 = CARTESIAN_POINT('',(1.740767937834,-1.476649633441));
#11373 = CARTESIAN_POINT('',(1.694120165882,-1.434686175341));
#11374 = CARTESIAN_POINT('',(1.646443345756,-1.401148783668));
#11375 = CARTESIAN_POINT('',(1.597862922621,-1.376825927486));
#11376 = CARTESIAN_POINT('',(1.548712347178,-1.362396776626));
#11377 = CARTESIAN_POINT('',(1.499283550497,-1.358193073855));
#11378 = CARTESIAN_POINT('',(1.449877205852,-1.364234100204));
#11379 = CARTESIAN_POINT('',(1.400785903205,-1.380227959491));
#11380 = CARTESIAN_POINT('',(1.35235385768,-1.40554738461));
#11381 = CARTESIAN_POINT('',(1.304740713152,-1.439403223452));
#11382 = CARTESIAN_POINT('',(1.258056630184,-1.480929117025));
#11383 = CARTESIAN_POINT('',(1.212373566988,-1.529223703931));
#11384 = CARTESIAN_POINT('',(1.167708609229,-1.583427964757));
#11385 = CARTESIAN_POINT('',(1.124056072412,-1.642733236871));
#11386 = CARTESIAN_POINT('',(1.08136369032,-1.706441754367));
#11387 = CARTESIAN_POINT('',(1.039560739012,-1.773953675512));
#11388 = CARTESIAN_POINT('',(0.99858232352,-1.844730337947));
#11389 = CARTESIAN_POINT('',(0.958360778523,-1.918302874112));
#11390 = CARTESIAN_POINT('',(0.918826220373,-1.994268498562));
#11391 = CARTESIAN_POINT('',(0.879903962288,-2.072291466064));
#11392 = CARTESIAN_POINT('',(0.841515635332,-2.152098331697));
#11393 = CARTESIAN_POINT('',(0.803618148895,-2.233387274799));
#11394 = CARTESIAN_POINT('',(0.766139921331,-2.315955134306));
#11395 = CARTESIAN_POINT('',(0.729024319201,-2.399603353633));
#11396 = CARTESIAN_POINT('',(0.692218155389,-2.484155811072));
#11397 = CARTESIAN_POINT('',(0.655673073994,-2.569451769407));
#11398 = CARTESIAN_POINT('',(0.619343803753,-2.655345931953));
#11399 = CARTESIAN_POINT('',(0.583187456714,-2.74170706211));
#11400 = CARTESIAN_POINT('',(0.547162853388,-2.828416980299));
#11401 = CARTESIAN_POINT('',(0.511229480719,-2.915370855058));
#11402 = CARTESIAN_POINT('',(0.475348430569,-3.00247293677));
#11403 = CARTESIAN_POINT('',(0.439476128425,-3.089649852659));
#11404 = CARTESIAN_POINT('',(0.40359173797,-3.17678247175));
#11405 = CARTESIAN_POINT('',(0.367662937936,-3.263788009282));
#11406 = CARTESIAN_POINT('',(0.33165895241,-3.350587267522));
#11407 = CARTESIAN_POINT('',(0.295551377585,-3.437101821557));
#11408 = CARTESIAN_POINT('',(0.259313568611,-3.523254857038));
#11409 = CARTESIAN_POINT('',(0.222920475215,-3.608971089484));
#11410 = CARTESIAN_POINT('',(0.186348409284,-3.694176979935));
#11411 = CARTESIAN_POINT('',(0.149574876316,-3.778800926368));
#11412 = CARTESIAN_POINT('',(0.112578418711,-3.862773466573));
#11413 = CARTESIAN_POINT('',(7.533851222959E-02,-3.946027638429));
#11414 = CARTESIAN_POINT('',(3.783537477659E-02,-4.028498846284));
#11415 = CARTESIAN_POINT('',(1.264525155759E-02,-4.08291738931));
#11416 = CARTESIAN_POINT('',(-4.138911435803E-13,-4.109975825322));
#11417 = ( GEOMETRIC_REPRESENTATION_CONTEXT(2) 
PARAMETRIC_REPRESENTATION_CONTEXT() REPRESENTATION_CONTEXT('2D SPACE',''
  ) );
#11418 = FACE_BOUND('',#11419,.F.);
#11419 = EDGE_LOOP('',(#11420));
#11420 = ORIENTED_EDGE('',*,*,#11421,.F.);
#11421 = EDGE_CURVE('',#11422,#11422,#11424,.T.);
#11422 = VERTEX_POINT('',#11423);
#11423 = CARTESIAN_POINT('',(141.,18.909975827877,221.));
#11424 = SURFACE_CURVE('',#11425,(#11540,#11701),.PCURVE_S1.);
#11425 = B_SPLINE_CURVE_WITH_KNOTS('',8,(#11426,#11427,#11428,#11429,
    #11430,#11431,#11432,#11433,#11434,#11435,#11436,#11437,#11438,
    #11439,#11440,#11441,#11442,#11443,#11444,#11445,#11446,#11447,
    #11448,#11449,#11450,#11451,#11452,#11453,#11454,#11455,#11456,
    #11457,#11458,#11459,#11460,#11461,#11462,#11463,#11464,#11465,
    #11466,#11467,#11468,#11469,#11470,#11471,#11472,#11473,#11474,
    #11475,#11476,#11477,#11478,#11479,#11480,#11481,#11482,#11483,
    #11484,#11485,#11486,#11487,#11488,#11489,#11490,#11491,#11492,
    #11493,#11494,#11495,#11496,#11497,#11498,#11499,#11500,#11501,
    #11502,#11503,#11504,#11505,#11506,#11507,#11508,#11509,#11510,
    #11511,#11512,#11513,#11514,#11515,#11516,#11517,#11518,#11519,
    #11520,#11521,#11522,#11523,#11524,#11525,#11526,#11527,#11528,
    #11529,#11530,#11531,#11532,#11533,#11534,#11535,#11536,#11537,
    #11538,#11539),.UNSPECIFIED.,.T.,.F.,(1,8,7,7,7,7,7,7,7,7,7,7,7,7,7,
    7,7,8,1),(-0.182651083047,0.,0.180140629896,0.389045766074,
    0.486446884351,0.550550894728,0.619993451719,0.724919940281,
    0.833697915816,1.,1.210856633627,1.379727535269,1.500573323292,
    1.635294240169,1.768962789084,1.898096652755,2.028106638645,
    2.210757721692,2.390898351588),.UNSPECIFIED.);
#11426 = CARTESIAN_POINT('',(141.,18.909975827877,221.));
#11427 = CARTESIAN_POINT('',(141.,18.78259177724,220.79164607362));
#11428 = CARTESIAN_POINT('',(140.98582493953,18.65267262328,
    220.58625747077));
#11429 = CARTESIAN_POINT('',(140.9581804611,18.520547947681,
    220.38458273618));
#11430 = CARTESIAN_POINT('',(140.9177234362,18.386600603146,
    220.18720735745));
#11431 = CARTESIAN_POINT('',(140.86502301287,18.251253125975,
    219.99458354615));
#11432 = CARTESIAN_POINT('',(140.80053704307,18.114953831859,
    219.80705572136));
#11433 = CARTESIAN_POINT('',(140.72457451651,17.978169025345,
    219.62488350968));
#11434 = CARTESIAN_POINT('',(140.53590528187,17.682765513302,
    219.24344239359));
#11435 = CARTESIAN_POINT('',(140.41951213478,17.524532081297,
    219.04658399518));
#11436 = CARTESIAN_POINT('',(140.28806850754,17.367094149036,
    218.85747570947));
#11437 = CARTESIAN_POINT('',(140.14121186614,17.211288104977,
    218.67638955816));
#11438 = CARTESIAN_POINT('',(139.97843165995,17.058339125657,
    218.50391466115));
#11439 = CARTESIAN_POINT('',(139.79879178495,16.910062499259,
    218.3410222567));
#11440 = CARTESIAN_POINT('',(139.60118533481,16.768762193876,
    218.18893126173));
#11441 = CARTESIAN_POINT('',(139.28104493105,16.576986308894,
    217.98462892487));
#11442 = CARTESIAN_POINT('',(139.17488057841,16.518374271561,
    217.92252776521));
#11443 = CARTESIAN_POINT('',(139.0641048363,16.462485965878,
    217.86348252457));
#11444 = CARTESIAN_POINT('',(138.94853302856,16.40981323608,
    217.80780600522));
#11445 = CARTESIAN_POINT('',(138.82806410986,16.360972103021,
    217.75590775164));
#11446 = CARTESIAN_POINT('',(138.7026970642,16.316691884074,
    217.70827828547));
#11447 = CARTESIAN_POINT('',(138.57256422279,16.277783999779,
    217.66546647614));
#11448 = CARTESIAN_POINT('',(138.34944244918,16.223534615524,
    217.60339913658));
#11449 = CARTESIAN_POINT('',(138.2589750563,16.204686537782,
    217.58109708145));
#11450 = CARTESIAN_POINT('',(138.16678105601,16.188774981804,
    217.56131085619));
#11451 = CARTESIAN_POINT('',(138.07308637615,16.176038159909,
    217.54421149302));
#11452 = CARTESIAN_POINT('',(137.97816696119,16.16668574517,
    217.52995002398));
#11453 = CARTESIAN_POINT('',(137.88235391169,16.160880985158,
    217.51864604251));
#11454 = CARTESIAN_POINT('',(137.78603954707,16.15871954377,
    217.51037350948));
#11455 = CARTESIAN_POINT('',(137.58530483238,16.161814312419,
    217.49947857129));
#11456 = CARTESIAN_POINT('',(137.48081200733,16.167704235338,
    217.49738055718));
#11457 = CARTESIAN_POINT('',(137.3768071719,16.177889007889,
    217.49887255843));
#11458 = CARTESIAN_POINT('',(137.27379654959,16.192255179749,
    217.50387806759));
#11459 = CARTESIAN_POINT('',(137.17220127427,16.210595531665,
    217.51225084924));
#11460 = CARTESIAN_POINT('',(137.07236613959,16.232638827246,
    217.52379891733));
#11461 = CARTESIAN_POINT('',(136.97456715564,16.258075467175,
    217.53830291359));
#11462 = CARTESIAN_POINT('',(136.73464467897,16.32964745449,
    217.58155703169));
#11463 = CARTESIAN_POINT('',(136.595442466,16.379707587225,
    217.61379362869));
#11464 = CARTESIAN_POINT('',(136.46172955914,16.435749759553,
    217.65150122741));
#11465 = CARTESIAN_POINT('',(136.33357965058,16.496792750501,
    217.693974548));
#11466 = CARTESIAN_POINT('',(136.21091410014,16.561972971934,
    217.74059586506));
#11467 = CARTESIAN_POINT('',(136.09354196273,16.630580734176,
    217.79085745772));
#11468 = CARTESIAN_POINT('',(135.98117717098,16.702072730975,
    217.84437395346));
#11469 = CARTESIAN_POINT('',(135.76179351203,16.852823914673,
    217.95951597912));
#11470 = CARTESIAN_POINT('',(135.65522364089,16.93220168569,
    218.02131338336));
#11471 = CARTESIAN_POINT('',(135.55341421403,17.013763262782,
    218.08598516131));
#11472 = CARTESIAN_POINT('',(135.45609558742,17.097130581001,
    218.15328149362));
#11473 = CARTESIAN_POINT('',(135.36303934386,17.181993645731,
    218.22300432728));
#11474 = CARTESIAN_POINT('',(135.27404088325,17.268101287764,
    218.2950003728));
#11475 = CARTESIAN_POINT('',(135.18891216634,17.355256455282,
    218.36915995729));
#11476 = CARTESIAN_POINT('',(134.98299643391,17.577943414267,
    218.56201236075));
#11477 = CARTESIAN_POINT('',(134.8672350719,17.714601146615,
    218.68344402764));
#11478 = CARTESIAN_POINT('',(134.75961897396,17.852725946033,
    218.80944570359));
#11479 = CARTESIAN_POINT('',(134.65980970891,17.991853939018,
    218.93983281488));
#11480 = CARTESIAN_POINT('',(134.56760442562,18.131586951981,
    219.07447871775));
#11481 = CARTESIAN_POINT('',(134.48289887515,18.27157936308,
    219.2133079647));
#11482 = CARTESIAN_POINT('',(134.40568662705,18.411533346204,
    219.35630217399));
#11483 = CARTESIAN_POINT('',(134.2477797216,18.728263278407,
    219.69015520821));
#11484 = CARTESIAN_POINT('',(134.17177794942,18.904690461571,
    219.88339633132));
#11485 = CARTESIAN_POINT('',(134.10818536312,19.079991479345,
    220.08335614367));
#11486 = CARTESIAN_POINT('',(134.05751558457,19.253566924753,
    220.29010067893));
#11487 = CARTESIAN_POINT('',(134.02058765786,19.424687383869,
    220.5036158502));
#11488 = CARTESIAN_POINT('',(133.99848639991,19.592496752643,
    220.72378691279));
#11489 = CARTESIAN_POINT('',(133.99260227086,19.756016588688,
    220.95038845454));
#11490 = CARTESIAN_POINT('',(134.01455505748,20.040774700903,
    221.36946197794));
#11491 = CARTESIAN_POINT('',(134.03590285491,20.163839375299,
    221.5595845124));
#11492 = CARTESIAN_POINT('',(134.06975527109,20.282774177679,
    221.75328316439));
#11493 = CARTESIAN_POINT('',(134.11721301731,20.396786100585,
    221.95006798137));
#11494 = CARTESIAN_POINT('',(134.17946478062,20.504898108327,
    222.1491097938));
#11495 = CARTESIAN_POINT('',(134.25771790405,20.606005942622,
    222.34919613569));
#11496 = CARTESIAN_POINT('',(134.35307782793,20.698956588612,
    222.54868505126));
#11497 = CARTESIAN_POINT('',(134.54732505628,20.842566194354,
    222.88629439754));
#11498 = CARTESIAN_POINT('',(134.63750065853,20.897738103409,
    223.02574113551));
#11499 = CARTESIAN_POINT('',(134.73699753326,20.947699647539,
    223.16284775439));
#11500 = CARTESIAN_POINT('',(134.84584610781,20.992044363151,
    223.29658991067));
#11501 = CARTESIAN_POINT('',(134.96391278225,21.030460236899,
    223.42589154512));
#11502 = CARTESIAN_POINT('',(135.0908612127,21.062748924782,
    223.54964999306));
#11503 = CARTESIAN_POINT('',(135.22609981984,21.088843526905,
    223.66677779976));
#11504 = CARTESIAN_POINT('',(135.52770590712,21.131100508646,
    223.8983152223));
#11505 = CARTESIAN_POINT('',(135.69598065503,21.145794819971,
    224.01095836567));
#11506 = CARTESIAN_POINT('',(135.87232707482,21.153005354342,
    224.11278818137));
#11507 = CARTESIAN_POINT('',(136.05543590465,21.153107147776,
    224.20281343683));
#11508 = CARTESIAN_POINT('',(136.24395843934,21.146620481215,
    224.28035618765));
#11509 = CARTESIAN_POINT('',(136.43653881874,21.134129180778,
    224.34499520835));
#11510 = CARTESIAN_POINT('',(136.63183235382,21.116232398098,
    224.39653494113));
#11511 = CARTESIAN_POINT('',(137.0236727549,21.07097059955,
    224.47313287748));
#11512 = CARTESIAN_POINT('',(137.22029989868,21.04366864893,
    224.49841442859));
#11513 = CARTESIAN_POINT('',(137.4173051739,21.012146896752,
    224.51085224279));
#11514 = CARTESIAN_POINT('',(137.61366389536,20.976898580017,
    224.5106033908));
#11515 = CARTESIAN_POINT('',(137.80842084896,20.938349374859,
    224.4979264889));
#11516 = CARTESIAN_POINT('',(138.00068876615,20.89684600466,
    224.4731572722));
#11517 = CARTESIAN_POINT('',(138.18964814094,20.852654267531,
    224.4366917583));
#11518 = CARTESIAN_POINT('',(138.55317592488,20.760862574747,
    224.34288095999));
#11519 = CARTESIAN_POINT('',(138.72800885272,20.71343050534,
    224.28628735782));
#11520 = CARTESIAN_POINT('',(138.89835338044,20.663847848663,
    224.21960427623));
#11521 = CARTESIAN_POINT('',(139.06355379151,20.612233460383,
    224.14329323575));
#11522 = CARTESIAN_POINT('',(139.22299718579,20.558653974983,
    224.05786959809));
#11523 = CARTESIAN_POINT('',(139.37611956963,20.503133720154,
    223.96390151785));
#11524 = CARTESIAN_POINT('',(139.52241329547,20.445668048706,
    223.86200744361));
#11525 = CARTESIAN_POINT('',(139.80140161956,20.326408932024,
    223.64295631817));
#11526 = CARTESIAN_POINT('',(139.93400478288,20.264585407424,
    223.525694426));
#11527 = CARTESIAN_POINT('',(140.05878168581,20.200756684825,
    223.40175164444));
#11528 = CARTESIAN_POINT('',(140.17535397279,20.134889887518,
    223.27185152773));
#11529 = CARTESIAN_POINT('',(140.28343150672,20.066948381342,
    223.13674209996));
#11530 = CARTESIAN_POINT('',(140.38281277324,19.996905814363,
    222.99718223893));
#11531 = CARTESIAN_POINT('',(140.47338277038,19.924757906299,
    222.85392837607));
#11532 = CARTESIAN_POINT('',(140.66992473163,19.746251963961,
    222.50231542912));
#11533 = CARTESIAN_POINT('',(140.767296128,19.637859765923,
    222.29106014018));
#11534 = CARTESIAN_POINT('',(140.8471335554,19.525420326669,
    222.07599208845));
#11535 = CARTESIAN_POINT('',(140.90972242201,19.409058414233,
    221.85897413601));
#11536 = CARTESIAN_POINT('',(140.95559817824,19.288994507662,
    221.64162688379));
#11537 = CARTESIAN_POINT('',(140.98544305103,19.165538907773,
    221.42531153356));
#11538 = CARTESIAN_POINT('',(141.,19.039064155146,221.21114150242));
#11539 = CARTESIAN_POINT('',(141.,18.909975827877,221.));
#11540 = PCURVE('',#8361,#11541);
#11541 = DEFINITIONAL_REPRESENTATION('',(#11542),#11700);
#11542 = B_SPLINE_CURVE_WITH_KNOTS('',3,(#11543,#11544,#11545,#11546,
    #11547,#11548,#11549,#11550,#11551,#11552,#11553,#11554,#11555,
    #11556,#11557,#11558,#11559,#11560,#11561,#11562,#11563,#11564,
    #11565,#11566,#11567,#11568,#11569,#11570,#11571,#11572,#11573,
    #11574,#11575,#11576,#11577,#11578,#11579,#11580,#11581,#11582,
    #11583,#11584,#11585,#11586,#11587,#11588,#11589,#11590,#11591,
    #11592,#11593,#11594,#11595,#11596,#11597,#11598,#11599,#11600,
    #11601,#11602,#11603,#11604,#11605,#11606,#11607,#11608,#11609,
    #11610,#11611,#11612,#11613,#11614,#11615,#11616,#11617,#11618,
    #11619,#11620,#11621,#11622,#11623,#11624,#11625,#11626,#11627,
    #11628,#11629,#11630,#11631,#11632,#11633,#11634,#11635,#11636,
    #11637,#11638,#11639,#11640,#11641,#11642,#11643,#11644,#11645,
    #11646,#11647,#11648,#11649,#11650,#11651,#11652,#11653,#11654,
    #11655,#11656,#11657,#11658,#11659,#11660,#11661,#11662,#11663,
    #11664,#11665,#11666,#11667,#11668,#11669,#11670,#11671,#11672,
    #11673,#11674,#11675,#11676,#11677,#11678,#11679,#11680,#11681,
    #11682,#11683,#11684,#11685,#11686,#11687,#11688,#11689,#11690,
    #11691,#11692,#11693,#11694,#11695,#11696,#11697,#11698,#11699),
  .UNSPECIFIED.,.T.,.F.,(1,3,1,1,1,1,1,1,1,1,1,1,1,1,1,1,1,1,1,1,1,1,1,1
    ,1,1,1,1,1,1,1,1,1,1,1,1,1,1,1,1,1,1,1,1,1,1,1,1,1,1,1,1,1,1,1,1,1,1
    ,1,1,1,1,1,1,1,1,1,1,1,1,1,1,1,1,1,1,1,1,1,1,1,1,1,1,1,1,1,1,1,1,1,1
    ,1,1,1,1,1,1,1,1,1,1,1,1,1,1,1,1,1,1,1,1,1,1,1,1,1,1,1,1,1,1,1,1,1,1
    ,1,1,1,1,1,1,1,1,1,1,1,1,1,1,1,1,1,1,1,1,1,1,1,1,1,1,1,1,1,3,1),(
    -1.4355569621E-02,0.,1.435556962138E-02,2.871113924276E-02,
    4.306670886414E-02,5.742227848551E-02,7.177784810689E-02,
    8.613341772827E-02,0.10048898735,0.114844556971,0.129200126592,
    0.143555696214,0.157911265835,0.172266835457,0.186622405078,
    0.200977974699,0.215333544321,0.229689113942,0.244044683563,
    0.258400253185,0.272755822806,0.287111392428,0.301466962049,
    0.31582253167,0.330178101292,0.344533670913,0.358889240534,
    0.373244810156,0.387600379777,0.401955949399,0.41631151902,
    0.430667088641,0.445022658263,0.459378227884,0.473733797505,
    0.488089367127,0.502444936748,0.51680050637,0.531156075991,
    0.545511645612,0.559867215234,0.574222784855,0.588578354477,
    0.602933924098,0.617289493719,0.631645063341,0.646000632962,
    0.660356202583,0.674711772205,0.689067341826,0.703422911448,
    0.717778481069,0.73213405069,0.746489620312,0.760845189933,
    0.775200759554,0.789556329176,0.803911898797,0.818267468419,
    0.83262303804,0.846978607661,0.861334177283,0.875689746904,
    0.890045316525,0.904400886147,0.918756455768,0.93311202539,
    0.947467595011,0.961823164632,0.976178734254,0.990534303875,
    1.004889873497,1.019245443118,1.033601012739,1.047956582361,
    1.062312151982,1.076667721603,1.091023291225,1.105378860846,
    1.119734430468,1.134090000089,1.14844556971,1.162801139332,
    1.177156708953,1.191512278574,1.205867848196,1.220223417817,
    1.234578987439,1.24893455706,1.263290126681,1.277645696303,
    1.292001265924,1.306356835545,1.320712405167,1.335067974788,
    1.34942354441,1.363779114031,1.378134683652,1.392490253274,
    1.406845822895,1.421201392516,1.435556962138,1.449912531759,
    1.464268101381,1.478623671002,1.492979240623,1.507334810245,
    1.521690379866,1.536045949488,1.550401519109,1.56475708873,
    1.579112658352,1.593468227973,1.607823797594,1.622179367216,
    1.636534936837,1.650890506459,1.66524607608,1.679601645701,
    1.693957215323,1.708312784944,1.722668354565,1.737023924187,
    1.751379493808,1.76573506343,1.780090633051,1.794446202672,
    1.808801772294,1.823157341915,1.837512911536,1.851868481158,
    1.866224050779,1.880579620401,1.894935190022,1.909290759643,
    1.923646329265,1.938001898886,1.952357468507,1.966713038129,
    1.98106860775,1.995424177372,2.009779746993,2.024135316614,
    2.038490886236,2.052846455857,2.067202025479,2.0815575951,
    2.095913164721,2.110268734343,2.124624303964,2.138979873585,
    2.153335443207,2.167691012828,2.18204658245,2.196402152071,
    2.210757721692,2.225113291313),.UNSPECIFIED.);
#11543 = CARTESIAN_POINT('',(5.874227609132,0.619047619048));
#11544 = CARTESIAN_POINT('',(5.870924461821,0.619047610598));
#11545 = CARTESIAN_POINT('',(5.864312454572,0.619007616079));
#11546 = CARTESIAN_POINT('',(5.854388167615,0.618830395555));
#11547 = CARTESIAN_POINT('',(5.844468740424,0.618538694319));
#11548 = CARTESIAN_POINT('',(5.834564349655,0.618135106687));
#11549 = CARTESIAN_POINT('',(5.82468457949,0.617622104298));
#11550 = CARTESIAN_POINT('',(5.814838359919,0.617002006279));
#11551 = CARTESIAN_POINT('',(5.805034018689,0.616276965196));
#11552 = CARTESIAN_POINT('',(5.795279305563,0.61544894824));
#11553 = CARTESIAN_POINT('',(5.785581411056,0.614519715805));
#11554 = CARTESIAN_POINT('',(5.775947031527,0.613490805874));
#11555 = CARTESIAN_POINT('',(5.766382250437,0.612363484957));
#11556 = CARTESIAN_POINT('',(5.756893104323,0.611138810739));
#11557 = CARTESIAN_POINT('',(5.747483589523,0.609817261583));
#11558 = CARTESIAN_POINT('',(5.738169518204,0.608400881916));
#11559 = CARTESIAN_POINT('',(5.728951140308,0.606889305777));
#11560 = CARTESIAN_POINT('',(5.719831562902,0.605282053794));
#11561 = CARTESIAN_POINT('',(5.710814616567,0.603578331177));
#11562 = CARTESIAN_POINT('',(5.701905394651,0.601777095197));
#11563 = CARTESIAN_POINT('',(5.693110091427,0.599877036004));
#11564 = CARTESIAN_POINT('',(5.684436040935,0.597876568102));
#11565 = CARTESIAN_POINT('',(5.675891713339,0.595773805785));
#11566 = CARTESIAN_POINT('',(5.667486739276,0.593566528819));
#11567 = CARTESIAN_POINT('',(5.659231932721,0.591252127142));
#11568 = CARTESIAN_POINT('',(5.651139378804,0.588827540894));
#11569 = CARTESIAN_POINT('',(5.643222379212,0.58628910987));
#11570 = CARTESIAN_POINT('',(5.63549605665,0.583632618346));
#11571 = CARTESIAN_POINT('',(5.627975667826,0.580852426415));
#11572 = CARTESIAN_POINT('',(5.620683682723,0.577943776954));
#11573 = CARTESIAN_POINT('',(5.613651368315,0.574904085268));
#11574 = CARTESIAN_POINT('',(5.6069071765,0.571728042287));
#11575 = CARTESIAN_POINT('',(5.600489666422,0.568413034618));
#11576 = CARTESIAN_POINT('',(5.594443084498,0.564958024041));
#11577 = CARTESIAN_POINT('',(5.588817617472,0.561364390784));
#11578 = CARTESIAN_POINT('',(5.583667219883,0.557635743854));
#11579 = CARTESIAN_POINT('',(5.579051324478,0.553780535375));
#11580 = CARTESIAN_POINT('',(5.575036252798,0.549818543579));
#11581 = CARTESIAN_POINT('',(5.57167971831,0.54577372475));
#11582 = CARTESIAN_POINT('',(5.569028733107,0.54167576676));
#11583 = CARTESIAN_POINT('',(5.567114465108,0.537560524249));
#11584 = CARTESIAN_POINT('',(5.565946054959,0.533464865727));
#11585 = CARTESIAN_POINT('',(5.565510100056,0.529424484856));
#11586 = CARTESIAN_POINT('',(5.565773142792,0.525468090952));
#11587 = CARTESIAN_POINT('',(5.566688085404,0.521618861986));
#11588 = CARTESIAN_POINT('',(5.568197806257,0.517895992053));
#11589 = CARTESIAN_POINT('',(5.570243696757,0.514307062602));
#11590 = CARTESIAN_POINT('',(5.572770582982,0.510854098739));
#11591 = CARTESIAN_POINT('',(5.575726650994,0.507537402426));
#11592 = CARTESIAN_POINT('',(5.579064816163,0.504355111293));
#11593 = CARTESIAN_POINT('',(5.582743455059,0.501303682696));
#11594 = CARTESIAN_POINT('',(5.586726689937,0.49837824174));
#11595 = CARTESIAN_POINT('',(5.590986028753,0.495572140531));
#11596 = CARTESIAN_POINT('',(5.595493332585,0.492881504582));
#11597 = CARTESIAN_POINT('',(5.60022701674,0.490300682514));
#11598 = CARTESIAN_POINT('',(5.605168109298,0.487824858053));
#11599 = CARTESIAN_POINT('',(5.610300302023,0.48544962706));
#11600 = CARTESIAN_POINT('',(5.615609682962,0.483170968325));
#11601 = CARTESIAN_POINT('',(5.62108450185,0.480985187936));
#11602 = CARTESIAN_POINT('',(5.626715471477,0.478888730118));
#11603 = CARTESIAN_POINT('',(5.632494239232,0.476878703086));
#11604 = CARTESIAN_POINT('',(5.638412606895,0.474952911356));
#11605 = CARTESIAN_POINT('',(5.644465229624,0.473108907563));
#11606 = CARTESIAN_POINT('',(5.65064699893,0.471344840015));
#11607 = CARTESIAN_POINT('',(5.656953643202,0.469659159919));
#11608 = CARTESIAN_POINT('',(5.66338149603,0.468050644405));
#11609 = CARTESIAN_POINT('',(5.669927503616,0.46651834741));
#11610 = CARTESIAN_POINT('',(5.676589190345,0.465061579672));
#11611 = CARTESIAN_POINT('',(5.683364625448,0.463679893685));
#11612 = CARTESIAN_POINT('',(5.690252490545,0.462373061861));
#11613 = CARTESIAN_POINT('',(5.697251796648,0.461141112045));
#11614 = CARTESIAN_POINT('',(5.704362947158,0.459984168447));
#11615 = CARTESIAN_POINT('',(5.711582684742,0.45890320933));
#11616 = CARTESIAN_POINT('',(5.718911508395,0.45789884136));
#11617 = CARTESIAN_POINT('',(5.726350043269,0.456971970362));
#11618 = CARTESIAN_POINT('',(5.733898847438,0.45612379636));
#11619 = CARTESIAN_POINT('',(5.741558452977,0.455355799162));
#11620 = CARTESIAN_POINT('',(5.749329347118,0.45466972984));
#11621 = CARTESIAN_POINT('',(5.757211972547,0.45406760435));
#11622 = CARTESIAN_POINT('',(5.765206725935,0.45355170063));
#11623 = CARTESIAN_POINT('',(5.773313960481,0.453124559186));
#11624 = CARTESIAN_POINT('',(5.781533991647,0.452788987448));
#11625 = CARTESIAN_POINT('',(5.789867105261,0.452548068356));
#11626 = CARTESIAN_POINT('',(5.798313573856,0.452405172693));
#11627 = CARTESIAN_POINT('',(5.806873660612,0.452363978273));
#11628 = CARTESIAN_POINT('',(5.815547689862,0.452428485579));
#11629 = CARTESIAN_POINT('',(5.824335891336,0.452603070034));
#11630 = CARTESIAN_POINT('',(5.83323324682,0.45289227649));
#11631 = CARTESIAN_POINT('',(5.842239132027,0.453301023627));
#11632 = CARTESIAN_POINT('',(5.851350149001,0.453834498637));
#11633 = CARTESIAN_POINT('',(5.860561546155,0.454498100838));
#11634 = CARTESIAN_POINT('',(5.869866762257,0.455297375919));
#11635 = CARTESIAN_POINT('',(5.879257460791,0.456237948162));
#11636 = CARTESIAN_POINT('',(5.888723417887,0.457325445313));
#11637 = CARTESIAN_POINT('',(5.898252440482,0.458565416242));
#11638 = CARTESIAN_POINT('',(5.907830240215,0.459963232357));
#11639 = CARTESIAN_POINT('',(5.917440379266,0.461523994879));
#11640 = CARTESIAN_POINT('',(5.927063892235,0.463252354649));
#11641 = CARTESIAN_POINT('',(5.936680045571,0.465152581699));
#11642 = CARTESIAN_POINT('',(5.946258545065,0.467226717212));
#11643 = CARTESIAN_POINT('',(5.955766419936,0.469475348261));
#11644 = CARTESIAN_POINT('',(5.965169587131,0.47189781028));
#11645 = CARTESIAN_POINT('',(5.974432508922,0.474491960306));
#11646 = CARTESIAN_POINT('',(5.983518429025,0.477254052098));
#11647 = CARTESIAN_POINT('',(5.9923894105,0.480178518664));
#11648 = CARTESIAN_POINT('',(6.001006846135,0.483257912323));
#11649 = CARTESIAN_POINT('',(6.009330557941,0.486482194817));
#11650 = CARTESIAN_POINT('',(6.017326493245,0.489841603719));
#11651 = CARTESIAN_POINT('',(6.024959280205,0.493323828091));
#11652 = CARTESIAN_POINT('',(6.032198318298,0.49691640477));
#11653 = CARTESIAN_POINT('',(6.039016612318,0.500606586243));
#11654 = CARTESIAN_POINT('',(6.04539061307,0.504381479572));
#11655 = CARTESIAN_POINT('',(6.051299894912,0.508228110346));
#11656 = CARTESIAN_POINT('',(6.056726907074,0.512133444718));
#11657 = CARTESIAN_POINT('',(6.061656967959,0.516084592909));
#11658 = CARTESIAN_POINT('',(6.066077536932,0.520068277402));
#11659 = CARTESIAN_POINT('',(6.069980443338,0.52407305598));
#11660 = CARTESIAN_POINT('',(6.073360330378,0.5280890706));
#11661 = CARTESIAN_POINT('',(6.076212318512,0.532105842121));
#11662 = CARTESIAN_POINT('',(6.078533256953,0.536113532735));
#11663 = CARTESIAN_POINT('',(6.080321254693,0.540102602127));
#11664 = CARTESIAN_POINT('',(6.08157568867,0.544063895558));
#11665 = CARTESIAN_POINT('',(6.082297100477,0.547988617541));
#11666 = CARTESIAN_POINT('',(6.082487138235,0.551868337547));
#11667 = CARTESIAN_POINT('',(6.082148505992,0.555694987661));
#11668 = CARTESIAN_POINT('',(6.081284915187,0.559460865475));
#11669 = CARTESIAN_POINT('',(6.079901145116,0.563158345614));
#11670 = CARTESIAN_POINT('',(6.078003084008,0.566780123135));
#11671 = CARTESIAN_POINT('',(6.075597768717,0.570319133402));
#11672 = CARTESIAN_POINT('',(6.07269342632,0.573768589344));
#11673 = CARTESIAN_POINT('',(6.069299507416,0.577121992802));
#11674 = CARTESIAN_POINT('',(6.065426716518,0.580373153162));
#11675 = CARTESIAN_POINT('',(6.061087028587,0.583516210242));
#11676 = CARTESIAN_POINT('',(6.056293730504,0.586545640193));
#11677 = CARTESIAN_POINT('',(6.051061344094,0.589456332197));
#11678 = CARTESIAN_POINT('',(6.045405626892,0.592243578771));
#11679 = CARTESIAN_POINT('',(6.039343782235,0.594903007204));
#11680 = CARTESIAN_POINT('',(6.032894000781,0.597430804754));
#11681 = CARTESIAN_POINT('',(6.026075458165,0.599823667218));
#11682 = CARTESIAN_POINT('',(6.018908192902,0.602078813996));
#11683 = CARTESIAN_POINT('',(6.011413011896,0.604193982351));
#11684 = CARTESIAN_POINT('',(6.003611381202,0.606167425602));
#11685 = CARTESIAN_POINT('',(5.995525328728,0.607997903046));
#11686 = CARTESIAN_POINT('',(5.987177299751,0.609684685238));
#11687 = CARTESIAN_POINT('',(5.978589340237,0.611227652093));
#11688 = CARTESIAN_POINT('',(5.969783738624,0.612627095311));
#11689 = CARTESIAN_POINT('',(5.960782264918,0.613883804248));
#11690 = CARTESIAN_POINT('',(5.951606201928,0.614998979002));
#11691 = CARTESIAN_POINT('',(5.942276210657,0.615974186741));
#11692 = CARTESIAN_POINT('',(5.932812257882,0.616811309171));
#11693 = CARTESIAN_POINT('',(5.923233544602,0.617512494978));
#11694 = CARTESIAN_POINT('',(5.913558446986,0.618080113566));
#11695 = CARTESIAN_POINT('',(5.903804478461,0.618516710629));
#11696 = CARTESIAN_POINT('',(5.893988220313,0.618824966631));
#11697 = CARTESIAN_POINT('',(5.88412541607,0.619007652967));
#11698 = CARTESIAN_POINT('',(5.877528801751,0.619047621119));
#11699 = CARTESIAN_POINT('',(5.874227609132,0.619047619048));
#11700 = ( GEOMETRIC_REPRESENTATION_CONTEXT(2) 
PARAMETRIC_REPRESENTATION_CONTEXT() REPRESENTATION_CONTEXT('2D SPACE',''
  ) );
#11701 = PCURVE('',#11702,#11707);
#11702 = CYLINDRICAL_SURFACE('',#11703,3.5);
#11703 = AXIS2_PLACEMENT_3D('',#11704,#11705,#11706);
#11704 = CARTESIAN_POINT('',(137.5,30.,221.));
#11705 = DIRECTION('',(-0.,1.,-0.));
#11706 = DIRECTION('',(1.,0.,0.));
#11707 = DEFINITIONAL_REPRESENTATION('',(#11708),#11866);
#11708 = B_SPLINE_CURVE_WITH_KNOTS('',3,(#11709,#11710,#11711,#11712,
    #11713,#11714,#11715,#11716,#11717,#11718,#11719,#11720,#11721,
    #11722,#11723,#11724,#11725,#11726,#11727,#11728,#11729,#11730,
    #11731,#11732,#11733,#11734,#11735,#11736,#11737,#11738,#11739,
    #11740,#11741,#11742,#11743,#11744,#11745,#11746,#11747,#11748,
    #11749,#11750,#11751,#11752,#11753,#11754,#11755,#11756,#11757,
    #11758,#11759,#11760,#11761,#11762,#11763,#11764,#11765,#11766,
    #11767,#11768,#11769,#11770,#11771,#11772,#11773,#11774,#11775,
    #11776,#11777,#11778,#11779,#11780,#11781,#11782,#11783,#11784,
    #11785,#11786,#11787,#11788,#11789,#11790,#11791,#11792,#11793,
    #11794,#11795,#11796,#11797,#11798,#11799,#11800,#11801,#11802,
    #11803,#11804,#11805,#11806,#11807,#11808,#11809,#11810,#11811,
    #11812,#11813,#11814,#11815,#11816,#11817,#11818,#11819,#11820,
    #11821,#11822,#11823,#11824,#11825,#11826,#11827,#11828,#11829,
    #11830,#11831,#11832,#11833,#11834,#11835,#11836,#11837,#11838,
    #11839,#11840,#11841,#11842,#11843,#11844,#11845,#11846,#11847,
    #11848,#11849,#11850,#11851,#11852,#11853,#11854,#11855,#11856,
    #11857,#11858,#11859,#11860,#11861,#11862,#11863,#11864,#11865),
  .UNSPECIFIED.,.F.,.F.,(4,1,1,1,1,1,1,1,1,1,1,1,1,1,1,1,1,1,1,1,1,1,1,1
    ,1,1,1,1,1,1,1,1,1,1,1,1,1,1,1,1,1,1,1,1,1,1,1,1,1,1,1,1,1,1,1,1,1,1
    ,1,1,1,1,1,1,1,1,1,1,1,1,1,1,1,1,1,1,1,1,1,1,1,1,1,1,1,1,1,1,1,1,1,1
    ,1,1,1,1,1,1,1,1,1,1,1,1,1,1,1,1,1,1,1,1,1,1,1,1,1,1,1,1,1,1,1,1,1,1
    ,1,1,1,1,1,1,1,1,1,1,1,1,1,1,1,1,1,1,1,1,1,1,1,1,1,1,1,1,4),(0.,
    1.435556962138E-02,2.871113924276E-02,4.306670886414E-02,
    5.742227848551E-02,7.177784810689E-02,8.613341772827E-02,
    0.10048898735,0.114844556971,0.129200126592,0.143555696214,
    0.157911265835,0.172266835457,0.186622405078,0.200977974699,
    0.215333544321,0.229689113942,0.244044683563,0.258400253185,
    0.272755822806,0.287111392428,0.301466962049,0.31582253167,
    0.330178101292,0.344533670913,0.358889240534,0.373244810156,
    0.387600379777,0.401955949399,0.41631151902,0.430667088641,
    0.445022658263,0.459378227884,0.473733797505,0.488089367127,
    0.502444936748,0.51680050637,0.531156075991,0.545511645612,
    0.559867215234,0.574222784855,0.588578354477,0.602933924098,
    0.617289493719,0.631645063341,0.646000632962,0.660356202583,
    0.674711772205,0.689067341826,0.703422911448,0.717778481069,
    0.73213405069,0.746489620312,0.760845189933,0.775200759554,
    0.789556329176,0.803911898797,0.818267468419,0.83262303804,
    0.846978607661,0.861334177283,0.875689746904,0.890045316525,
    0.904400886147,0.918756455768,0.93311202539,0.947467595011,
    0.961823164632,0.976178734254,0.990534303875,1.004889873497,
    1.019245443118,1.033601012739,1.047956582361,1.062312151982,
    1.076667721603,1.091023291225,1.105378860846,1.119734430468,
    1.134090000089,1.14844556971,1.162801139332,1.177156708953,
    1.191512278574,1.205867848196,1.220223417817,1.234578987439,
    1.24893455706,1.263290126681,1.277645696303,1.292001265924,
    1.306356835545,1.320712405167,1.335067974788,1.34942354441,
    1.363779114031,1.378134683652,1.392490253274,1.406845822895,
    1.421201392516,1.435556962138,1.449912531759,1.464268101381,
    1.478623671002,1.492979240623,1.507334810245,1.521690379866,
    1.536045949488,1.550401519109,1.56475708873,1.579112658352,
    1.593468227973,1.607823797594,1.622179367216,1.636534936837,
    1.650890506459,1.66524607608,1.679601645701,1.693957215323,
    1.708312784944,1.722668354565,1.737023924187,1.751379493808,
    1.76573506343,1.780090633051,1.794446202672,1.808801772294,
    1.823157341915,1.837512911536,1.851868481158,1.866224050779,
    1.880579620401,1.894935190022,1.909290759643,1.923646329265,
    1.938001898886,1.952357468507,1.966713038129,1.98106860775,
    1.995424177372,2.009779746993,2.024135316614,2.038490886236,
    2.052846455857,2.067202025479,2.0815575951,2.095913164721,
    2.110268734343,2.124624303964,2.138979873585,2.153335443207,
    2.167691012828,2.18204658245,2.196402152071,2.210757721692),
  .UNSPECIFIED.);
#11709 = CARTESIAN_POINT('',(-4.138911435803E-13,-11.09002417212));
#11710 = CARTESIAN_POINT('',(1.265065250959E-02,-11.11709416763));
#11711 = CARTESIAN_POINT('',(3.785132473259E-02,-11.17153572212));
#11712 = CARTESIAN_POINT('',(7.536970238959E-02,-11.25404134956));
#11713 = CARTESIAN_POINT('',(0.112624453712,-11.33733008927));
#11714 = CARTESIAN_POINT('',(0.149635504846,-11.42133751839));
#11715 = CARTESIAN_POINT('',(0.186423497566,-11.505996794));
#11716 = CARTESIAN_POINT('',(0.223009976415,-11.59123850569));
#11717 = CARTESIAN_POINT('',(0.259417497177,-11.67699104006));
#11718 = CARTESIAN_POINT('',(0.295669770655,-11.76318074694));
#11719 = CARTESIAN_POINT('',(0.331791877222,-11.84973223782));
#11720 = CARTESIAN_POINT('',(0.367810323744,-11.93656817317));
#11721 = CARTESIAN_POINT('',(0.403753855835,-12.02361074935));
#11722 = CARTESIAN_POINT('',(0.439651643353,-12.11077665434));
#11723 = CARTESIAN_POINT('',(0.47554150135,-12.19799617228));
#11724 = CARTESIAN_POINT('',(0.511416794095,-12.2850832246));
#11725 = CARTESIAN_POINT('',(0.547331491078,-12.37199009181));
#11726 = CARTESIAN_POINT('',(0.583331401329,-12.45863811731));
#11727 = CARTESIAN_POINT('',(0.619462624227,-12.54493638919));
#11728 = CARTESIAN_POINT('',(0.655770122532,-12.6307761029));
#11729 = CARTESIAN_POINT('',(0.692298960179,-12.71603120984));
#11730 = CARTESIAN_POINT('',(0.729094871388,-12.80055718973));
#11731 = CARTESIAN_POINT('',(0.76620509049,-12.88419014218));
#11732 = CARTESIAN_POINT('',(0.803679213222,-12.96674552761));
#11733 = CARTESIAN_POINT('',(0.841570283061,-13.04801678811));
#11734 = CARTESIAN_POINT('',(0.879935846717,-13.12777313875));
#11735 = CARTESIAN_POINT('',(0.918840210808,-13.2057584779));
#11736 = CARTESIAN_POINT('',(0.95835376843,-13.28168346944));
#11737 = CARTESIAN_POINT('',(0.998565389721,-13.35523957167));
#11738 = CARTESIAN_POINT('',(1.039548906139,-13.42602659265));
#11739 = CARTESIAN_POINT('',(1.081349531217,-13.49353639644));
#11740 = CARTESIAN_POINT('',(1.12405301053,-13.55726299364));
#11741 = CARTESIAN_POINT('',(1.167711890789,-13.61657615081));
#11742 = CARTESIAN_POINT('',(1.212365182498,-13.67076591037));
#11743 = CARTESIAN_POINT('',(1.258030131065,-13.71904408216));
#11744 = CARTESIAN_POINT('',(1.304707614481,-13.76057109854));
#11745 = CARTESIAN_POINT('',(1.352351775412,-13.79445355688));
#11746 = CARTESIAN_POINT('',(1.40079474027,-13.81977406836));
#11747 = CARTESIAN_POINT('',(1.449837176089,-13.83575415396));
#11748 = CARTESIAN_POINT('',(1.49922663682,-13.84180543923));
#11749 = CARTESIAN_POINT('',(1.54864859771,-13.83761486502));
#11750 = CARTESIAN_POINT('',(1.597781816576,-13.82320342071));
#11751 = CARTESIAN_POINT('',(1.64631643679,-13.79892644296));
#11752 = CARTESIAN_POINT('',(1.694016431304,-13.76539983351));
#11753 = CARTESIAN_POINT('',(1.74069758278,-13.72342120853));
#11754 = CARTESIAN_POINT('',(1.786205900055,-13.67392734415));
#11755 = CARTESIAN_POINT('',(1.830510972332,-13.61781066323));
#11756 = CARTESIAN_POINT('',(1.873636319015,-13.55588936348));
#11757 = CARTESIAN_POINT('',(1.915614803419,-13.48893246556));
#11758 = CARTESIAN_POINT('',(1.95649642732,-13.41763305529));
#11759 = CARTESIAN_POINT('',(1.996345017823,-13.34259852449));
#11760 = CARTESIAN_POINT('',(2.035236228656,-13.26434702096));
#11761 = CARTESIAN_POINT('',(2.073266772549,-13.18327993611));
#11762 = CARTESIAN_POINT('',(2.110494391087,-13.09981439341));
#11763 = CARTESIAN_POINT('',(2.146999877751,-13.01426111615));
#11764 = CARTESIAN_POINT('',(2.182853103176,-12.92689956654));
#11765 = CARTESIAN_POINT('',(2.218118907698,-12.8379738987));
#11766 = CARTESIAN_POINT('',(2.252857962125,-12.74769659653));
#11767 = CARTESIAN_POINT('',(2.287127818757,-12.65625150903));
#11768 = CARTESIAN_POINT('',(2.320986389027,-12.56378871154));
#11769 = CARTESIAN_POINT('',(2.354484027423,-12.47044976672));
#11770 = CARTESIAN_POINT('',(2.387661913377,-12.3763784215));
#11771 = CARTESIAN_POINT('',(2.420568404736,-12.28167740678));
#11772 = CARTESIAN_POINT('',(2.45324500875,-12.1864505723));
#11773 = CARTESIAN_POINT('',(2.485731088216,-12.09079270657));
#11774 = CARTESIAN_POINT('',(2.518063451787,-11.99479305528));
#11775 = CARTESIAN_POINT('',(2.550277183462,-11.89853505713));
#11776 = CARTESIAN_POINT('',(2.582406072672,-11.80209689517));
#11777 = CARTESIAN_POINT('',(2.614482974429,-11.7055520573));
#11778 = CARTESIAN_POINT('',(2.646540537689,-11.60896863859));
#11779 = CARTESIAN_POINT('',(2.678610322295,-11.51241336657));
#11780 = CARTESIAN_POINT('',(2.710727870239,-11.41593779695));
#11781 = CARTESIAN_POINT('',(2.742910495839,-11.31964605246));
#11782 = CARTESIAN_POINT('',(2.775191120519,-11.22359402783));
#11783 = CARTESIAN_POINT('',(2.807601802751,-11.12784036764));
#11784 = CARTESIAN_POINT('',(2.840173316519,-11.03244864063));
#11785 = CARTESIAN_POINT('',(2.872935641755,-10.93748681482));
#11786 = CARTESIAN_POINT('',(2.905918193004,-10.84302743385));
#11787 = CARTESIAN_POINT('',(2.939150106429,-10.74914758807));
#11788 = CARTESIAN_POINT('',(2.972660506583,-10.65592892751));
#11789 = CARTESIAN_POINT('',(3.006478782135,-10.56345765645));
#11790 = CARTESIAN_POINT('',(3.040634874122,-10.47182452535));
#11791 = CARTESIAN_POINT('',(3.075159581207,-10.3811248393));
#11792 = CARTESIAN_POINT('',(3.110084914121,-10.29145841221));
#11793 = CARTESIAN_POINT('',(3.145444424684,-10.20292975251));
#11794 = CARTESIAN_POINT('',(3.181273838371,-10.11564743));
#11795 = CARTESIAN_POINT('',(3.217610814506,-10.02972656095));
#11796 = CARTESIAN_POINT('',(3.254473990052,-9.945336309757));
#11797 = CARTESIAN_POINT('',(3.29190323446,-9.862605398709));
#11798 = CARTESIAN_POINT('',(3.329930469977,-9.781692329258));
#11799 = CARTESIAN_POINT('',(3.368585937074,-9.702768816135));
#11800 = CARTESIAN_POINT('',(3.407896687037,-9.626022018391));
#11801 = CARTESIAN_POINT('',(3.447887078898,-9.55165158604));
#11802 = CARTESIAN_POINT('',(3.488578645596,-9.479867931434));
#11803 = CARTESIAN_POINT('',(3.529990054675,-9.410889947785));
#11804 = CARTESIAN_POINT('',(3.572136821915,-9.3449427536));
#11805 = CARTESIAN_POINT('',(3.615031307044,-9.282254803245));
#11806 = CARTESIAN_POINT('',(3.658681071469,-9.223056301531));
#11807 = CARTESIAN_POINT('',(3.70309257599,-9.167571708202));
#11808 = CARTESIAN_POINT('',(3.748234199553,-9.116056702834));
#11809 = CARTESIAN_POINT('',(3.794065267092,-9.068745826466));
#11810 = CARTESIAN_POINT('',(3.840542388963,-9.025841191839));
#11811 = CARTESIAN_POINT('',(3.887616577406,-8.98751153494));
#11812 = CARTESIAN_POINT('',(3.935232724588,-8.953888603668));
#11813 = CARTESIAN_POINT('',(3.983327504652,-8.925064506363));
#11814 = CARTESIAN_POINT('',(4.031829516492,-8.90108837471));
#11815 = CARTESIAN_POINT('',(4.08064990225,-8.88196530025));
#11816 = CARTESIAN_POINT('',(4.129724938293,-8.867640950334));
#11817 = CARTESIAN_POINT('',(4.178971047228,-8.858024036424));
#11818 = CARTESIAN_POINT('',(4.228318978803,-8.852977489389));
#11819 = CARTESIAN_POINT('',(4.277707922435,-8.852330576836));
#11820 = CARTESIAN_POINT('',(4.327084765345,-8.855886440655));
#11821 = CARTESIAN_POINT('',(4.376402471395,-8.863429476786));
#11822 = CARTESIAN_POINT('',(4.425618376937,-8.8747312089));
#11823 = CARTESIAN_POINT('',(4.474694945515,-8.889556272909));
#11824 = CARTESIAN_POINT('',(4.523591761322,-8.907664038553));
#11825 = CARTESIAN_POINT('',(4.572291337981,-8.928822973233));
#11826 = CARTESIAN_POINT('',(4.620794071165,-8.95281844644));
#11827 = CARTESIAN_POINT('',(4.669090861594,-8.979443542208));
#11828 = CARTESIAN_POINT('',(4.717178098324,-9.008506595921));
#11829 = CARTESIAN_POINT('',(4.765053067893,-9.039830830801));
#11830 = CARTESIAN_POINT('',(4.812714730741,-9.07325574211));
#11831 = CARTESIAN_POINT('',(4.860163169032,-9.10863764255));
#11832 = CARTESIAN_POINT('',(4.907399487291,-9.145850066894));
#11833 = CARTESIAN_POINT('',(4.954425655733,-9.184783830196));
#11834 = CARTESIAN_POINT('',(5.001244459502,-9.225346864199));
#11835 = CARTESIAN_POINT('',(5.047855792857,-9.267460769696));
#11836 = CARTESIAN_POINT('',(5.094259453964,-9.311062298836));
#11837 = CARTESIAN_POINT('',(5.14045396422,-9.356101595974));
#11838 = CARTESIAN_POINT('',(5.186436799154,-9.402541353777));
#11839 = CARTESIAN_POINT('',(5.232204288771,-9.450355598922));
#11840 = CARTESIAN_POINT('',(5.277751588048,-9.499528390136));
#11841 = CARTESIAN_POINT('',(5.323072699048,-9.550052457037));
#11842 = CARTESIAN_POINT('',(5.36816022126,-9.601927383173));
#11843 = CARTESIAN_POINT('',(5.413006140947,-9.655158891229));
#11844 = CARTESIAN_POINT('',(5.457601463947,-9.709756816315));
#11845 = CARTESIAN_POINT('',(5.501934656142,-9.765731388294));
#11846 = CARTESIAN_POINT('',(5.545994947195,-9.823095547485));
#11847 = CARTESIAN_POINT('',(5.589771502942,-9.881862356652));
#11848 = CARTESIAN_POINT('',(5.633253634579,-9.942043737368));
#11849 = CARTESIAN_POINT('',(5.676430732395,-10.00364894959));
#11850 = CARTESIAN_POINT('',(5.71929230216,-10.06668326734));
#11851 = CARTESIAN_POINT('',(5.761827909621,-10.13114662011));
#11852 = CARTESIAN_POINT('',(5.804027440252,-10.19703266853));
#11853 = CARTESIAN_POINT('',(5.845884397935,-10.26433343816));
#11854 = CARTESIAN_POINT('',(5.887391907434,-10.33303247372));
#11855 = CARTESIAN_POINT('',(5.928545851653,-10.40310941868));
#11856 = CARTESIAN_POINT('',(5.969343967659,-10.47453855626));
#11857 = CARTESIAN_POINT('',(6.009785920688,-10.54728895311));
#11858 = CARTESIAN_POINT('',(6.049873147036,-10.62132435778));
#11859 = CARTESIAN_POINT('',(6.089608784275,-10.696603333));
#11860 = CARTESIAN_POINT('',(6.128997606555,-10.77307946404));
#11861 = CARTESIAN_POINT('',(6.168045964202,-10.85070170473));
#11862 = CARTESIAN_POINT('',(6.206761807291,-10.92941468263));
#11863 = CARTESIAN_POINT('',(6.245154474435,-11.00915952623));
#11864 = CARTESIAN_POINT('',(6.270541788312,-11.06296854255));
#11865 = CARTESIAN_POINT('',(6.28318530718,-11.09002417212));
#11866 = ( GEOMETRIC_REPRESENTATION_CONTEXT(2) 
PARAMETRIC_REPRESENTATION_CONTEXT() REPRESENTATION_CONTEXT('2D SPACE',''
  ) );
#11867 = FACE_BOUND('',#11868,.F.);
#11868 = EDGE_LOOP('',(#11869,#11909,#12019,#12057));
#11869 = ORIENTED_EDGE('',*,*,#11870,.F.);
#11870 = EDGE_CURVE('',#11871,#11873,#11875,.T.);
#11871 = VERTEX_POINT('',#11872);
#11872 = CARTESIAN_POINT('',(133.5,15.,216.42087427197));
#11873 = VERTEX_POINT('',#11874);
#11874 = CARTESIAN_POINT('',(145.5,15.,217.06325797495));
#11875 = SURFACE_CURVE('',#11876,(#11885,#11897),.PCURVE_S1.);
#11876 = B_SPLINE_CURVE_WITH_KNOTS('',7,(#11877,#11878,#11879,#11880,
    #11881,#11882,#11883,#11884),.UNSPECIFIED.,.F.,.F.,(8,8),(0.,1.),
  .PIECEWISE_BEZIER_KNOTS.);
#11877 = CARTESIAN_POINT('',(133.5,15.,216.42087427197));
#11878 = CARTESIAN_POINT('',(135.21516077547,15.,216.49635864198));
#11879 = CARTESIAN_POINT('',(136.93011653207,15.,216.57598985138));
#11880 = CARTESIAN_POINT('',(138.64484701116,15.,216.66032565615));
#11881 = CARTESIAN_POINT('',(140.35930467659,15.,216.75005900956));
#11882 = CARTESIAN_POINT('',(142.07340715573,15.,216.84614288269));
#11883 = CARTESIAN_POINT('',(143.78703598912,15.,216.94981918649));
#11884 = CARTESIAN_POINT('',(145.5,15.,217.06325797495));
#11885 = PCURVE('',#8361,#11886);
#11886 = DEFINITIONAL_REPRESENTATION('',(#11887),#11896);
#11887 = B_SPLINE_CURVE_WITH_KNOTS('',7,(#11888,#11889,#11890,#11891,
    #11892,#11893,#11894,#11895),.UNSPECIFIED.,.F.,.F.,(8,8),(0.,1.),
  .PIECEWISE_BEZIER_KNOTS.);
#11888 = CARTESIAN_POINT('',(5.446308516885,0.440476190476));
#11889 = CARTESIAN_POINT('',(5.462756281765,0.481313351797));
#11890 = CARTESIAN_POINT('',(5.480186525925,0.522145631716));
#11891 = CARTESIAN_POINT('',(5.498721248975,0.562972547885));
#11892 = CARTESIAN_POINT('',(5.518508936708,0.60379296849));
#11893 = CARTESIAN_POINT('',(5.539743252107,0.644604932279));
#11894 = CARTESIAN_POINT('',(5.562670951858,0.685405618789));
#11895 = CARTESIAN_POINT('',(5.587681429832,0.72619047619));
#11896 = ( GEOMETRIC_REPRESENTATION_CONTEXT(2) 
PARAMETRIC_REPRESENTATION_CONTEXT() REPRESENTATION_CONTEXT('2D SPACE',''
  ) );
#11897 = PCURVE('',#9068,#11898);
#11898 = DEFINITIONAL_REPRESENTATION('',(#11899),#11908);
#11899 = B_SPLINE_CURVE_WITH_KNOTS('',7,(#11900,#11901,#11902,#11903,
    #11904,#11905,#11906,#11907),.UNSPECIFIED.,.F.,.F.,(8,8),(0.,1.),
  .PIECEWISE_BEZIER_KNOTS.);
#11900 = CARTESIAN_POINT('',(7.42087427197,0.));
#11901 = CARTESIAN_POINT('',(7.49635864198,1.71516077547));
#11902 = CARTESIAN_POINT('',(7.57598985138,3.43011653207));
#11903 = CARTESIAN_POINT('',(7.66032565615,5.14484701116));
#11904 = CARTESIAN_POINT('',(7.75005900956,6.85930467659));
#11905 = CARTESIAN_POINT('',(7.84614288269,8.57340715573));
#11906 = CARTESIAN_POINT('',(7.94981918649,10.28703598912));
#11907 = CARTESIAN_POINT('',(8.06325797495,12.));
#11908 = ( GEOMETRIC_REPRESENTATION_CONTEXT(2) 
PARAMETRIC_REPRESENTATION_CONTEXT() REPRESENTATION_CONTEXT('2D SPACE',''
  ) );
#11909 = ORIENTED_EDGE('',*,*,#11910,.T.);
#11910 = EDGE_CURVE('',#11871,#11911,#11913,.T.);
#11911 = VERTEX_POINT('',#11912);
#11912 = CARTESIAN_POINT('',(133.5,-15.,216.42087426475));
#11913 = SURFACE_CURVE('',#11914,(#11947,#11983),.PCURVE_S1.);
#11914 = B_SPLINE_CURVE_WITH_KNOTS('',6,(#11915,#11916,#11917,#11918,
    #11919,#11920,#11921,#11922,#11923,#11924,#11925,#11926,#11927,
    #11928,#11929,#11930,#11931,#11932,#11933,#11934,#11935,#11936,
    #11937,#11938,#11939,#11940,#11941,#11942,#11943,#11944,#11945,
    #11946),.UNSPECIFIED.,.F.,.F.,(7,5,5,5,5,5,7),(0.,0.133731528195,
    0.235718675235,0.500000000131,0.764281324885,0.866268471874,1.),
  .UNSPECIFIED.);
#11915 = CARTESIAN_POINT('',(133.5,15.,216.42087427197));
#11916 = CARTESIAN_POINT('',(133.5,14.412345733991,216.03282133801));
#11917 = CARTESIAN_POINT('',(133.5,13.809476685599,215.6678069994));
#11918 = CARTESIAN_POINT('',(133.5,13.193189549568,215.32548707766));
#11919 = CARTESIAN_POINT('',(133.5,12.565081319538,215.00549670694));
#11920 = CARTESIAN_POINT('',(133.5,11.926544365793,214.70746137229));
#11921 = CARTESIAN_POINT('',(133.5,10.784745435057,214.2201773652));
#11922 = CARTESIAN_POINT('',(133.5,10.285364528952,214.02190427973));
#11923 = CARTESIAN_POINT('',(133.5,9.781152514844,213.83602722365));
#11924 = CARTESIAN_POINT('',(133.5,9.272601111482,213.66239630689));
#11925 = CARTESIAN_POINT('',(133.5,8.760160036211,213.50087321727));
#11926 = CARTESIAN_POINT('',(133.5,6.907315381035,212.96382006659));
#11927 = CARTESIAN_POINT('',(133.5,5.547240170502,212.65682640751));
#11928 = CARTESIAN_POINT('',(133.5,4.170753148512,212.42799823433));
#11929 = CARTESIAN_POINT('',(133.5,2.783880711997,212.27601444397));
#11930 = CARTESIAN_POINT('',(133.5,1.392043633696,212.20000002479));
#11931 = CARTESIAN_POINT('',(133.5,-1.392043636082,212.20000002399));
#11932 = CARTESIAN_POINT('',(133.5,-2.783880713837,212.27601444228));
#11933 = CARTESIAN_POINT('',(133.5,-4.170753149739,212.42799823244));
#11934 = CARTESIAN_POINT('',(133.5,-5.547240170852,212.65682640687));
#11935 = CARTESIAN_POINT('',(133.5,-6.907315380274,212.96382006803));
#11936 = CARTESIAN_POINT('',(133.5,-8.760160033779,213.50087322094));
#11937 = CARTESIAN_POINT('',(133.5,-9.272601108595,213.66239631111));
#11938 = CARTESIAN_POINT('',(133.5,-9.781152511528,213.83602722829));
#11939 = CARTESIAN_POINT('',(133.5,-10.28536452526,214.02190428458));
#11940 = CARTESIAN_POINT('',(133.5,-10.7847454311,214.22017736999));
#11941 = CARTESIAN_POINT('',(133.5,-11.92654436155,214.70746137618));
#11942 = CARTESIAN_POINT('',(133.5,-12.56508131536,215.00549670975));
#11943 = CARTESIAN_POINT('',(133.5,-13.19318954582,215.32548707876));
#11944 = CARTESIAN_POINT('',(133.5,-13.80947668271,215.66780699813));
#11945 = CARTESIAN_POINT('',(133.5,-14.4123457324,216.03282133385));
#11946 = CARTESIAN_POINT('',(133.5,-15.,216.42087426475));
#11947 = PCURVE('',#8361,#11948);
#11948 = DEFINITIONAL_REPRESENTATION('',(#11949),#11982);
#11949 = B_SPLINE_CURVE_WITH_KNOTS('',6,(#11950,#11951,#11952,#11953,
    #11954,#11955,#11956,#11957,#11958,#11959,#11960,#11961,#11962,
    #11963,#11964,#11965,#11966,#11967,#11968,#11969,#11970,#11971,
    #11972,#11973,#11974,#11975,#11976,#11977,#11978,#11979,#11980,
    #11981),.UNSPECIFIED.,.F.,.F.,(7,5,5,5,5,5,7),(0.,0.133731528195,
    0.235718675235,0.500000000131,0.764281324885,0.866268471874,1.),
  .UNSPECIFIED.);
#11950 = CARTESIAN_POINT('',(5.446308516885,0.440476190476));
#11951 = CARTESIAN_POINT('',(5.410970867161,0.440476190476));
#11952 = CARTESIAN_POINT('',(5.376069920969,0.440476190476));
#11953 = CARTESIAN_POINT('',(5.341571788506,0.440476190476));
#11954 = CARTESIAN_POINT('',(5.307444827815,0.440476190476));
#11955 = CARTESIAN_POINT('',(5.273657553625,0.440476190476));
#11956 = CARTESIAN_POINT('',(5.214643057753,0.440476190476));
#11957 = CARTESIAN_POINT('',(5.189288256418,0.440476190476));
#11958 = CARTESIAN_POINT('',(5.164098095053,0.440476190476));
#11959 = CARTESIAN_POINT('',(5.139058867818,0.440476190476));
#11960 = CARTESIAN_POINT('',(5.114157210161,0.440476190476));
#11961 = CARTESIAN_POINT('',(5.025174676824,0.440476190476));
#11962 = CARTESIAN_POINT('',(4.961815758666,0.440476190476));
#11963 = CARTESIAN_POINT('',(4.899054757589,0.440476190476));
#11964 = CARTESIAN_POINT('',(4.836695908117,0.440476190476));
#11965 = CARTESIAN_POINT('',(4.77454699944,0.440476190476));
#11966 = CARTESIAN_POINT('',(4.650230961362,0.440476190476));
#11967 = CARTESIAN_POINT('',(4.588082052691,0.440476190476));
#11968 = CARTESIAN_POINT('',(4.525723203209,0.440476190476));
#11969 = CARTESIAN_POINT('',(4.462962202117,0.440476190476));
#11970 = CARTESIAN_POINT('',(4.399603283946,0.440476190476));
#11971 = CARTESIAN_POINT('',(4.310620750608,0.440476190476));
#11972 = CARTESIAN_POINT('',(4.285719092951,0.440476190476));
#11973 = CARTESIAN_POINT('',(4.260679865717,0.440476190476));
#11974 = CARTESIAN_POINT('',(4.235489704354,0.440476190476));
#11975 = CARTESIAN_POINT('',(4.210134903018,0.440476190476));
#11976 = CARTESIAN_POINT('',(4.151120407143,0.440476190476));
#11977 = CARTESIAN_POINT('',(4.117333132948,0.440476190476));
#11978 = CARTESIAN_POINT('',(4.083206172244,0.440476190476));
#11979 = CARTESIAN_POINT('',(4.048708039757,0.440476190476));
#11980 = CARTESIAN_POINT('',(4.01380709353,0.440476190476));
#11981 = CARTESIAN_POINT('',(3.978469443763,0.440476190476));
#11982 = ( GEOMETRIC_REPRESENTATION_CONTEXT(2) 
PARAMETRIC_REPRESENTATION_CONTEXT() REPRESENTATION_CONTEXT('2D SPACE',''
  ) );
#11983 = PCURVE('',#9158,#11984);
#11984 = DEFINITIONAL_REPRESENTATION('',(#11985),#12018);
#11985 = B_SPLINE_CURVE_WITH_KNOTS('',6,(#11986,#11987,#11988,#11989,
    #11990,#11991,#11992,#11993,#11994,#11995,#11996,#11997,#11998,
    #11999,#12000,#12001,#12002,#12003,#12004,#12005,#12006,#12007,
    #12008,#12009,#12010,#12011,#12012,#12013,#12014,#12015,#12016,
    #12017),.UNSPECIFIED.,.F.,.F.,(7,5,5,5,5,5,7),(0.,0.133731528195,
    0.235718675235,0.500000000131,0.764281324885,0.866268471874,1.),
  .UNSPECIFIED.);
#11986 = CARTESIAN_POINT('',(7.42087427197,-30.));
#11987 = CARTESIAN_POINT('',(7.03282133801,-29.41234573399));
#11988 = CARTESIAN_POINT('',(6.6678069994,-28.80947668559));
#11989 = CARTESIAN_POINT('',(6.32548707766,-28.19318954956));
#11990 = CARTESIAN_POINT('',(6.00549670694,-27.56508131953));
#11991 = CARTESIAN_POINT('',(5.70746137229,-26.92654436579));
#11992 = CARTESIAN_POINT('',(5.2201773652,-25.78474543505));
#11993 = CARTESIAN_POINT('',(5.02190427973,-25.28536452895));
#11994 = CARTESIAN_POINT('',(4.83602722365,-24.78115251484));
#11995 = CARTESIAN_POINT('',(4.66239630689,-24.27260111148));
#11996 = CARTESIAN_POINT('',(4.50087321727,-23.76016003621));
#11997 = CARTESIAN_POINT('',(3.96382006659,-21.90731538103));
#11998 = CARTESIAN_POINT('',(3.65682640751,-20.5472401705));
#11999 = CARTESIAN_POINT('',(3.42799823433,-19.17075314851));
#12000 = CARTESIAN_POINT('',(3.27601444397,-17.78388071199));
#12001 = CARTESIAN_POINT('',(3.20000002479,-16.39204363369));
#12002 = CARTESIAN_POINT('',(3.20000002399,-13.60795636391));
#12003 = CARTESIAN_POINT('',(3.27601444228,-12.21611928616));
#12004 = CARTESIAN_POINT('',(3.42799823244,-10.82924685026));
#12005 = CARTESIAN_POINT('',(3.65682640687,-9.452759829148));
#12006 = CARTESIAN_POINT('',(3.96382006803,-8.092684619726));
#12007 = CARTESIAN_POINT('',(4.50087322094,-6.239839966221));
#12008 = CARTESIAN_POINT('',(4.66239631111,-5.727398891405));
#12009 = CARTESIAN_POINT('',(4.83602722829,-5.218847488472));
#12010 = CARTESIAN_POINT('',(5.02190428458,-4.71463547474));
#12011 = CARTESIAN_POINT('',(5.22017736999,-4.2152545689));
#12012 = CARTESIAN_POINT('',(5.70746137618,-3.07345563845));
#12013 = CARTESIAN_POINT('',(6.00549670975,-2.43491868464));
#12014 = CARTESIAN_POINT('',(6.32548707876,-1.80681045418));
#12015 = CARTESIAN_POINT('',(6.66780699813,-1.19052331729));
#12016 = CARTESIAN_POINT('',(7.03282133385,-0.5876542676));
#12017 = CARTESIAN_POINT('',(7.42087426475,0.));
#12018 = ( GEOMETRIC_REPRESENTATION_CONTEXT(2) 
PARAMETRIC_REPRESENTATION_CONTEXT() REPRESENTATION_CONTEXT('2D SPACE',''
  ) );
#12019 = ORIENTED_EDGE('',*,*,#12020,.T.);
#12020 = EDGE_CURVE('',#11911,#12021,#12023,.T.);
#12021 = VERTEX_POINT('',#12022);
#12022 = CARTESIAN_POINT('',(145.5,-15.,217.06325795492));
#12023 = SURFACE_CURVE('',#12024,(#12033,#12045),.PCURVE_S1.);
#12024 = B_SPLINE_CURVE_WITH_KNOTS('',7,(#12025,#12026,#12027,#12028,
    #12029,#12030,#12031,#12032),.UNSPECIFIED.,.F.,.F.,(8,8),(0.,1.),
  .PIECEWISE_BEZIER_KNOTS.);
#12025 = CARTESIAN_POINT('',(133.5,-15.,216.42087426475));
#12026 = CARTESIAN_POINT('',(135.21516077545,-15.,216.49635863303));
#12027 = CARTESIAN_POINT('',(136.93011653203,-15.,216.57598984059));
#12028 = CARTESIAN_POINT('',(138.64484701115,-15.,216.66032564343));
#12029 = CARTESIAN_POINT('',(140.35930467654,-15.,216.75005899485));
#12030 = CARTESIAN_POINT('',(142.07340715572,-15.,216.84614286601));
#12031 = CARTESIAN_POINT('',(143.78703598911,-15.,216.94981916795));
#12032 = CARTESIAN_POINT('',(145.5,-15.,217.06325795492));
#12033 = PCURVE('',#8361,#12034);
#12034 = DEFINITIONAL_REPRESENTATION('',(#12035),#12044);
#12035 = B_SPLINE_CURVE_WITH_KNOTS('',7,(#12036,#12037,#12038,#12039,
    #12040,#12041,#12042,#12043),.UNSPECIFIED.,.F.,.F.,(8,8),(0.,1.),
  .PIECEWISE_BEZIER_KNOTS.);
#12036 = CARTESIAN_POINT('',(3.978469443763,0.440476190476));
#12037 = CARTESIAN_POINT('',(3.962021678908,0.481313351796));
#12038 = CARTESIAN_POINT('',(3.944591434777,0.522145631715));
#12039 = CARTESIAN_POINT('',(3.926056711763,0.562972547885));
#12040 = CARTESIAN_POINT('',(3.906269024072,0.603792968489));
#12041 = CARTESIAN_POINT('',(3.885034708722,0.644604932279));
#12042 = CARTESIAN_POINT('',(3.862107009031,0.685405618789));
#12043 = CARTESIAN_POINT('',(3.837096531125,0.72619047619));
#12044 = ( GEOMETRIC_REPRESENTATION_CONTEXT(2) 
PARAMETRIC_REPRESENTATION_CONTEXT() REPRESENTATION_CONTEXT('2D SPACE',''
  ) );
#12045 = PCURVE('',#9223,#12046);
#12046 = DEFINITIONAL_REPRESENTATION('',(#12047),#12056);
#12047 = B_SPLINE_CURVE_WITH_KNOTS('',7,(#12048,#12049,#12050,#12051,
    #12052,#12053,#12054,#12055),.UNSPECIFIED.,.F.,.F.,(8,8),(0.,1.),
  .PIECEWISE_BEZIER_KNOTS.);
#12048 = CARTESIAN_POINT('',(7.42087426475,0.));
#12049 = CARTESIAN_POINT('',(7.49635863303,1.71516077545));
#12050 = CARTESIAN_POINT('',(7.57598984059,3.43011653203));
#12051 = CARTESIAN_POINT('',(7.66032564343,5.14484701115));
#12052 = CARTESIAN_POINT('',(7.75005899485,6.85930467654));
#12053 = CARTESIAN_POINT('',(7.84614286601,8.57340715572));
#12054 = CARTESIAN_POINT('',(7.94981916795,10.28703598911));
#12055 = CARTESIAN_POINT('',(8.06325795492,12.));
#12056 = ( GEOMETRIC_REPRESENTATION_CONTEXT(2) 
PARAMETRIC_REPRESENTATION_CONTEXT() REPRESENTATION_CONTEXT('2D SPACE',''
  ) );
#12057 = ORIENTED_EDGE('',*,*,#12058,.F.);
#12058 = EDGE_CURVE('',#11873,#12021,#12059,.T.);
#12059 = SURFACE_CURVE('',#12060,(#12105,#12153),.PCURVE_S1.);
#12060 = B_SPLINE_CURVE_WITH_KNOTS('',7,(#12061,#12062,#12063,#12064,
    #12065,#12066,#12067,#12068,#12069,#12070,#12071,#12072,#12073,
    #12074,#12075,#12076,#12077,#12078,#12079,#12080,#12081,#12082,
    #12083,#12084,#12085,#12086,#12087,#12088,#12089,#12090,#12091,
    #12092,#12093,#12094,#12095,#12096,#12097,#12098,#12099,#12100,
    #12101,#12102,#12103,#12104),.UNSPECIFIED.,.F.,.F.,(8,6,6,6,6,6,6,8)
  ,(0.,0.123703327307,0.222614855456,0.299560028473,0.499986076876,
    0.777383044225,0.876295505657,1.),.UNSPECIFIED.);
#12061 = CARTESIAN_POINT('',(145.5,15.,217.06325797495));
#12062 = CARTESIAN_POINT('',(145.5,14.563020977342,216.70047975677));
#12063 = CARTESIAN_POINT('',(145.5,14.111286993312,216.3554815813));
#12064 = CARTESIAN_POINT('',(145.5,13.646416007229,216.02798288484));
#12065 = CARTESIAN_POINT('',(145.5,13.169855364594,215.71767388756));
#12066 = CARTESIAN_POINT('',(145.5,12.68288233191,215.42421572317));
#12067 = CARTESIAN_POINT('',(145.5,12.186599421363,215.14724817789));
#12068 = CARTESIAN_POINT('',(145.5,11.278393183731,214.67783834895));
#12069 = CARTESIAN_POINT('',(145.5,10.869519300742,214.47959215551));
#12070 = CARTESIAN_POINT('',(145.5,10.45578730947,214.29148516869));
#12071 = CARTESIAN_POINT('',(145.5,10.037641006592,214.11334689611));
#12072 = CARTESIAN_POINT('',(145.5,9.615483990992,213.94501685661));
#12073 = CARTESIAN_POINT('',(145.5,9.189680122366,213.78634379409));
#12074 = CARTESIAN_POINT('',(145.5,8.426728530927,213.52115132265));
#12075 = CARTESIAN_POINT('',(145.5,8.090896758359,213.41087669533));
#12076 = CARTESIAN_POINT('',(145.5,7.753213746631,213.30629508978));
#12077 = CARTESIAN_POINT('',(145.5,7.413825964702,213.20734518135));
#12078 = CARTESIAN_POINT('',(145.5,7.072871265971,213.11397024018));
#12079 = CARTESIAN_POINT('',(145.5,6.730478888281,213.02611813127));
#12080 = CARTESIAN_POINT('',(145.5,5.491478417088,212.72916697239));
#12081 = CARTESIAN_POINT('',(145.5,4.587329080925,212.55175962554));
#12082 = CARTESIAN_POINT('',(145.5,3.676357387874,212.41064096298));
#12083 = CARTESIAN_POINT('',(145.5,2.760451205928,212.30521371268));
#12084 = CARTESIAN_POINT('',(145.5,1.841363785234,212.23507480982));
#12085 = CARTESIAN_POINT('',(145.5,0.920717803277,212.20000002039));
#12086 = CARTESIAN_POINT('',(145.5,-1.274307052906,212.20000001979));
#12087 = CARTESIAN_POINT('',(145.5,-2.548205318723,212.26718662335));
#12088 = CARTESIAN_POINT('',(145.5,-3.818104847143,212.40148827076));
#12089 = CARTESIAN_POINT('',(145.5,-5.079688245801,212.60377106187));
#12090 = CARTESIAN_POINT('',(145.5,-6.327923848182,212.87554500416));
#12091 = CARTESIAN_POINT('',(145.5,-7.557082859706,213.21887332199));
#12092 = CARTESIAN_POINT('',(145.5,-9.189680119005,213.78634379803));
#12093 = CARTESIAN_POINT('',(145.5,-9.615483987328,213.94501686051));
#12094 = CARTESIAN_POINT('',(145.5,-10.03764100271,214.11334689972));
#12095 = CARTESIAN_POINT('',(145.5,-10.45578730548,214.29148517176));
#12096 = CARTESIAN_POINT('',(145.5,-10.8695192968,214.47959215774));
#12097 = CARTESIAN_POINT('',(145.5,-11.27839318,214.67783835003));
#12098 = CARTESIAN_POINT('',(145.5,-12.18659941783,215.14724817544));
#12099 = CARTESIAN_POINT('',(145.5,-12.68288232846,215.42421571813));
#12100 = CARTESIAN_POINT('',(145.5,-13.16985536156,215.71767387953));
#12101 = CARTESIAN_POINT('',(145.5,-13.64641600492,216.02798287356));
#12102 = CARTESIAN_POINT('',(145.5,-14.1112869919,216.35548156675));
#12103 = CARTESIAN_POINT('',(145.5,-14.56302097679,216.7004797392));
#12104 = CARTESIAN_POINT('',(145.5,-15.,217.06325795492));
#12105 = PCURVE('',#8361,#12106);
#12106 = DEFINITIONAL_REPRESENTATION('',(#12107),#12152);
#12107 = B_SPLINE_CURVE_WITH_KNOTS('',7,(#12108,#12109,#12110,#12111,
    #12112,#12113,#12114,#12115,#12116,#12117,#12118,#12119,#12120,
    #12121,#12122,#12123,#12124,#12125,#12126,#12127,#12128,#12129,
    #12130,#12131,#12132,#12133,#12134,#12135,#12136,#12137,#12138,
    #12139,#12140,#12141,#12142,#12143,#12144,#12145,#12146,#12147,
    #12148,#12149,#12150,#12151),.UNSPECIFIED.,.F.,.F.,(8,6,6,6,6,6,6,8)
  ,(0.,0.123703327307,0.222614855456,0.299560028473,0.499986076876,
    0.777383044225,0.876295505657,1.),.UNSPECIFIED.);
#12108 = CARTESIAN_POINT('',(5.587681429832,0.72619047619));
#12109 = CARTESIAN_POINT('',(5.552777478408,0.72619047619));
#12110 = CARTESIAN_POINT('',(5.518397906496,0.72619047619));
#12111 = CARTESIAN_POINT('',(5.484510430775,0.72619047619));
#12112 = CARTESIAN_POINT('',(5.45108484128,0.72619047619));
#12113 = CARTESIAN_POINT('',(5.418091242253,0.72619047619));
#12114 = CARTESIAN_POINT('',(5.385498640563,0.72619047619));
#12115 = CARTESIAN_POINT('',(5.327507394986,0.72619047619));
#12116 = CARTESIAN_POINT('',(5.301977521241,0.72619047619));
#12117 = CARTESIAN_POINT('',(5.27666820756,0.72619047619));
#12118 = CARTESIAN_POINT('',(5.251564471625,0.72619047619));
#12119 = CARTESIAN_POINT('',(5.22665200777,0.72619047619));
#12120 = CARTESIAN_POINT('',(5.201916793016,0.72619047619));
#12121 = CARTESIAN_POINT('',(5.158229585771,0.72619047619));
#12122 = CARTESIAN_POINT('',(5.139213387611,0.72619047619));
#12123 = CARTESIAN_POINT('',(5.120289702083,0.72619047619));
#12124 = CARTESIAN_POINT('',(5.101452293961,0.72619047619));
#12125 = CARTESIAN_POINT('',(5.082695089346,0.72619047619));
#12126 = CARTESIAN_POINT('',(5.064012175664,0.72619047619));
#12127 = CARTESIAN_POINT('',(4.996911258875,0.72619047619));
#12128 = CARTESIAN_POINT('',(4.948893626061,0.72619047619));
#12129 = CARTESIAN_POINT('',(4.901236206671,0.72619047619));
#12130 = CARTESIAN_POINT('',(4.853845391661,0.72619047619));
#12131 = CARTESIAN_POINT('',(4.806633816369,0.72619047619));
#12132 = CARTESIAN_POINT('',(4.759513216094,0.72619047619));
#12133 = CARTESIAN_POINT('',(4.647167317938,0.72619047619));
#12134 = CARTESIAN_POINT('',(4.581966617784,0.72619047619));
#12135 = CARTESIAN_POINT('',(4.516517184917,0.72619047619));
#12136 = CARTESIAN_POINT('',(4.450589047678,0.72619047619));
#12137 = CARTESIAN_POINT('',(4.383948429164,0.72619047619));
#12138 = CARTESIAN_POINT('',(4.31634496891,0.72619047619));
#12139 = CARTESIAN_POINT('',(4.222861167757,0.72619047619));
#12140 = CARTESIAN_POINT('',(4.198125953008,0.72619047619));
#12141 = CARTESIAN_POINT('',(4.173213489156,0.72619047619));
#12142 = CARTESIAN_POINT('',(4.148109753224,0.72619047619));
#12143 = CARTESIAN_POINT('',(4.122800439541,0.72619047619));
#12144 = CARTESIAN_POINT('',(4.097270565792,0.72619047619));
#12145 = CARTESIAN_POINT('',(4.03927932024,0.72619047619));
#12146 = CARTESIAN_POINT('',(4.006686718579,0.72619047619));
#12147 = CARTESIAN_POINT('',(3.973693119573,0.72619047619));
#12148 = CARTESIAN_POINT('',(3.940267530094,0.72619047619));
#12149 = CARTESIAN_POINT('',(3.906380054386,0.72619047619));
#12150 = CARTESIAN_POINT('',(3.872000482498,0.72619047619));
#12151 = CARTESIAN_POINT('',(3.837096531125,0.72619047619));
#12152 = ( GEOMETRIC_REPRESENTATION_CONTEXT(2) 
PARAMETRIC_REPRESENTATION_CONTEXT() REPRESENTATION_CONTEXT('2D SPACE',''
  ) );
#12153 = PCURVE('',#9323,#12154);
#12154 = DEFINITIONAL_REPRESENTATION('',(#12155),#12200);
#12155 = B_SPLINE_CURVE_WITH_KNOTS('',7,(#12156,#12157,#12158,#12159,
    #12160,#12161,#12162,#12163,#12164,#12165,#12166,#12167,#12168,
    #12169,#12170,#12171,#12172,#12173,#12174,#12175,#12176,#12177,
    #12178,#12179,#12180,#12181,#12182,#12183,#12184,#12185,#12186,
    #12187,#12188,#12189,#12190,#12191,#12192,#12193,#12194,#12195,
    #12196,#12197,#12198,#12199),.UNSPECIFIED.,.F.,.F.,(8,6,6,6,6,6,6,8)
  ,(0.,0.123703327307,0.222614855456,0.299560028473,0.499986076876,
    0.777383044225,0.876295505657,1.),.UNSPECIFIED.);
#12156 = CARTESIAN_POINT('',(8.06325797495,-30.));
#12157 = CARTESIAN_POINT('',(7.70047975677,-29.56302097734));
#12158 = CARTESIAN_POINT('',(7.3554815813,-29.11128699331));
#12159 = CARTESIAN_POINT('',(7.02798288484,-28.64641600722));
#12160 = CARTESIAN_POINT('',(6.71767388756,-28.16985536459));
#12161 = CARTESIAN_POINT('',(6.42421572317,-27.68288233191));
#12162 = CARTESIAN_POINT('',(6.14724817789,-27.18659942136));
#12163 = CARTESIAN_POINT('',(5.67783834895,-26.27839318373));
#12164 = CARTESIAN_POINT('',(5.47959215551,-25.86951930074));
#12165 = CARTESIAN_POINT('',(5.29148516869,-25.45578730947));
#12166 = CARTESIAN_POINT('',(5.11334689611,-25.03764100659));
#12167 = CARTESIAN_POINT('',(4.94501685661,-24.61548399099));
#12168 = CARTESIAN_POINT('',(4.78634379409,-24.18968012236));
#12169 = CARTESIAN_POINT('',(4.52115132265,-23.42672853092));
#12170 = CARTESIAN_POINT('',(4.41087669533,-23.09089675835));
#12171 = CARTESIAN_POINT('',(4.30629508978,-22.75321374663));
#12172 = CARTESIAN_POINT('',(4.20734518135,-22.4138259647));
#12173 = CARTESIAN_POINT('',(4.11397024018,-22.07287126597));
#12174 = CARTESIAN_POINT('',(4.02611813127,-21.73047888828));
#12175 = CARTESIAN_POINT('',(3.72916697239,-20.49147841708));
#12176 = CARTESIAN_POINT('',(3.55175962554,-19.58732908092));
#12177 = CARTESIAN_POINT('',(3.41064096298,-18.67635738787));
#12178 = CARTESIAN_POINT('',(3.30521371268,-17.76045120592));
#12179 = CARTESIAN_POINT('',(3.23507480982,-16.84136378523));
#12180 = CARTESIAN_POINT('',(3.20000002039,-15.92071780327));
#12181 = CARTESIAN_POINT('',(3.20000001979,-13.72569294709));
#12182 = CARTESIAN_POINT('',(3.26718662335,-12.45179468127));
#12183 = CARTESIAN_POINT('',(3.40148827076,-11.18189515285));
#12184 = CARTESIAN_POINT('',(3.60377106187,-9.920311754199));
#12185 = CARTESIAN_POINT('',(3.87554500416,-8.672076151818));
#12186 = CARTESIAN_POINT('',(4.21887332199,-7.442917140294));
#12187 = CARTESIAN_POINT('',(4.78634379803,-5.810319880995));
#12188 = CARTESIAN_POINT('',(4.94501686051,-5.384516012672));
#12189 = CARTESIAN_POINT('',(5.11334689972,-4.96235899729));
#12190 = CARTESIAN_POINT('',(5.29148517176,-4.54421269452));
#12191 = CARTESIAN_POINT('',(5.47959215774,-4.1304807032));
#12192 = CARTESIAN_POINT('',(5.67783835003,-3.72160682));
#12193 = CARTESIAN_POINT('',(6.14724817544,-2.81340058217));
#12194 = CARTESIAN_POINT('',(6.42421571813,-2.31711767154));
#12195 = CARTESIAN_POINT('',(6.71767387953,-1.83014463844));
#12196 = CARTESIAN_POINT('',(7.02798287356,-1.35358399508));
#12197 = CARTESIAN_POINT('',(7.35548156675,-0.8887130081));
#12198 = CARTESIAN_POINT('',(7.7004797392,-0.43697902321));
#12199 = CARTESIAN_POINT('',(8.06325795492,0.));
#12200 = ( GEOMETRIC_REPRESENTATION_CONTEXT(2) 
PARAMETRIC_REPRESENTATION_CONTEXT() REPRESENTATION_CONTEXT('2D SPACE',''
  ) );
#12201 = FACE_BOUND('',#12202,.F.);
#12202 = EDGE_LOOP('',(#12203,#12245,#12285));
#12203 = ORIENTED_EDGE('',*,*,#12204,.F.);
#12204 = EDGE_CURVE('',#12205,#12207,#12209,.T.);
#12205 = VERTEX_POINT('',#12206);
#12206 = CARTESIAN_POINT('',(145.5,10.843133394404,237.));
#12207 = VERTEX_POINT('',#12208);
#12208 = CARTESIAN_POINT('',(145.5,15.,234.41293250123));
#12209 = SURFACE_CURVE('',#12210,(#12218,#12229),.PCURVE_S1.);
#12210 = B_SPLINE_CURVE_WITH_KNOTS('',6,(#12211,#12212,#12213,#12214,
    #12215,#12216,#12217),.UNSPECIFIED.,.F.,.F.,(7,7),(0.,1.),
  .PIECEWISE_BEZIER_KNOTS.);
#12211 = CARTESIAN_POINT('',(145.5,10.843133394404,237.));
#12212 = CARTESIAN_POINT('',(145.5,11.586065576325,236.65656637868));
#12213 = CARTESIAN_POINT('',(145.5,12.313317623647,236.27957623712));
#12214 = CARTESIAN_POINT('',(145.5,13.022298381384,235.86785911316));
#12215 = CARTESIAN_POINT('',(145.5,13.709474098152,235.42021540826));
#12216 = CARTESIAN_POINT('',(145.5,14.37046352304,234.93557113959));
#12217 = CARTESIAN_POINT('',(145.5,15.,234.41293250123));
#12218 = PCURVE('',#8361,#12219);
#12219 = DEFINITIONAL_REPRESENTATION('',(#12220),#12228);
#12220 = B_SPLINE_CURVE_WITH_KNOTS('',6,(#12221,#12222,#12223,#12224,
    #12225,#12226,#12227),.UNSPECIFIED.,.F.,.F.,(7,7),(0.,1.),
  .PIECEWISE_BEZIER_KNOTS.);
#12221 = CARTESIAN_POINT('',(0.982464706702,0.72619047619));
#12222 = CARTESIAN_POINT('',(0.936754554833,0.72619047619));
#12223 = CARTESIAN_POINT('',(0.890336389227,0.72619047619));
#12224 = CARTESIAN_POINT('',(0.843100792438,0.72619047619));
#12225 = CARTESIAN_POINT('',(0.794949988501,0.72619047619));
#12226 = CARTESIAN_POINT('',(0.745788466475,0.72619047619));
#12227 = CARTESIAN_POINT('',(0.695503877347,0.72619047619));
#12228 = ( GEOMETRIC_REPRESENTATION_CONTEXT(2) 
PARAMETRIC_REPRESENTATION_CONTEXT() REPRESENTATION_CONTEXT('2D SPACE',''
  ) );
#12229 = PCURVE('',#12230,#12235);
#12230 = PLANE('',#12231);
#12231 = AXIS2_PLACEMENT_3D('',#12232,#12233,#12234);
#12232 = CARTESIAN_POINT('',(145.5,-15.,209.));
#12233 = DIRECTION('',(1.,0.,0.));
#12234 = DIRECTION('',(0.,0.,1.));
#12235 = DEFINITIONAL_REPRESENTATION('',(#12236),#12244);
#12236 = B_SPLINE_CURVE_WITH_KNOTS('',6,(#12237,#12238,#12239,#12240,
    #12241,#12242,#12243),.UNSPECIFIED.,.F.,.F.,(7,7),(0.,1.),
  .PIECEWISE_BEZIER_KNOTS.);
#12237 = CARTESIAN_POINT('',(28.,-25.8431333944));
#12238 = CARTESIAN_POINT('',(27.65656637868,-26.58606557632));
#12239 = CARTESIAN_POINT('',(27.27957623712,-27.31331762364));
#12240 = CARTESIAN_POINT('',(26.86785911316,-28.02229838138));
#12241 = CARTESIAN_POINT('',(26.42021540826,-28.70947409815));
#12242 = CARTESIAN_POINT('',(25.93557113959,-29.37046352304));
#12243 = CARTESIAN_POINT('',(25.41293250123,-30.));
#12244 = ( GEOMETRIC_REPRESENTATION_CONTEXT(2) 
PARAMETRIC_REPRESENTATION_CONTEXT() REPRESENTATION_CONTEXT('2D SPACE',''
  ) );
#12245 = ORIENTED_EDGE('',*,*,#12246,.F.);
#12246 = EDGE_CURVE('',#12247,#12205,#12249,.T.);
#12247 = VERTEX_POINT('',#12248);
#12248 = CARTESIAN_POINT('',(140.67688910325,15.,237.));
#12249 = SURFACE_CURVE('',#12250,(#12258,#12269),.PCURVE_S1.);
#12250 = B_SPLINE_CURVE_WITH_KNOTS('',6,(#12251,#12252,#12253,#12254,
    #12255,#12256,#12257),.UNSPECIFIED.,.F.,.F.,(7,7),(0.,1.),
  .PIECEWISE_BEZIER_KNOTS.);
#12251 = CARTESIAN_POINT('',(140.67688910325,15.,237.));
#12252 = CARTESIAN_POINT('',(141.54362603451,14.384214385127,237.));
#12253 = CARTESIAN_POINT('',(142.39072774441,13.741161443084,237.));
#12254 = CARTESIAN_POINT('',(143.2150942999,13.068142727469,237.));
#12255 = CARTESIAN_POINT('',(144.0122202926,12.362492650543,237.));
#12256 = CARTESIAN_POINT('',(144.77625072351,11.621639236799,237.));
#12257 = CARTESIAN_POINT('',(145.5,10.843133394404,237.));
#12258 = PCURVE('',#8361,#12259);
#12259 = DEFINITIONAL_REPRESENTATION('',(#12260),#12268);
#12260 = B_SPLINE_CURVE_WITH_KNOTS('',6,(#12261,#12262,#12263,#12264,
    #12265,#12266,#12267),.UNSPECIFIED.,.F.,.F.,(7,7),(0.,1.),
  .PIECEWISE_BEZIER_KNOTS.);
#12261 = CARTESIAN_POINT('',(0.759599076166,0.611354502458));
#12262 = CARTESIAN_POINT('',(0.792321882508,0.63199109606));
#12263 = CARTESIAN_POINT('',(0.826627221913,0.652160184391));
#12264 = CARTESIAN_POINT('',(0.862658309504,0.671787959522));
#12265 = CARTESIAN_POINT('',(0.900555260265,0.690767149824));
#12266 = CARTESIAN_POINT('',(0.940449856161,0.70895835056));
#12267 = CARTESIAN_POINT('',(0.982464706702,0.72619047619));
#12268 = ( GEOMETRIC_REPRESENTATION_CONTEXT(2) 
PARAMETRIC_REPRESENTATION_CONTEXT() REPRESENTATION_CONTEXT('2D SPACE',''
  ) );
#12269 = PCURVE('',#12270,#12275);
#12270 = PLANE('',#12271);
#12271 = AXIS2_PLACEMENT_3D('',#12272,#12273,#12274);
#12272 = CARTESIAN_POINT('',(133.5,-15.,237.));
#12273 = DIRECTION('',(0.,0.,1.));
#12274 = DIRECTION('',(1.,0.,-0.));
#12275 = DEFINITIONAL_REPRESENTATION('',(#12276),#12284);
#12276 = B_SPLINE_CURVE_WITH_KNOTS('',6,(#12277,#12278,#12279,#12280,
    #12281,#12282,#12283),.UNSPECIFIED.,.F.,.F.,(7,7),(0.,1.),
  .PIECEWISE_BEZIER_KNOTS.);
#12277 = CARTESIAN_POINT('',(7.17688910325,30.));
#12278 = CARTESIAN_POINT('',(8.04362603451,29.384214385127));
#12279 = CARTESIAN_POINT('',(8.89072774441,28.741161443084));
#12280 = CARTESIAN_POINT('',(9.7150942999,28.068142727469));
#12281 = CARTESIAN_POINT('',(10.5122202926,27.362492650543));
#12282 = CARTESIAN_POINT('',(11.27625072351,26.621639236799));
#12283 = CARTESIAN_POINT('',(12.,25.843133394404));
#12284 = ( GEOMETRIC_REPRESENTATION_CONTEXT(2) 
PARAMETRIC_REPRESENTATION_CONTEXT() REPRESENTATION_CONTEXT('2D SPACE',''
  ) );
#12285 = ORIENTED_EDGE('',*,*,#12286,.T.);
#12286 = EDGE_CURVE('',#12247,#12207,#12287,.T.);
#12287 = SURFACE_CURVE('',#12288,(#12295,#12305),.PCURVE_S1.);
#12288 = B_SPLINE_CURVE_WITH_KNOTS('',5,(#12289,#12290,#12291,#12292,
    #12293,#12294),.UNSPECIFIED.,.F.,.F.,(6,6),(0.,1.),
  .PIECEWISE_BEZIER_KNOTS.);
#12289 = CARTESIAN_POINT('',(140.67688910325,15.,237.));
#12290 = CARTESIAN_POINT('',(141.64363894574,15.,236.48654071285));
#12291 = CARTESIAN_POINT('',(142.60945568834,15.,235.97133569455));
#12292 = CARTESIAN_POINT('',(143.57422736854,15.,235.45418386303));
#12293 = CARTESIAN_POINT('',(144.53781175968,15.,234.93483702816));
#12294 = CARTESIAN_POINT('',(145.5,15.,234.41293250123));
#12295 = PCURVE('',#8361,#12296);
#12296 = DEFINITIONAL_REPRESENTATION('',(#12297),#12304);
#12297 = B_SPLINE_CURVE_WITH_KNOTS('',5,(#12298,#12299,#12300,#12301,
    #12302,#12303),.UNSPECIFIED.,.F.,.F.,(6,6),(0.,1.),
  .PIECEWISE_BEZIER_KNOTS.);
#12298 = CARTESIAN_POINT('',(0.759599076166,0.611354502458));
#12299 = CARTESIAN_POINT('',(0.747882586858,0.634372355851));
#12300 = CARTESIAN_POINT('',(0.735670836306,0.65736799258));
#12301 = CARTESIAN_POINT('',(0.722914156239,0.68033874687));
#12302 = CARTESIAN_POINT('',(0.709552501626,0.703281232374));
#12303 = CARTESIAN_POINT('',(0.695503877347,0.72619047619));
#12304 = ( GEOMETRIC_REPRESENTATION_CONTEXT(2) 
PARAMETRIC_REPRESENTATION_CONTEXT() REPRESENTATION_CONTEXT('2D SPACE',''
  ) );
#12305 = PCURVE('',#12306,#12311);
#12306 = PLANE('',#12307);
#12307 = AXIS2_PLACEMENT_3D('',#12308,#12309,#12310);
#12308 = CARTESIAN_POINT('',(133.5,15.,209.));
#12309 = DIRECTION('',(0.,1.,0.));
#12310 = DIRECTION('',(0.,-0.,1.));
#12311 = DEFINITIONAL_REPRESENTATION('',(#12312),#12319);
#12312 = B_SPLINE_CURVE_WITH_KNOTS('',5,(#12313,#12314,#12315,#12316,
    #12317,#12318),.UNSPECIFIED.,.F.,.F.,(6,6),(0.,1.),
  .PIECEWISE_BEZIER_KNOTS.);
#12313 = CARTESIAN_POINT('',(28.,7.17688910325));
#12314 = CARTESIAN_POINT('',(27.48654071285,8.14363894574));
#12315 = CARTESIAN_POINT('',(26.97133569455,9.10945568834));
#12316 = CARTESIAN_POINT('',(26.45418386303,10.07422736854));
#12317 = CARTESIAN_POINT('',(25.93483702816,11.03781175968));
#12318 = CARTESIAN_POINT('',(25.41293250123,12.));
#12319 = ( GEOMETRIC_REPRESENTATION_CONTEXT(2) 
PARAMETRIC_REPRESENTATION_CONTEXT() REPRESENTATION_CONTEXT('2D SPACE',''
  ) );
#12320 = FACE_BOUND('',#12321,.F.);
#12321 = EDGE_LOOP('',(#12322,#12364,#12401));
#12322 = ORIENTED_EDGE('',*,*,#12323,.F.);
#12323 = EDGE_CURVE('',#12324,#12326,#12328,.T.);
#12324 = VERTEX_POINT('',#12325);
#12325 = CARTESIAN_POINT('',(145.5,-15.,234.41293252126));
#12326 = VERTEX_POINT('',#12327);
#12327 = CARTESIAN_POINT('',(145.5,-10.8431333861,237.));
#12328 = SURFACE_CURVE('',#12329,(#12337,#12348),.PCURVE_S1.);
#12329 = B_SPLINE_CURVE_WITH_KNOTS('',6,(#12330,#12331,#12332,#12333,
    #12334,#12335,#12336),.UNSPECIFIED.,.F.,.F.,(7,7),(0.,1.),
  .PIECEWISE_BEZIER_KNOTS.);
#12330 = CARTESIAN_POINT('',(145.5,-15.,234.41293252126));
#12331 = CARTESIAN_POINT('',(145.5,-14.37046352143,234.93557115674));
#12332 = CARTESIAN_POINT('',(145.5,-13.70947409425,235.42021542124));
#12333 = CARTESIAN_POINT('',(145.5,-13.02229837532,235.86785912167));
#12334 = CARTESIAN_POINT('',(145.5,-12.31331761617,236.27957624182));
#12335 = CARTESIAN_POINT('',(145.5,-11.58606556821,236.65656638053));
#12336 = CARTESIAN_POINT('',(145.5,-10.8431333861,237.));
#12337 = PCURVE('',#8361,#12338);
#12338 = DEFINITIONAL_REPRESENTATION('',(#12339),#12347);
#12339 = B_SPLINE_CURVE_WITH_KNOTS('',6,(#12340,#12341,#12342,#12343,
    #12344,#12345,#12346),.UNSPECIFIED.,.F.,.F.,(7,7),(0.,1.),
  .PIECEWISE_BEZIER_KNOTS.);
#12340 = CARTESIAN_POINT('',(2.446088776054,0.72619047619));
#12341 = CARTESIAN_POINT('',(2.395804186936,0.72619047619));
#12342 = CARTESIAN_POINT('',(2.346642664867,0.72619047619));
#12343 = CARTESIAN_POINT('',(2.298491860885,0.72619047619));
#12344 = CARTESIAN_POINT('',(2.251256264074,0.72619047619));
#12345 = CARTESIAN_POINT('',(2.204838098466,0.72619047619));
#12346 = CARTESIAN_POINT('',(2.159127946602,0.72619047619));
#12347 = ( GEOMETRIC_REPRESENTATION_CONTEXT(2) 
PARAMETRIC_REPRESENTATION_CONTEXT() REPRESENTATION_CONTEXT('2D SPACE',''
  ) );
#12348 = PCURVE('',#12349,#12354);
#12349 = PLANE('',#12350);
#12350 = AXIS2_PLACEMENT_3D('',#12351,#12352,#12353);
#12351 = CARTESIAN_POINT('',(145.5,-15.,209.));
#12352 = DIRECTION('',(1.,0.,0.));
#12353 = DIRECTION('',(0.,0.,1.));
#12354 = DEFINITIONAL_REPRESENTATION('',(#12355),#12363);
#12355 = B_SPLINE_CURVE_WITH_KNOTS('',6,(#12356,#12357,#12358,#12359,
    #12360,#12361,#12362),.UNSPECIFIED.,.F.,.F.,(7,7),(0.,1.),
  .PIECEWISE_BEZIER_KNOTS.);
#12356 = CARTESIAN_POINT('',(25.41293252126,0.));
#12357 = CARTESIAN_POINT('',(25.93557115674,-0.62953647857));
#12358 = CARTESIAN_POINT('',(26.42021542124,-1.29052590575));
#12359 = CARTESIAN_POINT('',(26.86785912167,-1.97770162468));
#12360 = CARTESIAN_POINT('',(27.27957624182,-2.68668238383));
#12361 = CARTESIAN_POINT('',(27.65656638053,-3.41393443179));
#12362 = CARTESIAN_POINT('',(28.,-4.1568666139));
#12363 = ( GEOMETRIC_REPRESENTATION_CONTEXT(2) 
PARAMETRIC_REPRESENTATION_CONTEXT() REPRESENTATION_CONTEXT('2D SPACE',''
  ) );
#12364 = ORIENTED_EDGE('',*,*,#12365,.F.);
#12365 = EDGE_CURVE('',#12366,#12324,#12368,.T.);
#12366 = VERTEX_POINT('',#12367);
#12367 = CARTESIAN_POINT('',(140.67688913158,-15.,237.));
#12368 = SURFACE_CURVE('',#12369,(#12376,#12386),.PCURVE_S1.);
#12369 = B_SPLINE_CURVE_WITH_KNOTS('',5,(#12370,#12371,#12372,#12373,
    #12374,#12375),.UNSPECIFIED.,.F.,.F.,(6,6),(0.,1.),
  .PIECEWISE_BEZIER_KNOTS.);
#12370 = CARTESIAN_POINT('',(140.67688913158,-15.,237.));
#12371 = CARTESIAN_POINT('',(141.64363896841,-15.,236.48654071688));
#12372 = CARTESIAN_POINT('',(142.60945570537,-15.,235.97133570262));
#12373 = CARTESIAN_POINT('',(143.57422737991,-15.,235.45418387513));
#12374 = CARTESIAN_POINT('',(144.53781176539,-15.,234.93483704426));
#12375 = CARTESIAN_POINT('',(145.5,-15.,234.41293252126));
#12376 = PCURVE('',#8361,#12377);
#12377 = DEFINITIONAL_REPRESENTATION('',(#12378),#12385);
#12378 = B_SPLINE_CURVE_WITH_KNOTS('',5,(#12379,#12380,#12381,#12382,
    #12383,#12384),.UNSPECIFIED.,.F.,.F.,(6,6),(0.,1.),
  .PIECEWISE_BEZIER_KNOTS.);
#12379 = CARTESIAN_POINT('',(2.381993577742,0.611354503133));
#12380 = CARTESIAN_POINT('',(2.393710066966,0.634372356391));
#12381 = CARTESIAN_POINT('',(2.405921817427,0.657367992985));
#12382 = CARTESIAN_POINT('',(2.418678497394,0.680338747141));
#12383 = CARTESIAN_POINT('',(2.432040151897,0.703281232509));
#12384 = CARTESIAN_POINT('',(2.446088776054,0.72619047619));
#12385 = ( GEOMETRIC_REPRESENTATION_CONTEXT(2) 
PARAMETRIC_REPRESENTATION_CONTEXT() REPRESENTATION_CONTEXT('2D SPACE',''
  ) );
#12386 = PCURVE('',#12387,#12392);
#12387 = PLANE('',#12388);
#12388 = AXIS2_PLACEMENT_3D('',#12389,#12390,#12391);
#12389 = CARTESIAN_POINT('',(133.5,-15.,209.));
#12390 = DIRECTION('',(0.,1.,0.));
#12391 = DIRECTION('',(0.,-0.,1.));
#12392 = DEFINITIONAL_REPRESENTATION('',(#12393),#12400);
#12393 = B_SPLINE_CURVE_WITH_KNOTS('',5,(#12394,#12395,#12396,#12397,
    #12398,#12399),.UNSPECIFIED.,.F.,.F.,(6,6),(0.,1.),
  .PIECEWISE_BEZIER_KNOTS.);
#12394 = CARTESIAN_POINT('',(28.,7.17688913158));
#12395 = CARTESIAN_POINT('',(27.48654071688,8.14363896841));
#12396 = CARTESIAN_POINT('',(26.97133570262,9.10945570537));
#12397 = CARTESIAN_POINT('',(26.45418387513,10.07422737991));
#12398 = CARTESIAN_POINT('',(25.93483704426,11.03781176539));
#12399 = CARTESIAN_POINT('',(25.41293252126,12.));
#12400 = ( GEOMETRIC_REPRESENTATION_CONTEXT(2) 
PARAMETRIC_REPRESENTATION_CONTEXT() REPRESENTATION_CONTEXT('2D SPACE',''
  ) );
#12401 = ORIENTED_EDGE('',*,*,#12402,.F.);
#12402 = EDGE_CURVE('',#12326,#12366,#12403,.T.);
#12403 = SURFACE_CURVE('',#12404,(#12412,#12423),.PCURVE_S1.);
#12404 = B_SPLINE_CURVE_WITH_KNOTS('',6,(#12405,#12406,#12407,#12408,
    #12409,#12410,#12411),.UNSPECIFIED.,.F.,.F.,(7,7),(0.,1.),
  .PIECEWISE_BEZIER_KNOTS.);
#12405 = CARTESIAN_POINT('',(145.5,-10.8431333861,237.));
#12406 = CARTESIAN_POINT('',(144.7762507154,-11.621639241,237.));
#12407 = CARTESIAN_POINT('',(144.01222030097,-12.36249264039,237.));
#12408 = CARTESIAN_POINT('',(143.21509432433,-13.06814271245,237.));
#12409 = CARTESIAN_POINT('',(142.3907277677,-13.74116143726,237.));
#12410 = CARTESIAN_POINT('',(141.54362604685,-14.38421439155,237.));
#12411 = CARTESIAN_POINT('',(140.67688913158,-15.,237.));
#12412 = PCURVE('',#8361,#12413);
#12413 = DEFINITIONAL_REPRESENTATION('',(#12414),#12422);
#12414 = B_SPLINE_CURVE_WITH_KNOTS('',6,(#12415,#12416,#12417,#12418,
    #12419,#12420,#12421),.UNSPECIFIED.,.F.,.F.,(7,7),(0.,1.),
  .PIECEWISE_BEZIER_KNOTS.);
#12415 = CARTESIAN_POINT('',(2.159127946602,0.72619047619));
#12416 = CARTESIAN_POINT('',(2.201142797837,0.708958350367));
#12417 = CARTESIAN_POINT('',(2.241037392976,0.690767150023));
#12418 = CARTESIAN_POINT('',(2.278934343505,0.671787960103));
#12419 = CARTESIAN_POINT('',(2.314965431628,0.652160184945));
#12420 = CARTESIAN_POINT('',(2.349270771713,0.631991096354));
#12421 = CARTESIAN_POINT('',(2.381993577742,0.611354503133));
#12422 = ( GEOMETRIC_REPRESENTATION_CONTEXT(2) 
PARAMETRIC_REPRESENTATION_CONTEXT() REPRESENTATION_CONTEXT('2D SPACE',''
  ) );
#12423 = PCURVE('',#12424,#12429);
#12424 = PLANE('',#12425);
#12425 = AXIS2_PLACEMENT_3D('',#12426,#12427,#12428);
#12426 = CARTESIAN_POINT('',(133.5,-15.,237.));
#12427 = DIRECTION('',(0.,0.,1.));
#12428 = DIRECTION('',(1.,0.,-0.));
#12429 = DEFINITIONAL_REPRESENTATION('',(#12430),#12438);
#12430 = B_SPLINE_CURVE_WITH_KNOTS('',6,(#12431,#12432,#12433,#12434,
    #12435,#12436,#12437),.UNSPECIFIED.,.F.,.F.,(7,7),(0.,1.),
  .PIECEWISE_BEZIER_KNOTS.);
#12431 = CARTESIAN_POINT('',(12.,4.1568666139));
#12432 = CARTESIAN_POINT('',(11.2762507154,3.378360759));
#12433 = CARTESIAN_POINT('',(10.51222030097,2.63750735961));
#12434 = CARTESIAN_POINT('',(9.71509432433,1.93185728755));
#12435 = CARTESIAN_POINT('',(8.8907277677,1.25883856274));
#12436 = CARTESIAN_POINT('',(8.04362604685,0.61578560845));
#12437 = CARTESIAN_POINT('',(7.17688913158,0.));
#12438 = ( GEOMETRIC_REPRESENTATION_CONTEXT(2) 
PARAMETRIC_REPRESENTATION_CONTEXT() REPRESENTATION_CONTEXT('2D SPACE',''
  ) );
#12439 = FACE_BOUND('',#12440,.F.);
#12440 = EDGE_LOOP('',(#12441));
#12441 = ORIENTED_EDGE('',*,*,#12442,.F.);
#12442 = EDGE_CURVE('',#12443,#12443,#12445,.T.);
#12443 = VERTEX_POINT('',#12444);
#12444 = CARTESIAN_POINT('',(150.3,17.687662035089,228.));
#12445 = SURFACE_CURVE('',#12446,(#12533,#12650),.PCURVE_S1.);
#12446 = B_SPLINE_CURVE_WITH_KNOTS('',8,(#12447,#12448,#12449,#12450,
    #12451,#12452,#12453,#12454,#12455,#12456,#12457,#12458,#12459,
    #12460,#12461,#12462,#12463,#12464,#12465,#12466,#12467,#12468,
    #12469,#12470,#12471,#12472,#12473,#12474,#12475,#12476,#12477,
    #12478,#12479,#12480,#12481,#12482,#12483,#12484,#12485,#12486,
    #12487,#12488,#12489,#12490,#12491,#12492,#12493,#12494,#12495,
    #12496,#12497,#12498,#12499,#12500,#12501,#12502,#12503,#12504,
    #12505,#12506,#12507,#12508,#12509,#12510,#12511,#12512,#12513,
    #12514,#12515,#12516,#12517,#12518,#12519,#12520,#12521,#12522,
    #12523,#12524,#12525,#12526,#12527,#12528,#12529,#12530,#12531,
    #12532),.UNSPECIFIED.,.T.,.F.,(1,8,7,7,7,7,7,7,7,7,7,7,7,8,1),(
    -0.155333603735,0.,0.118454225806,0.216794480306,0.310260568209,
    0.376616692686,0.432646266382,0.519839799171,0.684985003314,
    0.843870215502,0.924156406072,1.,1.1383904838,1.293724087535,
    1.412178313341),.UNSPECIFIED.);
#12447 = CARTESIAN_POINT('',(150.3,17.687662035089,228.));
#12448 = CARTESIAN_POINT('',(150.3,17.755003958376,227.84115698849));
#12449 = CARTESIAN_POINT('',(150.2874629024,17.822799300452,
    227.68265923707));
#12450 = CARTESIAN_POINT('',(150.26248345962,17.890463287496,
    227.52519721236));
#12451 = CARTESIAN_POINT('',(150.22508112906,17.957498301035,
    227.36957235491));
#12452 = CARTESIAN_POINT('',(150.17528028874,18.023492123005,
    227.2166872307));
#12453 = CARTESIAN_POINT('',(150.11316044994,18.088127458922,
    227.0675434692));
#12454 = CARTESIAN_POINT('',(150.03890009436,18.151188825534,
    226.92323421666));
#12455 = CARTESIAN_POINT('',(149.88138913729,18.26349710515,
    226.67008808932));
#12456 = CARTESIAN_POINT('',(149.80180960524,18.313269123311,
    226.55939420078));
#12457 = CARTESIAN_POINT('',(149.7143197729,18.361780113814,
    226.45353971635));
#12458 = CARTESIAN_POINT('',(149.61922107249,18.408995380195,
    226.35323321006));
#12459 = CARTESIAN_POINT('',(149.51690475476,18.454930492422,
    226.25917566876));
#12460 = CARTESIAN_POINT('',(149.40785831995,18.499641420371,
    226.17204410376));
#12461 = CARTESIAN_POINT('',(149.29266938711,18.543208667828,
    226.0924713864));
#12462 = CARTESIAN_POINT('',(149.05736417244,18.626115329169,
    225.95311455269));
#12463 = CARTESIAN_POINT('',(148.93775770393,18.665563493043,
    225.89253476968));
#12464 = CARTESIAN_POINT('',(148.81379330141,18.70413182139,
    225.83976988733));
#12465 = CARTESIAN_POINT('',(148.68610684925,18.741907200125,
    225.79523322529));
#12466 = CARTESIAN_POINT('',(148.5553728126,18.77897192692,
    225.75926382859));
#12467 = CARTESIAN_POINT('',(148.42229429916,18.815387333111,
    225.73212606216));
#12468 = CARTESIAN_POINT('',(148.28759478095,18.851180578967,
    225.71400946509));
#12469 = CARTESIAN_POINT('',(148.05575428978,18.91129218851,
    225.6986530997));
#12470 = CARTESIAN_POINT('',(147.95904521387,18.935929125311,
    225.69688174433));
#12471 = CARTESIAN_POINT('',(147.86214260197,18.960241221046,
    225.69975635103));
#12472 = CARTESIAN_POINT('',(147.7653038251,18.984213385076,
    225.70730095146));
#12473 = CARTESIAN_POINT('',(147.66878485573,19.007818804551,
    225.71952327872));
#12474 = CARTESIAN_POINT('',(147.57283985164,19.031018101159,
    225.73641598956));
#12475 = CARTESIAN_POINT('',(147.47772073978,19.053758487883,
    225.75795788647));
#12476 = CARTESIAN_POINT('',(147.30426827714,19.094730282272,
    225.80620171841));
#12477 = CARTESIAN_POINT('',(147.22562707361,19.113112527862,
    225.83157871817));
#12478 = CARTESIAN_POINT('',(147.14790216168,19.131079952273,
    225.86022579274));
#12479 = CARTESIAN_POINT('',(147.07124298845,19.148585304779,
    225.89211603388));
#12480 = CARTESIAN_POINT('',(146.9957993584,19.165574067241,
    225.92721558051));
#12481 = CARTESIAN_POINT('',(146.92172131567,19.181984727185,
    225.9654832278));
#12482 = CARTESIAN_POINT('',(146.84915902633,19.197749050864,
    226.00687003608));
#12483 = CARTESIAN_POINT('',(146.66793334404,19.236202831599,
    226.12049057021));
#12484 = CARTESIAN_POINT('',(146.56162904335,19.257869413502,
    226.1970834362));
#12485 = CARTESIAN_POINT('',(146.45992863394,19.277507529367,
    226.280878172));
#12486 = CARTESIAN_POINT('',(146.36342323004,19.294795644941,
    226.37158942963));
#12487 = CARTESIAN_POINT('',(146.27270983263,19.309379970371,
    226.46885578465));
#12488 = CARTESIAN_POINT('',(146.18837711657,19.320889286545,
    226.57222310183));
#12489 = CARTESIAN_POINT('',(146.11098335742,19.328959891785,
    226.68112136084));
#12490 = CARTESIAN_POINT('',(145.90852768127,19.341435313071,
    227.01020931633));
#12491 = CARTESIAN_POINT('',(145.80191966571,19.336161538383,
    227.24413597042));
#12492 = CARTESIAN_POINT('',(145.72669887837,19.314900060117,
    227.48954778117));
#12493 = CARTESIAN_POINT('',(145.6839849426,19.27658558399,
    227.73929765318));
#12494 = CARTESIAN_POINT('',(145.67290528936,19.221509116747,
    227.98705537887));
#12495 = CARTESIAN_POINT('',(145.69097804794,19.151310672658,
    228.22734576547));
#12496 = CARTESIAN_POINT('',(145.73464218577,19.068674128957,
    228.45568171016));
#12497 = CARTESIAN_POINT('',(145.86152088297,18.88897058631,
    228.8733372498));
#12498 = CARTESIAN_POINT('',(145.94354865385,18.792037192382,
    229.06504473385));
#12499 = CARTESIAN_POINT('',(146.0425205999,18.68808348054,
    229.24285813831));
#12500 = CARTESIAN_POINT('',(146.15609349238,18.578838367407,
    229.4063469427));
#12501 = CARTESIAN_POINT('',(146.28238538445,18.465897140023,
    229.55532913619));
#12502 = CARTESIAN_POINT('',(146.41995642632,18.350662930637,
    229.68978750688));
#12503 = CARTESIAN_POINT('',(146.5678920598,18.234320186806,
    229.80973730553));
#12504 = CARTESIAN_POINT('',(146.80596090471,18.059019514693,
    229.96811681512));
#12505 = CARTESIAN_POINT('',(146.88841930735,18.000194292543,
    230.01747519198));
#12506 = CARTESIAN_POINT('',(146.97336438883,17.941540000533,
    230.06298796674));
#12507 = CARTESIAN_POINT('',(147.06074858177,17.883222551565,
    230.104582046));
#12508 = CARTESIAN_POINT('',(147.1505297867,17.825424253202,
    230.14215467859));
#12509 = CARTESIAN_POINT('',(147.24267117495,17.768345399569,
    230.17557401423));
#12510 = CARTESIAN_POINT('',(147.33714340443,17.712206581924,
    230.20467517947));
#12511 = CARTESIAN_POINT('',(147.52535949486,17.605337754125,
    230.2524686232));
#12512 = CARTESIAN_POINT('',(147.61881971745,17.554499992759,
    230.27163901262));
#12513 = CARTESIAN_POINT('',(147.71430644043,17.504935417907,
    230.28659717937));
#12514 = CARTESIAN_POINT('',(147.81177756896,17.456887793159,
    230.29712931754));
#12515 = CARTESIAN_POINT('',(147.91114884003,17.410646869858,
    230.30298257573));
#12516 = CARTESIAN_POINT('',(148.01228850188,17.366544700279,
    230.30387402999));
#12517 = CARTESIAN_POINT('',(148.11501022171,17.324949055742,
    230.29949972909));
#12518 = CARTESIAN_POINT('',(148.40892974145,17.215647664041,
    230.27137742347));
#12519 = CARTESIAN_POINT('',(148.60557426152,17.153827010184,
    230.23440325905));
#12520 = CARTESIAN_POINT('',(148.80454856358,17.104762122086,
    230.17620192885));
#12521 = CARTESIAN_POINT('',(149.00127462863,17.071642564734,
    230.0956270511));
#12522 = CARTESIAN_POINT('',(149.19108920934,17.05649540623,
    229.99281332343));
#12523 = CARTESIAN_POINT('',(149.36926311123,17.059710050694,
    229.86932281158));
#12524 = CARTESIAN_POINT('',(149.53129803994,17.079667944283,
    229.7286693857));
#12525 = CARTESIAN_POINT('',(149.83375454282,17.149723669216,
    229.40774069841));
#12526 = CARTESIAN_POINT('',(149.96996412226,17.203411933669,
    229.22380680632));
#12527 = CARTESIAN_POINT('',(150.08197917899,17.269932451734,
    229.02965788902));
#12528 = CARTESIAN_POINT('',(150.1702640628,17.345525073269,
    228.82861956315));
#12529 = CARTESIAN_POINT('',(150.23549781195,17.42711452604,
    228.62337130436));
#12530 = CARTESIAN_POINT('',(150.27850321534,17.512317796511,
    228.41601943156));
#12531 = CARTESIAN_POINT('',(150.3,17.599480826092,228.20799775402));
#12532 = CARTESIAN_POINT('',(150.3,17.687662035089,228.));
#12533 = PCURVE('',#8361,#12534);
#12534 = DEFINITIONAL_REPRESENTATION('',(#12535),#12649);
#12535 = B_SPLINE_CURVE_WITH_KNOTS('',3,(#12536,#12537,#12538,#12539,
    #12540,#12541,#12542,#12543,#12544,#12545,#12546,#12547,#12548,
    #12549,#12550,#12551,#12552,#12553,#12554,#12555,#12556,#12557,
    #12558,#12559,#12560,#12561,#12562,#12563,#12564,#12565,#12566,
    #12567,#12568,#12569,#12570,#12571,#12572,#12573,#12574,#12575,
    #12576,#12577,#12578,#12579,#12580,#12581,#12582,#12583,#12584,
    #12585,#12586,#12587,#12588,#12589,#12590,#12591,#12592,#12593,
    #12594,#12595,#12596,#12597,#12598,#12599,#12600,#12601,#12602,
    #12603,#12604,#12605,#12606,#12607,#12608,#12609,#12610,#12611,
    #12612,#12613,#12614,#12615,#12616,#12617,#12618,#12619,#12620,
    #12621,#12622,#12623,#12624,#12625,#12626,#12627,#12628,#12629,
    #12630,#12631,#12632,#12633,#12634,#12635,#12636,#12637,#12638,
    #12639,#12640,#12641,#12642,#12643,#12644,#12645,#12646,#12647,
    #12648),.UNSPECIFIED.,.T.,.F.,(4,1,1,1,1,1,1,1,1,1,1,1,1,1,1,1,1,1,1
    ,1,1,1,1,1,1,1,1,1,1,1,1,1,1,1,1,1,1,1,1,1,1,1,1,1,1,1,1,1,1,1,1,1,1
    ,1,1,1,1,1,1,1,1,1,1,1,1,1,1,1,1,1,1,1,1,1,1,1,1,1,1,1,1,1,1,1,1,1,1
    ,1,1,1,1,1,1,1,1,1,1,1,1,1,1,1,1,1,1,1,1,1,1,1,4),(0.,
    1.17611280685E-02,2.3522256137E-02,3.52833842055E-02,
    4.7044512274E-02,5.88056403425E-02,7.0566768411E-02,
    8.23278964795E-02,9.4089024548E-02,0.105850152617,0.117611280685,
    0.129372408754,0.141133536822,0.152894664891,0.164655792959,
    0.176416921028,0.188178049096,0.199939177165,0.211700305233,
    0.223461433302,0.23522256137,0.246983689439,0.258744817507,
    0.270505945576,0.282267073644,0.294028201713,0.305789329781,
    0.31755045785,0.329311585918,0.341072713987,0.352833842055,
    0.364594970124,0.376356098192,0.388117226261,0.399878354329,
    0.411639482398,0.423400610466,0.435161738535,0.446922866603,
    0.458683994672,0.47044512274,0.482206250809,0.493967378877,
    0.505728506946,0.517489635014,0.529250763083,0.541011891151,
    0.55277301922,0.564534147288,0.576295275357,0.588056403425,
    0.599817531494,0.611578659562,0.623339787631,0.635100915699,
    0.646862043768,0.658623171836,0.670384299905,0.682145427973,
    0.693906556042,0.70566768411,0.717428812179,0.729189940247,
    0.740951068316,0.752712196384,0.764473324453,0.776234452521,
    0.78799558059,0.799756708658,0.811517836727,0.823278964795,
    0.835040092864,0.846801220932,0.858562349001,0.870323477069,
    0.882084605138,0.893845733206,0.905606861275,0.917367989343,
    0.929129117412,0.94089024548,0.952651373549,0.964412501617,
    0.976173629686,0.987934757754,0.999695885823,1.011457013891,
    1.02321814196,1.034979270028,1.046740398097,1.058501526165,
    1.070262654234,1.082023782302,1.093784910371,1.105546038439,
    1.117307166508,1.129068294576,1.140829422645,1.152590550713,
    1.164351678782,1.17611280685,1.187873934919,1.199635062987,
    1.211396191056,1.223157319124,1.234918447193,1.246679575261,
    1.25844070333,1.270201831398,1.281962959467,1.293724087535),
  .UNSPECIFIED.);
#12536 = CARTESIAN_POINT('',(0.278260064021,0.840476190476));
#12537 = CARTESIAN_POINT('',(0.274731442781,0.840476177582));
#12538 = CARTESIAN_POINT('',(0.267631136752,0.840421273555));
#12539 = CARTESIAN_POINT('',(0.256877117541,0.840174721889));
#12540 = CARTESIAN_POINT('',(0.246044761982,0.839764449803));
#12541 = CARTESIAN_POINT('',(0.235160717227,0.839190806099));
#12542 = CARTESIAN_POINT('',(0.224252614579,0.838454181251));
#12543 = CARTESIAN_POINT('',(0.213349223885,0.837555076941));
#12544 = CARTESIAN_POINT('',(0.20248043455,0.836494195019));
#12545 = CARTESIAN_POINT('',(0.191677259867,0.835272516367));
#12546 = CARTESIAN_POINT('',(0.18097183515,0.833891382782));
#12547 = CARTESIAN_POINT('',(0.170397320246,0.832352571842));
#12548 = CARTESIAN_POINT('',(0.1599880822,0.830658404467));
#12549 = CARTESIAN_POINT('',(0.149781461841,0.828812212569));
#12550 = CARTESIAN_POINT('',(0.139814540963,0.826817985559));
#12551 = CARTESIAN_POINT('',(0.130124340763,0.8246804445));
#12552 = CARTESIAN_POINT('',(0.120747512626,0.822405057418));
#12553 = CARTESIAN_POINT('',(0.11172013921,0.819998064104));
#12554 = CARTESIAN_POINT('',(0.10307749547,0.817466498672));
#12555 = CARTESIAN_POINT('',(9.485376493787E-02,0.814818189689));
#12556 = CARTESIAN_POINT('',(8.70818878113E-02,0.812061831021));
#12557 = CARTESIAN_POINT('',(7.97918248444E-02,0.809206392098));
#12558 = CARTESIAN_POINT('',(7.301233959778E-02,0.806261769101));
#12559 = CARTESIAN_POINT('',(6.676931735964E-02,0.803238205114));
#12560 = CARTESIAN_POINT('',(6.108604819328E-02,0.800146325297));
#12561 = CARTESIAN_POINT('',(5.598315438618E-02,0.796997063746));
#12562 = CARTESIAN_POINT('',(5.147862634878E-02,0.793801627418));
#12563 = CARTESIAN_POINT('',(4.758783443606E-02,0.790571438572));
#12564 = CARTESIAN_POINT('',(4.432358469226E-02,0.787318146001));
#12565 = CARTESIAN_POINT('',(4.169574012149E-02,0.784053028863));
#12566 = CARTESIAN_POINT('',(3.971210058968E-02,0.780787577116));
#12567 = CARTESIAN_POINT('',(3.837822443037E-02,0.777533183078));
#12568 = CARTESIAN_POINT('',(3.769766624909E-02,0.774301181077));
#12569 = CARTESIAN_POINT('',(3.767213887304E-02,0.771102814491));
#12570 = CARTESIAN_POINT('',(3.830169332451E-02,0.767949261925));
#12571 = CARTESIAN_POINT('',(3.958485174722E-02,0.76485158529));
#12572 = CARTESIAN_POINT('',(4.151872679387E-02,0.761820851085));
#12573 = CARTESIAN_POINT('',(4.409902256954E-02,0.758868140229));
#12574 = CARTESIAN_POINT('',(4.731993401836E-02,0.756004600119));
#12575 = CARTESIAN_POINT('',(5.117453496045E-02,0.753241152385));
#12576 = CARTESIAN_POINT('',(5.56537073074E-02,0.750589230473));
#12577 = CARTESIAN_POINT('',(6.074586835453E-02,0.748060406615));
#12578 = CARTESIAN_POINT('',(6.643683987675E-02,0.745666235843));
#12579 = CARTESIAN_POINT('',(7.270920682125E-02,0.743418217276));
#12580 = CARTESIAN_POINT('',(7.954263981179E-02,0.741327462575));
#12581 = CARTESIAN_POINT('',(8.69103393779E-02,0.739405279516));
#12582 = CARTESIAN_POINT('',(9.47894735614E-02,0.737660254104));
#12583 = CARTESIAN_POINT('',(0.103155372434,0.73610082847));
#12584 = CARTESIAN_POINT('',(0.111950649803,0.734739001875));
#12585 = CARTESIAN_POINT('',(0.12112446401,0.733581507206));
#12586 = CARTESIAN_POINT('',(0.130623682276,0.73263259711));
#12587 = CARTESIAN_POINT('',(0.140395930527,0.731893799963));
#12588 = CARTESIAN_POINT('',(0.150389270181,0.731364401257));
#12589 = CARTESIAN_POINT('',(0.160552630752,0.731041659227));
#12590 = CARTESIAN_POINT('',(0.170835929733,0.730921033306));
#12591 = CARTESIAN_POINT('',(0.181190184852,0.73099636126));
#12592 = CARTESIAN_POINT('',(0.191567598752,0.731260011444));
#12593 = CARTESIAN_POINT('',(0.201921495263,0.731703006363));
#12594 = CARTESIAN_POINT('',(0.212206687842,0.732315133372));
#12595 = CARTESIAN_POINT('',(0.222378129296,0.733084999519));
#12596 = CARTESIAN_POINT('',(0.232395890155,0.734000192754));
#12597 = CARTESIAN_POINT('',(0.242273065513,0.735053535836));
#12598 = CARTESIAN_POINT('',(0.25199150155,0.736236081988));
#12599 = CARTESIAN_POINT('',(0.261541615712,0.737540007687));
#12600 = CARTESIAN_POINT('',(0.270912960405,0.738957933096));
#12601 = CARTESIAN_POINT('',(0.280096628698,0.74048309273));
#12602 = CARTESIAN_POINT('',(0.289084494111,0.742109285861));
#12603 = CARTESIAN_POINT('',(0.297869302689,0.743830894715));
#12604 = CARTESIAN_POINT('',(0.306444531141,0.745642892458));
#12605 = CARTESIAN_POINT('',(0.314804316816,0.747540868651));
#12606 = CARTESIAN_POINT('',(0.322943302032,0.749521043419));
#12607 = CARTESIAN_POINT('',(0.330856696694,0.751580361622));
#12608 = CARTESIAN_POINT('',(0.33853948099,0.753716334761));
#12609 = CARTESIAN_POINT('',(0.345988737297,0.755927872535));
#12610 = CARTESIAN_POINT('',(0.353193001309,0.758212103374));
#12611 = CARTESIAN_POINT('',(0.360143021315,0.760567343725));
#12612 = CARTESIAN_POINT('',(0.366828942952,0.762992526954));
#12613 = CARTESIAN_POINT('',(0.373238389728,0.765486564731));
#12614 = CARTESIAN_POINT('',(0.379356971806,0.768048536639));
#12615 = CARTESIAN_POINT('',(0.385167921148,0.770677589865));
#12616 = CARTESIAN_POINT('',(0.390652435881,0.773373238955));
#12617 = CARTESIAN_POINT('',(0.395786572862,0.776133844283));
#12618 = CARTESIAN_POINT('',(0.400545085517,0.778958547827));
#12619 = CARTESIAN_POINT('',(0.404897625548,0.781845462225));
#12620 = CARTESIAN_POINT('',(0.408809140985,0.784791363484));
#12621 = CARTESIAN_POINT('',(0.412241326258,0.787793083127));
#12622 = CARTESIAN_POINT('',(0.415148293559,0.79084173462));
#12623 = CARTESIAN_POINT('',(0.417494411232,0.793943831894));
#12624 = CARTESIAN_POINT('',(0.419222877918,0.79709314163));
#12625 = CARTESIAN_POINT('',(0.420268991299,0.800263246712));
#12626 = CARTESIAN_POINT('',(0.420581753856,0.803432857332));
#12627 = CARTESIAN_POINT('',(0.420119074086,0.806579099653));
#12628 = CARTESIAN_POINT('',(0.418850263552,0.809679398189));
#12629 = CARTESIAN_POINT('',(0.416756812321,0.812711099788));
#12630 = CARTESIAN_POINT('',(0.413833954647,0.815651731501));
#12631 = CARTESIAN_POINT('',(0.410092101574,0.818479231162));
#12632 = CARTESIAN_POINT('',(0.405559430958,0.821171959831));
#12633 = CARTESIAN_POINT('',(0.400281504598,0.823709977446));
#12634 = CARTESIAN_POINT('',(0.394333245755,0.826071902046));
#12635 = CARTESIAN_POINT('',(0.387783451863,0.828249625422));
#12636 = CARTESIAN_POINT('',(0.380676093535,0.830245322975));
#12637 = CARTESIAN_POINT('',(0.373062874618,0.83205833511));
#12638 = CARTESIAN_POINT('',(0.364991029323,0.833689712705));
#12639 = CARTESIAN_POINT('',(0.356506186611,0.835140782337));
#12640 = CARTESIAN_POINT('',(0.347651265196,0.836413348167));
#12641 = CARTESIAN_POINT('',(0.338466477478,0.837509478203));
#12642 = CARTESIAN_POINT('',(0.3289890671,0.838431415179));
#12643 = CARTESIAN_POINT('',(0.319253117605,0.83918145541));
#12644 = CARTESIAN_POINT('',(0.309289386484,0.8397618379));
#12645 = CARTESIAN_POINT('',(0.299124954246,0.84017459096));
#12646 = CARTESIAN_POINT('',(0.288783536343,0.840421468633));
#12647 = CARTESIAN_POINT('',(0.281783348545,0.840476134861));
#12648 = CARTESIAN_POINT('',(0.278260064021,0.840476190476));
#12649 = ( GEOMETRIC_REPRESENTATION_CONTEXT(2) 
PARAMETRIC_REPRESENTATION_CONTEXT() REPRESENTATION_CONTEXT('2D SPACE',''
  ) );
#12650 = PCURVE('',#9465,#12651);
#12651 = DEFINITIONAL_REPRESENTATION('',(#12652),#12766);
#12652 = B_SPLINE_CURVE_WITH_KNOTS('',3,(#12653,#12654,#12655,#12656,
    #12657,#12658,#12659,#12660,#12661,#12662,#12663,#12664,#12665,
    #12666,#12667,#12668,#12669,#12670,#12671,#12672,#12673,#12674,
    #12675,#12676,#12677,#12678,#12679,#12680,#12681,#12682,#12683,
    #12684,#12685,#12686,#12687,#12688,#12689,#12690,#12691,#12692,
    #12693,#12694,#12695,#12696,#12697,#12698,#12699,#12700,#12701,
    #12702,#12703,#12704,#12705,#12706,#12707,#12708,#12709,#12710,
    #12711,#12712,#12713,#12714,#12715,#12716,#12717,#12718,#12719,
    #12720,#12721,#12722,#12723,#12724,#12725,#12726,#12727,#12728,
    #12729,#12730,#12731,#12732,#12733,#12734,#12735,#12736,#12737,
    #12738,#12739,#12740,#12741,#12742,#12743,#12744,#12745,#12746,
    #12747,#12748,#12749,#12750,#12751,#12752,#12753,#12754,#12755,
    #12756,#12757,#12758,#12759,#12760,#12761,#12762,#12763,#12764,
    #12765),.UNSPECIFIED.,.F.,.F.,(4,1,1,1,1,1,1,1,1,1,1,1,1,1,1,1,1,1,1
    ,1,1,1,1,1,1,1,1,1,1,1,1,1,1,1,1,1,1,1,1,1,1,1,1,1,1,1,1,1,1,1,1,1,1
    ,1,1,1,1,1,1,1,1,1,1,1,1,1,1,1,1,1,1,1,1,1,1,1,1,1,1,1,1,1,1,1,1,1,1
    ,1,1,1,1,1,1,1,1,1,1,1,1,1,1,1,1,1,1,1,1,1,1,1,4),(0.,
    1.17611280685E-02,2.3522256137E-02,3.52833842055E-02,
    4.7044512274E-02,5.88056403425E-02,7.0566768411E-02,
    8.23278964795E-02,9.4089024548E-02,0.105850152617,0.117611280685,
    0.129372408754,0.141133536822,0.152894664891,0.164655792959,
    0.176416921028,0.188178049096,0.199939177165,0.211700305233,
    0.223461433302,0.23522256137,0.246983689439,0.258744817507,
    0.270505945576,0.282267073644,0.294028201713,0.305789329781,
    0.31755045785,0.329311585918,0.341072713987,0.352833842055,
    0.364594970124,0.376356098192,0.388117226261,0.399878354329,
    0.411639482398,0.423400610466,0.435161738535,0.446922866603,
    0.458683994672,0.47044512274,0.482206250809,0.493967378877,
    0.505728506946,0.517489635014,0.529250763083,0.541011891151,
    0.55277301922,0.564534147288,0.576295275357,0.588056403425,
    0.599817531494,0.611578659562,0.623339787631,0.635100915699,
    0.646862043768,0.658623171836,0.670384299905,0.682145427973,
    0.693906556042,0.70566768411,0.717428812179,0.729189940247,
    0.740951068316,0.752712196384,0.764473324453,0.776234452521,
    0.78799558059,0.799756708658,0.811517836727,0.823278964795,
    0.835040092864,0.846801220932,0.858562349001,0.870323477069,
    0.882084605138,0.893845733206,0.905606861275,0.917367989343,
    0.929129117412,0.94089024548,0.952651373549,0.964412501617,
    0.976173629686,0.987934757754,0.999695885823,1.011457013891,
    1.02321814196,1.034979270028,1.046740398097,1.058501526165,
    1.070262654234,1.082023782302,1.093784910371,1.105546038439,
    1.117307166508,1.129068294576,1.140829422645,1.152590550713,
    1.164351678782,1.17611280685,1.187873934919,1.199635062987,
    1.211396191056,1.223157319124,1.234918447193,1.246679575261,
    1.25844070333,1.270201831398,1.281962959467,1.293724087535),
  .UNSPECIFIED.);
#12653 = CARTESIAN_POINT('',(-4.138911435803E-13,-2.312337964911));
#12654 = CARTESIAN_POINT('',(1.828489170259E-02,-2.294506722848));
#12655 = CARTESIAN_POINT('',(5.482949284159E-02,-2.258765309403));
#12656 = CARTESIAN_POINT('',(0.1096243579,-2.20508596786));
#12657 = CARTESIAN_POINT('',(0.164453400359,-2.151514595175));
#12658 = CARTESIAN_POINT('',(0.219363370574,-2.098206698834));
#12659 = CARTESIAN_POINT('',(0.274396009522,-2.045304582611));
#12660 = CARTESIAN_POINT('',(0.329587730676,-1.992935219429));
#12661 = CARTESIAN_POINT('',(0.384970314766,-1.941210417059));
#12662 = CARTESIAN_POINT('',(0.440571148305,-1.890226392421));
#12663 = CARTESIAN_POINT('',(0.496413302939,-1.840063712561));
#12664 = CARTESIAN_POINT('',(0.552515857207,-1.790786974463));
#12665 = CARTESIAN_POINT('',(0.608892583771,-1.742446097186));
#12666 = CARTESIAN_POINT('',(0.665541110858,-1.695085329506));
#12667 = CARTESIAN_POINT('',(0.722458721839,-1.648729629686));
#12668 = CARTESIAN_POINT('',(0.779640258382,-1.603387609374));
#12669 = CARTESIAN_POINT('',(0.837078502406,-1.559052556147));
#12670 = CARTESIAN_POINT('',(0.894763883501,-1.515704396454));
#12671 = CARTESIAN_POINT('',(0.952684214094,-1.473311916438));
#12672 = CARTESIAN_POINT('',(1.010824690803,-1.431835134409));
#12673 = CARTESIAN_POINT('',(1.069166414825,-1.391228932337));
#12674 = CARTESIAN_POINT('',(1.127697989832,-1.351438098781));
#12675 = CARTESIAN_POINT('',(1.186400784438,-1.312410804293));
#12676 = CARTESIAN_POINT('',(1.245260202378,-1.274093961051));
#12677 = CARTESIAN_POINT('',(1.304263433007,-1.236438289155));
#12678 = CARTESIAN_POINT('',(1.363399710897,-1.19940128399));
#12679 = CARTESIAN_POINT('',(1.422659842649,-1.162950477048));
#12680 = CARTESIAN_POINT('',(1.482036209809,-1.127066098064));
#12681 = CARTESIAN_POINT('',(1.541521585726,-1.091744314617));
#12682 = CARTESIAN_POINT('',(1.601119007444,-1.056993235027));
#12683 = CARTESIAN_POINT('',(1.660830366834,-1.022841762336));
#12684 = CARTESIAN_POINT('',(1.720661461589,-0.989338128802));
#12685 = CARTESIAN_POINT('',(1.780620697924,-0.956551299629));
#12686 = CARTESIAN_POINT('',(1.840719334686,-0.924571782868));
#12687 = CARTESIAN_POINT('',(1.900970784277,-0.893512933315));
#12688 = CARTESIAN_POINT('',(1.96139132351,-0.863510010831));
#12689 = CARTESIAN_POINT('',(2.021997743836,-0.834721968165));
#12690 = CARTESIAN_POINT('',(2.082806835753,-0.807330790517));
#12691 = CARTESIAN_POINT('',(2.143833795996,-0.781541331329));
#12692 = CARTESIAN_POINT('',(2.205098254038,-0.757577853188));
#12693 = CARTESIAN_POINT('',(2.266607383901,-0.735689064677));
#12694 = CARTESIAN_POINT('',(2.328360775841,-0.716141971844));
#12695 = CARTESIAN_POINT('',(2.390351514971,-0.699217867265));
#12696 = CARTESIAN_POINT('',(2.452562895251,-0.685207877379));
#12697 = CARTESIAN_POINT('',(2.514973479339,-0.674406303335));
#12698 = CARTESIAN_POINT('',(2.577530128682,-0.66710585682));
#12699 = CARTESIAN_POINT('',(2.640236948227,-0.663580149779));
#12700 = CARTESIAN_POINT('',(2.703090407556,-0.664100031899));
#12701 = CARTESIAN_POINT('',(2.765871617685,-0.66889731175));
#12702 = CARTESIAN_POINT('',(2.828454001371,-0.678136263731));
#12703 = CARTESIAN_POINT('',(2.89071761219,-0.691922281777));
#12704 = CARTESIAN_POINT('',(2.952564549149,-0.710301146546));
#12705 = CARTESIAN_POINT('',(3.01390882245,-0.733260945361));
#12706 = CARTESIAN_POINT('',(3.074674226198,-0.760733506913));
#12707 = CARTESIAN_POINT('',(3.134790945384,-0.792596266218));
#12708 = CARTESIAN_POINT('',(3.194193097305,-0.828674313781));
#12709 = CARTESIAN_POINT('',(3.25281665815,-0.868742850594));
#12710 = CARTESIAN_POINT('',(3.310596996113,-0.912529436526));
#12711 = CARTESIAN_POINT('',(3.367469064032,-0.959718163303));
#12712 = CARTESIAN_POINT('',(3.423358286857,-1.009947617867));
#12713 = CARTESIAN_POINT('',(3.478206416622,-1.062832694905));
#12714 = CARTESIAN_POINT('',(3.532231306155,-1.118260501602));
#12715 = CARTESIAN_POINT('',(3.585467683418,-1.175963023581));
#12716 = CARTESIAN_POINT('',(3.637987757717,-1.235713055789));
#12717 = CARTESIAN_POINT('',(3.689850974251,-1.297279834608));
#12718 = CARTESIAN_POINT('',(3.741118729957,-1.360442002392));
#12719 = CARTESIAN_POINT('',(3.791851604155,-1.424985122737));
#12720 = CARTESIAN_POINT('',(3.842111244013,-1.490703245626));
#12721 = CARTESIAN_POINT('',(3.891960983899,-1.557399233453));
#12722 = CARTESIAN_POINT('',(3.941466964503,-1.624885430765));
#12723 = CARTESIAN_POINT('',(3.9906988556,-1.692983561299));
#12724 = CARTESIAN_POINT('',(4.039732266676,-1.761526661061));
#12725 = CARTESIAN_POINT('',(4.088645683653,-1.830352854893));
#12726 = CARTESIAN_POINT('',(4.137538780775,-1.899328863888));
#12727 = CARTESIAN_POINT('',(4.186464097849,-1.968250423612));
#12728 = CARTESIAN_POINT('',(4.235496694394,-2.036937937924));
#12729 = CARTESIAN_POINT('',(4.284720184833,-2.105213984837));
#12730 = CARTESIAN_POINT('',(4.334215150714,-2.172883836578));
#12731 = CARTESIAN_POINT('',(4.384064770351,-2.239740107519));
#12732 = CARTESIAN_POINT('',(4.434354452628,-2.30555890555));
#12733 = CARTESIAN_POINT('',(4.485179052036,-2.370104982748));
#12734 = CARTESIAN_POINT('',(4.536616324787,-2.433094935415));
#12735 = CARTESIAN_POINT('',(4.588765543149,-2.494242906317));
#12736 = CARTESIAN_POINT('',(4.641715759948,-2.553216734243));
#12737 = CARTESIAN_POINT('',(4.695543246045,-2.609638366712));
#12738 = CARTESIAN_POINT('',(4.750339610944,-2.663108989848));
#12739 = CARTESIAN_POINT('',(4.806108459125,-2.713125191295));
#12740 = CARTESIAN_POINT('',(4.863154883301,-2.759411143253));
#12741 = CARTESIAN_POINT('',(4.921578770303,-2.801424993147));
#12742 = CARTESIAN_POINT('',(4.981129283612,-2.838395866492));
#12743 = CARTESIAN_POINT('',(5.041663157845,-2.869727362656));
#12744 = CARTESIAN_POINT('',(5.103015744631,-2.894905213998));
#12745 = CARTESIAN_POINT('',(5.165028759025,-2.913537630441));
#12746 = CARTESIAN_POINT('',(5.227535674127,-2.925359711279));
#12747 = CARTESIAN_POINT('',(5.290357144942,-2.930247053198));
#12748 = CARTESIAN_POINT('',(5.353294820809,-2.92822512219));
#12749 = CARTESIAN_POINT('',(5.416116123205,-2.919481455138));
#12750 = CARTESIAN_POINT('',(5.478569341276,-2.9043643257));
#12751 = CARTESIAN_POINT('',(5.540276798759,-2.883424735686));
#12752 = CARTESIAN_POINT('',(5.601099895492,-2.857278925946));
#12753 = CARTESIAN_POINT('',(5.661148013138,-2.826452468188));
#12754 = CARTESIAN_POINT('',(5.720438680621,-2.791489719144));
#12755 = CARTESIAN_POINT('',(5.779019650804,-2.752905323853));
#12756 = CARTESIAN_POINT('',(5.836935209983,-2.711189828933));
#12757 = CARTESIAN_POINT('',(5.894234893189,-2.666802583599));
#12758 = CARTESIAN_POINT('',(5.950971371413,-2.620169485415));
#12759 = CARTESIAN_POINT('',(6.007201664291,-2.571680608238));
#12760 = CARTESIAN_POINT('',(6.062987880734,-2.521688642525));
#12761 = CARTESIAN_POINT('',(6.118398300801,-2.470508220702));
#12762 = CARTESIAN_POINT('',(6.173509301088,-2.418413931351));
#12763 = CARTESIAN_POINT('',(6.228405416768,-2.365644952974));
#12764 = CARTESIAN_POINT('',(6.264927210497,-2.330139112958));
#12765 = CARTESIAN_POINT('',(6.28318530718,-2.312337964911));
#12766 = ( GEOMETRIC_REPRESENTATION_CONTEXT(2) 
PARAMETRIC_REPRESENTATION_CONTEXT() REPRESENTATION_CONTEXT('2D SPACE',''
  ) );
#12767 = ADVANCED_FACE('',(#12768),#8847,.T.);
#12768 = FACE_BOUND('',#12769,.T.);
#12769 = EDGE_LOOP('',(#12770,#12792));
#12770 = ORIENTED_EDGE('',*,*,#12771,.F.);
#12771 = EDGE_CURVE('',#8738,#8736,#12772,.T.);
#12772 = SURFACE_CURVE('',#12773,(#12778,#12785),.PCURVE_S1.);
#12773 = CIRCLE('',#12774,6.);
#12774 = AXIS2_PLACEMENT_3D('',#12775,#12776,#12777);
#12775 = CARTESIAN_POINT('',(59.,21.,212.));
#12776 = DIRECTION('',(0.,-1.,0.));
#12777 = DIRECTION('',(1.,0.,0.));
#12778 = PCURVE('',#8847,#12779);
#12779 = DEFINITIONAL_REPRESENTATION('',(#12780),#12784);
#12780 = LINE('',#12781,#12782);
#12781 = CARTESIAN_POINT('',(6.28318530718,-8.));
#12782 = VECTOR('',#12783,1.);
#12783 = DIRECTION('',(-1.,0.));
#12784 = ( GEOMETRIC_REPRESENTATION_CONTEXT(2) 
PARAMETRIC_REPRESENTATION_CONTEXT() REPRESENTATION_CONTEXT('2D SPACE',''
  ) );
#12785 = PCURVE('',#8948,#12786);
#12786 = DEFINITIONAL_REPRESENTATION('',(#12787),#12791);
#12787 = CIRCLE('',#12788,6.);
#12788 = AXIS2_PLACEMENT_2D('',#12789,#12790);
#12789 = CARTESIAN_POINT('',(0.,0.));
#12790 = DIRECTION('',(0.,1.));
#12791 = ( GEOMETRIC_REPRESENTATION_CONTEXT(2) 
PARAMETRIC_REPRESENTATION_CONTEXT() REPRESENTATION_CONTEXT('2D SPACE',''
  ) );
#12792 = ORIENTED_EDGE('',*,*,#8735,.F.);
#12793 = ADVANCED_FACE('',(#12794),#8948,.T.);
#12794 = FACE_BOUND('',#12795,.T.);
#12795 = EDGE_LOOP('',(#12796,#12797));
#12796 = ORIENTED_EDGE('',*,*,#8906,.T.);
#12797 = ORIENTED_EDGE('',*,*,#12771,.T.);
#12798 = ADVANCED_FACE('',(#12799,#12802),#9026,.T.);
#12799 = FACE_BOUND('',#12800,.T.);
#12800 = EDGE_LOOP('',(#12801));
#12801 = ORIENTED_EDGE('',*,*,#9011,.T.);
#12802 = FACE_BOUND('',#12803,.T.);
#12803 = EDGE_LOOP('',(#12804));
#12804 = ORIENTED_EDGE('',*,*,#12805,.T.);
#12805 = EDGE_CURVE('',#12806,#12806,#12808,.T.);
#12806 = VERTEX_POINT('',#12807);
#12807 = CARTESIAN_POINT('',(157.,9.,224.));
#12808 = SURFACE_CURVE('',#12809,(#12814,#12825),.PCURVE_S1.);
#12809 = CIRCLE('',#12810,9.);
#12810 = AXIS2_PLACEMENT_3D('',#12811,#12812,#12813);
#12811 = CARTESIAN_POINT('',(157.,0.,224.));
#12812 = DIRECTION('',(-1.,0.,0.));
#12813 = DIRECTION('',(0.,1.,0.));
#12814 = PCURVE('',#9026,#12815);
#12815 = DEFINITIONAL_REPRESENTATION('',(#12816),#12824);
#12816 = ( BOUNDED_CURVE() B_SPLINE_CURVE(2,(#12817,#12818,#12819,#12820
    ,#12821,#12822,#12823),.UNSPECIFIED.,.T.,.F.) 
B_SPLINE_CURVE_WITH_KNOTS((1,2,2,2,2,1),(-2.094395102393,0.,
    2.094395102393,4.188790204786,6.28318530718,8.377580409573),
.UNSPECIFIED.) CURVE() GEOMETRIC_REPRESENTATION_ITEM() 
RATIONAL_B_SPLINE_CURVE((1.,0.5,1.,0.5,1.,0.5,1.)) REPRESENTATION_ITEM(
  '') );
#12817 = CARTESIAN_POINT('',(9.,1.));
#12818 = CARTESIAN_POINT('',(9.,-14.58845726812));
#12819 = CARTESIAN_POINT('',(-4.5,-6.79422863406));
#12820 = CARTESIAN_POINT('',(-18.,1.));
#12821 = CARTESIAN_POINT('',(-4.5,8.79422863406));
#12822 = CARTESIAN_POINT('',(9.,16.58845726812));
#12823 = CARTESIAN_POINT('',(9.,1.));
#12824 = ( GEOMETRIC_REPRESENTATION_CONTEXT(2) 
PARAMETRIC_REPRESENTATION_CONTEXT() REPRESENTATION_CONTEXT('2D SPACE',''
  ) );
#12825 = PCURVE('',#12826,#12831);
#12826 = CYLINDRICAL_SURFACE('',#12827,9.);
#12827 = AXIS2_PLACEMENT_3D('',#12828,#12829,#12830);
#12828 = CARTESIAN_POINT('',(152.,0.,224.));
#12829 = DIRECTION('',(-1.,-0.,-0.));
#12830 = DIRECTION('',(0.,1.,0.));
#12831 = DEFINITIONAL_REPRESENTATION('',(#12832),#12836);
#12832 = LINE('',#12833,#12834);
#12833 = CARTESIAN_POINT('',(-4.138911435803E-13,-5.));
#12834 = VECTOR('',#12835,1.);
#12835 = DIRECTION('',(1.,-0.));
#12836 = ( GEOMETRIC_REPRESENTATION_CONTEXT(2) 
PARAMETRIC_REPRESENTATION_CONTEXT() REPRESENTATION_CONTEXT('2D SPACE',''
  ) );
#12837 = ADVANCED_FACE('',(#12838),#9068,.F.);
#12838 = FACE_BOUND('',#12839,.F.);
#12839 = EDGE_LOOP('',(#12840,#12861,#12862,#12883));
#12840 = ORIENTED_EDGE('',*,*,#12841,.F.);
#12841 = EDGE_CURVE('',#9045,#11873,#12842,.T.);
#12842 = SURFACE_CURVE('',#12843,(#12847,#12854),.PCURVE_S1.);
#12843 = LINE('',#12844,#12845);
#12844 = CARTESIAN_POINT('',(145.5,15.,209.));
#12845 = VECTOR('',#12846,1.);
#12846 = DIRECTION('',(0.,0.,1.));
#12847 = PCURVE('',#9068,#12848);
#12848 = DEFINITIONAL_REPRESENTATION('',(#12849),#12853);
#12849 = LINE('',#12850,#12851);
#12850 = CARTESIAN_POINT('',(0.,12.));
#12851 = VECTOR('',#12852,1.);
#12852 = DIRECTION('',(1.,0.));
#12853 = ( GEOMETRIC_REPRESENTATION_CONTEXT(2) 
PARAMETRIC_REPRESENTATION_CONTEXT() REPRESENTATION_CONTEXT('2D SPACE',''
  ) );
#12854 = PCURVE('',#9323,#12855);
#12855 = DEFINITIONAL_REPRESENTATION('',(#12856),#12860);
#12856 = LINE('',#12857,#12858);
#12857 = CARTESIAN_POINT('',(0.,-30.));
#12858 = VECTOR('',#12859,1.);
#12859 = DIRECTION('',(1.,0.));
#12860 = ( GEOMETRIC_REPRESENTATION_CONTEXT(2) 
PARAMETRIC_REPRESENTATION_CONTEXT() REPRESENTATION_CONTEXT('2D SPACE',''
  ) );
#12861 = ORIENTED_EDGE('',*,*,#9042,.F.);
#12862 = ORIENTED_EDGE('',*,*,#12863,.T.);
#12863 = EDGE_CURVE('',#9043,#11871,#12864,.T.);
#12864 = SURFACE_CURVE('',#12865,(#12869,#12876),.PCURVE_S1.);
#12865 = LINE('',#12866,#12867);
#12866 = CARTESIAN_POINT('',(133.5,15.,209.));
#12867 = VECTOR('',#12868,1.);
#12868 = DIRECTION('',(0.,0.,1.));
#12869 = PCURVE('',#9068,#12870);
#12870 = DEFINITIONAL_REPRESENTATION('',(#12871),#12875);
#12871 = LINE('',#12872,#12873);
#12872 = CARTESIAN_POINT('',(0.,0.));
#12873 = VECTOR('',#12874,1.);
#12874 = DIRECTION('',(1.,0.));
#12875 = ( GEOMETRIC_REPRESENTATION_CONTEXT(2) 
PARAMETRIC_REPRESENTATION_CONTEXT() REPRESENTATION_CONTEXT('2D SPACE',''
  ) );
#12876 = PCURVE('',#9158,#12877);
#12877 = DEFINITIONAL_REPRESENTATION('',(#12878),#12882);
#12878 = LINE('',#12879,#12880);
#12879 = CARTESIAN_POINT('',(0.,-30.));
#12880 = VECTOR('',#12881,1.);
#12881 = DIRECTION('',(1.,0.));
#12882 = ( GEOMETRIC_REPRESENTATION_CONTEXT(2) 
PARAMETRIC_REPRESENTATION_CONTEXT() REPRESENTATION_CONTEXT('2D SPACE',''
  ) );
#12883 = ORIENTED_EDGE('',*,*,#11870,.T.);
#12884 = ADVANCED_FACE('',(#12885),#9323,.F.);
#12885 = FACE_BOUND('',#12886,.F.);
#12886 = EDGE_LOOP('',(#12887,#12908,#12909,#12910));
#12887 = ORIENTED_EDGE('',*,*,#12888,.F.);
#12888 = EDGE_CURVE('',#9200,#12021,#12889,.T.);
#12889 = SURFACE_CURVE('',#12890,(#12894,#12901),.PCURVE_S1.);
#12890 = LINE('',#12891,#12892);
#12891 = CARTESIAN_POINT('',(145.5,-15.,209.));
#12892 = VECTOR('',#12893,1.);
#12893 = DIRECTION('',(0.,0.,1.));
#12894 = PCURVE('',#9323,#12895);
#12895 = DEFINITIONAL_REPRESENTATION('',(#12896),#12900);
#12896 = LINE('',#12897,#12898);
#12897 = CARTESIAN_POINT('',(0.,0.));
#12898 = VECTOR('',#12899,1.);
#12899 = DIRECTION('',(1.,0.));
#12900 = ( GEOMETRIC_REPRESENTATION_CONTEXT(2) 
PARAMETRIC_REPRESENTATION_CONTEXT() REPRESENTATION_CONTEXT('2D SPACE',''
  ) );
#12901 = PCURVE('',#9223,#12902);
#12902 = DEFINITIONAL_REPRESENTATION('',(#12903),#12907);
#12903 = LINE('',#12904,#12905);
#12904 = CARTESIAN_POINT('',(0.,12.));
#12905 = VECTOR('',#12906,1.);
#12906 = DIRECTION('',(1.,0.));
#12907 = ( GEOMETRIC_REPRESENTATION_CONTEXT(2) 
PARAMETRIC_REPRESENTATION_CONTEXT() REPRESENTATION_CONTEXT('2D SPACE',''
  ) );
#12908 = ORIENTED_EDGE('',*,*,#9239,.F.);
#12909 = ORIENTED_EDGE('',*,*,#12841,.T.);
#12910 = ORIENTED_EDGE('',*,*,#12058,.T.);
#12911 = ADVANCED_FACE('',(#12912),#9223,.T.);
#12912 = FACE_BOUND('',#12913,.T.);
#12913 = EDGE_LOOP('',(#12914,#12915,#12916,#12937));
#12914 = ORIENTED_EDGE('',*,*,#12888,.F.);
#12915 = ORIENTED_EDGE('',*,*,#9199,.F.);
#12916 = ORIENTED_EDGE('',*,*,#12917,.T.);
#12917 = EDGE_CURVE('',#9085,#11911,#12918,.T.);
#12918 = SURFACE_CURVE('',#12919,(#12923,#12930),.PCURVE_S1.);
#12919 = LINE('',#12920,#12921);
#12920 = CARTESIAN_POINT('',(133.5,-15.,209.));
#12921 = VECTOR('',#12922,1.);
#12922 = DIRECTION('',(0.,0.,1.));
#12923 = PCURVE('',#9223,#12924);
#12924 = DEFINITIONAL_REPRESENTATION('',(#12925),#12929);
#12925 = LINE('',#12926,#12927);
#12926 = CARTESIAN_POINT('',(0.,0.));
#12927 = VECTOR('',#12928,1.);
#12928 = DIRECTION('',(1.,0.));
#12929 = ( GEOMETRIC_REPRESENTATION_CONTEXT(2) 
PARAMETRIC_REPRESENTATION_CONTEXT() REPRESENTATION_CONTEXT('2D SPACE',''
  ) );
#12930 = PCURVE('',#9158,#12931);
#12931 = DEFINITIONAL_REPRESENTATION('',(#12932),#12936);
#12932 = LINE('',#12933,#12934);
#12933 = CARTESIAN_POINT('',(0.,0.));
#12934 = VECTOR('',#12935,1.);
#12935 = DIRECTION('',(1.,0.));
#12936 = ( GEOMETRIC_REPRESENTATION_CONTEXT(2) 
PARAMETRIC_REPRESENTATION_CONTEXT() REPRESENTATION_CONTEXT('2D SPACE',''
  ) );
#12937 = ORIENTED_EDGE('',*,*,#12020,.T.);
#12938 = ADVANCED_FACE('',(#12939),#9158,.T.);
#12939 = FACE_BOUND('',#12940,.T.);
#12940 = EDGE_LOOP('',(#12941,#12942,#12943,#12944));
#12941 = ORIENTED_EDGE('',*,*,#12917,.F.);
#12942 = ORIENTED_EDGE('',*,*,#9084,.F.);
#12943 = ORIENTED_EDGE('',*,*,#12863,.T.);
#12944 = ORIENTED_EDGE('',*,*,#11910,.T.);
#12945 = ADVANCED_FACE('',(#12946),#9400,.T.);
#12946 = FACE_BOUND('',#12947,.T.);
#12947 = EDGE_LOOP('',(#12948,#12972,#12994));
#12948 = ORIENTED_EDGE('',*,*,#12949,.T.);
#12949 = EDGE_CURVE('',#9373,#12950,#12952,.T.);
#12950 = VERTEX_POINT('',#12951);
#12951 = CARTESIAN_POINT('',(150.3,20.,228.));
#12952 = SURFACE_CURVE('',#12953,(#12958,#12965),.PCURVE_S1.);
#12953 = CIRCLE('',#12954,2.3);
#12954 = AXIS2_PLACEMENT_3D('',#12955,#12956,#12957);
#12955 = CARTESIAN_POINT('',(148.,20.,228.));
#12956 = DIRECTION('',(0.,-1.,0.));
#12957 = DIRECTION('',(1.,0.,0.));
#12958 = PCURVE('',#9400,#12959);
#12959 = DEFINITIONAL_REPRESENTATION('',(#12960),#12964);
#12960 = CIRCLE('',#12961,2.3);
#12961 = AXIS2_PLACEMENT_2D('',#12962,#12963);
#12962 = CARTESIAN_POINT('',(0.,0.));
#12963 = DIRECTION('',(0.,1.));
#12964 = ( GEOMETRIC_REPRESENTATION_CONTEXT(2) 
PARAMETRIC_REPRESENTATION_CONTEXT() REPRESENTATION_CONTEXT('2D SPACE',''
  ) );
#12965 = PCURVE('',#9465,#12966);
#12966 = DEFINITIONAL_REPRESENTATION('',(#12967),#12971);
#12967 = LINE('',#12968,#12969);
#12968 = CARTESIAN_POINT('',(6.28318530718,0.));
#12969 = VECTOR('',#12970,1.);
#12970 = DIRECTION('',(-1.,0.));
#12971 = ( GEOMETRIC_REPRESENTATION_CONTEXT(2) 
PARAMETRIC_REPRESENTATION_CONTEXT() REPRESENTATION_CONTEXT('2D SPACE',''
  ) );
#12972 = ORIENTED_EDGE('',*,*,#12973,.T.);
#12973 = EDGE_CURVE('',#12950,#9375,#12974,.T.);
#12974 = SURFACE_CURVE('',#12975,(#12980,#12987),.PCURVE_S1.);
#12975 = CIRCLE('',#12976,2.3);
#12976 = AXIS2_PLACEMENT_3D('',#12977,#12978,#12979);
#12977 = CARTESIAN_POINT('',(148.,20.,228.));
#12978 = DIRECTION('',(0.,-1.,0.));
#12979 = DIRECTION('',(1.,0.,0.));
#12980 = PCURVE('',#9400,#12981);
#12981 = DEFINITIONAL_REPRESENTATION('',(#12982),#12986);
#12982 = CIRCLE('',#12983,2.3);
#12983 = AXIS2_PLACEMENT_2D('',#12984,#12985);
#12984 = CARTESIAN_POINT('',(0.,0.));
#12985 = DIRECTION('',(0.,1.));
#12986 = ( GEOMETRIC_REPRESENTATION_CONTEXT(2) 
PARAMETRIC_REPRESENTATION_CONTEXT() REPRESENTATION_CONTEXT('2D SPACE',''
  ) );
#12987 = PCURVE('',#9465,#12988);
#12988 = DEFINITIONAL_REPRESENTATION('',(#12989),#12993);
#12989 = LINE('',#12990,#12991);
#12990 = CARTESIAN_POINT('',(6.28318530718,0.));
#12991 = VECTOR('',#12992,1.);
#12992 = DIRECTION('',(-1.,0.));
#12993 = ( GEOMETRIC_REPRESENTATION_CONTEXT(2) 
PARAMETRIC_REPRESENTATION_CONTEXT() REPRESENTATION_CONTEXT('2D SPACE',''
  ) );
#12994 = ORIENTED_EDGE('',*,*,#9372,.F.);
#12995 = ADVANCED_FACE('',(#12996),#9465,.F.);
#12996 = FACE_BOUND('',#12997,.F.);
#12997 = EDGE_LOOP('',(#12998,#12999,#13000,#13021,#13022,#13023));
#12998 = ORIENTED_EDGE('',*,*,#9417,.T.);
#12999 = ORIENTED_EDGE('',*,*,#12949,.T.);
#13000 = ORIENTED_EDGE('',*,*,#13001,.T.);
#13001 = EDGE_CURVE('',#12950,#12443,#13002,.T.);
#13002 = SEAM_CURVE('',#13003,(#13007,#13014),.PCURVE_S1.);
#13003 = LINE('',#13004,#13005);
#13004 = CARTESIAN_POINT('',(150.3,20.,228.));
#13005 = VECTOR('',#13006,1.);
#13006 = DIRECTION('',(0.,-1.,0.));
#13007 = PCURVE('',#9465,#13008);
#13008 = DEFINITIONAL_REPRESENTATION('',(#13009),#13013);
#13009 = LINE('',#13010,#13011);
#13010 = CARTESIAN_POINT('',(-4.138911435803E-13,0.));
#13011 = VECTOR('',#13012,1.);
#13012 = DIRECTION('',(-0.,-1.));
#13013 = ( GEOMETRIC_REPRESENTATION_CONTEXT(2) 
PARAMETRIC_REPRESENTATION_CONTEXT() REPRESENTATION_CONTEXT('2D SPACE',''
  ) );
#13014 = PCURVE('',#9465,#13015);
#13015 = DEFINITIONAL_REPRESENTATION('',(#13016),#13020);
#13016 = LINE('',#13017,#13018);
#13017 = CARTESIAN_POINT('',(6.28318530718,0.));
#13018 = VECTOR('',#13019,1.);
#13019 = DIRECTION('',(-0.,-1.));
#13020 = ( GEOMETRIC_REPRESENTATION_CONTEXT(2) 
PARAMETRIC_REPRESENTATION_CONTEXT() REPRESENTATION_CONTEXT('2D SPACE',''
  ) );
#13021 = ORIENTED_EDGE('',*,*,#12442,.T.);
#13022 = ORIENTED_EDGE('',*,*,#13001,.F.);
#13023 = ORIENTED_EDGE('',*,*,#12973,.T.);
#13024 = ADVANCED_FACE('',(#13025),#9628,.F.);
#13025 = FACE_BOUND('',#13026,.F.);
#13026 = EDGE_LOOP('',(#13027,#13053,#13054));
#13027 = ORIENTED_EDGE('',*,*,#13028,.F.);
#13028 = EDGE_CURVE('',#9707,#9499,#13029,.T.);
#13029 = SURFACE_CURVE('',#13030,(#13035,#13042),.PCURVE_S1.);
#13030 = CIRCLE('',#13031,2.3);
#13031 = AXIS2_PLACEMENT_3D('',#13032,#13033,#13034);
#13032 = CARTESIAN_POINT('',(148.,-20.,228.));
#13033 = DIRECTION('',(0.,1.,0.));
#13034 = DIRECTION('',(0.999392267015,-0.,3.485823619329E-02));
#13035 = PCURVE('',#9628,#13036);
#13036 = DEFINITIONAL_REPRESENTATION('',(#13037),#13041);
#13037 = LINE('',#13038,#13039);
#13038 = CARTESIAN_POINT('',(-3.486529941041E-02,0.));
#13039 = VECTOR('',#13040,1.);
#13040 = DIRECTION('',(1.,-0.));
#13041 = ( GEOMETRIC_REPRESENTATION_CONTEXT(2) 
PARAMETRIC_REPRESENTATION_CONTEXT() REPRESENTATION_CONTEXT('2D SPACE',''
  ) );
#13042 = PCURVE('',#9732,#13043);
#13043 = DEFINITIONAL_REPRESENTATION('',(#13044),#13052);
#13044 = ( BOUNDED_CURVE() B_SPLINE_CURVE(2,(#13045,#13046,#13047,#13048
    ,#13049,#13050,#13051),.UNSPECIFIED.,.T.,.F.) 
B_SPLINE_CURVE_WITH_KNOTS((1,2,2,2,2,1),(-2.094395102393,0.,
    2.094395102393,4.188790204786,6.28318530718,8.377580409573),
.UNSPECIFIED.) CURVE() GEOMETRIC_REPRESENTATION_ITEM() 
RATIONAL_B_SPLINE_CURVE((1.,0.5,1.,0.5,1.,0.5,1.)) REPRESENTATION_ITEM(
  '') );
#13045 = CARTESIAN_POINT('',(-8.017394324457E-02,2.298602214135));
#13046 = CARTESIAN_POINT('',(3.901121878027,2.437467557277));
#13047 = CARTESIAN_POINT('',(2.030734882258,-1.079868435496));
#13048 = CARTESIAN_POINT('',(0.160347886489,-4.597204428269));
#13049 = CARTESIAN_POINT('',(-1.950560939013,-1.218733778639));
#13050 = CARTESIAN_POINT('',(-4.061469764516,2.159736870992));
#13051 = CARTESIAN_POINT('',(-8.017394324457E-02,2.298602214135));
#13052 = ( GEOMETRIC_REPRESENTATION_CONTEXT(2) 
PARAMETRIC_REPRESENTATION_CONTEXT() REPRESENTATION_CONTEXT('2D SPACE',''
  ) );
#13053 = ORIENTED_EDGE('',*,*,#9749,.T.);
#13054 = ORIENTED_EDGE('',*,*,#9496,.T.);
#13055 = ADVANCED_FACE('',(#13056),#9732,.T.);
#13056 = FACE_BOUND('',#13057,.T.);
#13057 = EDGE_LOOP('',(#13058,#13059));
#13058 = ORIENTED_EDGE('',*,*,#9706,.F.);
#13059 = ORIENTED_EDGE('',*,*,#13028,.F.);
#13060 = ADVANCED_FACE('',(#13061),#9950,.F.);
#13061 = FACE_BOUND('',#13062,.F.);
#13062 = EDGE_LOOP('',(#13063,#13064,#13065,#13066));
#13063 = ORIENTED_EDGE('',*,*,#10042,.F.);
#13064 = ORIENTED_EDGE('',*,*,#10091,.T.);
#13065 = ORIENTED_EDGE('',*,*,#10436,.T.);
#13066 = ORIENTED_EDGE('',*,*,#9934,.F.);
#13067 = ADVANCED_FACE('',(#13068),#10004,.F.);
#13068 = FACE_BOUND('',#13069,.F.);
#13069 = EDGE_LOOP('',(#13070,#13091,#13092,#13093));
#13070 = ORIENTED_EDGE('',*,*,#13071,.T.);
#13071 = EDGE_CURVE('',#9988,#10118,#13072,.T.);
#13072 = SEAM_CURVE('',#13073,(#13077,#13084),.PCURVE_S1.);
#13073 = LINE('',#13074,#13075);
#13074 = CARTESIAN_POINT('',(73.7,23.,243.));
#13075 = VECTOR('',#13076,1.);
#13076 = DIRECTION('',(0.,-1.,0.));
#13077 = PCURVE('',#10004,#13078);
#13078 = DEFINITIONAL_REPRESENTATION('',(#13079),#13083);
#13079 = LINE('',#13080,#13081);
#13080 = CARTESIAN_POINT('',(-4.138911435803E-13,0.));
#13081 = VECTOR('',#13082,1.);
#13082 = DIRECTION('',(-0.,-1.));
#13083 = ( GEOMETRIC_REPRESENTATION_CONTEXT(2) 
PARAMETRIC_REPRESENTATION_CONTEXT() REPRESENTATION_CONTEXT('2D SPACE',''
  ) );
#13084 = PCURVE('',#10004,#13085);
#13085 = DEFINITIONAL_REPRESENTATION('',(#13086),#13090);
#13086 = LINE('',#13087,#13088);
#13087 = CARTESIAN_POINT('',(6.28318530718,0.));
#13088 = VECTOR('',#13089,1.);
#13089 = DIRECTION('',(-0.,-1.));
#13090 = ( GEOMETRIC_REPRESENTATION_CONTEXT(2) 
PARAMETRIC_REPRESENTATION_CONTEXT() REPRESENTATION_CONTEXT('2D SPACE',''
  ) );
#13091 = ORIENTED_EDGE('',*,*,#10117,.T.);
#13092 = ORIENTED_EDGE('',*,*,#13071,.F.);
#13093 = ORIENTED_EDGE('',*,*,#9987,.F.);
#13094 = ADVANCED_FACE('',(#13095),#10183,.F.);
#13095 = FACE_BOUND('',#13096,.F.);
#13096 = EDGE_LOOP('',(#13097,#13098,#13099,#13100));
#13097 = ORIENTED_EDGE('',*,*,#10275,.F.);
#13098 = ORIENTED_EDGE('',*,*,#10324,.T.);
#13099 = ORIENTED_EDGE('',*,*,#10409,.T.);
#13100 = ORIENTED_EDGE('',*,*,#10167,.F.);
#13101 = ADVANCED_FACE('',(#13102),#10237,.F.);
#13102 = FACE_BOUND('',#13103,.F.);
#13103 = EDGE_LOOP('',(#13104,#13125,#13126,#13127));
#13104 = ORIENTED_EDGE('',*,*,#13105,.T.);
#13105 = EDGE_CURVE('',#10221,#10351,#13106,.T.);
#13106 = SEAM_CURVE('',#13107,(#13111,#13118),.PCURVE_S1.);
#13107 = LINE('',#13108,#13109);
#13108 = CARTESIAN_POINT('',(73.7,-17.,243.));
#13109 = VECTOR('',#13110,1.);
#13110 = DIRECTION('',(0.,-1.,0.));
#13111 = PCURVE('',#10237,#13112);
#13112 = DEFINITIONAL_REPRESENTATION('',(#13113),#13117);
#13113 = LINE('',#13114,#13115);
#13114 = CARTESIAN_POINT('',(-4.138911435803E-13,0.));
#13115 = VECTOR('',#13116,1.);
#13116 = DIRECTION('',(-0.,-1.));
#13117 = ( GEOMETRIC_REPRESENTATION_CONTEXT(2) 
PARAMETRIC_REPRESENTATION_CONTEXT() REPRESENTATION_CONTEXT('2D SPACE',''
  ) );
#13118 = PCURVE('',#10237,#13119);
#13119 = DEFINITIONAL_REPRESENTATION('',(#13120),#13124);
#13120 = LINE('',#13121,#13122);
#13121 = CARTESIAN_POINT('',(6.28318530718,0.));
#13122 = VECTOR('',#13123,1.);
#13123 = DIRECTION('',(-0.,-1.));
#13124 = ( GEOMETRIC_REPRESENTATION_CONTEXT(2) 
PARAMETRIC_REPRESENTATION_CONTEXT() REPRESENTATION_CONTEXT('2D SPACE',''
  ) );
#13125 = ORIENTED_EDGE('',*,*,#10350,.T.);
#13126 = ORIENTED_EDGE('',*,*,#13105,.F.);
#13127 = ORIENTED_EDGE('',*,*,#10220,.F.);
#13128 = ADVANCED_FACE('',(#13129,#13132),#10810,.F.);
#13129 = FACE_BOUND('',#13130,.F.);
#13130 = EDGE_LOOP('',(#13131));
#13131 = ORIENTED_EDGE('',*,*,#10486,.F.);
#13132 = FACE_BOUND('',#13133,.F.);
#13133 = EDGE_LOOP('',(#13134));
#13134 = ORIENTED_EDGE('',*,*,#13135,.T.);
#13135 = EDGE_CURVE('',#13136,#13136,#13138,.T.);
#13136 = VERTEX_POINT('',#13137);
#13137 = CARTESIAN_POINT('',(154.8,9.,224.));
#13138 = SURFACE_CURVE('',#13139,(#13144,#13155),.PCURVE_S1.);
#13139 = CIRCLE('',#13140,9.);
#13140 = AXIS2_PLACEMENT_3D('',#13141,#13142,#13143);
#13141 = CARTESIAN_POINT('',(154.8,0.,224.));
#13142 = DIRECTION('',(-1.,0.,0.));
#13143 = DIRECTION('',(0.,1.,0.));
#13144 = PCURVE('',#10810,#13145);
#13145 = DEFINITIONAL_REPRESENTATION('',(#13146),#13154);
#13146 = ( BOUNDED_CURVE() B_SPLINE_CURVE(2,(#13147,#13148,#13149,#13150
    ,#13151,#13152,#13153),.UNSPECIFIED.,.T.,.F.) 
B_SPLINE_CURVE_WITH_KNOTS((1,2,2,2,2,1),(-2.094395102393,0.,
    2.094395102393,4.188790204786,6.28318530718,8.377580409573),
.UNSPECIFIED.) CURVE() GEOMETRIC_REPRESENTATION_ITEM() 
RATIONAL_B_SPLINE_CURVE((1.,0.5,1.,0.5,1.,0.5,1.)) REPRESENTATION_ITEM(
  '') );
#13147 = CARTESIAN_POINT('',(1.,-8.078775741274));
#13148 = CARTESIAN_POINT('',(-14.58845726812,-8.078775741274));
#13149 = CARTESIAN_POINT('',(-6.79422863406,5.421224258726));
#13150 = CARTESIAN_POINT('',(1.,18.921224258726));
#13151 = CARTESIAN_POINT('',(8.79422863406,5.421224258726));
#13152 = CARTESIAN_POINT('',(16.58845726812,-8.078775741274));
#13153 = CARTESIAN_POINT('',(1.,-8.078775741274));
#13154 = ( GEOMETRIC_REPRESENTATION_CONTEXT(2) 
PARAMETRIC_REPRESENTATION_CONTEXT() REPRESENTATION_CONTEXT('2D SPACE',''
  ) );
#13155 = PCURVE('',#12826,#13156);
#13156 = DEFINITIONAL_REPRESENTATION('',(#13157),#13161);
#13157 = LINE('',#13158,#13159);
#13158 = CARTESIAN_POINT('',(-4.138911435803E-13,-2.8));
#13159 = VECTOR('',#13160,1.);
#13160 = DIRECTION('',(1.,-0.));
#13161 = ( GEOMETRIC_REPRESENTATION_CONTEXT(2) 
PARAMETRIC_REPRESENTATION_CONTEXT() REPRESENTATION_CONTEXT('2D SPACE',''
  ) );
#13162 = ADVANCED_FACE('',(#13163),#11253,.T.);
#13163 = FACE_BOUND('',#13164,.T.);
#13164 = EDGE_LOOP('',(#13165,#13188,#13189,#13190));
#13165 = ORIENTED_EDGE('',*,*,#13166,.T.);
#13166 = EDGE_CURVE('',#13167,#10980,#13169,.T.);
#13167 = VERTEX_POINT('',#13168);
#13168 = CARTESIAN_POINT('',(141.,-15.,221.));
#13169 = SEAM_CURVE('',#13170,(#13174,#13181),.PCURVE_S1.);
#13170 = LINE('',#13171,#13172);
#13171 = CARTESIAN_POINT('',(141.,-14.8,221.));
#13172 = VECTOR('',#13173,1.);
#13173 = DIRECTION('',(0.,-1.,0.));
#13174 = PCURVE('',#11253,#13175);
#13175 = DEFINITIONAL_REPRESENTATION('',(#13176),#13180);
#13176 = LINE('',#13177,#13178);
#13177 = CARTESIAN_POINT('',(-4.138911435803E-13,0.));
#13178 = VECTOR('',#13179,1.);
#13179 = DIRECTION('',(-0.,-1.));
#13180 = ( GEOMETRIC_REPRESENTATION_CONTEXT(2) 
PARAMETRIC_REPRESENTATION_CONTEXT() REPRESENTATION_CONTEXT('2D SPACE',''
  ) );
#13181 = PCURVE('',#11253,#13182);
#13182 = DEFINITIONAL_REPRESENTATION('',(#13183),#13187);
#13183 = LINE('',#13184,#13185);
#13184 = CARTESIAN_POINT('',(6.28318530718,0.));
#13185 = VECTOR('',#13186,1.);
#13186 = DIRECTION('',(-0.,-1.));
#13187 = ( GEOMETRIC_REPRESENTATION_CONTEXT(2) 
PARAMETRIC_REPRESENTATION_CONTEXT() REPRESENTATION_CONTEXT('2D SPACE',''
  ) );
#13188 = ORIENTED_EDGE('',*,*,#10979,.F.);
#13189 = ORIENTED_EDGE('',*,*,#13166,.F.);
#13190 = ORIENTED_EDGE('',*,*,#13191,.F.);
#13191 = EDGE_CURVE('',#13167,#13167,#13192,.T.);
#13192 = SURFACE_CURVE('',#13193,(#13198,#13205),.PCURVE_S1.);
#13193 = CIRCLE('',#13194,3.5);
#13194 = AXIS2_PLACEMENT_3D('',#13195,#13196,#13197);
#13195 = CARTESIAN_POINT('',(137.5,-15.,221.));
#13196 = DIRECTION('',(-0.,1.,0.));
#13197 = DIRECTION('',(1.,0.,0.));
#13198 = PCURVE('',#11253,#13199);
#13199 = DEFINITIONAL_REPRESENTATION('',(#13200),#13204);
#13200 = LINE('',#13201,#13202);
#13201 = CARTESIAN_POINT('',(-4.138911435803E-13,-0.2));
#13202 = VECTOR('',#13203,1.);
#13203 = DIRECTION('',(1.,-0.));
#13204 = ( GEOMETRIC_REPRESENTATION_CONTEXT(2) 
PARAMETRIC_REPRESENTATION_CONTEXT() REPRESENTATION_CONTEXT('2D SPACE',''
  ) );
#13205 = PCURVE('',#13206,#13211);
#13206 = PLANE('',#13207);
#13207 = AXIS2_PLACEMENT_3D('',#13208,#13209,#13210);
#13208 = CARTESIAN_POINT('',(133.5,-15.,209.));
#13209 = DIRECTION('',(0.,1.,0.));
#13210 = DIRECTION('',(0.,-0.,1.));
#13211 = DEFINITIONAL_REPRESENTATION('',(#13212),#13216);
#13212 = CIRCLE('',#13213,3.5);
#13213 = AXIS2_PLACEMENT_2D('',#13214,#13215);
#13214 = CARTESIAN_POINT('',(12.,4.));
#13215 = DIRECTION('',(0.,1.));
#13216 = ( GEOMETRIC_REPRESENTATION_CONTEXT(2) 
PARAMETRIC_REPRESENTATION_CONTEXT() REPRESENTATION_CONTEXT('2D SPACE',''
  ) );
#13217 = ADVANCED_FACE('',(#13218),#11702,.T.);
#13218 = FACE_BOUND('',#13219,.T.);
#13219 = EDGE_LOOP('',(#13220,#13249,#13270,#13271));
#13220 = ORIENTED_EDGE('',*,*,#13221,.T.);
#13221 = EDGE_CURVE('',#13222,#13222,#13224,.T.);
#13222 = VERTEX_POINT('',#13223);
#13223 = CARTESIAN_POINT('',(141.,15.,221.));
#13224 = SURFACE_CURVE('',#13225,(#13230,#13237),.PCURVE_S1.);
#13225 = CIRCLE('',#13226,3.5);
#13226 = AXIS2_PLACEMENT_3D('',#13227,#13228,#13229);
#13227 = CARTESIAN_POINT('',(137.5,15.,221.));
#13228 = DIRECTION('',(-0.,1.,0.));
#13229 = DIRECTION('',(1.,0.,0.));
#13230 = PCURVE('',#11702,#13231);
#13231 = DEFINITIONAL_REPRESENTATION('',(#13232),#13236);
#13232 = LINE('',#13233,#13234);
#13233 = CARTESIAN_POINT('',(-4.138911435803E-13,-15.));
#13234 = VECTOR('',#13235,1.);
#13235 = DIRECTION('',(1.,-0.));
#13236 = ( GEOMETRIC_REPRESENTATION_CONTEXT(2) 
PARAMETRIC_REPRESENTATION_CONTEXT() REPRESENTATION_CONTEXT('2D SPACE',''
  ) );
#13237 = PCURVE('',#13238,#13243);
#13238 = PLANE('',#13239);
#13239 = AXIS2_PLACEMENT_3D('',#13240,#13241,#13242);
#13240 = CARTESIAN_POINT('',(133.5,15.,209.));
#13241 = DIRECTION('',(0.,1.,0.));
#13242 = DIRECTION('',(0.,-0.,1.));
#13243 = DEFINITIONAL_REPRESENTATION('',(#13244),#13248);
#13244 = CIRCLE('',#13245,3.5);
#13245 = AXIS2_PLACEMENT_2D('',#13246,#13247);
#13246 = CARTESIAN_POINT('',(12.,4.));
#13247 = DIRECTION('',(0.,1.));
#13248 = ( GEOMETRIC_REPRESENTATION_CONTEXT(2) 
PARAMETRIC_REPRESENTATION_CONTEXT() REPRESENTATION_CONTEXT('2D SPACE',''
  ) );
#13249 = ORIENTED_EDGE('',*,*,#13250,.F.);
#13250 = EDGE_CURVE('',#11422,#13222,#13251,.T.);
#13251 = SEAM_CURVE('',#13252,(#13256,#13263),.PCURVE_S1.);
#13252 = LINE('',#13253,#13254);
#13253 = CARTESIAN_POINT('',(141.,30.,221.));
#13254 = VECTOR('',#13255,1.);
#13255 = DIRECTION('',(0.,-1.,0.));
#13256 = PCURVE('',#11702,#13257);
#13257 = DEFINITIONAL_REPRESENTATION('',(#13258),#13262);
#13258 = LINE('',#13259,#13260);
#13259 = CARTESIAN_POINT('',(6.283185307179,0.));
#13260 = VECTOR('',#13261,1.);
#13261 = DIRECTION('',(-0.,-1.));
#13262 = ( GEOMETRIC_REPRESENTATION_CONTEXT(2) 
PARAMETRIC_REPRESENTATION_CONTEXT() REPRESENTATION_CONTEXT('2D SPACE',''
  ) );
#13263 = PCURVE('',#11702,#13264);
#13264 = DEFINITIONAL_REPRESENTATION('',(#13265),#13269);
#13265 = LINE('',#13266,#13267);
#13266 = CARTESIAN_POINT('',(-0.,0.));
#13267 = VECTOR('',#13268,1.);
#13268 = DIRECTION('',(-0.,-1.));
#13269 = ( GEOMETRIC_REPRESENTATION_CONTEXT(2) 
PARAMETRIC_REPRESENTATION_CONTEXT() REPRESENTATION_CONTEXT('2D SPACE',''
  ) );
#13270 = ORIENTED_EDGE('',*,*,#11421,.F.);
#13271 = ORIENTED_EDGE('',*,*,#13250,.T.);
#13272 = ADVANCED_FACE('',(#13273),#12230,.F.);
#13273 = FACE_BOUND('',#13274,.F.);
#13274 = EDGE_LOOP('',(#13275,#13276,#13299));
#13275 = ORIENTED_EDGE('',*,*,#12204,.T.);
#13276 = ORIENTED_EDGE('',*,*,#13277,.T.);
#13277 = EDGE_CURVE('',#12207,#13278,#13280,.T.);
#13278 = VERTEX_POINT('',#13279);
#13279 = CARTESIAN_POINT('',(145.5,15.,237.));
#13280 = SURFACE_CURVE('',#13281,(#13285,#13292),.PCURVE_S1.);
#13281 = LINE('',#13282,#13283);
#13282 = CARTESIAN_POINT('',(145.5,15.,209.));
#13283 = VECTOR('',#13284,1.);
#13284 = DIRECTION('',(0.,0.,1.));
#13285 = PCURVE('',#12230,#13286);
#13286 = DEFINITIONAL_REPRESENTATION('',(#13287),#13291);
#13287 = LINE('',#13288,#13289);
#13288 = CARTESIAN_POINT('',(0.,-30.));
#13289 = VECTOR('',#13290,1.);
#13290 = DIRECTION('',(1.,0.));
#13291 = ( GEOMETRIC_REPRESENTATION_CONTEXT(2) 
PARAMETRIC_REPRESENTATION_CONTEXT() REPRESENTATION_CONTEXT('2D SPACE',''
  ) );
#13292 = PCURVE('',#12306,#13293);
#13293 = DEFINITIONAL_REPRESENTATION('',(#13294),#13298);
#13294 = LINE('',#13295,#13296);
#13295 = CARTESIAN_POINT('',(0.,12.));
#13296 = VECTOR('',#13297,1.);
#13297 = DIRECTION('',(1.,0.));
#13298 = ( GEOMETRIC_REPRESENTATION_CONTEXT(2) 
PARAMETRIC_REPRESENTATION_CONTEXT() REPRESENTATION_CONTEXT('2D SPACE',''
  ) );
#13299 = ORIENTED_EDGE('',*,*,#13300,.F.);
#13300 = EDGE_CURVE('',#12205,#13278,#13301,.T.);
#13301 = SURFACE_CURVE('',#13302,(#13306,#13313),.PCURVE_S1.);
#13302 = LINE('',#13303,#13304);
#13303 = CARTESIAN_POINT('',(145.5,-15.,237.));
#13304 = VECTOR('',#13305,1.);
#13305 = DIRECTION('',(0.,1.,0.));
#13306 = PCURVE('',#12230,#13307);
#13307 = DEFINITIONAL_REPRESENTATION('',(#13308),#13312);
#13308 = LINE('',#13309,#13310);
#13309 = CARTESIAN_POINT('',(28.,0.));
#13310 = VECTOR('',#13311,1.);
#13311 = DIRECTION('',(0.,-1.));
#13312 = ( GEOMETRIC_REPRESENTATION_CONTEXT(2) 
PARAMETRIC_REPRESENTATION_CONTEXT() REPRESENTATION_CONTEXT('2D SPACE',''
  ) );
#13313 = PCURVE('',#12270,#13314);
#13314 = DEFINITIONAL_REPRESENTATION('',(#13315),#13319);
#13315 = LINE('',#13316,#13317);
#13316 = CARTESIAN_POINT('',(12.,0.));
#13317 = VECTOR('',#13318,1.);
#13318 = DIRECTION('',(0.,1.));
#13319 = ( GEOMETRIC_REPRESENTATION_CONTEXT(2) 
PARAMETRIC_REPRESENTATION_CONTEXT() REPRESENTATION_CONTEXT('2D SPACE',''
  ) );
#13320 = ADVANCED_FACE('',(#13321),#12306,.F.);
#13321 = FACE_BOUND('',#13322,.F.);
#13322 = EDGE_LOOP('',(#13323,#13324,#13325));
#13323 = ORIENTED_EDGE('',*,*,#13277,.F.);
#13324 = ORIENTED_EDGE('',*,*,#12286,.F.);
#13325 = ORIENTED_EDGE('',*,*,#13326,.T.);
#13326 = EDGE_CURVE('',#12247,#13278,#13327,.T.);
#13327 = SURFACE_CURVE('',#13328,(#13332,#13339),.PCURVE_S1.);
#13328 = LINE('',#13329,#13330);
#13329 = CARTESIAN_POINT('',(133.5,15.,237.));
#13330 = VECTOR('',#13331,1.);
#13331 = DIRECTION('',(1.,0.,0.));
#13332 = PCURVE('',#12306,#13333);
#13333 = DEFINITIONAL_REPRESENTATION('',(#13334),#13338);
#13334 = LINE('',#13335,#13336);
#13335 = CARTESIAN_POINT('',(28.,0.));
#13336 = VECTOR('',#13337,1.);
#13337 = DIRECTION('',(0.,1.));
#13338 = ( GEOMETRIC_REPRESENTATION_CONTEXT(2) 
PARAMETRIC_REPRESENTATION_CONTEXT() REPRESENTATION_CONTEXT('2D SPACE',''
  ) );
#13339 = PCURVE('',#12270,#13340);
#13340 = DEFINITIONAL_REPRESENTATION('',(#13341),#13345);
#13341 = LINE('',#13342,#13343);
#13342 = CARTESIAN_POINT('',(0.,30.));
#13343 = VECTOR('',#13344,1.);
#13344 = DIRECTION('',(1.,0.));
#13345 = ( GEOMETRIC_REPRESENTATION_CONTEXT(2) 
PARAMETRIC_REPRESENTATION_CONTEXT() REPRESENTATION_CONTEXT('2D SPACE',''
  ) );
#13346 = ADVANCED_FACE('',(#13347),#12270,.F.);
#13347 = FACE_BOUND('',#13348,.F.);
#13348 = EDGE_LOOP('',(#13349,#13350,#13351));
#13349 = ORIENTED_EDGE('',*,*,#13326,.F.);
#13350 = ORIENTED_EDGE('',*,*,#12246,.T.);
#13351 = ORIENTED_EDGE('',*,*,#13300,.T.);
#13352 = ADVANCED_FACE('',(#13353),#12349,.F.);
#13353 = FACE_BOUND('',#13354,.F.);
#13354 = EDGE_LOOP('',(#13355,#13378,#13379));
#13355 = ORIENTED_EDGE('',*,*,#13356,.F.);
#13356 = EDGE_CURVE('',#12324,#13357,#13359,.T.);
#13357 = VERTEX_POINT('',#13358);
#13358 = CARTESIAN_POINT('',(145.5,-15.,237.));
#13359 = SURFACE_CURVE('',#13360,(#13364,#13371),.PCURVE_S1.);
#13360 = LINE('',#13361,#13362);
#13361 = CARTESIAN_POINT('',(145.5,-15.,209.));
#13362 = VECTOR('',#13363,1.);
#13363 = DIRECTION('',(0.,0.,1.));
#13364 = PCURVE('',#12349,#13365);
#13365 = DEFINITIONAL_REPRESENTATION('',(#13366),#13370);
#13366 = LINE('',#13367,#13368);
#13367 = CARTESIAN_POINT('',(0.,0.));
#13368 = VECTOR('',#13369,1.);
#13369 = DIRECTION('',(1.,0.));
#13370 = ( GEOMETRIC_REPRESENTATION_CONTEXT(2) 
PARAMETRIC_REPRESENTATION_CONTEXT() REPRESENTATION_CONTEXT('2D SPACE',''
  ) );
#13371 = PCURVE('',#12387,#13372);
#13372 = DEFINITIONAL_REPRESENTATION('',(#13373),#13377);
#13373 = LINE('',#13374,#13375);
#13374 = CARTESIAN_POINT('',(0.,12.));
#13375 = VECTOR('',#13376,1.);
#13376 = DIRECTION('',(1.,0.));
#13377 = ( GEOMETRIC_REPRESENTATION_CONTEXT(2) 
PARAMETRIC_REPRESENTATION_CONTEXT() REPRESENTATION_CONTEXT('2D SPACE',''
  ) );
#13378 = ORIENTED_EDGE('',*,*,#12323,.T.);
#13379 = ORIENTED_EDGE('',*,*,#13380,.F.);
#13380 = EDGE_CURVE('',#13357,#12326,#13381,.T.);
#13381 = SURFACE_CURVE('',#13382,(#13386,#13393),.PCURVE_S1.);
#13382 = LINE('',#13383,#13384);
#13383 = CARTESIAN_POINT('',(145.5,-15.,237.));
#13384 = VECTOR('',#13385,1.);
#13385 = DIRECTION('',(0.,1.,0.));
#13386 = PCURVE('',#12349,#13387);
#13387 = DEFINITIONAL_REPRESENTATION('',(#13388),#13392);
#13388 = LINE('',#13389,#13390);
#13389 = CARTESIAN_POINT('',(28.,0.));
#13390 = VECTOR('',#13391,1.);
#13391 = DIRECTION('',(0.,-1.));
#13392 = ( GEOMETRIC_REPRESENTATION_CONTEXT(2) 
PARAMETRIC_REPRESENTATION_CONTEXT() REPRESENTATION_CONTEXT('2D SPACE',''
  ) );
#13393 = PCURVE('',#12424,#13394);
#13394 = DEFINITIONAL_REPRESENTATION('',(#13395),#13399);
#13395 = LINE('',#13396,#13397);
#13396 = CARTESIAN_POINT('',(12.,0.));
#13397 = VECTOR('',#13398,1.);
#13398 = DIRECTION('',(0.,1.));
#13399 = ( GEOMETRIC_REPRESENTATION_CONTEXT(2) 
PARAMETRIC_REPRESENTATION_CONTEXT() REPRESENTATION_CONTEXT('2D SPACE',''
  ) );
#13400 = ADVANCED_FACE('',(#13401),#12424,.F.);
#13401 = FACE_BOUND('',#13402,.F.);
#13402 = EDGE_LOOP('',(#13403,#13404,#13425));
#13403 = ORIENTED_EDGE('',*,*,#12402,.T.);
#13404 = ORIENTED_EDGE('',*,*,#13405,.T.);
#13405 = EDGE_CURVE('',#12366,#13357,#13406,.T.);
#13406 = SURFACE_CURVE('',#13407,(#13411,#13418),.PCURVE_S1.);
#13407 = LINE('',#13408,#13409);
#13408 = CARTESIAN_POINT('',(133.5,-15.,237.));
#13409 = VECTOR('',#13410,1.);
#13410 = DIRECTION('',(1.,0.,0.));
#13411 = PCURVE('',#12424,#13412);
#13412 = DEFINITIONAL_REPRESENTATION('',(#13413),#13417);
#13413 = LINE('',#13414,#13415);
#13414 = CARTESIAN_POINT('',(0.,0.));
#13415 = VECTOR('',#13416,1.);
#13416 = DIRECTION('',(1.,0.));
#13417 = ( GEOMETRIC_REPRESENTATION_CONTEXT(2) 
PARAMETRIC_REPRESENTATION_CONTEXT() REPRESENTATION_CONTEXT('2D SPACE',''
  ) );
#13418 = PCURVE('',#12387,#13419);
#13419 = DEFINITIONAL_REPRESENTATION('',(#13420),#13424);
#13420 = LINE('',#13421,#13422);
#13421 = CARTESIAN_POINT('',(28.,0.));
#13422 = VECTOR('',#13423,1.);
#13423 = DIRECTION('',(0.,1.));
#13424 = ( GEOMETRIC_REPRESENTATION_CONTEXT(2) 
PARAMETRIC_REPRESENTATION_CONTEXT() REPRESENTATION_CONTEXT('2D SPACE',''
  ) );
#13425 = ORIENTED_EDGE('',*,*,#13380,.T.);
#13426 = ADVANCED_FACE('',(#13427),#12387,.T.);
#13427 = FACE_BOUND('',#13428,.T.);
#13428 = EDGE_LOOP('',(#13429,#13430,#13431));
#13429 = ORIENTED_EDGE('',*,*,#13356,.F.);
#13430 = ORIENTED_EDGE('',*,*,#12365,.F.);
#13431 = ORIENTED_EDGE('',*,*,#13405,.T.);
#13432 = ADVANCED_FACE('',(#13433),#12826,.F.);
#13433 = FACE_BOUND('',#13434,.F.);
#13434 = EDGE_LOOP('',(#13435,#13456,#13457,#13458));
#13435 = ORIENTED_EDGE('',*,*,#13436,.T.);
#13436 = EDGE_CURVE('',#13136,#12806,#13437,.T.);
#13437 = SEAM_CURVE('',#13438,(#13442,#13449),.PCURVE_S1.);
#13438 = LINE('',#13439,#13440);
#13439 = CARTESIAN_POINT('',(152.,9.,224.));
#13440 = VECTOR('',#13441,1.);
#13441 = DIRECTION('',(1.,0.,0.));
#13442 = PCURVE('',#12826,#13443);
#13443 = DEFINITIONAL_REPRESENTATION('',(#13444),#13448);
#13444 = LINE('',#13445,#13446);
#13445 = CARTESIAN_POINT('',(-4.138911435803E-13,0.));
#13446 = VECTOR('',#13447,1.);
#13447 = DIRECTION('',(-0.,-1.));
#13448 = ( GEOMETRIC_REPRESENTATION_CONTEXT(2) 
PARAMETRIC_REPRESENTATION_CONTEXT() REPRESENTATION_CONTEXT('2D SPACE',''
  ) );
#13449 = PCURVE('',#12826,#13450);
#13450 = DEFINITIONAL_REPRESENTATION('',(#13451),#13455);
#13451 = LINE('',#13452,#13453);
#13452 = CARTESIAN_POINT('',(6.28318530718,0.));
#13453 = VECTOR('',#13454,1.);
#13454 = DIRECTION('',(-0.,-1.));
#13455 = ( GEOMETRIC_REPRESENTATION_CONTEXT(2) 
PARAMETRIC_REPRESENTATION_CONTEXT() REPRESENTATION_CONTEXT('2D SPACE',''
  ) );
#13456 = ORIENTED_EDGE('',*,*,#12805,.T.);
#13457 = ORIENTED_EDGE('',*,*,#13436,.F.);
#13458 = ORIENTED_EDGE('',*,*,#13135,.F.);
#13459 = ADVANCED_FACE('',(#13460,#13463),#13206,.T.);
#13460 = FACE_BOUND('',#13461,.T.);
#13461 = EDGE_LOOP('',(#13462));
#13462 = ORIENTED_EDGE('',*,*,#13191,.T.);
#13463 = FACE_BOUND('',#13464,.T.);
#13464 = EDGE_LOOP('',(#13465));
#13465 = ORIENTED_EDGE('',*,*,#13466,.F.);
#13466 = EDGE_CURVE('',#13467,#13467,#13469,.T.);
#13467 = VERTEX_POINT('',#13468);
#13468 = CARTESIAN_POINT('',(138.8,-15.,221.));
#13469 = SURFACE_CURVE('',#13470,(#13475,#13482),.PCURVE_S1.);
#13470 = CIRCLE('',#13471,1.3);
#13471 = AXIS2_PLACEMENT_3D('',#13472,#13473,#13474);
#13472 = CARTESIAN_POINT('',(137.5,-15.,221.));
#13473 = DIRECTION('',(-0.,1.,0.));
#13474 = DIRECTION('',(1.,0.,0.));
#13475 = PCURVE('',#13206,#13476);
#13476 = DEFINITIONAL_REPRESENTATION('',(#13477),#13481);
#13477 = CIRCLE('',#13478,1.3);
#13478 = AXIS2_PLACEMENT_2D('',#13479,#13480);
#13479 = CARTESIAN_POINT('',(12.,4.));
#13480 = DIRECTION('',(0.,1.));
#13481 = ( GEOMETRIC_REPRESENTATION_CONTEXT(2) 
PARAMETRIC_REPRESENTATION_CONTEXT() REPRESENTATION_CONTEXT('2D SPACE',''
  ) );
#13482 = PCURVE('',#13483,#13488);
#13483 = CYLINDRICAL_SURFACE('',#13484,1.3);
#13484 = AXIS2_PLACEMENT_3D('',#13485,#13486,#13487);
#13485 = CARTESIAN_POINT('',(137.5,-14.8,221.));
#13486 = DIRECTION('',(-0.,1.,-0.));
#13487 = DIRECTION('',(1.,0.,0.));
#13488 = DEFINITIONAL_REPRESENTATION('',(#13489),#13493);
#13489 = LINE('',#13490,#13491);
#13490 = CARTESIAN_POINT('',(-4.138911435803E-13,-0.2));
#13491 = VECTOR('',#13492,1.);
#13492 = DIRECTION('',(1.,-0.));
#13493 = ( GEOMETRIC_REPRESENTATION_CONTEXT(2) 
PARAMETRIC_REPRESENTATION_CONTEXT() REPRESENTATION_CONTEXT('2D SPACE',''
  ) );
#13494 = ADVANCED_FACE('',(#13495,#13498),#13238,.F.);
#13495 = FACE_BOUND('',#13496,.F.);
#13496 = EDGE_LOOP('',(#13497));
#13497 = ORIENTED_EDGE('',*,*,#13221,.T.);
#13498 = FACE_BOUND('',#13499,.F.);
#13499 = EDGE_LOOP('',(#13500));
#13500 = ORIENTED_EDGE('',*,*,#13501,.T.);
#13501 = EDGE_CURVE('',#13502,#13502,#13504,.T.);
#13502 = VERTEX_POINT('',#13503);
#13503 = CARTESIAN_POINT('',(138.8,15.,221.));
#13504 = SURFACE_CURVE('',#13505,(#13510,#13521),.PCURVE_S1.);
#13505 = CIRCLE('',#13506,1.3);
#13506 = AXIS2_PLACEMENT_3D('',#13507,#13508,#13509);
#13507 = CARTESIAN_POINT('',(137.5,15.,221.));
#13508 = DIRECTION('',(0.,-1.,0.));
#13509 = DIRECTION('',(1.,0.,0.));
#13510 = PCURVE('',#13238,#13511);
#13511 = DEFINITIONAL_REPRESENTATION('',(#13512),#13520);
#13512 = ( BOUNDED_CURVE() B_SPLINE_CURVE(2,(#13513,#13514,#13515,#13516
    ,#13517,#13518,#13519),.UNSPECIFIED.,.T.,.F.) 
B_SPLINE_CURVE_WITH_KNOTS((1,2,2,2,2,1),(-2.094395102393,0.,
    2.094395102393,4.188790204786,6.28318530718,8.377580409573),
.UNSPECIFIED.) CURVE() GEOMETRIC_REPRESENTATION_ITEM() 
RATIONAL_B_SPLINE_CURVE((1.,0.5,1.,0.5,1.,0.5,1.)) REPRESENTATION_ITEM(
  '') );
#13513 = CARTESIAN_POINT('',(12.,5.3));
#13514 = CARTESIAN_POINT('',(14.25166604984,5.3));
#13515 = CARTESIAN_POINT('',(13.12583302492,3.35));
#13516 = CARTESIAN_POINT('',(12.,1.4));
#13517 = CARTESIAN_POINT('',(10.87416697508,3.35));
#13518 = CARTESIAN_POINT('',(9.74833395016,5.3));
#13519 = CARTESIAN_POINT('',(12.,5.3));
#13520 = ( GEOMETRIC_REPRESENTATION_CONTEXT(2) 
PARAMETRIC_REPRESENTATION_CONTEXT() REPRESENTATION_CONTEXT('2D SPACE',''
  ) );
#13521 = PCURVE('',#13522,#13527);
#13522 = CYLINDRICAL_SURFACE('',#13523,1.3);
#13523 = AXIS2_PLACEMENT_3D('',#13524,#13525,#13526);
#13524 = CARTESIAN_POINT('',(137.5,14.8,221.));
#13525 = DIRECTION('',(0.,-1.,0.));
#13526 = DIRECTION('',(1.,0.,0.));
#13527 = DEFINITIONAL_REPRESENTATION('',(#13528),#13532);
#13528 = LINE('',#13529,#13530);
#13529 = CARTESIAN_POINT('',(0.,-0.2));
#13530 = VECTOR('',#13531,1.);
#13531 = DIRECTION('',(1.,0.));
#13532 = ( GEOMETRIC_REPRESENTATION_CONTEXT(2) 
PARAMETRIC_REPRESENTATION_CONTEXT() REPRESENTATION_CONTEXT('2D SPACE',''
  ) );
#13533 = ADVANCED_FACE('',(#13534),#13483,.F.);
#13534 = FACE_BOUND('',#13535,.F.);
#13535 = EDGE_LOOP('',(#13536,#13559,#13586,#13587));
#13536 = ORIENTED_EDGE('',*,*,#13537,.T.);
#13537 = EDGE_CURVE('',#13467,#13538,#13540,.T.);
#13538 = VERTEX_POINT('',#13539);
#13539 = CARTESIAN_POINT('',(138.8,-20.8,221.));
#13540 = SEAM_CURVE('',#13541,(#13545,#13552),.PCURVE_S1.);
#13541 = LINE('',#13542,#13543);
#13542 = CARTESIAN_POINT('',(138.8,-14.8,221.));
#13543 = VECTOR('',#13544,1.);
#13544 = DIRECTION('',(0.,-1.,0.));
#13545 = PCURVE('',#13483,#13546);
#13546 = DEFINITIONAL_REPRESENTATION('',(#13547),#13551);
#13547 = LINE('',#13548,#13549);
#13548 = CARTESIAN_POINT('',(-4.138911435803E-13,0.));
#13549 = VECTOR('',#13550,1.);
#13550 = DIRECTION('',(-0.,-1.));
#13551 = ( GEOMETRIC_REPRESENTATION_CONTEXT(2) 
PARAMETRIC_REPRESENTATION_CONTEXT() REPRESENTATION_CONTEXT('2D SPACE',''
  ) );
#13552 = PCURVE('',#13483,#13553);
#13553 = DEFINITIONAL_REPRESENTATION('',(#13554),#13558);
#13554 = LINE('',#13555,#13556);
#13555 = CARTESIAN_POINT('',(6.28318530718,0.));
#13556 = VECTOR('',#13557,1.);
#13557 = DIRECTION('',(-0.,-1.));
#13558 = ( GEOMETRIC_REPRESENTATION_CONTEXT(2) 
PARAMETRIC_REPRESENTATION_CONTEXT() REPRESENTATION_CONTEXT('2D SPACE',''
  ) );
#13559 = ORIENTED_EDGE('',*,*,#13560,.F.);
#13560 = EDGE_CURVE('',#13538,#13538,#13561,.T.);
#13561 = SURFACE_CURVE('',#13562,(#13567,#13574),.PCURVE_S1.);
#13562 = CIRCLE('',#13563,1.3);
#13563 = AXIS2_PLACEMENT_3D('',#13564,#13565,#13566);
#13564 = CARTESIAN_POINT('',(137.5,-20.8,221.));
#13565 = DIRECTION('',(0.,-1.,0.));
#13566 = DIRECTION('',(1.,0.,0.));
#13567 = PCURVE('',#13483,#13568);
#13568 = DEFINITIONAL_REPRESENTATION('',(#13569),#13573);
#13569 = LINE('',#13570,#13571);
#13570 = CARTESIAN_POINT('',(6.28318530718,-6.));
#13571 = VECTOR('',#13572,1.);
#13572 = DIRECTION('',(-1.,0.));
#13573 = ( GEOMETRIC_REPRESENTATION_CONTEXT(2) 
PARAMETRIC_REPRESENTATION_CONTEXT() REPRESENTATION_CONTEXT('2D SPACE',''
  ) );
#13574 = PCURVE('',#13575,#13580);
#13575 = PLANE('',#13576);
#13576 = AXIS2_PLACEMENT_3D('',#13577,#13578,#13579);
#13577 = CARTESIAN_POINT('',(137.5,-20.8,221.));
#13578 = DIRECTION('',(-0.,-1.,-0.));
#13579 = DIRECTION('',(0.,0.,-1.));
#13580 = DEFINITIONAL_REPRESENTATION('',(#13581),#13585);
#13581 = CIRCLE('',#13582,1.3);
#13582 = AXIS2_PLACEMENT_2D('',#13583,#13584);
#13583 = CARTESIAN_POINT('',(0.,0.));
#13584 = DIRECTION('',(0.,1.));
#13585 = ( GEOMETRIC_REPRESENTATION_CONTEXT(2) 
PARAMETRIC_REPRESENTATION_CONTEXT() REPRESENTATION_CONTEXT('2D SPACE',''
  ) );
#13586 = ORIENTED_EDGE('',*,*,#13537,.F.);
#13587 = ORIENTED_EDGE('',*,*,#13466,.F.);
#13588 = ADVANCED_FACE('',(#13589),#13522,.F.);
#13589 = FACE_BOUND('',#13590,.F.);
#13590 = EDGE_LOOP('',(#13591,#13592,#13615,#13642));
#13591 = ORIENTED_EDGE('',*,*,#13501,.F.);
#13592 = ORIENTED_EDGE('',*,*,#13593,.T.);
#13593 = EDGE_CURVE('',#13502,#13594,#13596,.T.);
#13594 = VERTEX_POINT('',#13595);
#13595 = CARTESIAN_POINT('',(138.8,20.8,221.));
#13596 = SEAM_CURVE('',#13597,(#13601,#13608),.PCURVE_S1.);
#13597 = LINE('',#13598,#13599);
#13598 = CARTESIAN_POINT('',(138.8,14.8,221.));
#13599 = VECTOR('',#13600,1.);
#13600 = DIRECTION('',(-0.,1.,-0.));
#13601 = PCURVE('',#13522,#13602);
#13602 = DEFINITIONAL_REPRESENTATION('',(#13603),#13607);
#13603 = LINE('',#13604,#13605);
#13604 = CARTESIAN_POINT('',(4.138911435803E-13,0.));
#13605 = VECTOR('',#13606,1.);
#13606 = DIRECTION('',(0.,-1.));
#13607 = ( GEOMETRIC_REPRESENTATION_CONTEXT(2) 
PARAMETRIC_REPRESENTATION_CONTEXT() REPRESENTATION_CONTEXT('2D SPACE',''
  ) );
#13608 = PCURVE('',#13522,#13609);
#13609 = DEFINITIONAL_REPRESENTATION('',(#13610),#13614);
#13610 = LINE('',#13611,#13612);
#13611 = CARTESIAN_POINT('',(6.28318530718,0.));
#13612 = VECTOR('',#13613,1.);
#13613 = DIRECTION('',(0.,-1.));
#13614 = ( GEOMETRIC_REPRESENTATION_CONTEXT(2) 
PARAMETRIC_REPRESENTATION_CONTEXT() REPRESENTATION_CONTEXT('2D SPACE',''
  ) );
#13615 = ORIENTED_EDGE('',*,*,#13616,.T.);
#13616 = EDGE_CURVE('',#13594,#13594,#13617,.T.);
#13617 = SURFACE_CURVE('',#13618,(#13623,#13630),.PCURVE_S1.);
#13618 = CIRCLE('',#13619,1.3);
#13619 = AXIS2_PLACEMENT_3D('',#13620,#13621,#13622);
#13620 = CARTESIAN_POINT('',(137.5,20.8,221.));
#13621 = DIRECTION('',(0.,-1.,0.));
#13622 = DIRECTION('',(1.,0.,0.));
#13623 = PCURVE('',#13522,#13624);
#13624 = DEFINITIONAL_REPRESENTATION('',(#13625),#13629);
#13625 = LINE('',#13626,#13627);
#13626 = CARTESIAN_POINT('',(0.,-6.));
#13627 = VECTOR('',#13628,1.);
#13628 = DIRECTION('',(1.,0.));
#13629 = ( GEOMETRIC_REPRESENTATION_CONTEXT(2) 
PARAMETRIC_REPRESENTATION_CONTEXT() REPRESENTATION_CONTEXT('2D SPACE',''
  ) );
#13630 = PCURVE('',#13631,#13636);
#13631 = PLANE('',#13632);
#13632 = AXIS2_PLACEMENT_3D('',#13633,#13634,#13635);
#13633 = CARTESIAN_POINT('',(137.5,20.8,221.));
#13634 = DIRECTION('',(-0.,-1.,-0.));
#13635 = DIRECTION('',(0.,0.,-1.));
#13636 = DEFINITIONAL_REPRESENTATION('',(#13637),#13641);
#13637 = CIRCLE('',#13638,1.3);
#13638 = AXIS2_PLACEMENT_2D('',#13639,#13640);
#13639 = CARTESIAN_POINT('',(0.,0.));
#13640 = DIRECTION('',(0.,1.));
#13641 = ( GEOMETRIC_REPRESENTATION_CONTEXT(2) 
PARAMETRIC_REPRESENTATION_CONTEXT() REPRESENTATION_CONTEXT('2D SPACE',''
  ) );
#13642 = ORIENTED_EDGE('',*,*,#13593,.F.);
#13643 = ADVANCED_FACE('',(#13644),#13575,.F.);
#13644 = FACE_BOUND('',#13645,.F.);
#13645 = EDGE_LOOP('',(#13646));
#13646 = ORIENTED_EDGE('',*,*,#13560,.T.);
#13647 = ADVANCED_FACE('',(#13648),#13631,.T.);
#13648 = FACE_BOUND('',#13649,.T.);
#13649 = EDGE_LOOP('',(#13650));
#13650 = ORIENTED_EDGE('',*,*,#13616,.T.);
#13651 = ( GEOMETRIC_REPRESENTATION_CONTEXT(3) 
GLOBAL_UNCERTAINTY_ASSIGNED_CONTEXT((#13655)) 
GLOBAL_UNIT_ASSIGNED_CONTEXT((#13652,#13653,#13654)) 
REPRESENTATION_CONTEXT('Context #1',
  '3D Context with UNIT and UNCERTAINTY') );
#13652 = ( LENGTH_UNIT() NAMED_UNIT(*) SI_UNIT(.MILLI.,.METRE.) );
#13653 = ( NAMED_UNIT(*) PLANE_ANGLE_UNIT() SI_UNIT($,.RADIAN.) );
#13654 = ( NAMED_UNIT(*) SI_UNIT($,.STERADIAN.) SOLID_ANGLE_UNIT() );
#13655 = UNCERTAINTY_MEASURE_WITH_UNIT(LENGTH_MEASURE(2.E-07),#13652,
  'distance_accuracy_value','confusion accuracy');
#13656 = PRODUCT_RELATED_PRODUCT_CATEGORY('part',$,(#7));
ENDSEC;
END-ISO-10303-21;
